trade_date,boardid,secid,futures_open,futures_low,futures_high,futures_close,open_interest_value_rub,turnover_rub,volume_contracts,open_interest_contracts,futures_settle_price,swaprate,futures_wap_price,change,qty,futures_num_trades,shortname,assetcode,futures_price,shortname_meta,expiry_date,first_trade_date,last_trade_date,spot_open,spot_low,spot_high,spot_close,spot_wap_price,spot_num_trades,spot_price,spot_log_return,spot_volatility_20d_ann,days_to_maturity,ttm_years,rub_rate_tenor,rub_rate_pct,rub_tenor_distance_days,rub_rate_observation_date,cny_rate_tenor,cny_rate_pct,cny_tenor_distance_days,cny_rate_observation_date,theoretical_futures_price,basis_rub_per_cny,basis_pct,log_basis,futures_log_return,contract_changed
2022-07-01,RFUD,CRU2,8.4,8.11,9.22,9.03,2360243340.0,860136340.0,96453.0,261378,9.03,,8.92,7.25,3.0,9246,CNY-9.22,CNY,9.03,CNY-9.22,2022-09-15,2022-04-21,2022-09-15,8.0142,7.93,9.01,8.7511,8.6516,36259,8.6516,,,76,0.20821917808219179,RUSFAR3M,8.91,14,2022-07-01,,,,,,,,,,True
2022-07-04,RFUD,CRU2,9.13,8.77,9.23,8.91,2579662680.0,541590680.0,60467.0,288876,8.93,,8.96,-1.33,2.0,6922,CNY-9.22,CNY,8.93,CNY-9.22,2022-09-15,2022-04-21,2022-09-15,8.79,8.45,9.044,8.675,8.6788,33664,8.6788,0.0031389953300702267,,73,0.2,RUSFAR3M,8.89,17,2022-07-04,,,,,,,,,-0.01113597254048626,False
2022-07-05,RFUD,CRU2,8.9,8.85,9.66,9.63,2450257200.0,896081420.0,95989.0,254440,9.63,,9.34,8.08,1.0,9436,CNY-9.22,CNY,9.63,CNY-9.22,2022-09-15,2022-04-21,2022-09-15,8.678,8.6064,9.475,9.3999,9.0292,50778,9.0292,0.039580499660205604,,72,0.19726027397260273,RUSFAR3M,8.83,18,2022-07-05,,,,,,,,,0.07546683092162665,False
2022-07-06,RFUD,CRU2,9.63,9.56,9.98,9.92,2383910200.0,630743710.0,64599.0,239830,9.94,,9.76,3.01,3.0,9039,CNY-9.22,CNY,9.94,CNY-9.22,2022-09-15,2022-04-21,2022-09-15,9.4,9.3811,9.8421,9.7485,9.5559,39708,9.5559,0.056694994851970826,,71,0.19452054794520549,RUSFAR3M,8.87,19,2022-07-06,,,,,,,,,0.03168379485844808,False
2022-07-07,RFUD,CRU2,9.97,9.56,10.1,9.7,2344800400.0,372351100.0,38134.0,241732,9.7,,9.76,-2.22,2.0,5903,CNY-9.22,CNY,9.7,CNY-9.22,2022-09-15,2022-04-21,2022-09-15,9.7485,9.3641,9.89,9.5355,9.5606,27895,9.5606,0.0004917218209090635,,70,0.1917808219178082,RUSFAR3M,8.79,20,2022-07-07,,,,,,,,,-0.02444113515914559,False
2022-07-08,RFUD,CRU2,9.71,9.41,9.77,9.53,2466078100.0,321322160.0,33740.0,258770,9.53,,9.52,-1.75,5.0,4815,CNY-9.22,CNY,9.53,CNY-9.22,2022-09-15,2022-04-21,2022-09-15,9.535,9.19,9.535,9.2762,9.2799,21206,9.2799,-0.029799715722185205,,69,0.18904109589041096,RUSFAR3M,8.81,21,2022-07-08,,,,,,,,,-0.017681167843226042,False
2022-07-11,RFUD,CRU2,9.5,9.1,9.6,9.13,2465720840.0,698032690.0,74507.0,270068,9.13,,9.37,-4.2,12.0,6849,CNY-9.22,CNY,9.13,CNY-9.22,2022-09-15,2022-04-21,2022-09-15,9.21,8.855,9.2887,8.902,9.1559,35500,9.1559,-0.013452290647215648,,66,0.18082191780821918,RUSFAR3M,8.81,24,2022-07-11,,,,,,,,,-0.042879023059233745,False
2022-07-12,RFUD,CRU2,9.07,8.78,9.19,9.08,2787936600.0,747327050.0,83157.0,307380,9.07,,8.99,-0.55,14.0,8241,CNY-9.22,CNY,9.07,CNY-9.22,2022-09-15,2022-04-21,2022-09-15,8.8995,8.506,8.9096,8.8418,8.7427,35775,8.7427,-0.04617941378553825,,65,0.1780821917808219,RUSFAR3M,8.8,25,2022-07-12,,,,,,,,,-0.006593430479831852,False
2022-07-13,RFUD,CRU2,9.04,8.9,9.16,8.97,3125465300.0,618045620.0,68579.0,349214,8.95,,9.01,-1.21,1.0,6575,CNY-9.22,CNY,8.95,CNY-9.22,2022-09-15,2022-04-21,2022-09-15,8.86,8.6202,8.895,8.7052,8.7194,34769,8.7194,-0.0026686382311211787,,64,0.17534246575342466,RUSFAR3M,8.77,26,2022-07-13,,,,,,,,,-0.013318731840281206,False
2022-07-14,RFUD,CRU2,8.97,8.81,8.99,8.94,3549323040.0,540150850.0,60609.0,397016,8.94,,8.91,-0.33,4.0,6326,CNY-9.22,CNY,8.94,CNY-9.22,2022-09-15,2022-04-21,2022-09-15,8.7,8.5415,8.739,8.6563,8.6359,28574,8.6359,-0.009622495063509984,,63,0.1726027397260274,RUSFAR3M,8.75,27,2022-07-14,,,,,,,,,-0.0011179431013412788,False
2022-07-15,RFUD,CRU2,8.95,8.65,9.02,8.81,3407995080.0,813143840.0,92315.0,386394,8.82,,8.81,-1.45,1.0,9560,CNY-9.22,CNY,8.82,CNY-9.22,2022-09-15,2022-04-21,2022-09-15,8.65,8.43,8.815,8.5901,8.5725,34067,8.5725,-0.007368527795656998,0.47735489450294516,62,0.16986301369863013,RUSFAR3M,8.71,28,2022-07-15,,,,,,,,,-0.013513719166722726,False
2022-07-18,RFUD,CRU2,8.8,8.6,8.89,8.68,3695161800.0,639317780.0,73674.0,425220,8.69,,8.68,-1.48,4.0,6681,CNY-9.22,CNY,8.69,CNY-9.22,2022-09-15,2022-04-21,2022-09-15,8.6,8.3551,8.6285,8.44,8.4236,26765,8.4236,-0.017522115031451957,0.4597787670329402,59,0.16164383561643836,RUSFAR1M,8.92,29,2022-07-18,,,,,,,,,-0.014848930741399258,False
2022-07-19,RFUD,CRU2,8.68,8.4,8.68,8.49,4641200820.0,1088979150.0,127903.0,545382,8.51,,8.51,-2.19,1.0,8367,CNY-9.22,CNY,8.51,CNY-9.22,2022-09-15,2022-04-21,2022-09-15,8.4393,8.1518,8.4393,8.3,8.2648,40901,8.2648,-0.01903175777038779,0.4449360563443157,58,0.1589041095890411,RUSFAR1M,8.9,28,2022-07-19,,,,,,,,,-0.020930996692018145,False
2022-07-20,RFUD,CRU2,8.52,8.31,8.52,8.39,5286975280.0,691211310.0,82320.0,630152,8.39,,8.4,-1.18,4.0,5203,CNY-9.22,CNY,8.39,CNY-9.22,2022-09-15,2022-04-21,2022-09-15,8.27,8.1111,8.27,8.15,8.1596,35707,8.1596,-0.012810384386426232,0.4278323223792609,57,0.15616438356164383,RUSFAR1M,8.91,27,2022-07-20,,,,,,,,,-0.014201422106167705,False
2022-07-21,RFUD,CRU2,8.39,8.31,8.91,8.72,6843743820.0,2003333450.0,232144.0,783934,8.73,,8.63,3.93,1.0,15867,CNY-9.22,CNY,8.73,CNY-9.22,2022-09-15,2022-04-21,2022-09-15,8.14,8.104,8.7186,8.52,8.4143,54249,8.4143,0.03073749122698377,0.4373962804830469,56,0.15342465753424658,RUSFAR1M,8.92,26,2022-07-21,,,,,,,,,0.039724849372396065,False
2022-07-22,RFUD,CRU2,8.73,8.68,8.99,8.77,8930477500.0,2550529390.0,288952.0,1020626,8.75,,8.83,0.57,1.0,15855,CNY-9.22,CNY,8.75,CNY-9.22,2022-09-15,2022-04-21,2022-09-15,8.524,8.4611,8.7789,8.5837,8.5927,48765,8.5927,0.020980366190200606,0.43187007368993363,55,0.1506849315068493,RUSFAR1M,8.72,25,2022-07-22,,,,,,,,,0.0022883305180121383,False
2022-07-25,RFUD,CRU2,8.77,8.75,8.92,8.87,9953290080.0,1116887980.0,126201.0,1120866,8.88,,8.85,1.14,2.0,8141,CNY-9.22,CNY,8.88,CNY-9.22,2022-09-15,2022-04-21,2022-09-15,8.584,8.5439,8.719,8.6894,8.6347,40199,8.6347,0.0048759630835206735,0.417762271218735,52,0.14246575342465753,RUSFAR1M,7.94,22,2022-07-25,,,,,,,,,0.014747856634555578,False
2022-07-26,RFUD,CRU2,8.88,8.88,9.42,9.37,11576551200.0,2540836750.0,279672.0,1231548,9.4,,9.09,5.64,3.0,13853,CNY-9.22,CNY,9.4,CNY-9.22,2022-09-15,2022-04-21,2022-09-15,8.6952,8.6952,9.237,9.2,8.8344,54259,8.8344,0.022864223083406632,0.4140650667566776,51,0.13972602739726028,RUSFAR1M,7.98,21,2022-07-26,,,,,,,,,0.05690813227187963,False
2022-07-27,RFUD,CRU2,9.39,9.07,9.52,9.21,12095515160.0,2597214350.0,281463.0,1311878,9.22,,9.23,-1.71,2.0,16943,CNY-9.22,CNY,9.22,CNY-9.22,2022-09-15,2022-04-21,2022-09-15,9.23,8.878,9.263,8.9971,9.021,66320,9.021,0.020902000923717967,0.4083900761030162,50,0.136986301369863,RUSFAR1M,7.97,20,2022-07-27,,,,,,,,,-0.01933465170745574,False
2022-07-28,RFUD,CRU2,9.2,9.1,9.37,9.33,12562912640.0,1675566400.0,180863.0,1347952,9.32,,9.27,1.3,1.0,12477,CNY-9.22,CNY,9.32,CNY-9.22,2022-09-15,2022-04-21,2022-09-15,8.98,8.9002,9.1898,9.1401,9.0618,54850,9.0618,0.004512583143712057,0.39696392722742807,49,0.13424657534246576,RUSFAR1M,7.98,19,2022-07-28,,,,,,,,,0.010787591128997409,False
2022-07-29,RFUD,CRU2,9.32,9.27,9.56,9.51,13434052800.0,2167093680.0,229436.0,1411140,9.52,,9.45,1.93,21.0,14304,CNY-9.22,CNY,9.52,CNY-9.22,2022-09-15,2022-04-21,2022-09-15,9.1251,9.0802,9.3661,9.3299,9.2298,53739,9.2298,0.018369603989409455,0.39049290178524604,48,0.13150684931506848,RUSFAR1M,7.96,18,2022-07-29,,,,,,,,,0.02123222010577397,False
2022-08-01,RFUD,CRU2,9.52,9.01,9.66,9.18,16929370440.0,5585418280.0,593712.0,1844158,9.18,,9.4,-3.47,1.0,29517,CNY-9.22,CNY,9.18,CNY-9.22,2022-09-15,2022-04-21,2022-09-15,9.27,8.807,9.458,9.033,9.1958,77064,9.1958,-0.003690521729533991,0.39126682621967224,45,0.1232876712328767,RUSFAR1M,7.91,15,2022-08-01,,,,,,,,,-0.036367644170875124,False
2022-08-02,RFUD,CRU2,9.2,9.02,9.22,9.15,16812755800.0,2723505970.0,298521.0,1839470,9.14,,9.12,-0.33,2.0,19683,CNY-9.22,CNY,9.14,CNY-9.22,2022-09-15,2022-04-21,2022-09-15,8.976,8.852,9.048,8.97,8.9356,54370,8.9356,-0.028703560070457712,0.38129682340280596,44,0.12054794520547946,RUSFAR1M,7.94,14,2022-08-02,,,,,,,,,-0.004366819166340186,False
2022-08-03,RFUD,CRU2,9.15,9.05,9.24,9.17,16906861080.0,2683333360.0,293881.0,1841706,9.18,,9.13,0.22,3.0,12522,CNY-9.22,CNY,9.18,CNY-9.22,2022-09-15,2022-04-21,2022-09-15,8.98,8.852,9.045,8.986,8.9462,39921,8.9462,0.0011855631135095912,0.31616968611861257,43,0.1178082191780822,RUSFAR1M,7.92,13,2022-08-03,,,,,,,,,0.004366819166340186,False
2022-08-04,RFUD,CRU2,9.18,9.01,9.25,9.13,19279151040.0,3419577380.0,374583.0,2113942,9.12,,9.13,-0.44,2.0,14662,CNY-9.22,CNY,9.12,CNY-9.22,2022-09-15,2022-04-21,2022-09-15,9.02,8.889,9.063,8.94,8.9339,40123,8.9339,-0.0013758314483962586,0.315942321457514,42,0.11506849315068493,RUSFAR1M,7.93,12,2022-08-04,,,,,,,,,-0.006557400546158831,False
2022-08-05,RFUD,CRU2,9.13,9.07,9.25,9.22,22321448100.0,5929593590.0,646434.0,2423610,9.21,,9.17,0.99,230.0,19300,CNY-9.22,CNY,9.21,CNY-9.22,2022-09-15,2022-04-21,2022-09-15,8.95,8.906,9.074,9.052,8.9794,52996,8.9794,0.005080035264366067,0.30118675282451246,41,0.11232876712328767,RUSFAR1M,7.85,11,2022-08-05,,,,,,,,,0.009820046180975428,False
2022-08-08,RFUD,CRU2,9.22,9.05,9.26,9.19,21195261360.0,6746327720.0,736968.0,2308852,9.18,,9.14,-0.33,2.0,21312,CNY-9.22,CNY,9.18,CNY-9.22,2022-09-15,2022-04-21,2022-09-15,9.029,8.888,9.089,9.027,8.9621,49145,8.9621,-0.0019284904118013202,0.29795584527376673,38,0.10410958904109589,RUSFAR1M,7.84,8,2022-08-08,,,,,,,,,-0.0032626456348165966,False
2022-08-09,RFUD,CRU2,9.19,9.07,9.22,9.1,20949977520.0,3832355190.0,419776.0,2304728,9.09,,9.12,-0.98,47.0,14798,CNY-9.22,CNY,9.09,CNY-9.22,2022-09-15,2022-04-21,2022-09-15,9.028,8.912,9.041,8.924,8.9517,38146,8.9517,-0.0011611161415703286,0.24585521329000962,37,0.10136986301369863,RUSFAR1M,7.85,7,2022-08-09,,,,,,,,,-0.009852296443011443,False
2022-08-10,RFUD,CRU2,9.09,9.05,9.21,9.21,21163183200.0,4512748470.0,493832.0,2300346,9.2,,9.14,1.21,4.0,13959,CNY-9.22,CNY,9.2,CNY-9.22,2022-09-15,2022-04-21,2022-09-15,8.92,8.904,9.095,9.09,8.9704,34417,8.9704,0.002086809780794674,0.24544671000383725,36,0.09863013698630137,RUSFAR1M,7.83,6,2022-08-10,,,,,,,,,0.012028575865607127,False
2022-08-11,RFUD,CRU2,9.21,9.12,9.23,9.18,19897007400.0,3833008560.0,418799.0,2167430,9.18,,9.15,-0.33,5.0,10971,CNY-9.22,CNY,9.18,CNY-9.22,2022-09-15,2022-04-21,2022-09-15,9.07,8.988,9.076,9.026,9.0124,35268,9.0124,0.004671138684559484,0.242140260641399,35,0.0958904109589041,RUSFAR1M,7.86,5,2022-08-11,,,,,,,,,-0.002176279422595684,False
2022-08-12,RFUD,CRU2,9.17,9.03,9.22,9.1,19917101900.0,5640787290.0,616884.0,2186290,9.11,,9.14,-0.87,8.0,14472,CNY-9.22,CNY,9.11,CNY-9.22,2022-09-15,2022-04-21,2022-09-15,9.04,8.95,9.067,8.995,9.0297,34065,9.0297,0.0019177374365559885,0.23953659885307635,34,0.09315068493150686,RUSFAR1M,7.86,4,2022-08-12,,,,,,,,,-0.007654493360532033,False
2022-08-15,RFUD,CRU2,9.1,9.08,9.2,9.14,19457914200.0,3708790380.0,405035.0,2126548,9.15,,9.16,0.44,10.0,10634,CNY-9.22,CNY,9.15,CNY-9.22,2022-09-15,2022-04-21,2022-09-15,8.983,8.951,9.09,9.03,9.0447,31774,9.0447,0.001659806515701412,0.22754401351679915,31,0.08493150684931507,RUSFAR1M,7.85,1,2022-08-15,,,,,,,,,0.004381168015563208,False
2022-08-16,RFUD,CRU2,9.15,9.02,9.19,9.06,19172826360.0,3185794900.0,349523.0,2116206,9.06,,9.11,-0.88,1.0,9419,CNY-9.22,CNY,9.06,CNY-9.22,2022-09-15,2022-04-21,2022-09-15,9.038,8.924,9.065,8.97,9.0129,56068,9.0129,-0.003522066373506494,0.21333969961593544,30,0.0821917808219178,RUSFAR1M,7.85,0,2022-08-16,,,,,,,,,-0.009884759232542173,False
2022-08-17,RFUD,CRU2,9.05,8.9,9.11,8.98,19039521720.0,3670748860.0,407722.0,2120214,8.98,,9.0,-0.88,2.0,13049,CNY-9.22,CNY,8.98,CNY-9.22,2022-09-15,2022-04-21,2022-09-15,8.97,8.816,9.02,8.901,8.9353,36066,8.9353,-0.008647160554702715,0.20937773127132078,29,0.07945205479452055,RUSFAR1M,7.86,1,2022-08-17,,,,,,,,,-0.008869237740779745,False
2022-08-18,RFUD,CRU2,8.99,8.75,9.03,8.84,18769383540.0,5261039930.0,592862.0,2125638,8.83,,8.87,-1.56,1.0,18086,CNY-9.22,CNY,8.83,CNY-9.22,2022-09-15,2022-04-21,2022-09-15,8.91,8.68,8.926,8.756,8.8135,52684,8.8135,-0.01372508699527053,0.19455341643508456,28,0.07671232876712329,RUSFAR1M,7.86,2,2022-08-18,,,,,,,,,-0.01684486769823934,False
2022-08-19,RFUD,CRU2,8.83,8.59,8.84,8.7,17899908600.0,4436806240.0,509892.0,2064580,8.67,,8.7,-1.58,646.0,15152,CNY-9.22,CNY,8.67,CNY-9.22,2022-09-15,2022-04-21,2022-09-15,8.747,8.534,8.759,8.61,8.6424,49316,8.6424,-0.019604314857232907,0.1962474749397495,27,0.07397260273972603,RUSFAR1M,7.86,3,2022-08-19,,,,,,,,,-0.01828622382341827,False
2022-08-22,RFUD,CRU2,8.67,8.67,8.86,8.76,18969780000.0,4697022550.0,535583.0,2165500,8.76,,8.77,0.69,1.0,16879,CNY-9.22,CNY,8.76,CNY-9.22,2022-09-15,2022-04-21,2022-09-15,8.65,8.62,8.78,8.711,8.6988,43361,8.6988,0.006504763092057164,0.19683676258664692,24,0.06575342465753424,RUSFAR1M,7.84,6,2022-08-22,,,,,,,,,0.010327114155849415,False
2022-08-23,RFUD,CRU2,8.77,8.67,8.84,8.77,18395723980.0,2999160140.0,341968.0,2097574,8.77,,8.77,0.11,3.0,12093,CNY-9.22,CNY,8.77,CNY-9.22,2022-09-15,2022-04-21,2022-09-15,8.715,8.68,8.787,8.72,8.7163,43328,8.7163,0.002009750835809232,0.17827177531446434,23,0.06301369863013699,RUSFAR1M,7.85,7,2022-08-23,,,,,,,,,0.001140901435791708,False
2022-08-24,RFUD,CRU2,8.77,8.74,8.82,8.8,17323240000.0,2388323970.0,271916.0,1968550,8.8,,8.78,0.34,8.0,6687,CNY-9.22,CNY,8.8,CNY-9.22,2022-09-15,2022-04-21,2022-09-15,8.735,8.695,8.76,8.748,8.7355,36736,8.7355,0.002200346983857404,0.15963923282278292,22,0.06027397260273973,RUSFAR2W,7.91,8,2022-08-24,,,,,,,,,0.0034149151000693045,False
2022-08-25,RFUD,CRU2,8.78,8.75,8.83,8.79,17756485620.0,2946145940.0,335045.0,2020078,8.79,,8.79,-0.11,38.0,8887,CNY-9.22,CNY,8.79,CNY-9.22,2022-09-15,2022-04-21,2022-09-15,8.747,8.7,8.768,8.755,8.7296,28775,8.7296,-0.0006756331454655928,0.15805538729488783,21,0.057534246575342465,RUSFAR2W,7.96,7,2022-08-25,,,,,,,,,-0.001137009787075538,False
2022-08-26,RFUD,CRU2,8.8,8.75,8.83,8.82,17133361560.0,2545492880.0,289736.0,1942558,8.82,,8.79,0.34,1.0,6627,CNY-9.22,CNY,8.82,CNY-9.22,2022-09-15,2022-04-21,2022-09-15,8.762,8.72,8.769,8.765,8.7434,23361,8.7434,0.0015795802517408752,0.1397154123563721,20,0.0547945205479452,RUSFAR2W,8.05,6,2022-08-26,,,,,,,,,0.003407158321614645,False
2022-08-29,RFUD,CRU2,8.82,8.74,8.84,8.78,17813496160.0,2308362020.0,262970.0,2028872,8.78,,8.78,-0.45,15.0,7428,CNY-9.22,CNY,8.78,CNY-9.22,2022-09-15,2022-04-21,2022-09-15,8.76,8.7,8.763,8.726,8.7211,21580,8.7211,-0.0025537532845953947,0.13966752907580823,17,0.04657534246575343,RUSFAR2W,8.02,3,2022-08-29,,,,,,,,,-0.004545462371674969,False
2022-08-30,RFUD,CRU2,8.77,8.7,8.82,8.72,17231167800.0,6000651400.0,683437.0,1980594,8.7,,8.78,-0.68,1.0,10871,CNY-9.22,CNY,8.7,CNY-9.22,2022-09-15,2022-04-21,2022-09-15,8.73,8.652,8.755,8.675,8.7369,25011,8.7369,0.0018100589201295314,0.10075011182403135,16,0.043835616438356165,RUSFAR2W,7.99,2,2022-08-30,,,,,,,,,-0.009153381986487297,False
2022-08-31,RFUD,CRU2,8.72,8.62,8.82,8.75,16158100000.0,4709606520.0,539166.0,1846640,8.75,,8.74,0.34,4.0,13466,CNY-9.22,CNY,8.75,CNY-9.22,2022-09-15,2022-04-21,2022-09-15,8.6,8.6,8.782,8.72,8.7158,34017,8.7158,-0.0024179651607134645,0.10046589679307172,15,0.0410958904109589,RUSFAR2W,7.95,1,2022-08-31,,,,,,,,,0.005730674708985362,False
2022-09-01,RFUD,CRU2,8.76,8.74,8.8,8.76,16994470080.0,2090171060.0,238313.0,1940008,8.76,,8.77,0.11,4.0,6901,CNY-9.22,CNY,8.76,CNY-9.22,2022-09-15,2022-04-21,2022-09-15,8.73,8.698,8.756,8.727,8.7268,20087,8.7268,0.0012612800222742138,0.10087634183051934,14,0.038356164383561646,RUSFAR2W,7.87,0,2022-09-01,,,,,,,,,0.0011422045787767843,False
2022-09-02,RFUD,CRU2,8.77,8.76,8.87,8.84,16775640180.0,2001120070.0,227504.0,1899846,8.83,,8.8,0.91,4.0,6201,CNY-9.22,CNY,8.83,CNY-9.22,2022-09-15,2022-04-21,2022-09-15,8.731,8.728,8.825,8.805,8.747,24908,8.747,0.002312033901985533,0.0990629500281483,13,0.03561643835616438,RUSFAR2W,7.85,1,2022-09-02,,,,,,,,,0.007959109667568853,False
2022-09-05,RFUD,CRU2,8.82,8.75,8.9,8.78,17125609740.0,2958105970.0,335774.0,1948306,8.79,,8.81,-0.68,15.0,11440,CNY-9.22,CNY,8.79,CNY-9.22,2022-09-15,2022-04-21,2022-09-15,8.817,8.717,8.854,8.738,8.7734,21924,8.7734,0.0030136321066129845,0.10020120733550833,10,0.0273972602739726,RUSFAR1W,7.88,3,2022-09-05,,,,,,,,,-0.004540302918783379,False
2022-09-06,RFUD,CRU2,8.78,8.74,8.8,8.79,16050592740.0,1851354840.0,211066.0,1826006,8.79,,8.77,0.11,3.0,5290,CNY-9.22,CNY,8.79,CNY-9.22,2022-09-15,2022-04-21,2022-09-15,8.74,8.713,8.774,8.765,8.7489,22340,8.7489,-0.0027964383632252954,0.10039019040516155,9,0.024657534246575342,RUSFAR1W,7.9,2,2022-09-06,,,,,,,,,0.0,False
2022-09-07,RFUD,CRU2,8.79,8.74,8.84,8.75,16032622080.0,1546132300.0,176172.0,1830208,8.76,,8.78,-0.46,155.0,5644,CNY-9.22,CNY,8.76,CNY-9.22,2022-09-15,2022-04-21,2022-09-15,8.767,8.728,8.809,8.732,8.7539,20329,8.7539,0.0005713371730249328,0.09988582807102785,8,0.021917808219178082,RUSFAR1W,7.89,1,2022-09-07,,,,,,,,,-0.0034188067487854745,False
2022-09-08,RFUD,CRU2,8.77,8.73,8.8,8.75,15691770480.0,1651007490.0,188615.0,1791298,8.76,,8.75,0.0,130.0,4494,CNY-9.22,CNY,8.76,CNY-9.22,2022-09-15,2022-04-21,2022-09-15,8.752,8.714,8.775,8.731,8.7353,19674,8.7353,-0.002127027767145684,0.09745182677974815,7,0.019178082191780823,RUSFAR1W,7.81,0,2022-09-08,,,,,,,,,0.0,False
2022-09-09,RFUD,CRU2,8.75,8.71,8.78,8.74,14032472040.0,1892327520.0,216353.0,1605546,8.74,,8.74,-0.11,4.0,3839,CNY-9.22,CNY,8.74,CNY-9.22,2022-09-15,2022-04-21,2022-09-15,8.73,8.697,8.75,8.723,8.7306,17309,8.7306,-0.0005381915748339239,0.09667573845266776,6,0.01643835616438356,RUSFAR1W,7.84,1,2022-09-09,,,,,,,,,-0.002285715280855971,False
2022-09-12,RFUD,CRU2,8.74,8.71,8.77,8.75,12229410040.0,1752390940.0,200653.0,1399246,8.74,,8.73,0.11,9.0,3952,CNY-9.22,CNY,8.74,CNY-9.22,2022-09-15,2022-04-21,2022-09-15,8.723,8.7,8.76,8.713,8.7234,29800,8.7234,-0.000825025828853132,0.09593527656328389,3,0.00821917808219178,RUSFAR,7.61,2,2022-09-12,,,,,,,,,0.0,False
2022-09-13,RFUD,CRU2,8.73,8.54,8.76,8.61,10582051620.0,1618566230.0,187268.0,1229042,8.61,,8.64,-1.6,5.0,4601,CNY-9.22,CNY,8.61,CNY-9.22,2022-09-15,2022-04-21,2022-09-15,8.713,8.556,8.744,8.595,8.6494,40837,8.6494,-0.008519115807164024,0.0987185155670411,2,0.005479452054794521,RUSFAR,7.73,1,2022-09-13,,,,,,,,,-0.014985871227804815,False
2022-09-14,RFUD,CRU2,8.61,8.55,8.63,8.59,8713950960.0,1602969070.0,186885.0,1015612,8.58,,8.58,-0.23,1.0,4182,CNY-9.22,CNY,8.58,CNY-9.22,2022-09-15,2022-04-21,2022-09-15,8.61,8.546,8.618,8.588,8.5683,36981,8.5683,-0.009420607838059869,0.09943874327045685,1,0.0027397260273972603,RUSFAR,7.78,0,2022-09-14,,,,,,,,,-0.0034904049397681547,False
2022-09-15,RFUD,CRU2,8.59,8.52,8.59,8.54,0.0,2032793990.0,237468.0,0,8.5262,,8.56,-0.58,2.0,3833,CNY-9.22,CNY,8.5262,CNY-9.22,2022-09-15,2022-04-21,2022-09-15,8.587,8.512,8.599,8.571,8.5513,33106,8.5513,-0.0019860283637198606,0.08946229686748622,0,0.0,RUSFAR,7.71,1,2022-09-15,,,,,,,,,-0.006290137773053317,False
2022-09-16,RFUD,CRZ2,8.81,8.74,8.84,8.77,23189244240.0,3460138840.0,394545.0,2647174,8.76,,8.77,-0.34,1.0,9651,CNY-12.22,CNY,8.76,CNY-12.22,2022-12-15,2022-06-02,2022-12-15,8.571,8.522,8.58,8.546,8.547,31494,8.547,-0.0005029739904727215,0.05858849337355098,90,0.2465753424657534,RUSFAR3M,7.45,0,2022-09-16,,,,,,,,,,True
2022-09-19,RFUD,CRZ2,8.77,8.74,8.84,8.79,22662672600.0,3595198540.0,409706.0,2581170,8.78,,8.78,0.23,1.0,8911,CNY-12.22,CNY,8.78,CNY-12.22,2022-12-15,2022-06-02,2022-12-15,8.552,8.525,8.633,8.559,8.56,40096,8.56,0.0015198459697693956,0.05303009676863769,87,0.23835616438356164,RUSFAR3M,7.38,3,2022-09-19,,,,,,,,,0.002280502698725151,False
2022-09-20,RFUD,CRZ2,8.79,8.73,8.85,8.85,28956498480.0,7548653770.0,859304.0,3275622,8.84,,8.78,0.68,45.0,14510,CNY-12.22,CNY,8.84,CNY-12.22,2022-12-15,2022-06-02,2022-12-15,8.559,8.525,8.648,8.645,8.553,47924,8.553,-0.0008180915550060064,0.05197947072707343,86,0.2356164383561644,RUSFAR3M,7.38,4,2022-09-20,,,,,,,,,0.006810469002526798,False
2022-09-21,RFUD,CRZ2,8.85,8.74,9.1,8.79,29201048040.0,7767920970.0,876737.0,3322076,8.79,,8.86,-0.68,246.0,25744,CNY-12.22,CNY,8.79,CNY-12.22,2022-12-15,2022-06-02,2022-12-15,8.649,8.533,8.85,8.577,8.6128,66501,8.6128,0.006967370225911207,0.058189421620207425,85,0.2328767123287671,RUSFAR3M,7.54,5,2022-09-21,,,,,,,,,-0.005672164952466474,False
2022-09-22,RFUD,CRZ2,8.79,8.48,8.8,8.53,29657165760.0,5706442270.0,662480.0,3480888,8.52,,8.61,-2.96,2.0,19326,CNY-12.22,CNY,8.52,CNY-12.22,2022-12-15,2022-06-02,2022-12-15,8.577,8.274,8.636,8.303,8.4156,65217,8.4156,-0.023162342475827824,0.09868305215782634,84,0.23013698630136986,RUSFAR3M,7.61,6,2022-09-22,,,,,,,,,-0.03119837085586097,False
2022-09-23,RFUD,CRZ2,8.52,8.12,8.56,8.26,29998134880.0,8209130420.0,990103.0,3627344,8.27,,8.29,-3.16,16.0,27007,CNY-12.22,CNY,8.27,CNY-12.22,2022-12-15,2022-06-02,2022-12-15,8.303,7.94,8.401,8.092,8.1373,121105,8.1373,-0.03362869668903867,0.14890169285112373,83,0.2273972602739726,RUSFAR3M,7.68,7,2022-09-23,,,,,,,,,-0.02978183180562466,False
2022-09-26,RFUD,CRZ2,8.27,8.22,8.35,8.32,32117914360.0,4985904200.0,600956.0,3855692,8.33,,8.3,0.73,10.0,17419,CNY-12.22,CNY,8.33,CNY-12.22,2022-12-15,2022-06-02,2022-12-15,8.09,8.001,8.187,8.12,8.0953,58990,8.0953,-0.0051747833032655954,0.1489499437297125,80,0.2191780821917808,RUSFAR3M,7.66,10,2022-09-26,RUSFARCNY,0.11,79.0,2022-09-26,8.23037510621219,0.09962489378781036,1.2104538675596288,0.012031864616848109,0.007228947143151476,False
2022-09-27,RFUD,CRZ2,8.32,8.28,8.39,8.37,34548129180.0,3786467830.0,454583.0,4127614,8.37,,8.33,0.6,10.0,10042,CNY-12.22,CNY,8.37,CNY-12.22,2022-12-15,2022-06-02,2022-12-15,8.12,8.08,8.192,8.155,8.1148,47864,8.1148,0.00240590858861367,0.14925821390615415,79,0.21643835616438356,RUSFAR3M,7.72,11,2022-09-27,RUSFARCNY,-0.05,78.0,2022-09-27,8.25242267834726,0.11757732165273893,1.424761263879985,0.014147069282373814,0.004790428322632767,False
2022-09-28,RFUD,CRZ2,8.38,8.19,8.46,8.24,37345690560.0,6638877540.0,800048.0,4532244,8.24,,8.3,-1.55,5.0,20714,CNY-12.22,CNY,8.24,CNY-12.22,2022-12-15,2022-06-02,2022-12-15,8.17,7.975,8.179,8.023,8.068,58170,8.068,-0.005783934853071937,0.14935494397876375,78,0.2136986301369863,RUSFAR3M,7.77,12,2022-09-28,RUSFARCNY,-0.14,77.0,2022-09-28,8.20553709385283,0.03446290614717107,0.41999573888940095,0.0041911621855793045,-0.01565354058000379,False
2022-09-29,RFUD,CRZ2,8.25,8.11,8.36,8.34,39676839580.0,8890699880.0,1079581.0,4763126,8.33,,8.24,1.21,50.0,27658,CNY-12.22,CNY,8.33,CNY-12.22,2022-12-15,2022-06-02,2022-12-15,8.012,7.912,8.164,8.12,8.0136,82784,8.0136,-0.006765521776547878,0.1484181322629117,77,0.21095890410958903,RUSFAR3M,7.75,13,2022-09-29,RUSFARCNY,-0.21,76.0,2022-09-29,8.149303203401159,0.1806967965988413,2.21732818240738,0.021931029096210673,0.010863112257371021,False
2022-09-30,RFUD,CRZ2,8.33,8.22,8.72,8.48,38750903360.0,14767183640.0,1760247.0,4569682,8.48,,8.39,1.68,5.0,41833,CNY-12.22,CNY,8.48,CNY-12.22,2022-12-15,2022-06-02,2022-12-15,8.121,8.017,8.545,8.341,8.1992,90787,8.1992,0.022896490219798338,0.17594584271236907,76,0.20821917808219179,RUSFAR3M,7.76,14,2022-09-30,RUSFARCNY,-1.95,75.0,2022-09-30,8.366659247589938,0.11334075241006225,1.354671548775106,0.013455779076814908,0.01784699362506048,False
2022-10-03,RFUD,CRZ2,8.51,8.25,8.7,8.46,46079849200.0,15235301230.0,1816641.0,5440360,8.47,,8.39,-0.24,1.0,48812,CNY-12.22,CNY,8.47,CNY-12.22,2022-12-15,2022-06-02,2022-12-15,8.355,8.016,8.454,8.268,8.1579,64873,8.1579,-0.005049805621327508,0.17447038365541018,73,0.2,RUSFAR3M,7.77,17,2022-10-03,RUSFARCNY,-1.95,72.0,2022-09-30,8.318041104273535,0.15195889572646593,1.8268591585631198,0.01810372575007471,-0.0011799411398487614,False
2022-10-04,RFUD,CRZ2,8.47,8.35,8.51,8.41,47350391300.0,6619720830.0,787098.0,5643670,8.39,,8.41,-0.59,2.0,22040,CNY-12.22,CNY,8.39,CNY-12.22,2022-12-15,2022-06-02,2022-12-15,8.281,8.155,8.328,8.199,8.2041,45989,8.2041,0.005647246397970207,0.17755698909210535,72,0.19726027397260273,RUSFAR3M,7.77,18,2022-10-04,RUSFARCNY,-1.95,71.0,2022-09-30,8.362920665133124,0.02707933486687608,0.32380236464248485,0.00323279253711943,-0.00948998818484803,False
2022-10-05,RFUD,CRZ2,8.41,8.35,8.75,8.73,45188522820.0,9610332620.0,1121515.0,5176234,8.73,,8.57,3.81,3.0,28476,CNY-12.22,CNY,8.73,CNY-12.22,2022-12-15,2022-06-02,2022-12-15,8.199,8.149,8.589,8.575,8.3887,49618,8.3887,0.02225153279710801,0.1990633210290116,71,0.19452054794520549,RUSFAR3M,7.76,19,2022-10-05,RUSFARCNY,-1.95,70.0,2022-09-30,8.548651124740019,0.18134887525998167,2.1213741514746496,0.020991862537064674,0.039724849372396065,False
2022-10-06,RFUD,CRZ2,8.72,8.63,8.84,8.68,49189403760.0,14486808800.0,1659022.0,5666982,8.68,,8.732,-0.57,1.0,29720,CNY-12.22,CNY,8.68,CNY-12.22,2022-12-15,2022-06-02,2022-12-15,8.552,8.502,8.68,8.555,8.5891,51191,8.5891,0.02360839540627291,0.21902930292416475,70,0.1917808219178082,RUSFAR3M,7.79,20,2022-10-06,RUSFARCNY,-1.95,69.0,2022-09-30,8.751047518202006,-0.07104751820200583,-0.8118744419365613,-0.008151880897775571,-0.005743841179252307,False
2022-10-07,RFUD,CRZ2,8.68,8.61,8.787,8.637,49871531520.0,8360361133.0,959933.0,5772168,8.64,,8.709,-0.5,2.0,38832,CNY-12.22,CNY,8.64,CNY-12.22,2022-12-15,2022-06-02,2022-12-15,8.555,8.493,8.657,8.497,8.5855,50982,8.5855,-0.00041922374351921476,0.21903191245039044,69,0.18904109589041096,RUSFAR3M,7.76,21,2022-10-07,RUSFARCNY,-1.95,68.0,2022-09-30,8.744549781492124,-0.10454978149212302,-1.195599363084456,-0.012028041366714776,-0.00461894585629441,False
2022-10-10,RFUD,CRZ2,8.63,8.615,8.835,8.8,51640184336.0,10579165608.0,1209099.0,5867536,8.801,,8.75,1.89,2.0,43756,CNY-12.22,CNY,8.801,CNY-12.22,2022-12-15,2022-06-02,2022-12-15,8.56,8.52,8.7,8.657,8.6176,63308,8.6176,0.003731889863422211,0.21963193794907074,66,0.18082191780821918,RUSFAR3M,7.76,24,2022-10-10,RUSFARCNY,0.08,65.0,2022-10-10,8.738108495120569,0.06289150487943118,0.7197382009453226,0.0071716044688610175,0.01846276857571061,False
2022-10-11,RFUD,CRZ2,8.8,8.781,8.922,8.818,52598173972.0,9948155760.0,1121345.0,5964188,8.819,,8.872,0.21,80.0,38464,CNY-12.22,CNY,8.819,CNY-12.22,2022-12-15,2022-06-02,2022-12-15,8.626,8.625,8.8,8.683,8.7548,56224,8.7548,0.015795497752650434,0.22491374746772333,65,0.1780821917808219,RUSFAR3M,7.73,25,2022-10-11,RUSFARCNY,-0.21,64.0,2022-10-11,8.87946979468,-0.06046979467999947,-0.6810068177294666,-0.006833362509146587,0.002043133514368911,False
2022-10-12,RFUD,CRZ2,8.825,8.682,8.961,8.8,53768002106.0,16661460838.0,1892255.0,6109306,8.801,,8.805,-0.2,2.0,73523,CNY-12.22,CNY,8.801,CNY-12.22,2022-12-15,2022-06-02,2022-12-15,8.699,8.558,8.854,8.683,8.6772,79929,8.6772,-0.008903225401023729,0.22461514714984895,64,0.17534246575342466,RUSFAR3M,7.72,26,2022-10-12,RUSFARCNY,-0.02,63.0,2022-10-12,8.795765415071026,0.0052345849289743285,0.05951255725857781,0.0005949485555902921,-0.002043133514368911,False
2022-10-13,RFUD,CRZ2,8.793,8.761,8.846,8.785,52734714180.0,7997181706.0,908263.0,6002130,8.786,,8.805,-0.17,9.0,33036,CNY-12.22,CNY,8.786,CNY-12.22,2022-12-15,2022-06-02,2022-12-15,8.696,8.66,8.762,8.685,8.7023,49121,8.7023,0.0028884625508474038,0.22452817012534124,63,0.1726027397260274,RUSFAR3M,7.73,27,2022-10-13,RUSFARCNY,-0.02,62.0,2022-10-13,8.81949022620896,-0.033490226208959584,-0.3797297275690195,-0.00380452531279595,-0.0017058058380872154,False
2022-10-14,RFUD,CRZ2,8.786,8.692,8.83,8.723,50710178988.0,9317507726.0,1062738.0,5814054,8.722,,8.767,-0.71,4.0,39854,CNY-12.22,CNY,8.722,CNY-12.22,2022-12-15,2022-06-02,2022-12-15,8.699,8.582,8.737,8.602,8.679,50618,8.679,-0.002681043875508937,0.22483838454491412,62,0.16986301369863013,RUSFAR3M,7.72,28,2022-10-14,RUSFARCNY,0.32,61.0,2022-10-14,8.788782370296474,-0.06678237029647427,-0.7598591873452145,-0.007627608255231875,-0.007310976133013014,False
2022-10-17,RFUD,CRZ2,8.718,8.563,8.723,8.618,49974144096.0,9883159769.0,1145369.0,5800156,8.616,,8.629,-1.2,13.0,40295,CNY-12.22,CNY,8.616,CNY-12.22,2022-12-15,2022-06-02,2022-12-15,8.6,8.461,8.627,8.533,8.5282,49426,8.5282,-0.0175279953560179,0.23397241338486593,59,0.16164383561643836,RUSFAR1M,7.7,29,2022-10-17,RUSFARCNY,0.43,58.0,2022-10-17,8.629010377493904,-0.013010377493904102,-0.15077485047228167,-0.001508886301317431,-0.012227629566487153,False
2022-10-18,RFUD,CRZ2,8.618,8.571,8.647,8.614,49563162336.0,6299030847.0,732009.0,5755128,8.612,,8.605,-0.05,210.0,27987,CNY-12.22,CNY,8.612,CNY-12.22,2022-12-15,2022-06-02,2022-12-15,8.539,8.474,8.574,8.505,8.5102,42765,8.5102,-0.0021128752343368973,0.23406392328682338,58,0.1589041095890411,RUSFAR1M,7.73,28,2022-10-18,RUSFARCNY,0.33,57.0,2022-10-18,8.610861299153106,0.0011387008468943804,0.013224006372119521,0.0001322313207746887,-0.0004643603519709494,False
2022-10-19,RFUD,CRZ2,8.61,8.504,8.668,8.549,47926183046.0,10063510646.0,1175881.0,5604746,8.551,,8.558,-0.76,22.0,37212,CNY-12.22,CNY,8.551,CNY-12.22,2022-12-15,2022-06-02,2022-12-15,8.512,8.407,8.525,8.462,8.4586,38801,8.4586,-0.006081768781283525,0.23330859282320912,57,0.15616438356164383,RUSFAR1M,7.7,27,2022-10-19,RUSFARCNY,0.34,56.0,2022-10-19,8.556381458088179,-0.005381458088178803,-0.06289408805040847,-0.0006291387467882007,-0.007108344328298433,False
2022-10-20,RFUD,CRZ2,8.544,8.498,8.562,8.516,47994078564.0,6510416343.0,763000.0,5635092,8.517,,8.533,-0.39,1.0,26704,CNY-12.22,CNY,8.517,CNY-12.22,2022-12-15,2022-06-02,2022-12-15,8.474,8.402,8.48,8.438,8.4444,45653,8.4444,-0.0016801755121029771,0.21809042118154792,56,0.15342465753424658,RUSFAR1M,7.68,26,2022-10-20,RUSFARCNY,0.34,55.0,2022-10-20,8.540032980184982,-0.023032980184982677,-0.2697059863635769,-0.0027007034824363856,-0.0039840690148742475,False
2022-10-21,RFUD,CRZ2,8.516,8.385,8.521,8.397,48740981344.0,9727247976.0,1151689.0,5799736,8.404,,8.446,-1.4,20.0,36265,CNY-12.22,CNY,8.404,CNY-12.22,2022-12-15,2022-06-02,2022-12-15,8.438,8.29,8.438,8.309,8.3656,56310,8.3656,-0.009375440476124375,0.18229126936299345,55,0.1506849315068493,RUSFAR1M,7.62,25,2022-10-21,RUSFARCNY,0.33,54.0,2022-10-21,8.458002129376151,-0.05400212937615123,-0.6384738210054618,-0.00640520782633724,-0.013356383176189812,False
2022-10-24,RFUD,CRZ2,8.397,8.388,8.447,8.414,48788309440.0,7478187480.0,888474.0,5797090,8.416,,8.417,0.2,9.0,31861,CNY-12.22,CNY,8.416,CNY-12.22,2022-12-15,2022-06-02,2022-12-15,8.309,8.294,8.365,8.332,8.3242,49066,8.3242,-0.004961124149356344,0.18219086838196102,52,0.14246575342465753,RUSFAR1M,7.6,22,2022-10-24,RUSFARCNY,0.31,51.0,2022-10-24,8.411103587126277,0.0048964128737232215,0.05821367937041567,0.0005819674178110374,0.0014268730125999163,False
2022-10-25,RFUD,CRZ2,8.414,8.392,8.52,8.496,50626491552.0,8825271496.0,1046093.0,5958862,8.496,,8.436,0.97,1.0,34262,CNY-12.22,CNY,8.496,CNY-12.22,2022-12-15,2022-06-02,2022-12-15,8.33,8.295,8.417,8.407,8.3261,39745,8.3261,0.000228224117072795,0.18219446002996942,51,0.13972602739726028,RUSFAR1M,7.63,21,2022-10-25,RUSFARCNY,0.31,50.0,2022-10-25,8.411695883390943,0.0843041166090579,1.002224970775727,0.00997236002414524,0.009460808504229146,False
2022-10-26,RFUD,CRZ2,8.5,8.498,8.6,8.582,50960362264.0,8644571369.0,1008954.0,5938052,8.582,,8.568,1.01,8.0,35136,CNY-12.22,CNY,8.582,CNY-12.22,2022-12-15,2022-06-02,2022-12-15,8.41,8.41,8.51,8.5,8.4785,41142,8.4785,0.01813838809508672,0.18952466508825763,50,0.136986301369863,RUSFAR1M,7.63,20,2022-10-26,RUSFARCNY,0.17,49.0,2022-10-26,8.565587524943448,0.016412475056553077,0.191609448957927,0.0019142611220961247,0.010071522069750038,False
2022-10-27,RFUD,CRZ2,8.585,8.491,8.645,8.56,50756444490.0,8258803385.0,967008.0,5931570,8.557,,8.541,-0.26,16.0,37727,CNY-12.22,CNY,8.557,CNY-12.22,2022-12-15,2022-06-02,2022-12-15,8.499,8.393,8.512,8.47,8.4379,39924,8.4379,-0.0048000848826852405,0.18837774888832032,49,0.13424657534246576,RUSFAR1M,7.67,19,2022-10-27,RUSFARCNY,0.15,48.0,2022-10-27,8.523514919029832,0.03348508097016811,0.3928553101421622,0.003920856487804466,-0.0029173251334153605,False
2022-10-28,RFUD,CRZ2,8.559,8.46,8.563,8.501,50104462512.0,8616789829.0,1012185.0,5893256,8.502,,8.513,-0.69,1.0,35697,CNY-12.22,CNY,8.502,CNY-12.22,2022-12-15,2022-06-02,2022-12-15,8.468,8.373,8.48,8.403,8.4288,57525,8.4288,-0.0010790493555896674,0.17264947767407882,48,0.13150684931506848,RUSFAR1M,7.66,18,2022-10-28,RUSFARCNY,0.08,47.0,2022-10-28,8.513240286246237,-0.011240286246236408,-0.13203299646546937,-0.0013212023682541072,-0.006448231499319501,False
2022-10-31,RFUD,CRZ2,8.505,8.441,8.549,8.468,52714934802.0,9753218392.0,1149303.0,6224458,8.469,,8.486,-0.39,2.0,35976,CNY-12.22,CNY,8.469,CNY-12.22,2022-12-15,2022-06-02,2022-12-15,8.412,8.343,8.449,8.385,8.3935,44965,8.3935,-0.004196816346438759,0.17225418594136305,45,0.1232876712328767,RUSFAR1M,7.66,15,2022-10-31,RUSFARCNY,0.16,44.0,2022-10-31,8.471471057227072,-0.0024710572270727482,-0.029169163305641843,-0.00029173418333539573,-0.0038889919971363263,False
2022-11-01,RFUD,CRZ2,8.471,8.456,8.514,8.485,52170147470.0,6636284519.0,781285.0,6144170,8.491,,8.494,0.2,21.0,25389,CNY-12.22,CNY,8.491,CNY-12.22,2022-12-15,2022-06-02,2022-12-15,8.384,8.371,8.43,8.397,8.4071,35943,8.4071,0.0016189901516150407,0.17153611761720444,44,0.12054794520547946,RUSFAR1M,7.64,14,2022-11-01,RUSFARCNY,0.15,43.0,2022-11-01,8.48335177357008,0.007648226429919802,0.09015571479362539,0.0009011509893892034,0.0025943410777644615,False
2022-11-02,RFUD,CRZ2,8.491,8.478,8.524,8.494,51749890884.0,5461562308.0,642248.0,6090372,8.497,,8.504,0.11,16.0,23533,CNY-12.22,CNY,8.497,CNY-12.22,2022-12-15,2022-06-02,2022-12-15,8.398,8.391,8.441,8.414,8.4242,44651,8.4242,0.002031929308306868,0.15263280362660075,43,0.1178082191780822,RUSFAR1M,7.66,13,2022-11-02,RUSFARCNY,0.14,42.0,2022-11-02,8.499163053229887,-0.002163053229887524,-0.02545019099340036,-0.0002545343010409641,0.0007063810041776364,False
2022-11-03,RFUD,CRZ2,8.5,8.473,8.547,8.487,52589490116.0,7875605766.0,925821.0,6197206,8.486,,8.507,-0.08,18.0,29797,CNY-12.22,CNY,8.486,CNY-12.22,2022-12-15,2022-06-02,2022-12-15,8.414,8.392,8.475,8.407,8.4277,57611,8.4277,0.0004153834345470564,0.1252195528878781,42,0.11506849315068493,RUSFAR1M,7.67,12,2022-11-03,RUSFARCNY,0.11,41.0,2022-11-03,8.501333875865472,-0.015333875865470858,-0.1803702347110771,-0.0018053309768594668,-0.0012954132412708041,False
2022-11-07,RFUD,CRZ2,8.486,8.484,8.54,8.496,52846802602.0,6711630955.0,788783.0,6219466,8.497,,8.51,0.11,10.0,22511,CNY-12.22,CNY,8.497,CNY-12.22,2022-12-15,2022-06-02,2022-12-15,8.431,8.41,8.47,8.417,8.433,54127,8.433,0.0006286809177038499,0.1253334948727986,38,0.10410958904109589,RUSFAR1M,7.63,8,2022-11-07,RUSFARCNY,0.21,37.0,2022-11-07,8.49839661437143,-0.001396614371429905,-0.016433857288657542,-0.0001643520779494489,0.0012954132412708041,False
2022-11-08,RFUD,CRZ2,8.498,8.421,8.501,8.449,53198745600.0,5241268788.0,620261.0,6297200,8.448,,8.45,-0.55,5.0,22117,CNY-12.22,CNY,8.448,CNY-12.22,2022-12-15,2022-06-02,2022-12-15,8.418,8.343,8.429,8.372,8.3688,44766,8.3688,-0.007642075545090332,0.12626242478463445,37,0.10136986301369863,RUSFAR1M,7.63,7,2022-11-08,RUSFARCNY,0.15,36.0,2022-11-08,8.432497325609189,0.015502674390811322,0.1838444032911847,0.001836756163066912,-0.005783433057498399,False
2022-11-09,RFUD,CRZ2,8.449,8.429,8.546,8.53,53869151960.0,8046936759.0,947751.0,6317480,8.527,,8.491,0.96,19.0,29258,CNY-12.22,CNY,8.527,CNY-12.22,2022-12-15,2022-06-02,2022-12-15,8.345,8.345,8.47,8.454,8.4055,46966,8.4055,0.004375748443562255,0.11116121764845077,36,0.09863013698630137,RUSFAR1M,7.64,6,2022-11-09,RUSFARCNY,0.13,35.0,2022-11-09,8.46799173105309,0.05900826894690958,0.6968390005686891,0.006944222981264915,0.009307872796006755,False
2022-11-10,RFUD,CRZ2,8.527,8.416,8.56,8.467,54330411954.0,8907677846.0,1051449.0,6419758,8.463,,8.472,-0.74,1.0,35111,CNY-12.22,CNY,8.463,CNY-12.22,2022-12-15,2022-06-02,2022-12-15,8.449,8.346,8.488,8.391,8.3967,39285,8.3967,-0.0010474819731496332,0.10818194818355283,35,0.0958904109589041,RUSFAR1M,7.65,5,2022-11-10,RUSFARCNY,0.15,34.0,2022-11-10,8.457304893366803,0.005695106633195834,0.06733949768870927,0.000673168348224367,-0.007533879071943694,False
2022-11-11,RFUD,CRZ2,8.47,8.443,8.54,8.526,49489576248.0,10288213256.0,1209732.0,5804548,8.526,,8.509,0.7,2.0,39686,CNY-12.22,CNY,8.526,CNY-12.22,2022-12-15,2022-06-02,2022-12-15,8.385,8.385,8.48,8.473,8.449,48766,8.449,0.0062093196528811845,0.1106411561176353,34,0.09315068493150686,RUSFAR1M,7.63,4,2022-11-11,RUSFARCNY,0.21,33.0,2022-11-11,8.50759991776871,0.01840008223128997,0.21627817961749857,0.002160446350392847,0.0074165976550499835,False
2022-11-14,RFUD,CRZ2,8.524,8.515,8.626,8.579,46665005418.0,21034043054.0,2444404.0,5438178,8.581,,8.605,0.62,83.0,74244,CNY-12.22,CNY,8.581,CNY-12.22,2022-12-15,2022-06-02,2022-12-15,8.507,8.5,8.57,8.534,8.5419,39381,8.5419,0.010935374319820834,0.11892302436581642,31,0.08493150684931507,RUSFAR1M,7.61,1,2022-11-14,RUSFARCNY,0.17,30.0,2022-11-14,8.596046339612368,-0.015046339612368342,-0.17503790717171547,-0.0017519127751340507,0.006430138481964942,False
2022-11-15,RFUD,CRZ2,8.582,8.553,8.62,8.606,46391444400.0,6882945638.0,801781.0,5394354,8.6,,8.585,0.32,74.0,27558,CNY-12.22,CNY,8.6,CNY-12.22,2022-12-15,2022-06-02,2022-12-15,8.541,8.498,8.572,8.55,8.5343,53066,8.5343,-0.0008901278389576994,0.1012232303235967,30,0.0821917808219178,RUSFAR1M,7.61,0,2022-11-15,RUSFARCNY,0.15,29.0,2022-11-15,8.58678887239962,0.013211127600380124,0.15385411003692478,0.0015373587585760593,0.00221174643447819,False
2022-11-16,RFUD,CRZ2,8.606,8.514,8.61,8.539,45987587166.0,6690182012.0,782095.0,5385594,8.539,,8.554,-0.78,1.0,24763,CNY-12.22,CNY,8.539,CNY-12.22,2022-12-15,2022-06-02,2022-12-15,8.551,8.463,8.59,8.493,8.4989,30285,8.4989,-0.0041565942944310486,0.10205514159634915,29,0.07945205479452055,RUSFAR1M,7.6,1,2022-11-16,RUSFARCNY,0.17,28.0,2022-11-16,8.54921983167794,-0.01021983167794005,-0.11954110292113312,-0.0011961261029037843,-0.007118298333992801,False
2022-11-17,RFUD,CRZ2,8.538,8.477,8.548,8.507,46740146040.0,4893263187.0,575673.0,5495608,8.505,,8.5,-0.38,1.0,18822,CNY-12.22,CNY,8.505,CNY-12.22,2022-12-15,2022-06-02,2022-12-15,8.486,8.426,8.486,8.453,8.4471,34012,8.4471,-0.006113556159302647,0.1020800509373511,28,0.07671232876712329,RUSFAR1M,7.61,2,2022-11-17,RUSFARCNY,0.18,27.0,2022-11-17,8.495383626732739,0.009616373267261835,0.11319527981057426,0.0011313126225906043,-0.003989679077643693,False
2022-11-18,RFUD,CRZ2,8.507,8.499,8.557,8.552,45914302378.0,6162260494.0,722850.0,5370722,8.549,,8.525,0.53,8.0,19060,CNY-12.22,CNY,8.549,CNY-12.22,2022-12-15,2022-06-02,2022-12-15,8.46,8.454,8.504,8.49,8.4748,26080,8.4748,0.0032738669701610768,0.10255591628302416,27,0.07397260273972603,RUSFAR1M,7.61,3,2022-11-18,RUSFARCNY,0.23,26.0,2022-11-18,8.5211919581748,0.02780804182519958,0.32633981210248353,0.003258084793906309,0.005160091196271033,False
2022-11-21,RFUD,CRZ2,8.553,8.503,8.563,8.518,46137508836.0,4977886727.0,584148.0,5417108,8.517,,8.522,-0.4,90.0,19684,CNY-12.22,CNY,8.517,CNY-12.22,2022-12-15,2022-06-02,2022-12-15,8.477,8.455,8.498,8.47,8.4746,29546,8.4746,-2.359965544584952e-05,0.09617346926454935,24,0.06575342465753424,RUSFAR1M,7.61,6,2022-11-21,RUSFARCNY,0.18,23.0,2022-11-21,8.51610378455702,0.0008962154429799085,0.010523773143830078,0.00010523219433674671,-0.0037501508851525145,False
2022-11-22,RFUD,CRZ2,8.516,8.502,8.535,8.507,44957105784.0,4453598907.0,523066.0,5284098,8.508,,8.514,-0.13,1.0,13666,CNY-12.22,CNY,8.508,CNY-12.22,2022-12-15,2022-06-02,2022-12-15,8.475,8.462,8.496,8.47,8.4722,31375,8.4722,-0.0002832393155105528,0.09396343956642855,23,0.06301369863013699,RUSFAR1M,7.59,7,2022-11-22,RUSFARCNY,0.12,22.0,2022-11-22,8.512173696668947,-0.004173696668948068,-0.049032090012229815,-0.0004904411467226788,-0.001057268820953361,False
2022-11-23,RFUD,CRZ2,8.508,8.456,8.511,8.485,45551756440.0,5850842207.0,690192.0,5368504,8.485,,8.477,-0.26,5.0,17031,CNY-12.22,CNY,8.485,CNY-12.22,2022-12-15,2022-06-02,2022-12-15,8.466,8.412,8.469,8.44,8.4351,19866,8.4351,-0.004388643904832179,0.0958001433666619,22,0.06027397260273973,RUSFAR2W,7.5,8,2022-11-23,RUSFARCNY,0.17,21.0,2022-11-23,8.47244941072578,0.012550589274219703,0.1481341305895691,0.0014802452021989362,-0.002706998651801129,False
2022-11-24,RFUD,CRZ2,8.484,8.461,8.499,8.494,46140704544.0,4596938026.0,542243.0,5433432,8.492,,8.478,0.11,4.0,16761,CNY-12.22,CNY,8.492,CNY-12.22,2022-12-15,2022-06-02,2022-12-15,8.44,8.417,8.457,8.449,8.4371,26174,8.4371,0.00023707637526415581,0.07007934122402094,21,0.057534246575342465,RUSFAR2W,7.42,7,2022-11-24,RUSFARCNY,0.17,20.0,2022-11-24,8.472366610392296,0.019633389607705,0.23173441979744447,0.002314663296823517,0.0008246451548203915,False
2022-11-25,RFUD,CRZ2,8.493,8.454,8.495,8.46,47899510450.0,5246393751.0,619924.0,5662550,8.459,,8.463,-0.4,10.0,14863,CNY-12.22,CNY,8.459,CNY-12.22,2022-12-15,2022-06-02,2022-12-15,8.432,8.414,8.449,8.415,8.4242,22070,8.4242,-0.0015301314272204714,0.0681961246509445,20,0.0547945205479452,RUSFAR2W,7.34,6,2022-11-25,RUSFARCNY,0.16,19.0,2022-11-25,8.457408161714447,0.0015918382855524271,0.018821821710798655,0.00018820050628168893,-0.003893580519132467,False
2022-11-28,RFUD,CRZ2,8.46,8.433,8.481,8.473,48137587116.0,4537091239.0,536719.0,5681292,8.473,,8.453,0.15,1.0,15603,CNY-12.22,CNY,8.473,CNY-12.22,2022-12-15,2022-06-02,2022-12-15,8.414,8.396,8.45,8.436,8.4175,23898,8.4175,-0.0007956441871610487,0.0681485308641892,17,0.04657534246575343,RUSFAR2W,7.39,3,2022-11-28,RUSFARCNY,0.16,16.0,2022-11-28,8.44589284460219,0.027107155397811056,0.3209507377912729,0.003204367902960727,0.0016536738944497031,False
2022-11-29,RFUD,CRZ2,8.475,8.463,8.56,8.501,45378814056.0,10944160753.0,1285264.0,5338056,8.501,,8.515,0.33,10.0,27295,CNY-12.22,CNY,8.501,CNY-12.22,2022-12-15,2022-06-02,2022-12-15,8.448,8.44,8.535,8.468,8.4827,42618,8.4827,0.007715923299812744,0.07160536666699226,16,0.043835616438356165,RUSFAR2W,7.38,2,2022-11-29,RUSFARCNY,0.16,15.0,2022-11-29,8.509589694067431,-0.008589694067431708,-0.10094134237071527,-0.0010099232245325796,0.0032991664188948278,False
2022-11-30,RFUD,CRZ2,8.503,8.499,8.618,8.617,42055440840.0,9648449364.0,1125728.0,4880520,8.617,,8.571,1.36,10.0,30211,CNY-12.22,CNY,8.617,CNY-12.22,2022-12-15,2022-06-02,2022-12-15,8.472,8.472,8.61,8.593,8.5406,38876,8.5406,0.006802467590864225,0.07493866454456266,15,0.0410958904109589,RUSFAR2W,7.41,1,2022-11-30,RUSFARCNY,0.17,14.0,2022-11-30,8.566049050909635,0.05095094909036568,0.5948010429026805,0.005930390848107276,0.013553192622408172,False
2022-12-01,RFUD,CRZ2,8.618,8.596,8.748,8.735,39370846220.0,11045926579.0,1271425.0,4507252,8.735,,8.688,1.37,2.0,32826,CNY-12.22,CNY,8.735,CNY-12.22,2022-12-15,2022-06-02,2022-12-15,8.6,8.591,8.725,8.724,8.6539,21007,8.6539,0.013178823442033138,0.08688662505810835,14,0.038356164383561646,RUSFAR2W,7.37,0,2022-12-01,RUSFARCNY,0.2,13.0,2022-12-01,8.67773216630604,0.0572678336939596,0.6599400926006861,0.006577720213916121,0.01360094732838979,False
2022-12-02,RFUD,CRZ2,8.732,8.721,8.849,8.828,36533842440.0,14663719107.0,1666940.0,4137468,8.83,,8.797,1.06,10.0,36154,CNY-12.22,CNY,8.83,CNY-12.22,2022-12-15,2022-06-02,2022-12-15,8.683,8.681,8.83,8.805,8.7825,28454,8.7825,0.014751018772042546,0.09892007147760634,13,0.03561643835616438,RUSFAR2W,7.42,1,2022-12-02,RUSFARCNY,0.21,12.0,2022-12-02,8.805081960976905,0.024918039023095417,0.2829961053574431,0.002825964252543995,0.010817071029848968,False
2022-12-05,RFUD,CRZ2,8.826,8.816,8.991,8.946,35198264408.0,13201874389.0,1476099.0,3933646,8.948,0.0,8.944,1.34,83.0,42659,CNY-12.22,CNY,8.948,CNY-12.22,2022-12-15,2022-06-02,2022-12-15,8.822,8.822,8.969,8.93,8.9336,30275,8.9336,0.01705834399160011,0.11207917203718762,10,0.0273972602739726,RUSFAR1W,7.36,3,2022-12-05,RUSFARCNY,0.36,9.0,2022-12-05,8.95074937085277,-0.002749370852770383,-0.030716655543092705,-0.0003072137407400831,0.013275029012014272,False
2022-12-06,RFUD,CRZ2,8.947,8.866,9.045,8.974,33901364640.0,10919258976.0,1216488.0,3776890,8.976,0.0,8.976,0.31,2.0,40060,CNY-12.22,CNY,8.976,CNY-12.22,2022-12-15,2022-06-02,2022-12-15,8.93,8.923,9.04,8.958,8.9668,52815,8.9668,0.00370941856815854,0.10495707624358808,9,0.024657534246575342,RUSFAR1W,7.38,2,2022-12-06,RUSFARCNY,0.41,8.0,2022-12-06,8.982223862873669,-0.00622386287366794,-0.06929089019249571,-0.0006931490742495911,0.0031243051524576515,False
2022-12-07,RFUD,CRZ2,8.978,8.947,9.067,9.016,32017813812.0,9040940992.0,1004010.0,3550434,9.018,0.0,9.005,0.47,1.0,32720,CNY-12.22,CNY,9.018,CNY-12.22,2022-12-15,2022-06-02,2022-12-15,8.986,8.958,9.03,9.005,8.9907,41736,8.9907,0.0026618420283179844,0.10493309251494871,8,0.021917808219178082,RUSFAR1W,7.38,1,2022-12-07,RUSFARCNY,0.37,7.0,2022-12-07,9.004524273681419,0.013475726318581849,0.1496550612670226,0.0014954318968063351,0.004668231218551977,False
2022-12-08,RFUD,CRZ2,9.02,8.938,9.054,9.018,29743149564.0,9520475195.0,1058797.0,3298198,9.018,0.0,8.992,0.02,5.0,32257,CNY-12.22,CNY,9.018,CNY-12.22,2022-12-15,2022-06-02,2022-12-15,9.012,8.927,9.03,8.999,8.9783,27214,8.9783,-0.0013801549299703453,0.10512510958079792,7,0.019178082191780823,RUSFAR1W,7.31,0,2022-12-08,RUSFARCNY,0.29,6.0,2022-12-08,8.990395637949039,0.02760436205096184,0.3070427950294206,0.0030657238130783987,0.0,False
2022-12-09,RFUD,CRZ2,9.016,8.954,9.043,8.985,28049575280.0,7883896413.0,877989.0,3122170,8.984,0.0,8.979,-0.37,2.0,24227,CNY-12.22,CNY,8.984,CNY-12.22,2022-12-15,2022-06-02,2022-12-15,8.998,8.944,9.002,8.978,8.9649,33644,8.9649,-0.0014936023107487983,0.10589795223331107,6,0.01643835616438356,RUSFAR1W,7.32,1,2022-12-09,RUSFARCNY,0.23,5.0,2022-12-09,8.975354497807515,0.0086455021924845,0.09632491056031724,0.00096278547888482,-0.0037773625627508522,False
2022-12-12,RFUD,CRZ2,8.983,8.94,9.023,9.004,25623889336.0,6288324128.0,699455.0,2845834,9.004,0.0,8.99,0.21,20.0,22775,CNY-12.22,CNY,9.004,CNY-12.22,2022-12-15,2022-06-02,2022-12-15,8.96,8.952,9.015,8.985,8.9879,23893,8.9879,0.0025622758102810117,0.10162244601733664,3,0.00821917808219178,RUSFAR,7.3,2,2022-12-12,RUSFARCNY,0.15,2.0,2022-12-12,8.993183482597281,0.010816517402718162,0.1202746215914444,0.0012020234961255415,0.002223705608344062,False
2022-12-13,RFUD,CRZ2,9.005,8.987,9.077,9.045,19588027480.0,10965305467.0,1212609.0,2165380,9.046,0.0,9.043,0.46,1.0,27635,CNY-12.22,CNY,9.046,CNY-12.22,2022-12-15,2022-06-02,2022-12-15,8.985,8.973,9.071,9.045,9.0381,28745,9.0381,0.0055697470071720545,0.10131299779300405,2,0.005479452054794521,RUSFAR,7.34,1,2022-12-13,RUSFARCNY,0.16,1.0,2022-12-13,9.041656510960939,0.004343489039060344,0.048038642408001875,0.0004802710754616785,0.0046537480111652485,False
2022-12-14,RFUD,CRZ2,9.043,9.038,9.198,9.179,14267120148.0,11391887621.0,1248362.0,1553814,9.182,0.0,9.126,1.48,16.0,31899,CNY-12.22,CNY,9.182,CNY-12.22,2022-12-15,2022-06-02,2022-12-15,9.059,9.05,9.19,9.165,9.1242,40038,9.1242,0.009481249069675624,0.10033272994075286,1,0.0027397260273972603,RUSFAR,7.3,0,2022-12-14,RUSFARCNY,0.17,0.0,2022-12-14,9.125982517821072,0.056017482178928546,0.613824123260575,0.006119478968945563,0.014922374771379143,False
2022-12-15,RFUD,CRZ2,9.177,9.131,9.261,9.159,0.0,5237373053.0,569400.0,0,9.1581,0.0,9.198,-0.22,217.0,12131,CNY-12.22,CNY,9.1581,CNY-12.22,2022-12-15,2022-06-02,2022-12-15,9.185,9.145,9.298,9.215,9.2139,41344,9.2139,0.009782989012792509,0.09579101625205176,0,0.0,RUSFAR,7.32,1,2022-12-15,RUSFARCNY,0.28,1.0,2022-12-15,9.2139,-0.055800000000001404,-0.6056067463289313,-0.006074479815116981,-0.002606312237023456,False
2022-12-16,RFUD,CRH3,9.366,9.345,9.443,9.433,41380405380.0,12519184008.0,1330562.0,4388166,9.43,0.0,9.409,0.69,64.0,31537,CNY-3.23,CNY,9.43,CNY-3.23,2023-03-16,2022-08-15,2023-03-16,9.215,9.208,9.279,9.279,9.2443,26080,9.2443,0.0032939319637481645,0.09578806826479956,90,0.2465753424657534,RUSFAR3M,7.78,0,2022-12-16,RUSFARCNY,0.28,89.0,2022-12-16,9.416846782191653,0.01315321780834644,0.1396775174596734,0.0013958005915625398,,True
2022-12-19,RFUD,CRH3,9.431,9.425,9.966,9.814,41091488116.0,43863232039.0,4507276.0,4185748,9.817,0.0,9.732,4.04,3.0,109168,CNY-3.23,CNY,9.817,CNY-3.23,2023-03-16,2022-08-15,2023-03-16,9.279,9.257,9.805,9.657,9.5426,70452,9.5426,0.03175883964757764,0.13497942181418768,87,0.23835616438356164,RUSFAR3M,7.89,3,2022-12-19,RUSFARCNY,0.25,86.0,2022-12-19,9.71796657005628,0.09903342994372011,1.0190756392275444,0.010139180735030718,0.040219480065017965,False
2022-12-20,RFUD,CRH3,9.82,9.774,10.15,10.041,41152517856.0,26032006239.0,2601807.0,4097224,10.044,0.0,10.005,2.31,1.0,78605,CNY-3.23,CNY,10.044,CNY-3.23,2023-03-16,2022-08-15,2023-03-16,9.689,9.579,9.939,9.89,9.8605,53401,9.8605,0.03277089225153729,0.16289274182661467,86,0.2356164383561644,RUSFAR3M,7.88,4,2022-12-20,RUSFARCNY,0.26,85.0,2022-12-20,10.039133942851201,0.004866057148799285,0.048470885800506444,0.0004845914246124022,0.02285986458495426,False
2022-12-21,RFUD,CRH3,10.039,10.039,10.289,10.227,47114694234.0,25027012866.0,2448753.0,4611402,10.217,0.0,10.22,1.85,5.0,65370,CNY-3.23,CNY,10.217,CNY-3.23,2023-03-16,2022-08-15,2023-03-16,9.91,9.894,10.15,10.079,10.0787,59712,10.0787,0.02188740880414697,0.1639699270808007,85,0.2328767123287671,RUSFAR3M,7.87,5,2022-12-21,RUSFARCNY,0.49,84.0,2022-12-21,10.253412607006158,-0.03641260700615767,-0.35512671148410563,-0.0035575878327102025,0.01707755831394797,False
2022-12-22,RFUD,CRH3,10.23,9.841,10.433,9.874,44599618836.0,42151833978.0,4134449.0,4517332,9.873,0.0,10.195,-3.45,10.0,134037,CNY-3.23,CNY,9.873,CNY-3.23,2023-03-16,2022-08-15,2023-03-16,10.133,9.723,10.296,9.769,10.1725,92047,10.1725,0.009263714821574176,0.16074276082925132,84,0.23013698630136986,RUSFAR3M,7.86,6,2022-12-22,RUSFARCNY,2.66,83.0,2022-12-22,10.294966888261492,-0.4219668882614922,-4.098768775474417,-0.04185136555206656,-0.03424924097997417,False
2022-12-23,RFUD,CRH3,9.885,9.655,10.019,9.933,46981854080.0,41425127103.0,4212010.0,4736074,9.92,0.0,9.835,0.6,27.0,132448,CNY-3.23,CNY,9.92,CNY-3.23,2023-03-16,2022-08-15,2023-03-16,9.769,9.592,9.996,9.92,9.7739,72096,9.7739,-0.03997243332378497,0.23570318178080935,83,0.2273972602739726,RUSFAR3M,7.84,7,2022-12-23,RUSFARCNY,2.54,82.0,2022-12-23,9.892408278025878,0.027591721974122407,0.2789181481258939,0.0027852989323379766,0.0047491626674691645,False
2022-12-26,RFUD,CRH3,9.958,9.733,10.123,9.86,50727894476.0,25464139824.0,2584313.0,5143252,9.863,0.0,9.853,-0.73,1.0,120267,CNY-3.23,CNY,9.863,CNY-3.23,2023-03-16,2022-08-15,2023-03-16,9.989,9.656,10.049,9.774,9.7463,60202,9.7463,-0.0028278417631359964,0.2367519000585395,80,0.2191780821917808,RUSFAR3M,7.78,10,2022-12-26,RUSFARCNY,2.0,79.0,2022-12-26,9.870556343283386,-0.007556343283386724,-0.0765543807318276,-0.000765836985615534,-0.005762539324924987,False
2022-12-27,RFUD,CRH3,9.865,9.803,10.188,10.104,57433709284.0,29666588931.0,2959188.0,5689886,10.094,0.0,10.025,2.48,20.0,120987,CNY-3.23,CNY,10.094,CNY-3.23,2023-03-16,2022-08-15,2023-03-16,9.802,9.703,10.117,9.98,9.9507,78135,9.9507,0.020755174647939523,0.2415111998289027,79,0.21643835616438356,RUSFAR3M,7.78,11,2022-12-27,RUSFARCNY,2.57,78.0,2022-12-27,10.063543495768497,0.030456504231501924,0.30264194957082685,0.003021849107179787,0.023150805946213993,False
2022-12-28,RFUD,CRH3,10.09,10.059,10.287,10.267,71955645840.0,30276430942.0,2968933.0,7006392,10.27,0.0,10.198,1.61,1.0,119502,CNY-3.23,CNY,10.27,CNY-3.23,2023-03-16,2022-08-15,2023-03-16,10.017,9.993,10.249,10.249,10.1594,59982,10.1594,0.020756484833676758,0.24565207197533656,78,0.2136986301369863,RUSFAR3M,7.81,12,2022-12-28,RUSFARCNY,6.21,77.0,2022-12-28,10.194196251198338,0.07580374880166119,0.7435971108830711,0.007408460569871745,0.017285836022396417,False
2022-12-29,RFUD,CRH3,10.263,10.014,10.368,10.2,84623982288.0,48256947012.0,4750423.0,8301352,10.194,0.0,10.158,-0.65,45.0,197796,CNY-3.23,CNY,10.194,CNY-3.23,2023-03-16,2022-08-15,2023-03-16,10.266,10.005,10.326,10.186,10.1399,78621,10.1399,-0.001921249106934031,0.24782101423218877,77,0.21095890410958903,RUSFAR3M,7.95,13,2022-12-29,RUSFARCNY,7.28,76.0,2022-12-29,10.154242118048892,0.0397578819511093,0.3915396293381732,0.003907751078846683,-0.007427712022616717,False
2022-12-30,RFUD,CRH3,10.203,9.856,10.271,10.004,81539534524.0,35716104492.0,3577577.0,8151508,10.003,0.0,9.983,-1.92,3.0,152499,CNY-3.23,CNY,10.003,CNY-3.23,2023-03-16,2022-08-15,2023-03-16,10.186,9.772,10.265,9.912,9.9105,80145,9.9105,-0.02288333502555595,0.2691564273752274,76,0.20821917808219179,RUSFAR3M,7.95,14,2022-12-29,RUSFARCNY,7.28,75.0,2022-12-29,9.924335474774942,0.07866452522505796,0.7926427459551579,0.007895178353979909,-0.01891426391480655,False
2023-01-03,RFUD,CRH3,10.004,9.952,10.24,10.157,84006687242.0,11522163971.0,1139968.0,8265934,10.163,0.0,10.107,1.53,5.0,68236,CNY-3.23,CNY,10.163,CNY-3.23,2023-03-16,2022-08-15,2023-03-16,9.9,9.87,10.18,10.11,10.0466,17573,10.0466,0.013639467652243553,0.2675693503725092,72,0.19726027397260273,RUSFAR3M,7.95,18,2022-12-29,RUSFARCNY,7.28,71.0,2022-12-29,10.05988680523697,0.10311319476303105,1.024993588490006,0.010197761511855993,0.015868626152585996,False
2023-01-04,RFUD,CRH3,10.167,10.16,10.371,10.326,86001216720.0,10642022810.0,1034017.0,8325384,10.33,0.0,10.292,1.66,1.0,63880,CNY-3.23,CNY,10.33,CNY-3.23,2023-03-16,2022-08-15,2023-03-16,10.146,10.117,10.286,10.265,10.2117,17386,10.2117,0.016299852936271897,0.26994233336954004,71,0.19452054794520549,RUSFAR3M,7.95,19,2022-12-29,RUSFARCNY,7.28,70.0,2022-12-29,10.225017459067395,0.10498254093260506,1.0267223635839182,0.010214873715885732,0.016298608975917617,False
2023-01-05,RFUD,CRH3,10.328,10.271,10.469,10.468,88759263096.0,12082729979.0,1164741.0,8487212,10.458,0.0,10.374,1.38,4.0,62909,CNY-3.23,CNY,10.458,CNY-3.23,2023-03-16,2022-08-15,2023-03-16,10.29,10.201,10.424,10.417,10.308,20917,10.308,0.009386171045689728,0.2697293587829961,70,0.1917808219178082,RUSFAR3M,7.95,20,2022-12-29,RUSFARCNY,7.28,69.0,2022-12-29,10.321253587124914,0.1367464128750857,1.3249012023662308,0.013162011468970922,0.012314952634391751,False
2023-01-06,RFUD,CRH3,10.454,10.409,10.546,10.499,90190182810.0,8013761852.0,765297.0,8596910,10.491,0.0,10.471,0.3,8.0,47423,CNY-3.23,CNY,10.491,CNY-3.23,2023-03-16,2022-08-15,2023-03-16,10.362,10.353,10.498,10.437,10.4247,14605,10.4247,0.011257697502264019,0.2683502024603113,69,0.18904109589041096,RUSFAR3M,7.95,21,2022-12-29,RUSFARCNY,7.28,68.0,2022-12-29,10.437912033224114,0.053087966775885675,0.5086071486989492,0.005073181114499952,0.0031505109834095713,False
2023-01-09,RFUD,CRH3,10.485,10.215,10.559,10.257,87354577184.0,26554207251.0,2567318.0,8512432,10.262,0.0,10.343,-2.31,4.0,119614,CNY-3.23,CNY,10.262,CNY-3.23,2023-03-16,2022-08-15,2023-03-16,10.469,10.154,10.555,10.219,10.2838,68584,10.2838,-0.013608148763573524,0.27702166721009847,66,0.18082191780821918,RUSFAR3M,7.96,24,2023-01-09,RUSFARCNY,4.4,65.0,2023-01-09,10.350213026838288,-0.08821302683828769,-0.8522822342839681,-0.00855934928300848,-0.02206999422957523,False
2023-01-10,RFUD,CRH3,10.265,10.194,10.344,10.336,89468733804.0,12613557621.0,1227298.0,8657706,10.334,0.0,10.278,0.77,10.0,63408,CNY-3.23,CNY,10.334,CNY-3.23,2023-03-16,2022-08-15,2023-03-16,10.22,10.14,10.289,10.279,10.2242,30267,10.2242,-0.0058123822696232175,0.28032129005504475,65,0.1780821917808219,RUSFAR3M,7.98,25,2023-01-10,RUSFARCNY,5.33,64.0,2023-01-10,10.27256384959965,0.06143615040035044,0.5980605358101014,0.005962792523615389,0.00699167734521966,False
2023-01-11,RFUD,CRH3,10.339,10.061,10.378,10.119,91393011600.0,26719069758.0,2622456.0,9030930,10.12,0.0,10.189,-2.1,20.0,96150,CNY-3.23,CNY,10.12,CNY-3.23,2023-03-16,2022-08-15,2023-03-16,10.288,10.018,10.337,10.074,10.1303,63982,10.1303,-0.009226526432173365,0.28580000237731285,64,0.17534246575342466,RUSFAR3M,8.02,26,2023-01-11,RUSFARCNY,2.96,63.0,2023-01-11,10.220579253500826,-0.10057925350082719,-0.98408564726286,-0.009889597734816093,-0.02092576600567364,False
2023-01-12,RFUD,CRH3,10.12,10.017,10.129,10.07,93744354354.0,16256497847.0,1616457.0,9306498,10.073,0.0,10.057,-0.48,10.0,65988,CNY-3.23,CNY,10.073,CNY-3.23,2023-03-16,2022-08-15,2023-03-16,10.08,9.97,10.097,10.021,10.0032,46492,10.0032,-0.012625891022046698,0.29261678652939443,63,0.1726027397260274,RUSFAR3M,8.01,27,2023-01-12,RUSFARCNY,1.56,62.0,2023-01-12,10.115186602205284,-0.04218660220528392,-0.4170620262812207,-0.004179341556750507,-0.004655086898775362,False
2023-01-13,RFUD,CRH3,10.066,10.027,10.283,10.244,95188574448.0,23964238796.0,2358997.0,9293944,10.242,0.0,10.159,1.73,2.0,99711,CNY-3.23,CNY,10.242,CNY-3.23,2023-03-16,2022-08-15,2023-03-16,10.001,9.981,10.229,10.19,10.0706,41986,10.0706,0.006715246070076564,0.2920980828351696,62,0.16986301369863013,RUSFAR3M,7.99,28,2023-01-13,RUSFARCNY,2.01,61.0,2023-01-13,10.173416534714283,0.06858346528571779,0.6741438832440761,0.006718816946138115,0.016638336079814575,False
2023-01-16,RFUD,CRH3,10.247,10.13,10.359,10.201,93779070672.0,18583103034.0,1819011.0,9194928,10.199,0.0,10.216,-0.42,10.0,87509,CNY-3.23,CNY,10.199,CNY-3.23,2023-03-16,2022-08-15,2023-03-16,10.201,10.07,10.27,10.149,10.1454,37718,10.1454,0.007400112915258994,0.29224701897890876,59,0.16164383561643836,RUSFAR1M,7.51,29,2023-01-16,RUSFARCNY,2.58,58.0,2023-01-16,10.226572111908775,-0.027572111908774843,-0.2696124528048583,-0.0026997656178107507,-0.0042072367719776516,False
2023-01-17,RFUD,CRH3,10.2,10.133,10.281,10.225,93699029176.0,14684587258.0,1440735.0,9165512,10.223,0.0,10.192,0.24,1.0,65646,CNY-3.23,CNY,10.223,CNY-3.23,2023-03-16,2022-08-15,2023-03-16,10.15,10.081,10.23,10.19,10.1313,38148,10.1313,-0.0013907590754604904,0.27462190906144573,58,0.1589041095890411,RUSFAR1M,7.5,28,2023-01-17,RUSFARCNY,3.03,57.0,2023-01-17,10.203518945126097,0.019481054873903503,0.19092486600624184,0.001907428361406425,0.002350407506496399,False
2023-01-18,RFUD,CRH3,10.23,10.181,10.284,10.238,94009533002.0,10516931205.0,1027814.0,9179722,10.241,0.0,10.232,0.13,4.0,49946,CNY-3.23,CNY,10.241,CNY-3.23,2023-03-16,2022-08-15,2023-03-16,10.192,10.141,10.235,10.19,10.1795,29712,10.1795,0.00474625228775416,0.2513494017390038,57,0.15616438356164383,RUSFAR1M,7.46,27,2023-01-18,RUSFARCNY,3.79,56.0,2023-01-18,10.23800858808761,0.002991411912390163,0.029218689227031976,0.000292144213993431,0.0017591873184232831,False
2023-01-19,RFUD,CRH3,10.237,10.156,10.26,10.18,91519770100.0,11292439524.0,1107157.0,8994572,10.175,0.0,10.2,-0.57,200.0,46732,CNY-3.23,CNY,10.175,CNY-3.23,2023-03-16,2022-08-15,2023-03-16,10.191,10.101,10.205,10.129,10.1318,32257,10.1318,-0.004696901497391437,0.2403523150716761,56,0.15342465753424658,RUSFAR1M,7.45,26,2023-01-19,RUSFARCNY,1.73,55.0,2023-01-19,10.221106866931708,-0.04610686693170685,-0.4510946566939452,-0.004521151587503685,-0.0064655397646418145,False
2023-01-20,RFUD,CRH3,10.179,10.141,10.197,10.177,90855921780.0,8931076817.0,877956.0,8925820,10.179,0.0,10.173,-0.03,10.0,38405,CNY-3.23,CNY,10.179,CNY-3.23,2023-03-16,2022-08-15,2023-03-16,10.131,10.087,10.139,10.119,10.1209,22665,10.1209,-0.0010763997938472158,0.23800749318670697,55,0.1506849315068493,RUSFAR1M,7.33,25,2023-01-20,RUSFARCNY,1.05,54.0,2023-01-20,10.217128804494653,-0.03812880449465261,-0.37318512102812323,-0.0037388319397833993,0.00039304314154398057,False
2023-01-23,RFUD,CRH3,10.183,10.117,10.208,10.197,90996763954.0,12880464777.0,1267058.0,8927378,10.193,0.0,10.166,0.2,2.0,62402,CNY-3.23,CNY,10.193,CNY-3.23,2023-03-16,2022-08-15,2023-03-16,10.121,10.076,10.149,10.128,10.1091,19937,10.1091,-0.0011665844130734904,0.18637837416478972,52,0.14246575342465753,RUSFAR1M,7.31,22,2023-01-23,RUSFARCNY,1.05,51.0,2023-01-20,10.199659776233151,-0.006659776233151504,-0.06529410175690227,-0.0006531542763906281,0.0013744357160727638,False
2023-01-24,RFUD,CRH3,10.193,10.159,10.248,10.212,89211089500.0,12362944303.0,1213122.0,8741900,10.205,0.0,10.191,0.15,50.0,59507,CNY-3.23,CNY,10.205,CNY-3.23,2023-03-16,2022-08-15,2023-03-16,10.13,10.094,10.149,10.138,10.1159,21449,10.1159,0.000672435130405713,0.1856668064223948,51,0.13972602739726028,RUSFAR1M,7.26,21,2023-01-24,RUSFARCNY,1.05,50.0,2023-01-20,10.204057443074522,0.0009425569254783994,0.00923707976691283,9.236653174978128e-05,0.0011765860755326152,False
2023-01-25,RFUD,CRH3,10.201,10.175,10.285,10.273,91349108238.0,11030842380.0,1077910.0,8888694,10.277,0.0,10.234,0.6,3.0,50805,CNY-3.23,CNY,10.277,CNY-3.23,2023-03-16,2022-08-15,2023-03-16,10.143,10.127,10.219,10.216,10.1559,23068,10.1559,0.003946373969048622,0.172068821209161,50,0.136986301369863,RUSFAR1M,7.25,20,2023-01-25,RUSFARCNY,1.05,49.0,2023-01-20,10.242522919092053,0.03447708090794599,0.3366073103305509,0.003360420560267541,0.00703059238112802,False
2023-01-26,RFUD,CRH3,10.275,10.268,10.364,10.343,90614464478.0,14616900070.0,1416713.0,8760946,10.343,0.0,10.317,0.68,10.0,68304,CNY-3.23,CNY,10.343,CNY-3.23,2023-03-16,2022-08-15,2023-03-16,10.217,10.204,10.304,10.279,10.2528,30490,10.2528,0.009496021614056716,0.15909196069996798,49,0.13424657534246576,RUSFAR1M,7.25,19,2023-01-26,RUSFARCNY,1.05,48.0,2023-01-20,10.338493133422208,0.004506866577791868,0.043593070282380915,0.0004358357126401403,0.006401573752730538,False
2023-01-27,RFUD,CRH3,10.346,10.295,10.362,10.333,91469596606.0,11001578549.0,1065871.0,8852182,10.333,0.0,10.322,-0.1,200.0,38806,CNY-3.23,CNY,10.333,CNY-3.23,2023-03-16,2022-08-15,2023-03-16,10.291,10.235,10.292,10.26,10.2562,22980,10.2562,0.0003315617564139117,0.1588459740277006,48,0.13150684931506848,RUSFAR1M,7.21,18,2023-01-27,RUSFARCNY,1.05,47.0,2023-01-20,10.339621083226287,-0.006621083226287183,-0.06403603355473446,-0.0006405654537981144,-0.0009673051634488949,False
2023-01-30,RFUD,CRH3,10.33,10.319,10.481,10.473,92781542814.0,14697773554.0,1413197.0,8859118,10.473,0.0,10.4,1.35,16.0,66642,CNY-3.23,CNY,10.473,CNY-3.23,2023-03-16,2022-08-15,2023-03-16,10.26,10.26,10.405,10.405,10.3267,30101,10.3267,0.006850373436156243,0.13369070025249452,45,0.1232876712328767,RUSFAR1M,7.22,15,2023-01-30,RUSFARCNY,0.94,44.0,2023-01-30,10.406964442485348,0.06603555751465251,0.6345323641644169,0.0063252768332201625,0.013457859558791085,False
2023-01-31,RFUD,CRH3,10.48,10.389,10.535,10.435,90998795448.0,17875537156.0,1706388.0,8721372,10.434,0.0,10.476,-0.36,1.0,79743,CNY-3.23,CNY,10.434,CNY-3.23,2023-03-16,2022-08-15,2023-03-16,10.418,10.319,10.47,10.348,10.4172,37294,10.4172,0.008725511999261304,0.12910335832400832,44,0.12054794520547946,RUSFAR1M,7.25,14,2023-01-31,RUSFARCNY,0.94,43.0,2023-01-31,10.496741351778669,-0.06274135177866924,-0.5977221851621384,-0.00599515694589036,-0.003730812190807953,False
2023-02-01,RFUD,CRH3,10.43,10.374,10.495,10.46,93574068864.0,15140995891.0,1448004.0,8942476,10.464,0.0,10.456,0.24,1.0,56203,CNY-3.23,CNY,10.464,CNY-3.23,2023-03-16,2022-08-15,2023-03-16,10.347,10.347,10.425,10.391,10.3888,35845,10.3888,-0.002729983431540184,0.11796959917966132,43,0.1178082191780822,RUSFAR1M,7.23,13,2023-02-01,RUSFARCNY,0.64,42.0,2023-02-01,10.469767982486305,-0.0057679824863043905,-0.05509178900576401,-0.0005510697010779697,0.0028710901146418166,False
2023-02-02,RFUD,CRH3,10.468,10.446,10.539,10.534,101763757926.0,13733720718.0,1309635.0,9661422,10.533,0.0,10.489,0.71,2.0,43342,CNY-3.23,CNY,10.533,CNY-3.23,2023-03-16,2022-08-15,2023-03-16,10.4,10.373,10.459,10.451,10.4099,40981,10.4099,0.002028973660718414,0.11373137156359156,42,0.11506849315068493,RUSFAR1M,7.22,12,2023-02-02,RUSFARCNY,0.43,41.0,2023-02-02,10.491552684302421,0.04144731569757809,0.3950541635233079,0.003942758736669769,0.006572391139561873,False
2023-02-03,RFUD,CRH3,10.538,10.449,10.564,10.477,104497574720.0,15462134849.0,1473383.0,9978760,10.472,0.0,10.494,-0.54,10.0,55576,CNY-3.23,CNY,10.472,CNY-3.23,2023-03-16,2022-08-15,2023-03-16,10.444,10.385,10.45,10.417,10.4238,33925,10.4238,0.0013343767129683215,0.10649737459725639,41,0.11232876712328767,RUSFAR1M,7.22,11,2023-02-03,RUSFARCNY,0.33,40.0,2023-02-03,10.504787495491739,-0.032787495491739094,-0.312119550307993,-0.0031260765929674275,-0.005808157246805834,False
2023-02-06,RFUD,CRH3,10.476,10.406,10.593,10.49,103907939720.0,12703826001.0,1214727.0,9905428,10.49,0.0,10.458,0.12,14.0,51547,CNY-3.23,CNY,10.49,CNY-3.23,2023-03-16,2022-08-15,2023-03-16,10.41,10.356,10.437,10.419,10.3901,31648,10.3901,-0.003238223441876187,0.09462848264767157,38,0.10410958904109589,RUSFAR1M,7.21,8,2023-02-06,RUSFARCNY,0.21,37.0,2023-02-06,10.466096214241638,0.02390378575836216,0.22839256652194082,0.002281321471433527,0.001717393800606981,False
2023-02-07,RFUD,CRH3,10.49,10.474,10.532,10.52,102945792388.0,9355741471.0,890773.0,9786652,10.519,0.0,10.503,0.29,9.0,39349,CNY-3.23,CNY,10.519,CNY-3.23,2023-03-16,2022-08-15,2023-03-16,10.419,10.409,10.465,10.455,10.4385,36277,10.4385,0.0046474642669815935,0.09261598182863845,37,0.10136986301369863,RUSFAR1M,7.2,7,2023-02-07,RUSFARCNY,0.23,36.0,2023-02-07,10.51251417216169,0.0064858278383095325,0.06169625773713321,0.0006167723342049656,0.0027607233489312932,False
2023-02-08,RFUD,CRH3,10.517,10.498,10.719,10.706,105728023936.0,17787083563.0,1674460.0,9870976,10.711,0.0,10.623,1.77,1.0,68088,CNY-3.23,CNY,10.711,CNY-3.23,2023-03-16,2022-08-15,2023-03-16,10.456,10.447,10.67,10.67,10.5556,40845,10.5556,0.011155630810895545,0.09090082572365518,36,0.09863013698630137,RUSFAR1M,7.21,6,2023-02-08,RUSFARCNY,0.19,35.0,2023-02-08,10.628938839281249,0.08206116071875158,0.7720541246834451,0.0076908903842811405,0.018088105025355627,False
2023-02-09,RFUD,CRH3,10.71,10.704,10.858,10.812,106172803748.0,15465462530.0,1430993.0,9818996,10.813,0.0,10.808,0.99,1.0,59151,CNY-3.23,CNY,10.813,CNY-3.23,2023-03-16,2022-08-15,2023-03-16,10.675,10.672,10.806,10.767,10.7503,35264,10.7503,0.01827713637925088,0.0908862487459164,35,0.0958904109589041,RUSFAR1M,7.2,5,2023-02-09,RUSFARCNY,0.25,34.0,2023-02-09,10.82218338577776,-0.009183385777760122,-0.0848570519496897,-0.0008489307592672016,0.009477863180907597,False
2023-02-10,RFUD,CRH3,10.82,10.712,10.838,10.8,105958319336.0,14011954742.0,1301965.0,9811864,10.799,0.0,10.762,-0.11,43.0,60292,CNY-3.23,CNY,10.799,CNY-3.23,2023-03-16,2022-08-15,2023-03-16,10.767,10.659,10.79,10.749,10.701,32003,10.701,-0.00459646611615927,0.09454213777650015,34,0.09315068493150686,RUSFAR1M,7.19,4,2023-02-10,RUSFARCNY,0.22,33.0,2023-02-10,10.770703375224754,0.02829662477524586,0.2627184482708437,0.0026237394660323784,-0.0012955767127778017,False
2023-02-13,RFUD,CRH3,10.811,10.722,10.86,10.856,109723139536.0,13175458407.0,1217537.0,10110868,10.852,0.0,10.821,0.52,10.0,57989,CNY-3.23,CNY,10.852,CNY-3.23,2023-03-16,2022-08-15,2023-03-16,10.809,10.702,10.809,10.8,10.7725,29218,10.7725,0.006659395462991657,0.09412426694407387,31,0.08493150684931507,RUSFAR1M,7.19,1,2023-02-13,RUSFARCNY,0.5,30.0,2023-02-13,10.833882680119933,0.018117319880067484,0.16722831892311874,0.0016708864806102295,0.0048958575460629206,False
2023-02-14,RFUD,CRH3,10.854,10.751,10.903,10.841,108680696416.0,18212980932.0,1679019.0,10014808,10.852,0.0,10.847,-0.14,3.0,73504,CNY-3.23,CNY,10.852,CNY-3.23,2023-03-16,2022-08-15,2023-03-16,10.79,10.701,10.85,10.803,10.8101,35567,10.8101,0.0034842917942756735,0.09268864172570057,30,0.0821917808219178,RUSFAR1M,7.2,0,2023-02-14,RUSFARCNY,0.39,29.0,2023-02-14,10.870776596225506,-0.018776596225505315,-0.17272543556846554,-0.0017287477794187976,0.0,False
2023-02-15,RFUD,CRH3,10.84,10.775,10.966,10.927,108455176144.0,18837102435.0,1728619.0,9928156,10.924,0.0,10.897,0.79,2.0,63983,CNY-3.23,CNY,10.924,CNY-3.23,2023-03-16,2022-08-15,2023-03-16,10.8,10.768,10.905,10.87,10.8472,38123,10.8472,0.0034260998638306894,0.09252289563669928,29,0.07945205479452055,RUSFAR1M,7.33,1,2023-02-15,RUSFARCNY,0.38,28.0,2023-02-15,10.907263025777192,0.016736974222807177,0.15344797483339861,0.0015333036372770787,0.006612808814772997,False
2023-02-16,RFUD,CRH3,10.926,10.895,10.962,10.93,107150701056.0,15730443419.0,1438999.0,9805152,10.928,0.0,10.932,0.03,1.0,52903,CNY-3.23,CNY,10.928,CNY-3.23,2023-03-16,2022-08-15,2023-03-16,10.873,10.849,10.919,10.875,10.8843,33217,10.8843,0.0034144017709842878,0.08772345592970562,28,0.07671232876712329,RUSFAR1M,7.29,2,2023-02-16,RUSFARCNY,0.45,27.0,2023-02-16,10.941561361333234,-0.013561361333232824,-0.12394356605408981,-0.001240204396183729,0.00036609921697605685,False
2023-02-17,RFUD,CRH3,10.929,10.755,10.954,10.796,100733872194.0,36067308698.0,3324676.0,9329802,10.797,0.0,10.848,-1.23,1.0,93090,CNY-3.23,CNY,10.797,CNY-3.23,2023-03-16,2022-08-15,2023-03-16,10.875,10.734,10.913,10.76,10.8206,50052,10.8206,-0.005869659190999688,0.09261324472418309,27,0.07397260273972603,RUSFAR1M,7.29,3,2023-02-17,RUSFARCNY,0.46,26.0,2023-02-17,10.875407564991272,-0.07840756499127188,-0.7209620836985599,-0.007235735748066963,-0.012059985063431089,False
2023-02-20,RFUD,CRH3,10.793,10.728,10.945,10.916,103299620620.0,23658148460.0,2185715.0,9465740,10.913,0.0,10.824,1.11,18.0,81404,CNY-3.23,CNY,10.913,CNY-3.23,2023-03-16,2022-08-15,2023-03-16,10.758,10.702,10.915,10.87,10.7915,49013,10.7915,-0.0026929375290589697,0.09375037288157334,24,0.06575342465753424,RUSFAR1M,7.29,6,2023-02-20,RUSFARCNY,0.46,23.0,2023-02-20,10.84007317143391,0.07292682856609112,0.6727521799231957,0.00670499300995526,0.010686421365949439,False
2023-02-21,RFUD,CRH3,10.907,10.815,10.96,10.861,104168149800.0,30730425596.0,2825735.0,9584850,10.868,0.0,10.874,-0.5,3.0,91031,CNY-3.23,CNY,10.868,CNY-3.23,2023-03-16,2022-08-15,2023-03-16,10.86,10.799,10.926,10.85,10.8572,55254,10.8572,0.006069667158174141,0.0937274489769545,23,0.06301369863013699,RUSFAR1M,7.36,7,2023-02-21,RUSFARCNY,0.53,22.0,2023-02-21,10.904028302429351,-0.036028302429350845,-0.33041277434435823,-0.0033095984273990684,-0.004132047566851593,False
2023-02-22,RFUD,CRH3,10.862,10.806,10.949,10.928,103031191340.0,18814484225.0,1730537.0,9423010,10.934,0.0,10.872,0.62,1.0,66269,CNY-3.23,CNY,10.934,CNY-3.23,2023-03-16,2022-08-15,2023-03-16,10.852,10.8,10.92,10.903,10.8454,71477,10.8454,-0.0010874274200132206,0.09512786992350554,22,0.06027397260273973,RUSFAR2W,7.37,8,2023-02-22,RUSFARCNY,1.12,21.0,2023-02-22,10.886333010344934,0.047666989655064995,0.4378608445081423,0.0043690502300873825,0.006054508908706069,False
2023-02-24,RFUD,CRH3,10.926,10.844,11.046,10.99,106049564280.0,21472161000.0,1961414.0,9650520,10.989,0.0,10.947,0.57,30.0,79645,CNY-3.23,CNY,10.989,CNY-3.23,2023-03-16,2022-08-15,2023-03-16,10.892,10.825,11.011,10.965,10.9168,20128,10.9168,0.0065618601239729735,0.09313600748797052,20,0.0547945205479452,RUSFAR2W,7.37,6,2023-02-22,RUSFARCNY,1.12,19.0,2023-02-22,10.954250392151302,0.03474960784869907,0.31722488170981644,0.0031672278515185296,0.005017571991979608,False
2023-02-27,RFUD,CRH3,10.99,10.694,11.01,10.73,100767701154.0,31679014492.0,2930985.0,9381594,10.741,0.0,10.807,-2.37,12.0,101217,CNY-3.23,CNY,10.741,CNY-3.23,2023-03-16,2022-08-15,2023-03-16,10.942,10.67,10.982,10.71,10.7766,65548,10.7766,-0.012925770233688016,0.10897544408095008,17,0.04657534246575343,RUSFAR2W,7.39,3,2023-02-27,RUSFARCNY,1.03,16.0,2023-02-27,10.808569682734213,-0.06756968273421293,-0.6251491614302108,-0.0062711140102460795,-0.022826577848876983,False
2023-02-28,RFUD,CRH3,10.729,10.636,10.829,10.817,99428745378.0,21475058279.0,1995226.0,9196998,10.811,0.0,10.763,0.81,5.0,77344,CNY-3.23,CNY,10.811,CNY-3.23,2023-03-16,2022-08-15,2023-03-16,10.71,10.617,10.804,10.78,10.7451,52684,10.7451,-0.002927280139908728,0.10929479047055762,16,0.043835616438356165,RUSFAR2W,7.44,2,2023-02-28,RUSFARCNY,1.88,15.0,2023-02-28,10.771320545537174,0.03967945446282606,0.3683805926587733,0.0036770373312369274,0.006495939694724395,False
2023-03-01,RFUD,CRH3,10.813,10.787,10.959,10.922,96430071064.0,25595428875.0,2345531.0,8829784,10.921,0.0,10.915,0.97,25.0,77717,CNY-3.23,CNY,10.921,CNY-3.23,2023-03-16,2022-08-15,2023-03-16,10.782,10.782,10.939,10.909,10.904,48978,10.904,0.014679857688806308,0.11600251062542583,15,0.0410958904109589,RUSFAR2W,7.43,1,2023-03-01,RUSFARCNY,1.31,14.0,2023-03-01,10.931458822784947,-0.010458822784947586,-0.09567636812707721,-0.0009572216717907335,0.010123406904956944,False
2023-03-02,RFUD,CRH3,10.91,10.861,10.968,10.881,93334091824.0,16763033868.0,1534827.0,8572198,10.888,0.0,10.922,-0.38,1.0,60996,CNY-3.23,CNY,10.888,CNY-3.23,2023-03-16,2022-08-15,2023-03-16,10.9,10.845,10.945,10.865,10.9054,35004,10.9054,0.0001283850084754512,0.11480152558489842,14,0.038356164383561646,RUSFAR2W,7.42,0,2023-03-02,RUSFARCNY,1.11,13.0,2023-03-02,10.931826021987732,-0.04382602198773178,-0.4009030321154242,-0.0040170880261448825,-0.0030262758664263423,False
2023-03-03,RFUD,CRH3,10.88,10.846,10.954,10.942,90471196280.0,14940794193.0,1367904.0,8269762,10.94,0.0,10.925,0.56,9.0,49949,CNY-3.23,CNY,10.94,CNY-3.23,2023-03-16,2022-08-15,2023-03-16,10.88,10.872,10.938,10.926,10.913,23440,10.913,0.0006966597282458409,0.11496001379868309,13,0.03561643835616438,RUSFAR2W,7.49,1,2023-03-03,RUSFARCNY,1.09,12.0,2023-03-03,10.937904033265632,0.002095966734367849,0.019162416565306754,0.0001916058080876929,0.004764531644670278,False
2023-03-06,RFUD,CRH3,10.932,10.834,10.996,10.881,87507738670.0,22975288902.0,2109621.0,8043730,10.879,0.0,10.891,-0.56,81.0,73838,CNY-3.23,CNY,10.879,CNY-3.23,2023-03-16,2022-08-15,2023-03-16,10.924,10.82,10.979,10.855,10.8693,39196,10.8693,-0.0040124374955410325,0.11713866297872004,10,0.0273972602739726,RUSFAR1W,7.61,3,2023-03-06,RUSFARCNY,1.09,9.0,2023-03-06,10.888733197085335,-0.009733197085335377,-0.08938778193170102,-0.0008942775663293911,-0.005591471554889704,False
2023-03-07,RFUD,CRH3,10.875,10.839,10.917,10.891,78648002078.0,12528373146.0,1151623.0,7222702,10.889,0.0,10.879,0.09,93.0,39648,CNY-3.23,CNY,10.889,CNY-3.23,2023-03-16,2022-08-15,2023-03-16,10.846,10.824,10.878,10.875,10.866,26072,10.866,-0.00030365350608052566,0.11582318425765513,9,0.024657534246575342,RUSFAR1W,7.62,2,2023-03-07,RUSFARCNY,0.99,8.0,2023-03-07,10.883778205157029,0.005221794842970695,0.047977777059959446,0.00047966271404459857,0.0009187799249783524,False
2023-03-09,RFUD,CRH3,10.886,10.841,10.911,10.876,69548103604.0,16280166211.0,1497076.0,6394052,10.877,0.0,10.875,-0.14,6.0,48712,CNY-3.23,CNY,10.877,CNY-3.23,2023-03-16,2022-08-15,2023-03-16,10.909,10.827,10.917,10.856,10.8592,40469,10.8592,-0.000626001161974532,0.11588155993710536,7,0.019178082191780823,RUSFAR1W,7.48,0,2023-03-09,RUSFARCNY,1.08,6.0,2023-03-09,10.872536735390685,0.004463264609315232,0.04105081194885337,0.0004104238840825136,-0.0011026372522104921,False
2023-03-10,RFUD,CRH3,10.87,10.864,10.977,10.97,55111264222.0,20861794461.0,1911042.0,5043586,10.927,0.0,10.916,0.86,6.0,53772,CNY-3.23,CNY,10.927,CNY-3.23,2023-03-16,2022-08-15,2023-03-16,10.866,10.855,10.966,10.965,10.9083,32521,10.9083,0.004511320388066675,0.11120617003032844,6,0.01643835616438356,RUSFAR1W,7.36,1,2023-03-10,RUSFARCNY,0.99,5.0,2023-03-10,10.919728317343289,0.007271682656710965,0.0665921572898631,0.0006656999455134629,0.004586322476895166,False
2023-03-13,RFUD,CRH3,10.967,10.87,11.004,10.924,47540953940.0,24040488513.0,2197418.0,4352770,10.922,0.0,10.941,-0.42,84.0,70395,CNY-3.23,CNY,10.922,CNY-3.23,2023-03-16,2022-08-15,2023-03-16,10.975,10.866,11.02,10.927,10.9344,55105,10.9344,0.002389815583412336,0.0923966339620069,3,0.00821917808219178,RUSFAR,7.0,2,2023-03-13,RUSFARCNY,0.83,2.0,2023-03-13,10.939946495136269,-0.017946495136268226,-0.16404554761073978,-0.001641802496544838,-0.0004576868586463334,False
2023-03-14,RFUD,CRH3,10.925,10.905,10.954,10.936,39119636118.0,14425623751.0,1319590.0,3576162,10.939,0.0,10.932,0.11,2.0,39115,CNY-3.23,CNY,10.939,CNY-3.23,2023-03-16,2022-08-15,2023-03-16,10.934,10.901,10.959,10.937,10.9311,29406,10.9311,-0.00030184537513955334,0.09027280157703318,2,0.005479452054794521,RUSFAR,7.11,1,2023-03-14,RUSFARCNY,0.82,1.0,2023-03-14,10.934868135293412,0.0041318647065882175,0.03778614113554967,0.00037779003971082754,0.0015552814076915666,False
2023-03-15,RFUD,CRH3,10.931,10.925,11.015,10.995,30442032420.0,12507414903.0,1139698.0,2768716,10.995,0.0,10.975,0.54,1.0,42179,CNY-3.23,CNY,10.995,CNY-3.23,2023-03-16,2022-08-15,2023-03-16,10.945,10.919,11.012,11.0,10.9769,32682,10.9769,0.004181127142804275,0.088649369654209,1,0.0027397260273972603,RUSFAR,7.19,0,2023-03-15,RUSFARCNY,0.88,0.0,2023-03-15,10.978797814422796,0.01620218557720321,0.1475770466955724,0.0014746825878951169,0.0051062388690708005,False
2023-03-16,RFUD,CRH3,10.999,10.992,11.184,11.111,0.0,6905747870.0,625365.0,0,11.1078,0.0,11.043,1.05,28.0,17833,CNY-3.23,CNY,11.1078,CNY-3.23,2023-03-16,2022-08-15,2023-03-16,11.001,10.992,11.207,11.09,11.0521,58014,11.0521,0.006827390449819504,0.0906927554388492,0,0.0,RUSFAR,7.19,1,2023-03-16,RUSFARCNY,0.81,1.0,2023-03-16,11.0521,0.05569999999999986,0.5039766198279048,0.005027109084728883,0.010206940234324335,False
2023-03-17,RFUD,CRM3,11.239,11.196,11.319,11.303,85954620180.0,28326359257.0,2519337.0,7599878,11.31,0.0,11.244,0.6,1.0,61623,CNY-6.23,CNY,11.31,CNY-6.23,2023-06-15,2022-09-02,2023-06-15,11.09,11.068,11.193,11.19,11.1342,42600,11.1342,0.007400997439891199,0.09310628457544151,90,0.2465753424657534,RUSFAR3M,7.88,0,2023-03-17,RUSFARCNY,1.02,89.0,2023-03-17,11.32413763091723,-0.014137630917229416,-0.1248450997154147,-0.001249230961332528,,True
2023-03-20,RFUD,CRM3,11.3,11.247,11.436,11.324,83850345020.0,22814333072.0,2013884.0,7406620,11.321,0.0,11.329,0.19,86.0,77790,CNY-6.23,CNY,11.321,CNY-6.23,2023-06-15,2022-09-02,2023-06-15,11.199,11.115,11.298,11.19,11.1894,51324,11.1894,0.004945448987107248,0.0937227602875468,87,0.23835616438356164,RUSFAR3M,7.88,3,2023-03-20,RUSFARCNY,2.4,86.0,2023-03-20,11.33651372518796,-0.015513725187959793,-0.13684740797773412,-0.0013694112955654591,0.0009721179679433867,False
2023-03-21,RFUD,CRM3,11.318,11.251,11.368,11.272,83563316412.0,14781483824.0,1309321.0,7412038,11.274,0.0,11.289,-0.46,1.0,46538,CNY-6.23,CNY,11.274,CNY-6.23,2023-06-15,2022-09-02,2023-06-15,11.2,11.135,11.243,11.161,11.1649,45289,11.1649,-0.0021919728919881365,0.09081249704186181,86,0.2356164383561644,RUSFAR3M,7.87,4,2023-03-21,RUSFARCNY,3.12,85.0,2023-03-21,11.290556964698235,-0.016556964698235532,-0.14664435731561853,-0.0014675198538647678,-0.004160218436589425,False
2023-03-22,RFUD,CRM3,11.271,11.239,11.321,11.292,83453781320.0,14648317063.0,1298171.0,7382024,11.305,0.0,11.284,0.18,55.0,48447,CNY-6.23,CNY,11.305,CNY-6.23,2023-06-15,2022-09-02,2023-06-15,11.16,11.121,11.195,11.185,11.159,45010,11.159,-0.0005285814877660222,0.08978534701491371,85,0.2328767123287671,RUSFAR3M,7.88,5,2023-03-22,RUSFARCNY,1.43,84.0,2023-03-22,11.327879450301646,-0.022879450301646287,-0.20197469793022063,-0.0020217894188364854,0.0027459160705500807,False
2023-03-23,RFUD,CRM3,11.29,11.172,11.355,11.224,83515677048.0,20895882859.0,1855548.0,7438824,11.227,0.0,11.261,-0.6,53.0,65688,CNY-6.23,CNY,11.227,CNY-6.23,2023-06-15,2022-09-02,2023-06-15,11.194,11.059,11.248,11.105,11.154,57186,11.154,-0.00044816923620238924,0.08852550030998403,84,0.23013698630136986,RUSFAR3M,7.86,6,2023-03-23,RUSFARCNY,1.09,83.0,2023-03-23,11.329143222674052,-0.10214322267405151,-0.9015970640182475,-0.009056860463322325,-0.00692351425329063,False
2023-03-24,RFUD,CRM3,11.218,11.193,11.271,11.258,82786942512.0,17280306398.0,1537653.0,7347084,11.268,0.0,11.238,0.3,3.0,56215,CNY-6.23,CNY,11.268,CNY-6.23,2023-06-15,2022-09-02,2023-06-15,11.074,11.072,11.147,11.139,11.1177,47768,11.1177,-0.0032597450705114106,0.08964702573493222,83,0.2273972602739726,RUSFAR3M,7.83,7,2023-03-24,RUSFARCNY,1.27,82.0,2023-03-24,11.284788779518163,-0.016788779518162045,-0.1487735379560989,-0.001488843156696655,0.0036452585374835422,False
2023-03-27,RFUD,CRM3,11.257,11.205,11.286,11.239,82462754560.0,13725752571.0,1221440.0,7336544,11.24,0.0,11.237,-0.17,2.0,42934,CNY-6.23,CNY,11.24,CNY-6.23,2023-06-15,2022-09-02,2023-06-15,11.139,11.089,11.181,11.113,11.1128,44162,11.1128,-0.00044083579580789234,0.08755498161163701,80,0.2191780821917808,RUSFAR3M,7.83,10,2023-03-27,RUSFARCNY,1.94,79.0,2023-03-27,11.257191694490096,-0.017191694490096054,-0.15271743572165195,-0.0015283416765933542,-0.002488005548581196,False
2023-03-28,RFUD,CRM3,11.242,11.191,11.302,11.294,85470528832.0,13532507395.0,1202641.0,7566442,11.296,0.0,11.252,0.49,1.0,43474,CNY-6.23,CNY,11.296,CNY-6.23,2023-06-15,2022-09-02,2023-06-15,11.109,11.073,11.175,11.173,11.127,42914,11.127,0.0012769900745208673,0.07072890231630906,79,0.21643835616438356,RUSFAR3M,7.83,11,2023-03-28,RUSFARCNY,2.62,78.0,2023-03-28,11.253183040129446,0.042816959870553006,0.3804875448827719,0.0037976552191583044,0.004969836285341422,False
2023-03-29,RFUD,CRM3,11.291,11.264,11.32,11.311,84601401300.0,9065654988.0,803030.0,7480230,11.31,0.0,11.289,0.15,1.0,30188,CNY-6.23,CNY,11.31,CNY-6.23,2023-06-15,2022-09-02,2023-06-15,11.172,11.13,11.201,11.2,11.1648,28745,11.1648,0.0033913848347544295,0.06889730730447415,78,0.2136986301369863,RUSFAR3M,7.85,12,2023-03-29,RUSFARCNY,2.79,77.0,2023-03-29,11.286181741595028,0.023818258404972426,0.21103911801447114,0.0021081674327797736,0.0012386093771428186,False
2023-03-30,RFUD,CRM3,11.3,11.265,11.34,11.315,83422267040.0,16288087442.0,1441108.0,7374670,11.312,0.0,11.302,0.03,5.0,41343,CNY-6.23,CNY,11.312,CNY-6.23,2023-06-15,2022-09-02,2023-06-15,11.2,11.151,11.223,11.192,11.1856,41486,11.1856,0.0018612647652660463,0.04977010998129896,77,0.21095890410958903,RUSFAR3M,7.83,13,2023-03-30,RUSFARCNY,2.85,76.0,2023-03-30,11.303732604985491,0.008267395014508239,0.07313862865848329,0.000731118953975649,0.00017681902618793544,False
2023-03-31,RFUD,CRM3,11.309,11.296,11.463,11.394,84444475920.0,17439915284.0,1532225.0,7409360,11.397,0.0,11.382,0.7,29.0,56020,CNY-6.23,CNY,11.397,CNY-6.23,2023-06-15,2022-09-02,2023-06-15,11.198,11.183,11.34,11.281,11.2545,31689,11.2545,0.006140811896172327,0.0524375203357552,76,0.20821917808219179,RUSFAR3M,7.86,14,2023-03-31,RUSFARCNY,3.18,75.0,2023-03-31,11.364707342533645,0.032292657466355124,0.28414860579380136,0.0028374566675955695,0.007486053719381047,False
2023-04-03,RFUD,CRM3,11.39,11.301,11.546,11.54,89699413558.0,18619011410.0,1631888.0,7774934,11.537,0.0,11.409,1.28,42.0,57943,CNY-6.23,CNY,11.537,CNY-6.23,2023-06-15,2022-09-02,2023-06-15,11.224,11.21,11.447,11.428,11.3288,30881,11.3288,0.006580107254955614,0.055214897980745026,73,0.2,RUSFAR3M,7.85,17,2023-04-03,RUSFARCNY,3.29,72.0,2023-04-03,11.432591224587378,0.10440877541262239,0.9132555635163163,0.009091106018440829,0.01220909907155443,False
2023-04-04,RFUD,CRM3,11.537,11.516,11.665,11.605,90896611528.0,19460362044.0,1678167.0,7834564,11.602,0.0,11.596,0.56,77.0,56162,CNY-6.23,CNY,11.602,CNY-6.23,2023-06-15,2022-09-02,2023-06-15,11.442,11.426,11.572,11.503,11.5115,43335,11.5115,0.015998379775576055,0.0705112561782315,72,0.19726027397260273,RUSFAR3M,7.83,18,2023-04-04,RUSFARCNY,4.41,71.0,2023-04-04,11.589422597343784,0.012577402656216208,0.10852484280881139,0.001084659971721853,0.00561823509872017,False
2023-04-05,RFUD,CRM3,11.6,11.59,11.677,11.66,91902113472.0,13651138047.0,1172804.0,7881152,11.661,0.0,11.64,0.47,10.0,42507,CNY-6.23,CNY,11.661,CNY-6.23,2023-06-15,2022-09-02,2023-06-15,11.511,11.487,11.583,11.578,11.5506,27040,11.5506,0.0033908479682094317,0.069518165642659,71,0.19452054794520549,RUSFAR3M,7.84,19,2023-04-05,RUSFARCNY,4.41,70.0,2023-04-04,11.627923903923815,0.03307609607618467,0.2844540121648304,0.00284050207317801,0.005072443494323231,False
2023-04-06,RFUD,CRM3,11.658,11.655,11.878,11.872,96358067008.0,25746256205.0,2184185.0,8116414,11.872,0.0,11.788,1.82,10.0,67013,CNY-6.23,CNY,11.872,CNY-6.23,2023-06-15,2022-09-02,2023-06-15,11.59,11.572,11.809,11.8,11.7103,45634,11.7103,0.013731412739914184,0.07764147050881999,70,0.1917808219178082,RUSFAR3M,7.84,20,2023-04-06,RUSFARCNY,3.73,69.0,2023-04-06,11.80296756238256,0.06903243761743916,0.5848735688934164,0.00583169823379135,0.017932745886828805,False
2023-04-07,RFUD,CRM3,11.87,11.781,12.195,11.883,100093585680.0,65172089278.0,5448540.0,8425386,11.88,0.0,11.961,0.09,300.0,179042,CNY-6.23,CNY,11.88,CNY-6.23,2023-06-15,2022-09-02,2023-06-15,11.81,11.733,12.139,11.812,11.9305,77261,11.9305,0.018629349969530917,0.0938945519594382,69,0.18904109589041096,RUSFAR3M,7.86,21,2023-04-07,RUSFARCNY,3.92,68.0,2023-04-07,12.019692730068051,-0.1396927300680506,-1.1621988448889384,-0.011690051623525965,0.000673627509474084,False
2023-04-10,RFUD,CRM3,11.87,11.83,11.981,11.901,103198075564.0,30800193502.0,2584726.0,8672836,11.899,0.0,11.916,0.15,50.0,91204,CNY-6.23,CNY,11.899,CNY-6.23,2023-06-15,2022-09-02,2023-06-15,11.812,11.766,11.932,11.849,11.8633,48427,11.8633,-0.005648545307925801,0.10037803418938789,66,0.18082191780821918,RUSFAR3M,7.85,24,2023-04-10,RUSFARCNY,3.69,65.0,2023-04-10,11.95287449364487,-0.05387449364487118,-0.4507241640788187,-0.004517429879822314,0.0015980490385176793,False
2023-04-11,RFUD,CRM3,11.898,11.895,12.053,11.984,104367735950.0,26428358011.0,2204956.0,8709650,11.983,0.0,11.986,0.7,135.0,63410,CNY-6.23,CNY,11.983,CNY-6.23,2023-06-15,2022-09-02,2023-06-15,11.811,11.811,11.982,11.909,11.9196,36388,11.9196,0.004734502955157094,0.09904735743746552,65,0.1780821917808219,RUSFAR3M,7.88,25,2023-04-11,RUSFARCNY,3.56,64.0,2023-04-11,12.011652913361978,-0.028652913361977284,-0.23854263496161524,-0.00238827601172558,0.0070346157273633025,False
2023-04-12,RFUD,CRM3,11.975,11.926,12.037,11.953,107936283274.0,22118425524.0,1847053.0,9030058,11.953,0.0,11.975,-0.26,1000.0,53920,CNY-6.23,CNY,11.953,CNY-6.23,2023-06-15,2022-09-02,2023-06-15,11.913,11.86,11.962,11.885,11.9167,36168,11.9167,-0.0002433263563816901,0.100371026703563,64,0.17534246575342466,RUSFAR3M,7.87,26,2023-04-12,RUSFARCNY,3.57,63.0,2023-04-12,12.006888223150133,-0.05388822315013364,-0.4488109004482387,-0.004498210802345415,-0.0025066858045357243,False
2023-04-13,RFUD,CRM3,11.95,11.851,11.969,11.883,120876531216.0,30824838116.0,2590477.0,10169656,11.886,0.0,11.899,-0.59,10.0,70617,CNY-6.23,CNY,11.886,CNY-6.23,2023-06-15,2022-09-02,2023-06-15,11.89,11.813,11.91,11.855,11.8553,44785,11.8553,-0.005165752695456494,0.10498259064739918,63,0.1726027397260274,RUSFAR3M,7.87,27,2023-04-13,RUSFARCNY,3.72,62.0,2023-04-13,11.940524544193261,-0.054524544193261804,-0.4566344132660183,-0.004576801729496972,-0.005621055951375187,False
2023-04-14,RFUD,CRM3,11.875,11.873,11.938,11.932,124406054604.0,19238566393.0,1615300.0,10424506,11.934,0.0,11.91,0.41,27.0,54827,CNY-6.23,CNY,11.934,CNY-6.23,2023-06-15,2022-09-02,2023-06-15,11.88,11.854,11.9,11.896,11.8797,42148,11.8797,0.0020560361150603335,0.10406398451324683,62,0.16986301369863013,RUSFAR3M,7.9,28,2023-04-14,RUSFARCNY,4.55,61.0,2023-04-14,11.947493077371089,-0.013493077371089512,-0.11293647364940354,-0.0011300029494100972,0.004030232155421309,False
2023-04-17,RFUD,CRM3,11.926,11.814,11.991,11.821,142137513792.0,36057268211.0,3037403.0,12023136,11.822,0.0,11.871,-0.93,1.0,89914,CNY-6.23,CNY,11.822,CNY-6.23,2023-06-15,2022-09-02,2023-06-15,11.896,11.792,11.953,11.814,11.8515,48721,11.8515,-0.002376619241635236,0.10570563328923699,59,0.16164383561643836,RUSFAR1M,7.42,29,2023-04-17,RUSFARCNY,3.93,58.0,2023-04-17,11.918547637375818,-0.09654763737581895,-0.81006210079701,-0.008133609309596753,-0.009429266697712269,False
2023-04-18,RFUD,CRM3,11.82,11.809,11.896,11.852,142326590912.0,16666888416.0,1406479.0,12008656,11.852,0.0,11.85,0.26,5.0,48390,CNY-6.23,CNY,11.852,CNY-6.23,2023-06-15,2022-09-02,2023-06-15,11.83,11.785,11.896,11.844,11.8463,34407,11.8463,-0.00043885931043874393,0.1047702348254211,58,0.1589041095890411,RUSFAR1M,7.49,28,2023-04-18,RUSFARCNY,4.11,57.0,2023-04-18,11.910097163072232,-0.05809716307223134,-0.4877975576250049,-0.004889911731112412,0.0025344273091407743,False
2023-04-19,RFUD,CRM3,11.841,11.802,11.894,11.888,137723248080.0,21094698647.0,1779114.0,11592866,11.88,0.0,11.857,0.3,1.0,59484,CNY-6.23,CNY,11.88,CNY-6.23,2023-06-15,2022-09-02,2023-06-15,11.854,11.796,11.889,11.855,11.8295,31756,11.8295,-0.0014191708681154935,0.10521054248621363,57,0.15616438356164383,RUSFAR1M,7.48,27,2023-04-19,RUSFARCNY,4.8,56.0,2023-04-19,11.879112635338151,0.0008873646618496878,0.007469957471486068,7.469678484065649e-05,0.002359684223180114,False
2023-04-20,RFUD,CRM3,11.88,11.827,11.918,11.861,137079319464.0,14825501028.0,1249200.0,11559096,11.859,0.0,11.868,-0.23,1.0,41425,CNY-6.23,CNY,11.859,CNY-6.23,2023-06-15,2022-09-02,2023-06-15,11.857,11.806,11.868,11.824,11.8379,35299,11.8379,0.0007098371897806821,0.10479870731671402,56,0.15342465753424658,RUSFAR1M,7.45,26,2023-04-20,RUSFARCNY,5.0,55.0,2023-04-20,11.882481266820383,-0.023481266820382984,-0.19761248760349448,-0.001978079986917883,-0.0017692409518406116,False
2023-04-21,RFUD,CRM3,11.847,11.791,11.875,11.835,135831532248.0,13457806003.0,1137406.0,11474196,11.838,0.0,11.832,-0.22,5.0,32637,CNY-6.23,CNY,11.838,CNY-6.23,2023-06-15,2022-09-02,2023-06-15,11.836,11.778,11.847,11.819,11.812,26443,11.812,-0.0021902849783108636,0.10402065338933618,55,0.1506849315068493,RUSFAR1M,7.37,25,2023-04-21,RUSFARCNY,4.99,54.0,2023-04-21,11.85443744302656,-0.016437443026561027,-0.138660675426909,-0.001387568983005975,-0.0017723767141251123,False
2023-04-24,RFUD,CRM3,11.835,11.737,11.852,11.785,137260540248.0,17196783783.0,1458713.0,11641128,11.791,0.0,11.789,-0.42,7.0,42484,CNY-6.23,CNY,11.791,CNY-6.23,2023-06-15,2022-09-02,2023-06-15,11.819,11.711,11.832,11.772,11.7704,39765,11.7704,-0.0035280584800760906,0.10594588308186889,52,0.14246575342465753,RUSFAR1M,7.37,22,2023-04-24,RUSFARCNY,3.5,51.0,2023-04-24,11.835474440257272,-0.04447444025727165,-0.3757723484746497,-0.0037648014645980665,-0.003978167673996946,False
2023-04-25,RFUD,CRM3,11.79,11.753,11.818,11.776,137895363528.0,19991489733.0,1696048.0,11707876,11.778,0.0,11.787,-0.08,15.0,46268,CNY-6.23,CNY,11.778,CNY-6.23,2023-06-15,2022-09-02,2023-06-15,11.77,11.74,11.86,11.757,11.7641,58608,11.7641,-0.0005353842359503425,0.10650220364182761,51,0.13972602739726028,RUSFAR1M,7.41,21,2023-04-25,RUSFARCNY,2.35,50.0,2023-04-25,11.847568517754187,-0.06956851775418649,-0.5871965851046526,-0.005889273629572334,-0.0011031440721569474,False
2023-04-26,RFUD,CRM3,11.777,11.766,11.81,11.798,136306517684.0,13085035814.0,1109517.0,11553358,11.798,0.0,11.793,0.19,5.0,32953,CNY-6.23,CNY,11.798,CNY-6.23,2023-06-15,2022-09-02,2023-06-15,11.77,11.745,11.782,11.754,11.762,30815,11.762,-0.00017852512788563146,0.1069849054049189,50,0.136986301369863,RUSFAR1M,7.41,20,2023-04-26,RUSFARCNY,2.19,49.0,2023-04-26,11.846407783232884,-0.04840778323288397,-0.4086283717280032,-0.004094655388387603,0.0016966410585044223,False
2023-04-27,RFUD,CRM3,11.795,11.716,11.867,11.745,133522913412.0,23147231229.0,1963171.0,11367522,11.746,0.0,11.791,-0.45,9.0,58656,CNY-6.23,CNY,11.746,CNY-6.23,2023-06-15,2022-09-02,2023-06-15,11.773,11.681,11.823,11.705,11.7429,33828,11.7429,-0.001625193402566616,0.10801734950427663,49,0.13424657534246576,RUSFAR1M,7.42,19,2023-04-27,RUSFARCNY,2.07,48.0,2023-04-27,11.827543358427196,-0.0815433584271954,-0.6894361403384353,-0.006918237315691639,-0.0044172684805556806,False
2023-04-28,RFUD,CRM3,11.74,11.447,11.794,11.646,128054836920.0,51721396785.0,4463193.0,10998440,11.643,0.0,11.588,-0.84,41.0,125488,CNY-6.23,CNY,11.643,CNY-6.23,2023-06-15,2022-09-02,2023-06-15,11.707,11.39,11.764,11.586,11.5458,66762,11.5458,-0.016927068162766457,0.12689578937602145,48,0.13150684931506848,RUSFAR1M,7.48,18,2023-04-28,RUSFARCNY,2.3,47.0,2023-04-28,11.624719117743188,0.018280882256812347,0.15725870080516302,0.0015713517879271971,-0.008807616045448885,False
2023-05-02,RFUD,CRM3,11.639,11.464,11.644,11.543,127036930664.0,24756098066.0,2146843.0,11006492,11.542,0.0,11.531,-0.88,5.0,61695,CNY-6.23,CNY,11.542,CNY-6.23,2023-06-15,2022-09-02,2023-06-15,11.583,11.438,11.596,11.496,11.4923,27480,11.4923,-0.004644488579517603,0.12693011250477632,44,0.12054794520547946,RUSFAR1M,7.47,14,2023-05-02,RUSFARCNY,2.3,43.0,2023-04-28,11.56414744779067,-0.022147447790670682,-0.19151820651423768,-0.001917018371261999,-0.00871258476610448,False
2023-05-03,RFUD,CRM3,11.543,11.424,11.631,11.49,124725110832.0,23789604654.0,2069887.0,10857936,11.487,0.0,11.493,-0.46,1.0,60582,CNY-6.23,CNY,11.487,CNY-6.23,2023-06-15,2022-09-02,2023-06-15,11.501,11.395,11.539,11.454,11.4534,25506,11.4534,-0.003390616740139407,0.11396592696925147,43,0.1178082191780822,RUSFAR1M,7.44,13,2023-05-03,RUSFARCNY,2.3,42.0,2023-04-28,11.522964665773143,-0.03596466577314317,-0.3121129571799315,-0.0031260104552603475,-0.00477659512550721,False
2023-05-04,RFUD,CRM3,11.485,11.246,11.526,11.301,125178916800.0,29560130161.0,2599458.0,11076800,11.301,0.0,11.372,-1.65,2.0,81188,CNY-6.23,CNY,11.301,CNY-6.23,2023-06-15,2022-09-02,2023-06-15,11.471,11.203,11.509,11.269,11.3196,39705,11.3196,-0.01175089269110341,0.12005622523496524,42,0.11506849315068493,RUSFAR1M,7.44,12,2023-05-04,RUSFARCNY,3.04,41.0,2023-05-04,11.377056618950046,-0.07605661895004623,-0.6685087496476331,-0.0067075327822871626,-0.016324743785253393,False
2023-05-05,RFUD,CRM3,11.304,11.084,11.347,11.21,124906931050.0,45423146888.0,4067485.0,11143450,11.209,0.0,11.166,-0.8,54.0,115646,CNY-6.23,CNY,11.209,CNY-6.23,2023-06-15,2022-09-02,2023-06-15,11.282,11.034,11.306,11.166,11.1282,69678,11.1282,-0.017053309320511634,0.11965167617139828,41,0.11232876712328767,RUSFAR1M,7.41,11,2023-05-05,RUSFARCNY,3.95,40.0,2023-05-05,11.171534745052538,0.037465254947461446,0.33536354496013565,0.0033480245553332818,-0.008174190339055531,False
2023-05-08,RFUD,CRM3,11.205,11.082,11.33,11.283,122730105724.0,17886806009.0,1593920.0,10882258,11.278,0.0,11.222,0.65,8.0,67180,CNY-6.23,CNY,11.278,CNY-6.23,2023-06-15,2022-09-02,2023-06-15,11.171,11.046,11.29,11.242,11.1745,14880,11.1745,0.004151969628181096,0.09393688146345062,38,0.10410958904109589,RUSFAR1M,7.41,8,2023-05-05,RUSFARCNY,3.95,37.0,2023-05-05,11.2148252781432,0.06317472185680018,0.5633143654937065,0.005617336834828223,0.006136898346031927,False
2023-05-10,RFUD,CRM3,11.285,10.975,11.299,11.01,122751572992.0,34277161762.0,3094250.0,11151124,11.008,0.0,11.078,-2.42,2.0,114538,CNY-6.23,CNY,11.008,CNY-6.23,2023-06-15,2022-09-02,2023-06-15,11.243,10.94,11.263,10.956,11.0258,76199,11.0258,-0.013396415710674514,0.10034290569251636,36,0.09863013698630137,RUSFAR1M,7.42,6,2023-05-10,RUSFARCNY,3.33,35.0,2023-05-10,11.070367606938838,-0.062367606938838804,-0.56337430836305,-0.00564967247041781,-0.024231644194002477,False
2023-05-11,RFUD,CRM3,11.003,10.843,11.147,11.074,127416759294.0,46311766067.0,4213502.0,11502822,11.077,0.0,10.991,0.58,3.0,128820,CNY-6.23,CNY,11.077,CNY-6.23,2023-06-15,2022-09-02,2023-06-15,10.957,10.811,11.109,11.043,10.9543,71444,10.9543,-0.006505907816363177,0.09569500757945537,35,0.0958904109589041,RUSFAR1M,7.41,5,2023-05-11,RUSFARCNY,2.59,34.0,2023-05-11,11.005047058274036,0.07195294172596434,0.6538176651581624,0.0065168954842740575,0.006248605343807778,False
2023-05-12,RFUD,CRM3,11.08,11.014,11.238,11.18,129862194980.0,33605754441.0,3019137.0,11616620,11.179,0.0,11.131,0.96,256.0,106193,CNY-6.23,CNY,11.179,CNY-6.23,2023-06-15,2022-09-02,2023-06-15,11.057,10.936,11.195,11.125,11.0839,65762,11.0839,0.011761531704017614,0.11063716720377273,34,0.09315068493150686,RUSFAR1M,7.41,4,2023-05-12,RUSFARCNY,1.39,33.0,2023-05-12,11.14622946541902,0.03277053458097967,0.29400556199430194,0.0029357421089920835,0.009166131753393092,False
2023-05-15,RFUD,CRM3,11.182,11.146,11.45,11.434,128912696496.0,30039025973.0,2643577.0,11276478,11.432,0.0,11.363,2.27,1.0,85213,CNY-6.23,CNY,11.432,CNY-6.23,2023-06-15,2022-09-02,2023-06-15,11.148,11.137,11.41,11.379,11.3457,45797,11.3457,0.0233452125719964,0.14599847500572444,31,0.08493150684931507,RUSFAR1M,7.42,1,2023-05-15,RUSFARCNY,1.1,30.0,2023-05-15,11.406763725895884,0.025236274104116774,0.22123956198746217,0.0022099518763729733,0.02237942233937762,False
2023-05-16,RFUD,CRM3,11.434,11.41,11.553,11.544,130631115216.0,27401524309.0,2382314.0,11316912,11.543,0.0,11.502,0.96,46.0,69634,CNY-6.23,CNY,11.543,CNY-6.23,2023-06-15,2022-09-02,2023-06-15,11.382,11.38,11.514,11.489,11.4693,44769,11.4693,0.010835082989925748,0.15256815713057092,30,0.0821917808219178,RUSFAR1M,7.42,0,2023-05-16,RUSFARCNY,1.13,29.0,2023-05-16,11.528748247101529,0.014251752898470471,0.12361925677450317,0.001235429110834556,0.00966275200520883,False
2023-05-17,RFUD,CRM3,11.537,11.385,11.59,11.397,129254343680.0,35954558873.0,3124420.0,11342080,11.396,0.0,11.508,-1.27,1.0,93923,CNY-6.23,CNY,11.396,CNY-6.23,2023-06-15,2022-09-02,2023-06-15,11.509,11.36,11.55,11.396,11.488,53256,11.488,0.0016291117976261482,0.15301461624752308,29,0.07945205479452055,RUSFAR1M,7.41,1,2023-05-17,RUSFARCNY,0.96,28.0,2023-05-17,11.547023173355717,-0.1510231733557159,-1.3078970318878003,-0.013165253204452982,-0.012816775997113172,False
2023-05-18,RFUD,CRM3,11.398,11.296,11.464,11.43,127577622894.0,41806449181.0,3671188.0,11158718,11.433,0.0,11.388,0.29,1.0,107381,CNY-6.23,CNY,11.433,CNY-6.23,2023-06-15,2022-09-02,2023-06-15,11.379,11.275,11.44,11.404,11.3618,51143,11.3618,-0.01104616086062471,0.15657708919882768,28,0.07671232876712329,RUSFAR1M,7.39,2,2023-05-18,RUSFARCNY,1.09,27.0,2023-05-18,11.416843079703838,0.01615692029616156,0.14151828297337588,0.0014141824022602491,0.003241493924170946,False
2023-05-19,RFUD,CRM3,11.425,11.351,11.456,11.386,128665974710.0,23606993053.0,2070917.0,11297390,11.389,0.0,11.399,-0.39,75.0,63177,CNY-6.23,CNY,11.389,CNY-6.23,2023-06-15,2022-09-02,2023-06-15,11.405,11.324,11.435,11.372,11.3693,44635,11.3693,0.0006598888986597551,0.1568685134785876,27,0.07397260273972603,RUSFAR1M,7.4,3,2023-05-19,RUSFARCNY,1.24,26.0,2023-05-19,11.421224842919761,-0.0322248429197618,-0.28214874816809693,-0.0028254753804563123,-0.003855933267618905,False
2023-05-22,RFUD,CRM3,11.389,11.341,11.406,11.394,126055182538.0,20624074590.0,1812868.0,11064266,11.393,0.0,11.375,0.07,53.0,51236,CNY-6.23,CNY,11.393,CNY-6.23,2023-06-15,2022-09-02,2023-06-15,11.345,11.32,11.371,11.371,11.3508,31961,11.3508,-0.0016285143189151974,0.15655521069491532,24,0.06575342465753424,RUSFAR1M,7.41,6,2023-05-22,RUSFARCNY,1.13,23.0,2023-05-22,11.397767935442777,-0.004767935442776761,-0.041832185650580514,-0.0004184093775024401,0.00035115442376465467,False
2023-05-23,RFUD,CRM3,11.389,11.304,11.457,11.367,125448406024.0,22772076748.0,2002838.0,11037164,11.366,0.0,11.371,-0.24,5.0,60614,CNY-6.23,CNY,11.366,CNY-6.23,2023-06-15,2022-09-02,2023-06-15,11.371,11.283,11.422,11.335,11.3463,41684,11.3463,-0.0003965264336822649,0.15667106411147166,23,0.06301369863013699,RUSFAR1M,7.4,7,2023-05-23,RUSFARCNY,0.63,22.0,2023-05-23,11.394807019229155,-0.028807019229155628,-0.25280831154527433,-0.0025312841136364466,-0.002372688841048909,False
2023-05-24,RFUD,CRM3,11.368,11.315,11.387,11.35,125200580708.0,15326909099.0,1350184.0,11027002,11.354,0.0,11.352,-0.15,79.0,38670,CNY-6.23,CNY,11.354,CNY-6.23,2023-06-15,2022-09-02,2023-06-15,11.331,11.295,11.36,11.325,11.3287,29241,11.3287,-0.0015523707637887796,0.15657429559837255,22,0.06027397260273973,RUSFAR2W,7.34,8,2023-05-24,RUSFARCNY,0.59,21.0,2023-05-24,11.37488462556613,-0.02088462556613102,-0.18360296612759347,-0.0018377172296679186,-0.0010563381263954952,False
2023-05-25,RFUD,CRM3,11.362,11.27,11.373,11.342,124107946800.0,16801315207.0,1484936.0,10939440,11.345,0.0,11.315,-0.07,5.0,48383,CNY-6.23,CNY,11.345,CNY-6.23,2023-06-15,2022-09-02,2023-06-15,11.325,11.251,11.344,11.327,11.2892,32438,11.2892,-0.003492812343980578,0.15658124327768855,21,0.057534246575342465,RUSFAR2W,7.35,7,2023-05-25,RUSFARCNY,0.43,20.0,2023-05-25,11.33423607380099,0.010763926199009788,0.0949682548424285,0.0009492318852549846,-0.0007929865167293215,False
2023-05-26,RFUD,CRM3,11.347,11.3,11.353,11.316,122867611656.0,17897431336.0,1580445.0,10857866,11.316,0.0,11.324,-0.23,12.0,38806,CNY-6.23,CNY,11.316,CNY-6.23,2023-06-15,2022-09-02,2023-06-15,11.324,11.286,11.34,11.303,11.3048,26020,11.3048,0.0013808978028628793,0.15692726803916243,20,0.0547945205479452,RUSFAR2W,7.37,6,2023-05-26,RUSFARCNY,0.41,19.0,2023-05-26,11.34799541506771,-0.03199541506770842,-0.281947726425985,-0.002823459477215567,-0.002559464792484256,False
2023-05-29,RFUD,CRM3,11.318,11.285,11.454,11.42,119601145998.0,27767125180.0,2443511.0,10472038,11.421,0.0,11.363,0.92,1.0,63246,CNY-6.23,CNY,11.421,CNY-6.23,2023-06-15,2022-09-02,2023-06-15,11.29,11.274,11.434,11.389,11.3153,36255,11.3153,0.0009283779253097535,0.15726576185241614,17,0.04657534246575343,RUSFAR2W,7.37,3,2023-05-29,RUSFARCNY,0.47,16.0,2023-05-29,11.351722458164382,0.06927754183561774,0.6102822024669214,0.00608427522662386,0.00923611262914914,False
2023-05-30,RFUD,CRM3,11.425,11.294,11.47,11.455,115254577280.0,28465820559.0,2497368.0,10060630,11.456,0.0,11.398,0.31,7.0,71980,CNY-6.23,CNY,11.456,CNY-6.23,2023-06-15,2022-09-02,2023-06-15,11.394,11.275,11.445,11.427,11.379,34152,11.379,0.005613759163162424,0.148735547413762,16,0.043835616438356165,RUSFAR2W,7.35,2,2023-05-30,RUSFARCNY,0.53,15.0,2023-05-30,11.413069435128547,0.04293056487145286,0.37615266528840957,0.0037544698023222246,0.003059844149819746,False
2023-05-31,RFUD,CRM3,11.453,11.353,11.482,11.387,113116103408.0,20614098267.0,1809040.0,9925948,11.396,0.0,11.395,-0.59,6.0,52112,CNY-6.23,CNY,11.396,CNY-6.23,2023-06-15,2022-09-02,2023-06-15,11.418,11.334,11.418,11.379,11.3712,29661,11.3712,-0.0006857082843780837,0.1480149004233691,15,0.0410958904109589,RUSFAR2W,7.34,1,2023-05-31,RUSFARCNY,0.66,14.0,2023-05-31,11.402459167335518,-0.006459167335517435,-0.05664714287266146,-0.0005666319342837526,-0.0052511935826276,False
2023-06-01,RFUD,CRM3,11.399,11.307,11.399,11.361,106669860486.0,26794888373.0,2357822.0,9389126,11.361,0.0,11.364,-0.23,20.0,52435,CNY-6.23,CNY,11.361,CNY-6.23,2023-06-15,2022-09-02,2023-06-15,11.374,11.293,11.394,11.349,11.3552,29131,11.3552,-0.0014080543019119318,0.14767355322676826,14,0.038356164383561646,RUSFAR2W,7.31,0,2023-06-01,RUSFARCNY,0.66,13.0,2023-06-01,11.384200507389757,-0.023200507389756098,-0.20379566729078685,-0.0020400361323206274,-0.0030759790478946947,False
2023-06-02,RFUD,CRM3,11.353,11.346,11.515,11.489,105951455526.0,31979727255.0,2794208.0,9220386,11.491,0.0,11.445,1.13,4.0,63855,CNY-6.23,CNY,11.491,CNY-6.23,2023-06-15,2022-09-02,2023-06-15,11.357,11.351,11.5,11.472,11.4278,33767,11.4278,0.006373194551759109,0.1431919234930339,13,0.03561643835616438,RUSFAR2W,7.33,1,2023-06-02,RUSFARCNY,0.68,12.0,2023-06-02,11.454898744955186,0.036101255044814096,0.3151599664790868,0.003146643784471003,0.011377682687729429,False
2023-06-05,RFUD,CRM3,11.491,11.357,11.516,11.383,99168118656.0,26793298607.0,2345773.0,8711184,11.384,0.0,11.422,-0.92,75.0,61684,CNY-6.23,CNY,11.384,CNY-6.23,2023-06-15,2022-09-02,2023-06-15,11.477,11.345,11.508,11.368,11.4063,33394,11.4063,-0.0018831490055397637,0.12786635926910891,10,0.0273972602739726,RUSFAR1W,7.32,3,2023-06-05,RUSFARCNY,0.68,9.0,2023-06-05,11.427068976464538,-0.043068976464537556,-0.3769030934638046,-0.003776151629441526,-0.009355259487945577,False
2023-06-06,RFUD,CRM3,11.376,11.36,11.449,11.414,94047867316.0,17512988878.0,1535340.0,8239694,11.414,0.0,11.408,0.27,5.0,41988,CNY-6.23,CNY,11.414,CNY-6.23,2023-06-15,2022-09-02,2023-06-15,11.369,11.336,11.434,11.412,11.3979,40674,11.3979,-0.000736706429509848,0.12756394140296062,9,0.024657534246575342,RUSFAR1W,7.33,2,2023-06-06,RUSFARCNY,0.67,8.0,2023-06-06,11.41663291500826,-0.002632915008259573,-0.023062097449050443,-0.0002306475715968083,0.0026318113269652166,False
2023-06-07,RFUD,CRM3,11.423,11.393,11.5,11.498,89514822576.0,21656118742.0,1892713.0,7786606,11.496,0.0,11.442,0.74,10.0,44928,CNY-6.23,CNY,11.496,CNY-6.23,2023-06-15,2022-09-02,2023-06-15,11.412,11.385,11.487,11.478,11.4302,31578,11.4302,0.002829847561116594,0.11574931089804612,8,0.021917808219178082,RUSFAR1W,7.31,1,2023-06-07,RUSFARCNY,0.74,7.0,2023-06-07,11.446671344521807,0.04932865547819354,0.4309432322594065,0.004300173310316139,0.00715847666220748,False
2023-06-08,RFUD,CRM3,11.496,11.466,11.622,11.6,86195672400.0,24270154805.0,2105860.0,7428100,11.604,0.0,11.525,0.89,10.0,60231,CNY-6.23,CNY,11.604,CNY-6.23,2023-06-15,2022-09-02,2023-06-15,11.48,11.455,11.614,11.596,11.51,39582,11.51,0.0069572472673837815,0.11276120392350976,7,0.019178082191780823,RUSFAR1W,7.28,0,2023-06-08,RUSFARCNY,1.39,6.0,2023-06-08,11.523008915844152,0.08099108415584766,0.7028640240352918,0.00700405448427032,0.009350717482433435,False
2023-06-09,RFUD,CRM3,11.61,11.509,11.663,11.555,78161625160.0,28150486023.0,2432764.0,6764312,11.555,0.0,11.571,-0.39,88.0,61264,CNY-6.23,CNY,11.555,CNY-6.23,2023-06-15,2022-09-02,2023-06-15,11.62,11.509,11.658,11.56,11.5676,42660,11.5676,0.004991863938168084,0.10781818866214009,6,0.01643835616438356,RUSFAR1W,7.33,1,2023-06-09,RUSFARCNY,1.34,5.0,2023-06-09,11.578995734020104,-0.023995734020104464,-0.20723501909239758,-0.0020745004798623126,-0.004231622532813173,False
2023-06-13,RFUD,CRM3,11.558,11.544,11.744,11.743,70515588956.0,29239873775.0,2504928.0,6007462,11.738,0.0,11.673,1.63,1.0,64066,CNY-6.23,CNY,11.738,CNY-6.23,2023-06-15,2022-09-02,2023-06-15,11.57,11.545,11.739,11.735,11.6721,46753,11.6721,0.00899329202381871,0.07839356948206881,2,0.005479452054794521,RUSFAR,7.37,1,2023-06-13,RUSFARCNY,1.01,1.0,2023-06-13,11.676168355759994,0.06183164424000509,0.5295542369385484,0.005281570289679579,0.01571319840979868,False
2023-06-14,RFUD,CRM3,11.744,11.672,11.848,11.737,56973374720.0,32952276509.0,2804338.0,4852928,11.74,0.0,11.751,-0.05,5.0,80934,CNY-6.23,CNY,11.74,CNY-6.23,2023-06-15,2022-09-02,2023-06-15,11.74,11.683,11.852,11.741,11.7588,48582,11.7588,0.007400517751857905,0.07373086079647123,1,0.0027397260273972603,RUSFAR,7.33,0,2023-06-14,RUSFARCNY,0.91,0.0,2023-06-14,11.760868442068613,-0.020868442068612936,-0.17743963527358697,-0.0017759724586445395,0.0001703722638075611,False
2023-06-15,RFUD,CRM3,11.745,11.665,11.839,11.699,0.0,28072818229.0,2380606.0,0,11.6984,0.0,11.792,-0.32,6.0,40395,CNY-6.23,CNY,11.6984,CNY-6.23,2023-06-15,2022-09-02,2023-06-15,11.741,11.628,11.798,11.728,11.7277,57446,11.7277,-0.002648331439513374,0.07498901019129676,0,0.0,RUSFAR,7.26,1,2023-06-15,RUSFARCNY,0.73,1.0,2023-06-15,11.7277,-0.029300000000000992,-0.24983585869352892,-0.00250148469259046,-0.0035497340844181657,False
2023-06-16,RFUD,CRU3,11.849,11.831,11.924,11.924,87471601126.0,21459957171.0,1808371.0,7337606,11.921,0.0,11.867,0.7,18.0,47749,CNY-9.23,CNY,11.921,CNY-9.23,2023-09-21,2022-11-02,2023-09-21,11.725,11.708,11.787,11.765,11.737,41439,11.737,0.0007926801098641079,0.05996784970519068,97,0.26575342465753427,RUSFAR3M,7.87,7,2023-06-16,RUSFARCNY,0.72,96.0,2023-06-16,11.962151396320056,-0.04115139632005693,-0.34401333804148665,-0.0034460642451360343,,True
2023-06-19,RFUD,CRU3,11.91,11.816,11.942,11.869,86827943452.0,18742170985.0,1580026.0,7316756,11.867,0.0,11.862,-0.46,2.0,47092,CNY-9.23,CNY,11.867,CNY-9.23,2023-09-21,2022-11-02,2023-09-21,11.779,11.68,11.808,11.729,11.7219,34956,11.7219,-0.0012873580675498708,0.060776171964966104,94,0.25753424657534246,RUSFAR3M,7.86,4,2023-06-19,RUSFARCNY,0.75,93.0,2023-06-19,11.938513132954949,-0.07151313295494788,-0.5990120558442388,-0.006008133298941614,-0.004540112052862533,False
2023-06-20,RFUD,CRU3,11.881,11.835,11.944,11.941,94164337800.0,21849605567.0,1837797.0,7885800,11.941,0.0,11.889,0.61,1.0,48272,CNY-9.23,CNY,11.941,CNY-9.23,2023-09-21,2022-11-02,2023-09-21,11.728,11.702,11.772,11.765,11.7317,37510,11.7317,0.0008356926501980055,0.059699102561870984,93,0.2547945205479452,RUSFAR3M,7.86,3,2023-06-20,RUSFARCNY,0.53,92.0,2023-06-20,11.952865232608644,-0.011865232608643694,-0.09926684838940643,-0.0009931615055518471,0.006216417868245561,False
2023-06-21,RFUD,CRU3,11.937,11.753,11.948,11.78,97857732240.0,33316323765.0,2815425.0,8307108,11.78,0.0,11.833,-1.35,9.0,67236,CNY-9.23,CNY,11.78,CNY-9.23,2023-09-21,2022-11-02,2023-09-21,11.766,11.618,11.784,11.648,11.698,45716,11.698,-0.002876692679801174,0.061450382277418794,92,0.25205479452054796,RUSFAR3M,7.87,2,2023-06-21,RUSFARCNY,0.46,91.0,2023-06-21,11.918539718493168,-0.1385397184931687,-1.1623883610355912,-0.011691969071366088,-0.01357467832780701,False
2023-06-22,RFUD,CRU3,11.771,11.716,11.811,11.801,96320145384.0,22513199982.0,1913745.0,8163416,11.799,0.0,11.764,0.18,4.0,46721,CNY-9.23,CNY,11.799,CNY-9.23,2023-09-21,2022-11-02,2023-09-21,11.66,11.601,11.692,11.65,11.628,44919,11.628,-0.006001904324204332,0.06624941109603427,91,0.2493150684931507,RUSFAR3M,7.89,1,2023-06-22,RUSFARCNY,0.46,90.0,2023-06-21,11.845405753573887,-0.046405753573887765,-0.39176162082828314,-0.003925310167888401,0.0016116038943416733,False
2023-06-23,RFUD,CRU3,11.791,11.707,11.899,11.854,97167128648.0,30929393335.0,2618168.0,8198374,11.852,0.0,11.813,0.45,30.0,69164,CNY-9.23,CNY,11.852,CNY-9.23,2023-09-21,2022-11-02,2023-09-21,11.65,11.572,11.752,11.709,11.6559,44864,11.6559,0.0023965068869942208,0.06384874853749173,90,0.2465753424657534,RUSFAR3M,7.91,0,2023-06-23,RUSFARCNY,0.46,89.0,2023-06-21,11.871996036798183,-0.01999603679818307,-0.16843028532189352,-0.0016857228860038323,0.0044818475935364255,False
2023-06-26,RFUD,CRU3,11.852,11.76,12.022,11.869,96855038400.0,40110799488.0,3381630.0,8162400,11.866,0.0,11.863,0.13,30.0,98423,CNY-9.23,CNY,11.866,CNY-9.23,2023-09-21,2022-11-02,2023-09-21,11.77,11.627,12.059,11.73,11.7313,61063,11.7313,0.006447993880380309,0.06611317847775572,87,0.23835616438356164,RUSFAR3M,7.9,3,2023-06-26,RUSFARCNY,0.89,86.0,2023-06-26,11.92896230784893,-0.06296230784893098,-0.5278104350074398,-0.0052920827508400724,0.0011805381251326352,False
2023-06-27,RFUD,CRU3,11.872,11.843,11.947,11.92,101301681456.0,27454491138.0,2306496.0,8501316,11.916,0.0,11.903,0.43,27.0,53922,CNY-9.23,CNY,11.916,CNY-9.23,2023-09-21,2022-11-02,2023-09-21,11.741,11.683,11.814,11.788,11.771,44363,11.771,0.003378395966339376,0.0662312716883193,86,0.2356164383561644,RUSFAR3M,7.9,4,2023-06-27,RUSFARCNY,0.57,85.0,2023-06-27,11.976058889065197,-0.0600588890651963,-0.501491263708075,-0.005027529510814643,0.004204867014584668,False
2023-06-28,RFUD,CRU3,11.916,11.862,12.024,12.003,103716746432.0,31396004611.0,2630098.0,8637304,12.008,0.0,11.937,0.7,1.0,63027,CNY-9.23,CNY,12.008,CNY-9.23,2023-09-21,2022-11-02,2023-09-21,11.793,11.737,11.9,11.899,11.807,42599,11.807,0.0030536964946294987,0.06497690911246105,85,0.2328767123287671,RUSFAR3M,7.92,5,2023-06-28,RUSFARCNY,0.65,84.0,2023-06-28,12.008595834692114,-0.0005958346921151048,-0.004961734913200876,-4.961858011338919e-05,0.007691059480124718,False
2023-06-29,RFUD,CRU3,12.012,11.975,12.174,12.157,109310122084.0,35347135914.0,2919579.0,8990798,12.158,0.0,12.107,1.28,28.0,71028,CNY-9.23,CNY,12.158,CNY-9.23,2023-09-21,2022-11-02,2023-09-21,11.9,11.854,12.058,12.057,11.9926,61536,11.9926,0.015597216979267525,0.08043075765342544,84,0.23013698630136986,RUSFAR3M,7.97,6,2023-06-29,RUSFARCNY,0.54,83.0,2023-06-29,12.199426848279753,-0.041426848279753514,-0.3395802835245095,-0.0034015816599013145,0.012414294995370057,False
2023-06-30,RFUD,CRU3,12.15,12.133,12.431,12.43,119623357944.0,67712733125.0,5522321.0,9624536,12.429,0.0,12.262,2.25,10.0,131673,CNY-9.23,CNY,12.429,CNY-9.23,2023-09-21,2022-11-02,2023-09-21,12.05,12.03,12.35,12.332,12.1865,63359,12.1865,0.01603898877128307,0.09176971944481903,83,0.2273972602739726,RUSFAR3M,8.01,7,2023-06-30,RUSFARCNY,4.0,82.0,2023-06-30,12.298132379843077,0.13086762015692344,1.0641259673819945,0.010585039950864465,0.022045062436843565,False
2023-07-03,RFUD,CRU3,12.431,12.246,12.44,12.263,118987790922.0,45401616096.0,3677602.0,9706158,12.259,0.0,12.345,-1.34,31.0,90450,CNY-9.23,CNY,12.259,CNY-9.23,2023-09-21,2022-11-02,2023-09-21,12.335,12.17,12.342,12.182,12.2768,59003,12.2768,0.007382520765740086,0.09225274758731125,80,0.2191780821917808,RUSFAR3M,8.02,10,2023-07-03,RUSFARCNY,3.6,79.0,2023-07-03,12.396311561863467,-0.13731156186346638,-1.1076807901948627,-0.011138612561283241,-0.01377209065051721,False
2023-07-04,RFUD,CRU3,12.256,12.191,12.542,12.408,133327998648.0,57604743199.0,4646526.0,10740132,12.414,0.0,12.397,1.18,150.0,126987,CNY-9.23,CNY,12.414,CNY-9.23,2023-09-21,2022-11-02,2023-09-21,12.174,12.167,12.469,12.334,12.3585,67522,12.3585,0.006632783000353637,0.09049600119887875,79,0.21643835616438356,RUSFAR3M,8.02,11,2023-07-04,RUSFARCNY,1.06,78.0,2023-07-04,12.546079107247115,-0.13207910724711525,-1.0527520679414581,-0.010583327039197293,0.012564506878603776,False
2023-07-05,RFUD,CRU3,12.405,12.366,12.613,12.6,149690703572.0,59372313505.0,4753304.0,11869852,12.611,0.0,12.491,1.55,68.0,116959,CNY-9.23,CNY,12.611,CNY-9.23,2023-09-21,2022-11-02,2023-09-21,12.351,12.334,12.566,12.541,12.4568,52563,12.4568,0.00792257310346045,0.08968974670084962,78,0.2136986301369863,RUSFAR3M,8.03,12,2023-07-05,RUSFARCNY,1.08,77.0,2023-07-05,12.643189785621813,-0.03218978562181185,-0.25460177508700355,-0.002549264365860951,0.015744580982276712,False
2023-07-06,RFUD,CRU3,12.611,12.525,12.935,12.616,166504058056.0,99294340684.0,7784786.0,13210414,12.604,0.0,12.755,0.13,300.0,191970,CNY-9.23,CNY,12.604,CNY-9.23,2023-09-21,2022-11-02,2023-09-21,12.545,12.457,12.919,12.58,12.7104,104688,12.7104,0.020153897443529356,0.10528532545954647,77,0.21095890410958903,RUSFAR3M,8.08,13,2023-07-06,RUSFARCNY,0.72,76.0,2023-07-06,12.909289020338512,-0.30528902033851324,-2.364878653328871,-0.023932907436044627,-0.0005552250787093094,False
2023-07-07,RFUD,CRU3,12.616,12.578,12.738,12.698,167037654720.0,35773753642.0,2821993.0,13148430,12.704,0.0,12.677,0.65,10.0,86602,CNY-9.23,CNY,12.704,CNY-9.23,2023-09-21,2022-11-02,2023-09-21,12.628,12.529,12.697,12.648,12.6343,45997,12.6343,-0.006005218345228158,0.11240578538292713,76,0.20821917808219179,RUSFAR3M,8.08,14,2023-07-07,RUSFARCNY,0.8,75.0,2023-07-07,12.827274109377635,-0.12327410937763439,-0.9610312239878961,-0.009656789302982565,0.007902680609751744,False
2023-07-10,RFUD,CRU3,12.692,12.49,12.758,12.535,169818899334.0,35258211495.0,2794288.0,13538938,12.543,0.0,12.618,-1.28,174.0,89545,CNY-9.23,CNY,12.543,CNY-9.23,2023-09-21,2022-11-02,2023-09-21,12.648,12.47,12.699,12.484,12.5967,56777,12.5967,-0.0029804627508931425,0.1156101229530324,73,0.2,RUSFAR3M,8.07,17,2023-07-10,RUSFARCNY,0.78,72.0,2023-07-10,12.781705297315701,-0.23870529731570223,-1.8675543815411935,-0.018852133849948167,-0.012754163462242563,False
2023-07-11,RFUD,CRU3,12.534,12.461,12.668,12.535,171726209424.0,34671764667.0,2759666.0,13697552,12.537,0.0,12.563,0.0,188.0,92914,CNY-9.23,CNY,12.537,CNY-9.23,2023-09-21,2022-11-02,2023-09-21,12.518,12.439,12.62,12.5,12.5337,66875,12.5337,-0.005013858273526406,0.11865761043274228,72,0.19726027397260273,RUSFAR3M,8.11,18,2023-07-11,RUSFARCNY,0.8,71.0,2023-07-11,12.715741862705785,-0.17874186270578463,-1.4056738854539008,-0.014156470512468617,-0.00047846890864944314,False
2023-07-12,RFUD,CRU3,12.539,12.517,12.766,12.755,167540573538.0,39173596204.0,3096822.0,13137346,12.753,0.0,12.65,1.75,300.0,82536,CNY-9.23,CNY,12.753,CNY-9.23,2023-09-21,2022-11-02,2023-09-21,12.51,12.506,12.706,12.696,12.589,48019,12.589,0.004402400165163023,0.11784537219362916,71,0.19452054794520549,RUSFAR3M,8.17,19,2023-07-12,RUSFARCNY,0.9,70.0,2023-07-12,12.768293921623076,-0.015293921623076301,-0.11978046336461663,-0.001198522574975915,0.017082265910874916,False
2023-07-13,RFUD,CRU3,12.764,12.584,12.806,12.653,159852135268.0,38713930938.0,3059040.0,12628546,12.658,0.0,12.656,-0.8,3.0,74642,CNY-9.23,CNY,12.658,CNY-9.23,2023-09-21,2022-11-02,2023-09-21,12.714,12.511,12.746,12.591,12.5815,48121,12.5815,-0.000595935736037223,0.11666498108791562,70,0.1917808219178082,RUSFAR3M,8.21,20,2023-07-13,RUSFARCNY,1.1,69.0,2023-07-13,12.754231482014376,-0.09623148201437637,-0.7545063154144492,-0.007573671133327609,-0.007477111691649441,False
2023-07-14,RFUD,CRU3,12.654,12.628,12.739,12.712,152853073308.0,31282550043.0,2465002.0,12022422,12.714,0.0,12.691,0.47,266.0,60951,CNY-9.23,CNY,12.714,CNY-9.23,2023-09-21,2022-11-02,2023-09-21,12.592,12.559,12.642,12.62,12.6081,34795,12.6081,0.002111983508065407,0.116350434111267,69,0.18904109589041096,RUSFAR3M,8.28,21,2023-07-14,RUSFARCNY,1.45,68.0,2023-07-14,12.771945036492289,-0.05794503649228844,-0.453689992610574,-0.004547222891248565,0.004414322161103712,False
2023-07-17,RFUD,CRU3,12.715,12.642,12.777,12.77,154449559154.0,27492890713.0,2165741.0,12095666,12.769,0.0,12.694,0.46,145.0,64479,CNY-9.23,CNY,12.769,CNY-9.23,2023-09-21,2022-11-02,2023-09-21,12.63,12.57,12.674,12.674,12.6067,30789,12.6067,-0.00011104589379540286,0.11577128988810749,66,0.18082191780821918,RUSFAR3M,8.3,24,2023-07-17,RUSFARCNY,1.8,65.0,2023-07-17,12.755746083786242,0.013253916213757932,0.10390545662087858,0.0010385151226549713,0.00431660992832672,False
2023-07-18,RFUD,CRU3,12.77,12.693,12.801,12.709,152340952904.0,21697307709.0,1704810.0,11986856,12.709,0.0,12.727,-0.48,10.0,51467,CNY-9.23,CNY,12.709,CNY-9.23,2023-09-21,2022-11-02,2023-09-21,12.682,12.611,12.697,12.627,12.6357,37846,12.6357,0.002297722305236949,0.11541761630406298,65,0.1780821917808219,RUSFAR3M,8.31,25,2023-07-18,RUSFARCNY,1.81,64.0,2023-07-18,12.78281235010062,-0.0738123501006207,-0.5774343554377507,-0.0057910795334120725,-0.004709954542610806,False
2023-07-19,RFUD,CRU3,12.705,12.66,12.765,12.722,151671646380.0,20845836174.0,1639758.0,11921060,12.723,0.0,12.713,0.1,134.0,53654,CNY-9.23,CNY,12.723,CNY-9.23,2023-09-21,2022-11-02,2023-09-21,12.635,12.582,12.679,12.647,12.6284,26913,12.6284,-0.0005778951320776216,0.11395642480997784,64,0.17534246575342466,RUSFAR3M,8.31,26,2023-07-19,RUSFARCNY,1.74,63.0,2023-07-19,12.77472035506267,-0.05172035506266859,-0.4048648708163042,-0.004056866674950979,0.0011009752606301326,False
2023-07-20,RFUD,CRU3,12.72,12.643,12.788,12.666,148906831304.0,30633758661.0,2408903.0,11761064,12.661,0.0,12.717,-0.44,16.0,73917,CNY-9.23,CNY,12.661,CNY-9.23,2023-09-21,2022-11-02,2023-09-21,12.665,12.557,12.697,12.575,12.6377,45967,12.6377,0.0007361643007826046,0.10863439741688473,63,0.1726027397260274,RUSFAR3M,8.31,27,2023-07-20,RUSFARCNY,0.81,62.0,2023-07-20,12.80236110977466,-0.14136110977466032,-1.1041799911949872,-0.011103213077632967,-0.004884976622447024,False
2023-07-21,RFUD,CRU3,12.663,12.606,12.746,12.737,149831062650.0,30828361227.0,2431562.0,11763450,12.737,0.0,12.678,0.56,43.0,68529,CNY-9.23,CNY,12.737,CNY-9.23,2023-09-21,2022-11-02,2023-09-21,12.596,12.525,12.63,12.616,12.5839,36429,12.5839,-0.004266191010750653,0.11257461796349248,62,0.16986301369863013,RUSFAR3M,8.41,28,2023-07-21,RUSFARCNY,0.7,61.0,2023-07-21,12.749788171694941,-0.012788171694941397,-0.10030105224282602,-0.0010035138740884446,0.005984741069506416,False
2023-07-24,RFUD,CRU3,12.739,12.621,12.759,12.665,146707004796.0,23313746809.0,1840597.0,11590062,12.658,0.0,12.666,-0.56,21.0,53384,CNY-9.23,CNY,12.658,CNY-9.23,2023-09-21,2022-11-02,2023-09-21,12.616,12.515,12.634,12.575,12.5601,44820,12.5601,-0.0018930963337493445,0.1138880352767736,59,0.16164383561643836,RUSFAR1M,8.48,29,2023-07-24,RUSFARCNY,0.51,58.0,2023-07-24,12.722958743574752,-0.06495874357475273,-0.5105631864723108,-0.0051187101373139565,-0.0062217172545091515,False
2023-07-25,RFUD,CRU3,12.653,12.64,12.75,12.741,147784502050.0,25924257757.0,2041532.0,11600950,12.739,0.0,12.699,0.6,5.0,51940,CNY-9.23,CNY,12.739,CNY-9.23,2023-09-21,2022-11-02,2023-09-21,12.581,12.558,12.649,12.633,12.6035,48308,12.6035,0.0034494303703089813,0.11388802622119681,58,0.1589041095890411,RUSFAR1M,8.42,28,2023-07-25,RUSFARCNY,0.31,57.0,2023-07-25,12.76697395038741,-0.02797395038740902,-0.21911183101113915,-0.002193522322127666,0.006378727774536408,False
2023-07-26,RFUD,CRU3,12.741,12.647,12.753,12.68,146300033916.0,19349481097.0,1526495.0,11536038,12.682,0.0,12.676,-0.48,300.0,42230,CNY-9.23,CNY,12.682,CNY-9.23,2023-09-21,2022-11-02,2023-09-21,12.623,12.557,12.633,12.582,12.5799,31683,12.5799,-0.0018742510470022289,0.1154293384907976,57,0.15616438356164383,RUSFAR1M,8.4,27,2023-07-26,RUSFARCNY,0.49,56.0,2023-07-26,12.736258234605637,-0.05425823460563706,-0.4260139328693275,-0.004269239576990052,-0.00448448884981012,False
2023-07-27,RFUD,CRU3,12.681,12.658,12.74,12.737,144479552896.0,20994817659.0,1653664.0,11344186,12.736,0.0,12.696,0.45,8.0,45246,CNY-9.23,CNY,12.736,CNY-9.23,2023-09-21,2022-11-02,2023-09-21,12.59,12.572,12.644,12.644,12.5983,31245,12.5983,0.0014615821048002964,0.10574484890572895,56,0.15342465753424658,RUSFAR1M,8.41,26,2023-07-27,RUSFARCNY,0.79,55.0,2023-07-27,12.746450531034181,-0.010450531034180699,-0.08198777384132519,-0.0008202140219864463,0.0042489638241876015,False
2023-07-28,RFUD,CRU3,12.735,12.716,12.913,12.896,145011851476.0,27450141164.0,2143732.0,11247332,12.893,0.0,12.805,1.25,300.0,54225,CNY-9.23,CNY,12.893,CNY-9.23,2023-09-21,2022-11-02,2023-09-21,12.644,12.627,12.808,12.8,12.7009,38410,12.7009,0.008110972875487565,0.09549350118071846,55,0.1506849315068493,RUSFAR1M,8.44,25,2023-07-28,RUSFARCNY,0.84,54.0,2023-07-28,12.847187449894648,0.04581255010535301,0.35659594976742315,0.003559616538788568,0.012251899326673144,False
2023-07-31,RFUD,CRU3,12.89,12.825,13.026,12.904,142001177990.0,31537278761.0,2443572.0,11006990,12.901,0.0,12.906,0.06,300.0,64994,CNY-9.23,CNY,12.901,CNY-9.23,2023-09-21,2022-11-02,2023-09-21,12.813,12.731,12.93,12.808,12.8051,35074,12.8051,0.00817067197503718,0.09611431556922005,52,0.14246575342465753,RUSFAR1M,8.46,22,2023-07-31,RUSFARCNY,0.9,51.0,2023-07-31,12.943761570003602,-0.042761570003602145,-0.3303643208532174,-0.003309112286333246,0.0006202993142991886,False
2023-08-01,RFUD,CRU3,12.905,12.831,12.935,12.927,136836048896.0,24966036145.0,1937070.0,10582016,12.931,0.0,12.889,0.18,8.0,51912,CNY-9.23,CNY,12.931,CNY-9.23,2023-09-21,2022-11-02,2023-09-21,12.813,12.751,12.844,12.838,12.7937,36727,12.7937,-0.0008906668088837222,0.09512026708827807,51,0.13972602739726028,RUSFAR1M,8.48,21,2023-08-01,RUSFARCNY,0.85,50.0,2023-08-01,12.93082451249809,0.00017548750190954365,0.0013571253846955305,1.3571161758301155e-05,0.0023227015707147913,False
2023-08-02,RFUD,CRU3,12.935,12.883,13.172,13.143,139558063412.0,38635103646.0,2961814.0,10622474,13.138,0.0,13.044,1.67,46.0,89276,CNY-9.23,CNY,13.138,CNY-9.23,2023-09-21,2022-11-02,2023-09-21,12.855,12.791,13.077,13.069,12.9394,41288,12.9394,0.011324057884564365,0.09875402607930761,50,0.136986301369863,RUSFAR1M,8.56,20,2023-08-02,RUSFARCNY,0.58,49.0,2023-08-02,13.081623079734715,0.056376920265284625,0.4309627323892281,0.004300367474856482,0.015881265156566737,False
2023-08-03,RFUD,CRU3,13.146,13.043,13.259,13.224,137696282780.0,52689386730.0,4006423.0,10411030,13.226,0.0,13.151,0.62,5.0,93928,CNY-9.23,CNY,13.226,CNY-9.23,2023-09-21,2022-11-02,2023-09-21,13.069,12.96,13.159,13.117,13.0542,49730,13.0542,0.008833000923964995,0.07671822301738287,49,0.13424657534246576,RUSFAR1M,8.45,19,2023-08-03,RUSFARCNY,0.47,48.0,2023-08-03,13.194799804697501,0.031200195302499623,0.23645826965401925,0.0023617914700670545,0.0066757947821893815,False
2023-08-04,RFUD,CRU3,13.224,13.177,13.479,13.445,140437987956.0,40350547067.0,3030503.0,10451588,13.437,0.0,13.315,1.67,10.0,74573,CNY-9.23,CNY,13.437,CNY-9.23,2023-09-21,2022-11-02,2023-09-21,13.123,13.091,13.379,13.333,13.1974,48052,13.1974,0.010909919424202386,0.07872440146042886,48,0.13150684931506848,RUSFAR1M,8.41,18,2023-08-04,RUSFARCNY,0.44,47.0,2023-08-04,13.336450643538887,0.10054935646111218,0.753943902681673,0.007511159508584702,0.015827506640802014,False
2023-08-07,RFUD,CRU3,13.428,13.263,13.572,13.326,145699853014.0,53882597612.0,4005982.0,10932682,13.327,0.0,13.451,-0.89,13.0,103969,CNY-9.23,CNY,13.327,CNY-9.23,2023-09-21,2022-11-02,2023-09-21,13.333,13.175,13.47,13.24,13.3848,67737,13.3848,0.014099894267039836,0.08680575252703558,45,0.1232876712328767,RUSFAR1M,8.41,15,2023-08-07,RUSFARCNY,0.52,44.0,2023-08-07,13.515634575139584,-0.18863457513958437,-1.3956767926128708,-0.014055079424000525,-0.00822004329568271,False
2023-08-08,RFUD,CRU3,13.338,13.285,13.533,13.507,153704073952.0,40938111892.0,3055815.0,11378744,13.508,0.0,13.397,1.36,10.0,80325,CNY-9.23,CNY,13.508,CNY-9.23,2023-09-21,2022-11-02,2023-09-21,13.229,13.21,13.448,13.419,13.2981,60945,13.2981,-0.006498566881519174,0.08876924473918102,44,0.12054794520547946,RUSFAR1M,8.46,14,2023-08-08,RUSFARCNY,0.48,43.0,2023-08-08,13.42664135373076,0.08135864626923883,0.6059493519325465,0.006041208616126472,0.013490049925731107,False
2023-08-09,RFUD,CRU3,13.512,13.49,13.657,13.511,154094585000.0,41853021516.0,3085263.0,11395000,13.523,0.0,13.565,0.03,211.0,96370,CNY-9.23,CNY,13.523,CNY-9.23,2023-09-21,2022-11-02,2023-09-21,13.443,13.389,13.568,13.432,13.4807,60989,13.4807,0.01363786503949349,0.09647819596878876,43,0.1178082191780822,RUSFAR1M,8.46,13,2023-08-09,RUSFARCNY,0.4,42.0,2023-08-09,13.609313511515753,-0.08631351151575295,-0.6342238456239346,-0.006362435893822008,0.0011098369679016784,False
2023-08-10,RFUD,CRU3,13.509,13.444,13.631,13.545,155588324572.0,40191959767.0,2969631.0,11485076,13.547,0.0,13.534,0.25,3.0,101901,CNY-9.23,CNY,13.547,CNY-9.23,2023-09-21,2022-11-02,2023-09-21,13.43,13.36,13.548,13.465,13.453,64551,13.453,-0.0020569034158852695,0.09741991080214411,42,0.11506849315068493,RUSFAR1M,8.46,12,2023-08-10,RUSFARCNY,0.3,41.0,2023-08-10,13.579913039579894,-0.03291303957989378,-0.24236561371170584,-0.002426597945902411,0.0017731811073766757,False
2023-08-11,RFUD,CRU3,13.55,13.54,13.786,13.77,155701894126.0,45013241592.0,3296762.0,11306506,13.771,0.0,13.654,1.66,200.0,84898,CNY-9.23,CNY,13.771,CNY-9.23,2023-09-21,2022-11-02,2023-09-21,13.461,13.426,13.697,13.695,13.547,74822,13.547,0.006962991095193605,0.09812238084663069,41,0.11232876712328767,RUSFAR1M,8.49,11,2023-08-11,RUSFARCNY,0.28,40.0,2023-08-11,13.672510885237104,0.09848911476289679,0.720344021588898,0.007177619365567571,0.016399811146389442,False
2023-08-14,RFUD,CRU3,13.77,13.361,14.046,13.443,151556941536.0,96757167111.0,7021297.0,11270688,13.447,0.0,13.781,-2.38,1.0,173592,CNY-9.23,CNY,13.447,CNY-9.23,2023-09-21,2022-11-02,2023-09-21,13.699,13.279,13.96,13.39,13.7873,85390,13.7873,0.017582757982790742,0.10878878215726102,38,0.10410958904109589,RUSFAR1M,8.6,8,2023-08-14,RUSFARCNY,0.35,37.0,2023-08-14,13.906229701211421,-0.4592297012114219,-3.302330761668756,-0.03358088683554804,-0.023808898903256104,False
2023-08-15,RFUD,CRU3,13.444,13.133,13.679,13.356,167545692456.0,113341034420.0,8457530.0,12541784,13.359,0.0,13.401,-0.65,4.0,234285,CNY-9.23,CNY,13.359,CNY-9.23,2023-09-21,2022-11-02,2023-09-21,13.327,13.029,13.555,13.254,13.3168,92316,13.3168,-0.034721482571696605,0.1767521309761836,37,0.10136986301369863,RUSFAR1M,11.87,7,2023-08-15,RUSFARCNY,0.59,36.0,2023-08-15,13.46994512515516,-0.11094512515516008,-0.8236494219116732,-0.008270601549963901,-0.006565717834057683,False
2023-08-16,RFUD,CRU3,13.344,12.961,13.422,12.997,175524336966.0,76437039583.0,5789914.0,13511226,12.991,0.0,13.201,-2.69,71.0,189885,CNY-9.23,CNY,12.991,CNY-9.23,2023-09-21,2022-11-02,2023-09-21,13.188,12.865,13.323,12.902,13.1502,71066,13.1502,-0.01258942837610233,0.1846069369371423,36,0.09863013698630137,RUSFAR1M,11.91,6,2023-08-16,RUSFARCNY,0.3,35.0,2023-08-16,13.301647856498345,-0.3106478564983455,-2.335408814379209,-0.023631116524105048,-0.027933504994079428,False
2023-08-17,RFUD,CRU3,12.99,12.73,13.118,12.88,173247289402.0,84296833794.0,6531840.0,13437314,12.893,0.0,12.905,-0.9,71.0,195175,CNY-9.23,CNY,12.893,CNY-9.23,2023-09-21,2022-11-02,2023-09-21,12.93,12.622,13.01,12.774,12.8025,98222,12.8025,-0.026796503279022943,0.21112081840822258,35,0.0958904109589041,RUSFAR1M,11.89,5,2023-08-17,RUSFARCNY,0.6,34.0,2023-08-17,12.941853175353891,-0.048853175353890776,-0.3774820707047227,-0.0037819633231281923,-0.007572281584895091,False
2023-08-18,RFUD,CRU3,12.891,12.762,12.954,12.908,167855870880.0,48865185861.0,3794682.0,12999990,12.912,0.0,12.877,0.22,10.0,119025,CNY-9.23,CNY,12.912,CNY-9.23,2023-09-21,2022-11-02,2023-09-21,12.77,12.658,12.852,12.827,12.7686,51191,12.7686,-0.002651432270024401,0.2106997146164831,34,0.09315068493150686,RUSFAR1M,11.87,4,2023-08-18,RUSFARCNY,0.81,33.0,2023-08-18,12.900828032041357,0.011171967958643947,0.08659884412765213,0.0008656136896244139,0.0014725830988924216,False
2023-08-21,RFUD,CRU3,12.907,12.816,13.059,12.879,167688443700.0,58787025174.0,4547395.0,13020300,12.879,0.0,12.928,-0.22,1.0,131812,CNY-9.23,CNY,12.879,CNY-9.23,2023-09-21,2022-11-02,2023-09-21,12.834,12.701,12.933,12.799,12.8453,63992,12.8453,0.0059889535957728945,0.21125583983175925,31,0.08493150684931507,RUSFAR1M,11.87,1,2023-08-21,RUSFARCNY,0.93,30.0,2023-08-21,12.965208395108007,-0.08620839510800771,-0.6649210138460682,-0.00667141461909858,-0.0025590336170595585,False
2023-08-22,RFUD,CRU3,12.874,12.868,13.0,12.973,178168068480.0,41206978461.0,3180076.0,13733760,12.973,0.0,12.958,0.73,142.0,86881,CNY-9.23,CNY,12.973,CNY-9.23,2023-09-21,2022-11-02,2023-09-21,12.809,12.795,12.91,12.885,12.873,55816,12.873,0.0021541089971806038,0.21111660810184885,30,0.0821917808219178,RUSFAR1M,11.85,0,2023-08-22,RUSFARCNY,0.84,29.0,2023-08-22,12.99002051205083,-0.017020512050828884,-0.13102759949485046,-0.0013111351571149985,0.007272196678342002,False
2023-08-23,RFUD,CRU3,12.977,12.94,13.077,12.999,180724789908.0,40135929650.0,3087649.0,13904046,12.998,0.0,12.999,0.2,1.0,85923,CNY-9.23,CNY,12.998,CNY-9.23,2023-09-21,2022-11-02,2023-09-21,12.885,12.861,12.995,12.899,12.9118,52061,12.9118,0.003009527262970213,0.2109286496672207,29,0.07945205479452055,RUSFAR1M,11.85,1,2023-08-23,RUSFARCNY,0.7,28.0,2023-08-23,13.026692557760157,-0.028692557760157555,-0.2202597292669278,-0.0022050265778996566,0.0019252248832817287,False
2023-08-24,RFUD,CRU3,12.99,12.984,13.119,13.069,168638298472.0,36252820376.0,2780775.0,12903688,13.069,0.0,13.037,0.54,200.0,71674,CNY-9.23,CNY,13.069,CNY-9.23,2023-09-21,2022-11-02,2023-09-21,12.973,12.912,13.005,12.972,12.9442,52629,12.9442,0.002506189430589334,0.21097171505159792,28,0.07671232876712329,RUSFAR1M,11.88,2,2023-08-24,RUSFARCNY,1.07,27.0,2023-08-24,13.051987409782033,0.017012590217968082,0.13034482553375518,0.0013025995041158747,0.005447514142741916,False
2023-08-25,RFUD,CRU3,13.06,13.031,13.187,13.134,155713044330.0,38312690600.0,2925835.0,11858430,13.131,0.0,13.096,0.5,9.0,70497,CNY-9.23,CNY,13.131,CNY-9.23,2023-09-21,2022-11-02,2023-09-21,12.974,12.925,13.103,13.049,12.9922,41346,12.9922,0.003701366018447505,0.20967530673531085,27,0.07397260273972603,RUSFAR1M,11.9,3,2023-08-25,RUSFARCNY,0.93,26.0,2023-08-25,13.09805796027391,0.03294203972609111,0.2515032367852052,0.0025118749668154735,0.004732833261968938,False
2023-08-28,RFUD,CRU3,13.135,13.082,13.214,13.129,156714293904.0,41574070373.0,3164498.0,11933772,13.132,0.0,13.138,-0.04,5.0,83751,CNY-9.23,CNY,13.132,CNY-9.23,2023-09-21,2022-11-02,2023-09-21,13.087,13.0,13.137,13.058,13.0539,49220,13.0539,0.004737762306972648,0.2084980342494182,24,0.06575342465753424,RUSFAR1M,11.89,6,2023-08-28,RUSFARCNY,1.02,23.0,2023-08-28,13.14753563602347,-0.01553563602347019,-0.11816386320264816,-0.0011823373174048083,7.61527624781877e-05,False
2023-08-29,RFUD,CRU3,13.137,13.121,13.259,13.177,153878214864.0,52106439873.0,3951235.0,11676016,13.179,0.0,13.188,0.37,49.0,98383,CNY-9.23,CNY,13.179,CNY-9.23,2023-09-21,2022-11-02,2023-09-21,13.078,13.058,13.181,13.094,13.1096,49550,13.1096,0.004257846553400224,0.20869206228396886,23,0.06301369863013699,RUSFAR1M,11.93,7,2023-08-29,RUSFARCNY,1.15,22.0,2023-08-29,13.198955041845883,-0.019955041845882704,-0.15118652789268064,-0.0015130093004539252,0.003572654022406141,False
2023-08-30,RFUD,CRU3,13.179,13.156,13.245,13.238,152948585920.0,28584232669.0,2163966.0,11552008,13.24,0.0,13.209,0.46,8.0,66805,CNY-9.23,CNY,13.24,CNY-9.23,2023-09-21,2022-11-02,2023-09-21,13.128,13.102,13.17,13.17,13.1377,34429,13.1377,0.0021411734338894206,0.20531329701659848,22,0.06027397260273973,RUSFAR2W,11.94,8,2023-08-30,RUSFARCNY,1.31,21.0,2023-08-30,13.222145099818164,0.01785490018183644,0.13503784784574774,0.0013494675374244446,0.0046178968471100035,False
2023-08-31,RFUD,CRU3,13.24,13.195,13.285,13.225,158096101338.0,33968226650.0,2564422.0,11950722,13.229,0.0,13.246,-0.1,200.0,76386,CNY-9.23,CNY,13.229,CNY-9.23,2023-09-21,2022-11-02,2023-09-21,13.175,13.131,13.22,13.17,13.188,42052,13.188,0.00382136552571799,0.203462161688708,21,0.057534246575342465,RUSFAR2W,11.86,7,2023-08-31,RUSFARCNY,1.42,20.0,2023-08-31,13.267453097241962,-0.03845309724196255,-0.2898302858892803,-0.002902511071707475,-0.0008311610286191318,False
2023-09-01,RFUD,CRU3,13.225,13.225,13.365,13.326,157469663584.0,49997849533.0,3758934.0,11820272,13.322,0.0,13.301,0.76,175.0,104931,CNY-9.23,CNY,13.322,CNY-9.23,2023-09-21,2022-11-02,2023-09-21,13.18,13.18,13.305,13.264,13.2456,47095,13.2456,0.0043580966017793266,0.20032533439861305,20,0.0547945205479452,RUSFAR2W,11.92,6,2023-09-01,RUSFARCNY,1.25,19.0,2023-09-01,13.323268223676205,-0.0012682236762060484,-0.00951886320169058,-9.519316274220217e-05,0.007005414510744323,False
2023-09-04,RFUD,CRU3,13.319,13.306,13.384,13.356,152583057648.0,25566031005.0,1915677.0,11424308,13.356,0.0,13.346,0.22,116.0,56116,CNY-9.23,CNY,13.356,CNY-9.23,2023-09-21,2022-11-02,2023-09-21,13.28,13.257,13.324,13.3,13.2862,29569,13.2862,0.0030604807581946503,0.1938819748857188,17,0.04657534246575343,RUSFAR2W,12.0,3,2023-09-04,RUSFARCNY,0.99,16.0,2023-09-04,13.354505890340585,0.0014941096594149883,0.011188056463367088,0.00011187430647002848,0.002548918090420571,False
2023-09-05,RFUD,CRU3,13.348,13.345,13.431,13.429,145902123280.0,32921075512.0,2457115.0,10863896,13.43,0.0,13.398,0.55,182.0,60571,CNY-9.23,CNY,13.43,CNY-9.23,2023-09-21,2022-11-02,2023-09-21,13.31,13.306,13.379,13.379,13.3444,39830,13.3444,0.004370918616845021,0.193162453631875,16,0.043835616438356165,RUSFAR2W,11.91,2,2023-09-05,RUSFARCNY,0.69,15.0,2023-09-05,13.41019417897157,0.019805821028429094,0.14769227621988099,0.0014758331844589982,0.005525288453738231,False
2023-09-06,RFUD,CRU3,13.422,13.361,13.503,13.5,142286938446.0,41695441307.0,3106053.0,10540554,13.499,0.0,13.424,0.53,200.0,95564,CNY-9.23,CNY,13.499,CNY-9.23,2023-09-21,2022-11-02,2023-09-21,13.368,13.313,13.45,13.401,13.3795,69274,13.3795,0.0026268636077597662,0.18683355671962004,15,0.0410958904109589,RUSFAR2W,11.88,1,2023-09-06,RUSFARCNY,0.5,14.0,2023-09-06,13.442218616753648,0.056781383246352846,0.42241080036879947,0.004215211503859543,0.005124598091543753,False
2023-09-07,RFUD,CRU3,13.478,13.274,13.491,13.458,144688654530.0,55504447961.0,4140052.0,10748730,13.461,0.0,13.407,-0.31,96.0,130214,CNY-9.23,CNY,13.461,CNY-9.23,2023-09-21,2022-11-02,2023-09-21,13.442,13.231,13.443,13.417,13.3777,61097,13.3777,-0.00013454322595141122,0.18672885535544037,14,0.038356164383561646,RUSFAR2W,11.84,0,2023-09-07,RUSFARCNY,0.49,13.0,2023-09-07,13.436065762335096,0.024934237664904657,0.18557692486741192,0.0018540494363097496,-0.0028189929647339795,False
2023-09-08,RFUD,CRU3,13.45,13.29,13.467,13.308,133276938214.0,42400106915.0,3176022.0,10014046,13.309,0.0,13.35,-1.11,48.0,81895,CNY-9.23,CNY,13.309,CNY-9.23,2023-09-21,2022-11-02,2023-09-21,13.415,13.253,13.415,13.267,13.3139,40698,13.3139,-0.004780539308598897,0.18533443432978952,13,0.03561643835616438,RUSFAR2W,11.98,1,2023-09-08,RUSFARCNY,0.44,12.0,2023-09-08,13.36873456441321,-0.05973456441321012,-0.44682287710476387,-0.0044782411413957016,-0.011356117557537182,False
2023-09-11,RFUD,CRU3,13.302,13.052,13.329,13.057,133769912704.0,48992167091.0,3709141.0,10244288,13.058,0.0,13.208,-1.89,87.0,108160,CNY-9.23,CNY,13.058,CNY-9.23,2023-09-21,2022-11-02,2023-09-21,13.257,13.011,13.305,13.019,13.188,52219,13.188,-0.009501277050028456,0.17417200586644505,10,0.0273972602739726,RUSFAR1W,12.0,3,2023-09-11,RUSFARCNY,0.4,9.0,2023-09-11,13.229979219316649,-0.17197921931664872,-1.2999205551702426,-0.013084434636823808,-0.019039525339977104,False
2023-09-12,RFUD,CRU3,13.059,12.845,13.068,13.023,125565532700.0,63624568586.0,4906255.0,9640348,13.025,0.0,12.968,-0.26,194.0,139706,CNY-9.23,CNY,13.025,CNY-9.23,2023-09-21,2022-11-02,2023-09-21,13.02,12.652,13.039,12.988,12.9407,80546,12.9407,-0.018929941772963144,0.1409405630542101,9,0.024657534246575342,RUSFAR1W,12.08,2,2023-09-12,RUSFARCNY,0.59,8.0,2023-09-12,12.977414937985898,0.047585062014102064,0.36667596930122737,0.0036600535179778654,-0.0025303851250111364,False
2023-09-13,RFUD,CRU3,13.026,13.014,13.287,13.237,122829268608.0,45091819515.0,3412547.0,9282744,13.232,0.0,13.214,1.64,10.0,84905,CNY-9.23,CNY,13.232,CNY-9.23,2023-09-21,2022-11-02,2023-09-21,12.991,12.944,13.293,13.235,13.1793,49939,13.1793,0.018270033453512635,0.15076583352548042,8,0.021917808219178082,RUSFAR1W,12.03,1,2023-09-13,RUSFARCNY,0.73,7.0,2023-09-13,13.211981789784241,0.020018210215758003,0.151515575288156,0.0015140090625340797,0.015767550641904826,False
2023-09-14,RFUD,CRU3,13.24,13.126,13.365,13.34,136261646880.0,74943322452.0,5665454.0,10217580,13.336,0.0,13.227,0.78,50.0,161189,CNY-9.23,CNY,13.336,CNY-9.23,2023-09-21,2022-11-02,2023-09-21,13.235,13.121,13.366,13.35,13.222,73693,13.222,0.0032346920213521813,0.11251372870551372,7,0.019178082191780823,RUSFAR1W,12.42,0,2023-09-14,RUSFARCNY,1.04,6.0,2023-09-14,13.250888074341713,0.08511192565828729,0.6423111053446547,0.006402570783681803,0.00782900716715762,False
2023-09-15,RFUD,CRU3,13.343,13.177,13.368,13.232,131935177344.0,68558623178.0,5165997.0,9967904,13.236,0.0,13.271,-0.81,200.0,161984,CNY-9.23,CNY,13.236,CNY-9.23,2023-09-21,2022-11-02,2023-09-21,13.34,13.185,13.374,13.251,13.2738,63415,13.2738,0.003910058650472337,0.11162318311434197,6,0.01643835616438356,RUSFAR1W,12.47,1,2023-09-15,RUSFARCNY,1.72,5.0,2023-09-15,13.297277178520938,-0.06127717852093717,-0.4608250072422199,-0.004618900790164123,-0.007526755389127171,False
2023-09-18,RFUD,CRU3,13.237,13.178,13.318,13.21,120388992276.0,46104625517.0,3482209.0,9114164,13.209,0.0,13.24,-0.17,31.0,87575,CNY-9.23,CNY,13.209,CNY-9.23,2023-09-21,2022-11-02,2023-09-21,13.24,13.172,13.32,13.205,13.237,55673,13.237,-0.0027762288302248805,0.1117425411319632,3,0.00821917808219178,RUSFAR,12.59,2,2023-09-18,RUSFARCNY,0.77,2.0,2023-09-18,13.24986608489724,-0.04086608489724064,-0.30842639944732375,-0.0030890301392224634,-0.0020419746176396636,False
2023-09-19,RFUD,CRU3,13.21,13.11,13.248,13.241,112756774824.0,33609230642.0,2551355.0,8517016,13.239,0.0,13.173,0.24,3.0,69778,CNY-9.23,CNY,13.239,CNY-9.23,2023-09-21,2022-11-02,2023-09-21,13.205,13.113,13.29,13.261,13.173,49089,13.173,-0.004846658483943944,0.11394214436761153,2,0.005479452054794521,RUSFAR,12.4,1,2023-09-19,RUSFARCNY,0.61,1.0,2023-09-19,13.181512868381141,0.05748713161885988,0.4361193756200462,0.004351711310569485,0.0022686035137935434,False
2023-09-20,RFUD,CRU3,13.233,13.156,13.261,13.19,55838584662.0,53005134518.0,4012740.0,4233082,13.191,0.0,13.208,-0.39,1.0,87086,CNY-9.23,CNY,13.191,CNY-9.23,2023-09-21,2022-11-02,2023-09-21,13.28,13.161,13.28,13.161,13.21,72038,13.21,0.002804838286543987,0.11390019181696363,1,0.0027397260273972603,RUSFAR,12.47,0,2023-09-20,RUSFARCNY,0.68,0.0,2023-09-20,13.214267700184607,-0.023267700184606,-0.1760801333265024,-0.001762353366081225,-0.003632240088736971,False
2023-09-21,RFUD,CRU3,13.186,13.128,13.191,13.145,0.0,16657606989.0,1266504.0,0,13.1469,0.0,13.152,-0.34,1.0,26271,CNY-9.23,CNY,13.1469,CNY-9.23,2023-09-21,2022-11-02,2023-09-21,13.115,12.992,13.199,13.108,13.1307,63483,13.1307,-0.006021118617007826,0.11653669208506366,0,0.0,RUSFAR,12.45,1,2023-09-21,RUSFARCNY,0.59,1.0,2023-09-21,13.1307,0.016200000000001324,0.12337499143230235,0.0012329894702984808,-0.0033487894792583184,False
2023-09-22,RFUD,CRZ3,13.428,13.391,13.478,13.449,134236912942.0,32523555319.0,2419822.0,9978214,13.453,0.0,13.44,0.07,10.0,70498,CNY-12.23,CNY,13.453,CNY-12.23,2023-12-21,2022-11-02,2023-12-21,13.108,13.106,13.164,13.159,13.1407,57753,13.1407,0.0007612841708444229,0.11600358161750422,90,0.2465753424657534,RUSFAR3M,13.07,0,2023-09-22,RUSFARCNY,0.48,89.0,2023-09-22,13.555035741245968,-0.10203574124596848,-0.7527515470541241,-0.007555990201103306,,True
2023-09-25,RFUD,CRZ3,13.464,13.418,13.584,13.474,134341465626.0,28732521194.0,2134290.0,9971162,13.473,0.0,13.462,0.19,2.0,70731,CNY-12.23,CNY,13.473,CNY-12.23,2023-12-21,2022-11-02,2023-12-21,13.166,13.107,13.19,13.144,13.142,57793,13.142,9.892438760550348e-05,0.11495609978316498,87,0.23835616438356164,RUSFAR3M,13.12,3,2023-09-25,RUSFARCNY,0.35,86.0,2023-09-25,13.548167396219398,-0.07516739621939728,-0.5548159689876039,-0.005563607893746161,0.0014855532703048624,False
2023-09-26,RFUD,CRZ3,13.468,13.445,13.502,13.485,138201237416.0,17584745266.0,1304428.0,10247756,13.486,0.0,13.481,0.08,1.0,46596,CNY-12.23,CNY,13.486,CNY-12.23,2023-12-21,2022-11-02,2023-12-21,13.144,13.123,13.171,13.149,13.1512,43329,13.1512,0.0006998007374874327,0.1140363776768901,86,0.2356164383561644,RUSFAR3M,13.12,4,2023-09-26,RUSFARCNY,0.3,85.0,2023-09-26,13.554505978861208,-0.06850597886120724,-0.5054111080702244,-0.005066926298033604,0.0009644275386797574,False
2023-09-27,RFUD,CRZ3,13.485,13.48,13.544,13.535,139291179264.0,19310722184.0,1429259.0,10290424,13.536,0.0,13.511,0.37,200.0,44578,CNY-12.23,CNY,13.536,CNY-12.23,2023-12-21,2022-11-02,2023-12-21,13.149,13.149,13.213,13.213,13.1838,31650,13.1838,0.0024757939359756342,0.11411969925797014,85,0.2328767123287671,RUSFAR3M,13.11,5,2023-09-27,RUSFARCNY,0.41,84.0,2023-09-27,13.579538606755683,-0.04353860675568377,-0.3206191905078701,-0.003211342751025113,0.0037006925514768696,False
2023-09-28,RFUD,CRZ3,13.539,13.508,13.629,13.61,140478330804.0,38712424794.0,2851265.0,10324734,13.606,0.0,13.577,0.55,6.0,75044,CNY-12.23,CNY,13.606,CNY-12.23,2023-12-21,2022-11-02,2023-12-21,13.22,13.214,13.327,13.308,13.2797,51048,13.2797,0.007247750282536991,0.11620083518647165,84,0.23013698630136986,RUSFAR3M,13.18,6,2023-09-28,RUSFARCNY,1.78,83.0,2023-09-28,13.632711606015517,-0.026711606015517475,-0.19593758591453528,-0.0019612979471630657,0.005158069059001846,False
2023-09-29,RFUD,CRZ3,13.607,13.573,13.775,13.775,136792061280.0,34847623208.0,2544917.0,9934064,13.77,0.0,13.693,1.21,3.0,69122,CNY-12.23,CNY,13.77,CNY-12.23,2023-12-21,2022-11-02,2023-12-21,13.31,13.292,13.498,13.493,13.3729,36289,13.3729,0.006993717677342026,0.11777362481104792,83,0.2273972602739726,RUSFAR3M,13.2,7,2023-09-29,RUSFARCNY,1.78,82.0,2023-09-28,13.724726200464909,0.045273799535090475,0.3298703294609759,0.003293274508257626,0.011981440817694367,False
2023-10-02,RFUD,CRZ3,13.775,13.712,13.899,13.882,131534733394.0,53169472059.0,3848275.0,9474518,13.883,0.0,13.816,0.78,90.0,98218,CNY-12.23,CNY,13.883,CNY-12.23,2023-12-21,2022-11-02,2023-12-21,13.5,13.414,13.628,13.6,13.5125,34850,13.5125,0.01038491185630841,0.12267145588727837,80,0.2191780821917808,RUSFAR3M,13.27,10,2023-10-02,RUSFARCNY,1.78,79.0,2023-09-28,13.8571139672624,0.02588603273759915,0.18680681127942816,0.0018663254435030275,0.008172757312101542,False
2023-10-03,RFUD,CRZ3,13.889,13.794,13.913,13.875,136615315760.0,47676938483.0,3443097.0,9842602,13.88,0.0,13.847,-0.05,20.0,83849,CNY-12.23,CNY,13.88,CNY-12.23,2023-12-21,2022-11-02,2023-12-21,13.634,13.512,13.65,13.597,13.5557,37064,13.5557,0.0031919401126434543,0.12229273805568225,79,0.21643835616438356,RUSFAR3M,13.48,11,2023-10-03,RUSFARCNY,1.78,78.0,2023-09-28,13.90335823712391,-0.02335823712390983,-0.16800428159536357,-0.001681455670544621,-0.0002161149740067536,False
2023-10-04,RFUD,CRZ3,13.875,13.815,13.945,13.904,134169403328.0,56308272262.0,4054894.0,9643456,13.913,0.0,13.882,0.21,192.0,79772,CNY-12.23,CNY,13.913,CNY-12.23,2023-12-21,2022-11-02,2023-12-21,13.597,13.533,13.648,13.629,13.5827,34174,13.5827,0.001989801086906162,0.12218637677761622,78,0.2136986301369863,RUSFAR3M,13.49,12,2023-10-04,RUSFARCNY,1.78,77.0,2023-09-28,13.926883454936258,-0.013883454936257422,-0.09968816771663697,-0.0009973788941773363,0.002374699781081624,False
2023-10-05,RFUD,CRZ3,13.907,13.87,14.013,14.01,129945129542.0,42909885481.0,3082719.0,9282458,13.999,0.0,13.919,0.76,10.0,68783,CNY-12.23,CNY,13.999,CNY-12.23,2023-12-21,2022-11-02,2023-12-21,13.647,13.585,13.727,13.727,13.6261,36537,13.6261,0.003190147070576188,0.1224355062672063,77,0.21095890410958903,RUSFAR3M,13.51,13,2023-10-05,RUSFARCNY,1.78,76.0,2023-09-28,13.967490897890801,0.031509102109199105,0.22558885013454508,0.0022533478051809754,0.006162243632948261,False
2023-10-06,RFUD,CRZ3,13.991,13.905,14.146,14.008,133522104494.0,58079880244.0,4142174.0,9531166,14.009,0.0,14.022,-0.01,40.0,103149,CNY-12.23,CNY,14.009,CNY-12.23,2023-12-21,2022-11-02,2023-12-21,13.74,13.625,13.87,13.715,13.7359,49795,13.7359,0.008025772193443359,0.12296508120369051,76,0.20821917808219179,RUSFAR3M,13.67,14,2023-10-06,RUSFARCNY,1.78,75.0,2023-09-28,14.080207723391707,-0.07120772339170678,-0.5057292107516858,-0.005070123488891147,0.0007140817212887285,False
2023-10-09,RFUD,CRZ3,14.005,13.8,14.298,13.86,124419697660.0,101121480026.0,7171169.0,8970418,13.87,0.0,14.099,-1.06,1.0,166597,CNY-12.23,CNY,13.87,CNY-12.23,2023-12-21,2022-11-02,2023-12-21,13.714,13.526,14.03,13.585,13.8463,73093,13.8463,0.008005205499624246,0.11766587753093621,73,0.2,RUSFAR3M,13.83,17,2023-10-09,RUSFARCNY,1.6,72.0,2023-10-09,14.189156539634542,-0.3191565396345428,-2.2492988835738297,-0.022749814601779467,-0.009971745887236594,False
2023-10-10,RFUD,CRZ3,13.862,13.712,14.07,14.033,133604032224.0,74533228448.0,5348637.0,9521382,14.032,0.0,13.935,1.25,214.0,138683,CNY-12.23,CNY,14.032,CNY-12.23,2023-12-21,2022-11-02,2023-12-21,13.583,13.582,13.816,13.731,13.6842,66308,13.6842,-0.011776166310497604,0.10215526870574014,72,0.19726027397260273,RUSFAR3M,13.83,18,2023-10-10,RUSFARCNY,1.79,71.0,2023-10-10,14.013091777270354,0.018908222729645985,0.13493255471512486,0.0013484160255037823,0.011612201303087044,False
2023-10-11,RFUD,CRZ3,14.028,13.901,14.089,13.98,132517161616.0,50739961309.0,3630770.0,9481766,13.976,0.0,13.975,-0.38,1.0,99275,CNY-12.23,CNY,13.976,CNY-12.23,2023-12-21,2022-11-02,2023-12-21,13.756,13.64,13.813,13.708,13.7015,46250,13.7015,0.0012634332736629617,0.08424957728341038,71,0.19452054794520549,RUSFAR3M,13.94,19,2023-10-11,RUSFARCNY,1.27,70.0,2023-10-11,14.04337942353807,-0.06737942353806936,-0.4797949375713291,-0.0048094964845873936,-0.003998862798071823,False
2023-10-12,RFUD,CRZ3,13.974,13.478,13.989,13.585,136146669032.0,97232127898.0,7159263.0,10018888,13.589,0.0,13.581,-2.83,10.0,160499,CNY-12.23,CNY,13.589,CNY-12.23,2023-12-21,2022-11-02,2023-12-21,13.429,13.203,13.429,13.3,13.2905,95634,13.2905,-0.03045582160184601,0.14228552374433093,70,0.1917808219178082,RUSFAR3M,13.95,20,2023-10-12,RUSFARCNY,1.07,69.0,2023-10-12,13.622881798767718,-0.0338817987677178,-0.24871241832827642,-0.002490222214492616,-0.028080930893394918,False
2023-10-13,RFUD,CRZ3,13.583,13.504,13.642,13.552,141349722144.0,47505298556.0,3503155.0,10430944,13.551,0.0,13.56,-0.24,1.0,77262,CNY-12.23,CNY,13.551,CNY-12.23,2023-12-21,2022-11-02,2023-12-21,13.302,13.246,13.385,13.31,13.305,47068,13.305,0.0010904101398132582,0.1416764547712916,69,0.18904109589041096,RUSFAR3M,14.07,21,2023-10-13,RUSFARCNY,1.15,68.0,2023-10-13,13.633963748307012,-0.08296374830701225,-0.6085079133154818,-0.0061036686781168374,-0.0028002965977838024,False
2023-10-16,RFUD,CRZ3,13.555,13.485,13.584,13.54,143381472444.0,39092136922.0,2889015.0,10591038,13.538,0.0,13.531,-0.09,300.0,57794,CNY-12.23,CNY,13.538,CNY-12.23,2023-12-21,2022-11-02,2023-12-21,13.296,13.24,13.348,13.298,13.2892,51334,13.2892,-0.0011882291521447819,0.14135806225799744,66,0.18082191780821918,RUSFAR3M,14.24,24,2023-10-16,RUSFARCNY,0.88,65.0,2023-10-16,13.614147147318404,-0.07614714731840344,-0.5593236689336228,-0.0056089374102697275,-0.000959799254161009,False
2023-10-17,RFUD,CRZ3,13.535,13.493,13.618,13.585,144292758150.0,28416682403.0,2098483.0,10618350,13.589,0.0,13.542,0.33,1.0,52425,CNY-12.23,CNY,13.589,CNY-12.23,2023-12-21,2022-11-02,2023-12-21,13.301,13.253,13.369,13.32,13.2903,45526,13.2903,8.277055630312447e-05,0.1401027970014361,65,0.1780821917808219,RUSFAR3M,14.32,25,2023-10-17,RUSFARCNY,0.94,64.0,2023-10-17,13.610776151852335,-0.02177615185233428,-0.15999199170850145,-0.001601201155724014,0.0037600958519448113,False
2023-10-18,RFUD,CRZ3,13.582,13.476,13.63,13.532,143607210352.0,34651846441.0,2559594.0,10608496,13.537,0.0,13.538,-0.39,1.0,59167,CNY-12.23,CNY,13.537,CNY-12.23,2023-12-21,2022-11-02,2023-12-21,13.348,13.233,13.35,13.286,13.2885,58051,13.2885,-0.00013544629575124034,0.13983394772129093,64,0.17534246575342466,RUSFAR3M,14.35,26,2023-10-18,RUSFARCNY,0.98,63.0,2023-10-18,13.603706429722957,-0.06670642972295582,-0.4903548166638459,-0.004915610005643437,-0.003833964734711426,False
2023-10-19,RFUD,CRZ3,13.532,13.413,13.549,13.461,144348513408.0,35929367002.0,2666377.0,10721072,13.464,0.0,13.475,-0.53,45.0,58090,CNY-12.23,CNY,13.464,CNY-12.23,2023-12-21,2022-11-02,2023-12-21,13.256,13.173,13.302,13.225,13.243,53354,13.243,-0.003429888593232455,0.1385781599238116,63,0.1726027397260274,RUSFAR3M,14.33,27,2023-10-19,RUSFARCNY,1.17,62.0,2023-10-19,13.54725076940434,-0.08325076940433895,-0.614521505664868,-0.006164174604267562,-0.00540722031514429,False
2023-10-20,RFUD,CRZ3,13.461,13.23,13.494,13.236,135275887920.0,41908852025.0,3148459.0,10221072,13.235,0.0,13.311,-1.67,40.0,75484,CNY-12.23,CNY,13.235,CNY-12.23,2023-12-21,2022-11-02,2023-12-21,13.18,12.998,13.219,13.004,13.0762,52532,13.0762,-0.012675327002525272,0.14614776630610898,62,0.16986301369863013,RUSFAR3M,14.38,28,2023-10-20,RUSFARCNY,1.41,61.0,2023-10-20,13.367481672879517,-0.13248167287951773,-0.9910742810166095,-0.009960181139949788,-0.017154621209440446,False
2023-10-23,RFUD,CRZ3,13.232,13.088,13.304,13.108,137975542048.0,43771328128.0,3326058.0,10526056,13.108,0.0,13.16,-0.97,1.0,75899,CNY-12.23,CNY,13.108,CNY-12.23,2023-12-21,2022-11-02,2023-12-21,13.0,12.86,13.076,12.882,12.9268,55334,12.9268,-0.011491108253948834,0.15147825470735998,59,0.16164383561643836,RUSFAR1M,13.63,29,2023-10-23,RUSFARCNY,1.44,58.0,2023-10-23,13.184040686979486,-0.07604068697948563,-0.5767631395023163,-0.005784328413428745,-0.00964210484249639,False
2023-10-24,RFUD,CRZ3,13.108,12.953,13.126,12.968,136392050928.0,37690369252.0,2897808.0,10519208,12.966,0.0,13.006,-1.07,10.0,72981,CNY-12.23,CNY,12.966,CNY-12.23,2023-12-21,2022-11-02,2023-12-21,12.882,12.711,12.902,12.74,12.7683,51116,12.7683,-0.012337139016330934,0.15671531058234478,58,0.1589041095890411,RUSFAR1M,13.62,28,2023-10-24,RUSFARCNY,1.28,57.0,2023-10-24,13.021141474567926,-0.05514147456792706,-0.4234765030057151,-0.00424375704250591,-0.010892184083764356,False
2023-10-25,RFUD,CRZ3,12.965,12.92,12.999,12.958,129971513012.0,41846527621.0,3230405.0,10030214,12.958,0.0,12.954,-0.08,4.0,80384,CNY-12.23,CNY,12.958,CNY-12.23,2023-12-21,2022-11-02,2023-12-21,12.736,12.661,12.753,12.718,12.7093,73928,12.7093,-0.004631527731624452,0.15636774082968918,57,0.15616438356164383,RUSFAR1M,13.52,27,2023-10-25,RUSFARCNY,1.12,56.0,2023-10-25,12.95780607816874,0.000193921831259658,0.0014965637708251919,1.4965525724158744e-05,-0.0006171887250383534,False
2023-10-26,RFUD,CRZ3,12.957,12.951,13.09,13.004,123091224220.0,34121376097.0,2623065.0,9463460,13.007,0.0,13.008,0.36,36.0,66802,CNY-12.23,CNY,13.007,CNY-12.23,2023-12-21,2022-11-02,2023-12-21,12.73,12.697,12.865,12.778,12.7561,139374,12.7561,0.003675579624788039,0.154114294463961,56,0.15342465753424658,RUSFAR1M,13.5,26,2023-10-26,RUSFARCNY,0.99,55.0,2023-10-26,13.003297943148839,0.003702056851160762,0.028470137863074167,0.00028466085888368634,0.003774316053838156,False
2023-10-27,RFUD,CRZ3,13.008,12.86,13.129,13.061,121625741916.0,99759574696.0,7693591.0,9311418,13.062,0.0,12.967,0.44,40.0,152065,CNY-12.23,CNY,13.062,CNY-12.23,2023-12-21,2022-11-02,2023-12-21,12.803,12.61,12.885,12.8,12.7232,109552,12.7232,-0.0025824899651771815,0.15039681718320164,55,0.1506849315068493,RUSFAR1M,13.62,25,2023-10-27,RUSFARCNY,0.94,54.0,2023-10-27,12.968637567703109,0.09336243229689067,0.7199093336481159,0.007173303565388251,0.004219577398862029,False
2023-10-30,RFUD,CRZ3,13.062,12.87,13.084,12.896,115405270722.0,52942626345.0,4086288.0,8948226,12.897,0.0,12.956,-1.26,200.0,95012,CNY-12.23,CNY,12.897,CNY-12.23,2023-12-21,2022-11-02,2023-12-21,12.8,12.634,12.852,12.64,12.7121,88607,12.7121,-0.0008728028137787724,0.1427278918591675,52,0.14246575342465753,RUSFAR1M,14.6,22,2023-10-30,RUSFARCNY,1.07,51.0,2023-10-30,12.959510397302262,-0.06251039730226182,-0.48235153478695,-0.004835186042331795,-0.012712525298211208,False
2023-10-31,RFUD,CRZ3,12.9,12.71,12.998,12.95,116984232974.0,78070748300.0,6079116.0,9039814,12.941,0.0,12.842,0.42,765.0,139261,CNY-12.23,CNY,12.941,CNY-12.23,2023-12-21,2022-11-02,2023-12-21,12.641,12.483,12.757,12.685,12.5865,84132,12.5865,-0.009929484790133003,0.14271288406709423,51,0.13972602739726028,RUSFAR1M,14.59,21,2023-10-31,RUSFARCNY,1.7,50.0,2023-10-31,12.81524523161614,0.12575476838386024,0.981290378069505,0.009765069911929606,0.0034058396572786975,False
2023-11-01,RFUD,CRZ3,12.94,12.838,13.018,12.884,122404416232.0,74554137161.0,5766588.0,9500498,12.884,0.0,12.929,-0.51,14.0,127628,CNY-12.23,CNY,12.884,CNY-12.23,2023-12-21,2022-11-02,2023-12-21,12.699,12.612,12.775,12.639,12.6971,82662,12.6971,0.008748809936734325,0.14820376552773015,50,0.136986301369863,RUSFAR1M,14.71,20,2023-11-01,RUSFARCNY,2.12,49.0,2023-11-01,12.91798073494904,-0.03398073494903997,-0.2630498964680026,-0.0026339648063444417,-0.004414334370580697,False
2023-11-02,RFUD,CRZ3,12.88,12.858,12.959,12.945,123643390800.0,31456729071.0,2433997.0,9551440,12.945,0.0,12.924,0.47,80.0,71851,CNY-12.23,CNY,12.945,CNY-12.23,2023-12-21,2022-11-02,2023-12-21,12.642,12.641,12.734,12.71,12.7071,60151,12.7071,0.000787271436730741,0.14703364168033933,49,0.13424657534246576,RUSFAR1M,14.68,19,2023-11-02,RUSFARCNY,2.0,48.0,2023-11-02,12.925257697709723,0.01974230229027718,0.15274204005832237,0.0015262550805147455,0.004723381734548671,False
2023-11-03,RFUD,CRZ3,12.945,12.797,12.995,12.846,118895253780.0,55314610344.0,4291810.0,9255430,12.846,0.0,12.888,-0.77,2.0,105541,CNY-12.23,CNY,12.846,CNY-12.23,2023-12-21,2022-11-02,2023-12-21,12.718,12.519,12.784,12.657,12.6895,74681,12.6895,-0.0013860125227402875,0.14092433050244402,48,0.13150684931506848,RUSFAR1M,14.63,18,2023-11-03,RUSFARCNY,1.34,47.0,2023-11-03,12.91322706749774,-0.06722706749773977,-0.5206062523824782,-0.005219661285193504,-0.007677134367900074,False
2023-11-06,RFUD,CRZ3,12.845,12.812,12.896,12.872,120130834950.0,16074332144.0,1249778.0,9333450,12.871,0.0,12.862,0.2,2.0,45895,CNY-12.23,CNY,12.871,CNY-12.23,2023-12-21,2022-11-02,2023-12-21,12.68,12.626,12.701,12.679,12.669,7558,12.669,-0.001616815226905377,0.13405883603176244,45,0.1232876712328767,RUSFAR1M,14.63,15,2023-11-03,RUSFARCNY,1.34,44.0,2023-11-03,12.878290621243957,-0.007290621243956963,-0.05661171547045533,-0.0005662774595247125,0.0019442398316398268,False
2023-11-07,RFUD,CRZ3,12.876,12.82,12.905,12.877,120062593750.0,28373136765.0,2205260.0,9325250,12.875,0.0,12.866,0.04,47.0,68384,CNY-12.23,CNY,12.875,CNY-12.23,2023-12-21,2022-11-02,2023-12-21,12.68,12.627,12.735,12.678,12.6678,68314,12.6678,-9.472387996067866e-05,0.13198038451242314,44,0.12054794520547946,RUSFAR1M,14.72,14,2023-11-07,RUSFARCNY,0.82,43.0,2023-11-07,12.881852076828075,-0.006852076828074871,-0.053191705565385376,-0.0005320585737169949,0.00031072788255892547,False
2023-11-08,RFUD,CRZ3,12.88,12.794,12.914,12.805,114700089276.0,33026369834.0,2571182.0,8956746,12.806,0.0,12.845,-0.56,41.0,73035,CNY-12.23,CNY,12.806,CNY-12.23,2023-12-21,2022-11-02,2023-12-21,12.686,12.603,12.696,12.624,12.6586,41791,12.6586,-0.0007265146570114567,0.13114239473199532,43,0.1178082191780822,RUSFAR1M,14.75,13,2023-11-08,RUSFARCNY,0.46,42.0,2023-11-08,12.873508827301197,-0.06750882730119834,-0.5244011419639574,-0.005257809506881598,-0.005373635453189252,False
2023-11-09,RFUD,CRZ3,12.819,12.758,12.828,12.796,114609032890.0,21400416153.0,1672886.0,8958730,12.793,0.0,12.793,-0.07,1.0,51343,CNY-12.23,CNY,12.793,CNY-12.23,2023-12-21,2022-11-02,2023-12-21,12.625,12.577,12.653,12.6,12.603,43740,12.603,-0.004401945227589188,0.08624708184412158,42,0.11506849315068493,RUSFAR1M,14.7,12,2023-11-09,RUSFARCNY,0.37,41.0,2023-11-09,12.81253765631598,-0.01953765631598081,-0.15248857673678456,-0.0015260495889500728,-0.0010156647617125536,False
2023-11-10,RFUD,CRZ3,12.79,12.757,12.814,12.79,114778304140.0,20788449030.0,1625652.0,8974066,12.79,0.0,12.788,-0.05,1.0,45315,CNY-12.23,CNY,12.79,CNY-12.23,2023-12-21,2022-11-02,2023-12-21,12.592,12.58,12.629,12.611,12.6034,40972,12.6034,3.173797131150735e-05,0.08571743927089695,41,0.11232876712328767,RUSFAR1M,14.75,11,2023-11-10,RUSFARCNY,0.43,40.0,2023-11-10,12.80777102810653,-0.017771028106530196,-0.13875191918665508,-0.0013884826879697765,-0.00023453074414669928,False
2023-11-13,RFUD,CRZ3,12.797,12.702,12.858,12.706,108458519808.0,35074724533.0,2747590.0,8537352,12.704,0.0,12.766,-0.66,8.0,64952,CNY-12.23,CNY,12.704,CNY-12.23,2023-12-21,2022-11-02,2023-12-21,12.65,12.533,12.652,12.545,12.6036,46271,12.6036,1.5868607926794454e-05,0.08610639141663279,38,0.10410958904109589,RUSFAR1M,14.78,8,2023-11-13,RUSFARCNY,0.41,37.0,2023-11-13,12.793574278440722,-0.08957427844072186,-0.7001505325346745,-0.007026130875018541,-0.0067467110859711354,False
2023-11-14,RFUD,CRZ3,12.711,12.568,12.729,12.621,117331113198.0,40712569721.0,3221733.0,9295026,12.623,0.0,12.637,-0.67,45.0,67542,CNY-12.23,CNY,12.623,CNY-12.23,2023-12-21,2022-11-02,2023-12-21,12.547,12.409,12.573,12.47,12.4887,56127,12.4887,-0.009158251980759147,0.08843528336648675,37,0.10136986301369863,RUSFAR1M,14.92,7,2023-11-14,RUSFARCNY,0.24,36.0,2023-11-14,12.675935219664902,-0.05293521966490289,-0.417604056407463,-0.004184784573520329,-0.006396357734055336,False
2023-11-15,RFUD,CRZ3,12.631,12.406,12.632,12.466,113678680950.0,45734452970.0,3659160.0,9119830,12.465,0.0,12.499,-1.23,12.0,92037,CNY-12.23,CNY,12.465,CNY-12.23,2023-12-21,2022-11-02,2023-12-21,12.459,12.245,12.49,12.321,12.3373,68163,12.3373,-0.012197041565244149,0.09328452549328078,36,0.09863013698630137,RUSFAR1M,14.86,6,2023-11-15,RUSFARCNY,0.2,35.0,2023-11-15,12.51698312240019,-0.05198312240018943,-0.41530073094978676,-0.004161654995260236,-0.01259582979520335,False
2023-11-16,RFUD,CRZ3,12.452,12.355,12.47,12.421,116503127936.0,39814305164.0,3207752.0,9377264,12.424,0.0,12.412,-0.36,1.0,69264,CNY-12.23,CNY,12.424,CNY-12.23,2023-12-21,2022-11-02,2023-12-21,12.297,12.208,12.329,12.275,12.2516,59300,12.2516,-0.0069706531819924145,0.09398575867027785,35,0.0958904109589041,RUSFAR1M,14.91,5,2023-11-16,RUSFARCNY,0.26,34.0,2023-11-16,12.424924380802713,-0.0009243808027132872,-0.00743972980746276,-7.440006569092992e-05,-0.003294631129135528,False
2023-11-17,RFUD,CRZ3,12.42,12.403,12.656,12.609,117411058310.0,43540866931.0,3482913.0,9310210,12.611,0.0,12.501,1.51,1.0,89127,CNY-12.23,CNY,12.611,CNY-12.23,2023-12-21,2022-11-02,2023-12-21,12.352,12.257,12.503,12.469,12.3294,51782,12.3294,0.006330113485145006,0.09463494227096068,34,0.09315068493150686,RUSFAR1M,14.94,4,2023-11-17,RUSFARCNY,0.72,33.0,2023-11-17,12.493802003124081,0.11719799687591959,0.9380490970371883,0.009336767384734764,0.014939363127351779,False
2023-11-20,RFUD,CRZ3,12.619,12.39,12.631,12.452,115585516632.0,63245921047.0,5072745.0,9270574,12.468,0.0,12.468,-1.24,4.0,112176,CNY-12.23,CNY,12.468,CNY-12.23,2023-12-21,2022-11-02,2023-12-21,12.469,12.263,12.508,12.318,12.33,81406,12.33,4.866298451045026e-05,0.0895333328726897,31,0.08493150684931507,RUSFAR1M,15.0,1,2023-11-20,RUSFARCNY,0.75,30.0,2023-11-20,12.480133461346878,-0.012133461346877539,-0.09722220827571242,-0.0009726949971896737,-0.01140408706864715,False
2023-11-21,RFUD,CRZ3,12.449,12.394,12.475,12.423,112584729492.0,37774793272.0,3037114.0,9062604,12.423,0.0,12.438,-0.23,1.0,76093,CNY-12.23,CNY,12.423,CNY-12.23,2023-12-21,2022-11-02,2023-12-21,12.321,12.264,12.344,12.292,12.3003,77923,12.3003,-0.0024116648514156402,0.08143433095079927,30,0.0821917808219178,RUSFAR1M,15.11,0,2023-11-21,RUSFARCNY,0.68,29.0,2023-11-21,12.447053475894599,-0.02405347589459872,-0.19324634493763143,-0.0019343330658999683,-0.0036157686735505123,False
2023-11-22,RFUD,CRZ3,12.421,12.403,12.467,12.441,115481934540.0,27108065898.0,2179186.0,9283860,12.439,0.0,12.44,0.14,42.0,54065,CNY-12.23,CNY,12.439,CNY-12.23,2023-12-21,2022-11-02,2023-12-21,12.3,12.272,12.328,12.302,12.3036,38678,12.3036,0.0002682501570716589,0.08108481338044962,29,0.07945205479452055,RUSFAR1M,15.08,1,2023-11-22,RUSFARCNY,0.51,28.0,2023-11-22,12.44685607426212,-0.007856074262120316,-0.06311693664045234,-0.0006313686376427278,0.0012871049962877024,False
2023-11-23,RFUD,CRZ3,12.439,12.371,12.492,12.474,119308087392.0,37372042321.0,3000727.0,9569144,12.468,0.0,12.454,0.27,13.0,73817,CNY-12.23,CNY,12.468,CNY-12.23,2023-12-21,2022-11-02,2023-12-21,12.305,12.282,12.359,12.339,12.3269,45979,12.3269,0.0018919637806984468,0.07977583015370386,28,0.07671232876712329,RUSFAR1M,15.07,2,2023-11-23,RUSFARCNY,0.41,27.0,2023-11-23,12.46631109631755,0.0016889036824494497,0.013547742146017344,0.00013546824522304938,0.00232866367726281,False
2023-11-24,RFUD,CRZ3,12.48,12.428,12.592,12.493,130368343144.0,80020493978.0,6403265.0,10434476,12.494,0.0,12.497,0.15,1.0,116371,CNY-12.23,CNY,12.494,CNY-12.23,2023-12-21,2022-11-02,2023-12-21,12.345,12.327,12.47,12.387,12.3956,50729,12.3956,0.005557704668555097,0.08373156788533724,27,0.07397260273972603,RUSFAR1M,15.17,3,2023-11-24,RUSFARCNY,0.4,26.0,2023-11-24,12.531773815305117,-0.03777381530511725,-0.3014243303608297,-0.003018795284441524,0.0020831671662877582,False
2023-11-27,RFUD,CRZ3,12.492,12.41,12.528,12.49,140002926420.0,48063399300.0,3851108.0,11204716,12.495,0.0,12.48,-0.02,323.0,74209,CNY-12.23,CNY,12.495,CNY-12.23,2023-12-21,2022-11-02,2023-12-21,12.399,12.31,12.444,12.39,12.3801,37921,12.3801,-0.0012512261629091803,0.08371647762342706,24,0.06575342465753424,RUSFAR1M,15.21,6,2023-11-27,RUSFARCNY,0.46,23.0,2023-11-27,12.500754155211393,-0.005754155211393552,-0.04603046456196984,-0.0004604106183242029,8.003521553723303e-05,False
2023-11-28,RFUD,CRZ3,12.486,12.453,12.608,12.589,135140967012.0,41682069836.0,3331526.0,10739964,12.583,0.0,12.511,0.79,20.0,84902,CNY-12.23,CNY,12.583,CNY-12.23,2023-12-21,2022-11-02,2023-12-21,12.387,12.356,12.5,12.481,12.3844,38044,12.3844,0.00034727129909484233,0.077414751883903,23,0.06301369863013699,RUSFAR1M,15.38,7,2023-11-28,RUSFARCNY,0.54,22.0,2023-11-28,12.500752580601754,0.08224741939824654,0.6579397429709577,0.006557847665770493,0.00701813232291526,False
2023-11-29,RFUD,CRZ3,12.589,12.467,12.609,12.49,128180632230.0,46992319918.0,3750930.0,10258554,12.495,0.0,12.528,-0.79,50.0,88315,CNY-12.23,CNY,12.495,CNY-12.23,2023-12-21,2022-11-02,2023-12-21,12.5,12.372,12.51,12.407,12.4422,59077,12.4422,0.004656304482364426,0.07187802138359069,22,0.06027397260273973,RUSFAR2W,15.19,8,2023-11-29,RUSFARCNY,0.64,21.0,2023-11-29,12.551796259254948,-0.05679625925494847,-0.4524950698834861,-0.004535219276495616,-0.00701813232291526,False
2023-11-30,RFUD,CRZ3,12.484,12.457,12.599,12.581,137768265662.0,50809318462.0,4061974.0,10950502,12.581,0.0,12.509,0.73,1.0,92669,CNY-12.23,CNY,12.581,CNY-12.23,2023-12-21,2022-11-02,2023-12-21,12.416,12.372,12.513,12.489,12.408,45531,12.408,-0.0027524946754748925,0.07179968495740599,21,0.057534246575342465,RUSFAR2W,15.15,7,2023-11-30,RUSFARCNY,1.26,20.0,2023-11-30,12.507555887929058,0.07344411207094126,0.5871979524138812,0.005854806645441198,0.006859175082078561,False
2023-12-01,RFUD,CRZ3,12.582,12.529,12.701,12.698,153228080764.0,46502805466.0,3684179.0,12070906,12.694,0.0,12.622,0.93,54.0,91006,CNY-12.23,CNY,12.694,CNY-12.23,2023-12-21,2022-11-02,2023-12-21,12.487,12.453,12.635,12.625,12.558,36972,12.558,0.012016486817679972,0.08572721090189182,20,0.0547945205479452,RUSFAR2W,15.05,6,2023-12-01,RUSFARCNY,1.47,19.0,2023-12-01,12.651793813793791,0.04220618620620975,0.33359843534751477,0.0033304323019498526,0.008941701515284617,False
2023-12-04,RFUD,CRZ3,12.691,12.681,12.824,12.8,158931020316.0,42162529331.0,3304866.0,12415516,12.801,0.0,12.758,0.8,47.0,71306,CNY-12.23,CNY,12.801,CNY-12.23,2023-12-21,2022-11-02,2023-12-21,12.62,12.611,12.761,12.733,12.6917,42200,12.6917,0.010590323813021829,0.09419049134530204,17,0.04657534246575343,RUSFAR2W,14.98,3,2023-12-04,RUSFARCN1W,0.79,10.0,2023-12-04,12.775857761599195,0.02514223840080554,0.19679491483050454,0.001966015273142959,0.008393851989694223,False
2023-12-05,RFUD,CRZ3,12.8,12.772,12.994,12.985,146732695560.0,57110592299.0,4428561.0,11304522,12.98,0.0,12.898,1.44,2.0,82800,CNY-12.23,CNY,12.98,CNY-12.23,2023-12-21,2022-11-02,2023-12-21,12.7385,12.724,12.9275,12.8775,12.8292,61445,12.8292,0.010775586320378228,0.10152628857052017,16,0.043835616438356165,RUSFAR2W,14.96,2,2023-12-05,RUSFARCN1W,0.79,9.0,2023-12-05,12.909136670243601,0.0708633297563992,0.548939340922339,0.005474381601311508,0.013886418401971135,False
2023-12-06,RFUD,CRZ3,12.978,12.86,13.094,13.0,150822768778.0,73900664083.0,5692836.0,11622314,12.977,0.0,12.981,0.12,2.0,125907,CNY-12.23,CNY,12.977,CNY-12.23,2023-12-21,2022-11-02,2023-12-21,12.8955,12.811,13.0455,12.945,12.9411,66393,12.9411,0.008684470362460228,0.10528121081905938,15,0.0410958904109589,RUSFAR2W,15.06,1,2023-12-06,RUSFARCN1W,0.76,8.0,2023-12-06,13.017375025591651,-0.040375025591650626,-0.3101625751142216,-0.0031064457614513805,-0.00023115152085040336,False
2023-12-07,RFUD,CRZ3,12.988,12.89,13.044,12.904,146443619126.0,41677222076.0,3213867.0,11358382,12.893,0.0,12.968,-0.74,1.0,84347,CNY-12.23,CNY,12.893,CNY-12.23,2023-12-21,2022-11-02,2023-12-21,12.961,12.85,13.04,12.8515,12.9258,46384,12.9258,-0.0011829791574782256,0.10365611358304773,14,0.038356164383561646,RUSFAR2W,15.02,0,2023-12-07,RUSFARCN1W,0.68,7.0,2023-12-07,12.997091322486485,-0.10409132248648412,-0.8008816734740793,-0.008041059574201585,-0.006494031326393035,False
2023-12-08,RFUD,CRZ3,12.908,12.704,12.908,12.831,139708562544.0,102493361731.0,8000980.0,10885816,12.834,0.0,12.81,-0.57,135.0,179493,CNY-12.23,CNY,12.834,CNY-12.23,2023-12-21,2022-11-02,2023-12-21,12.873,12.671,12.8825,12.786,12.7858,64684,12.7858,-0.010890133916659828,0.11227095840191073,13,0.03561643835616438,RUSFAR2W,15.14,1,2023-12-08,RUSFARCN1W,0.75,6.0,2023-12-08,12.851498066452733,-0.017498066452732886,-0.1361558501760153,-0.0013624862647683379,-0.004586629100376882,False
2023-12-11,RFUD,CRZ3,12.833,12.611,12.862,12.671,123709583226.0,59248595188.0,4669030.0,9763206,12.671,0.0,12.688,-1.25,4.0,109172,CNY-12.23,CNY,12.671,CNY-12.23,2023-12-21,2022-11-02,2023-12-21,12.8095,12.5805,12.811,12.608,12.6487,84921,12.6487,-0.010780737019398856,0.1194768486603852,10,0.0273972602739726,RUSFAR1W,15.09,3,2023-12-11,RUSFARCN1W,1.09,3.0,2023-12-11,12.697308724260655,-0.026308724260655225,-0.20719921703082905,-0.0020741417158261066,-0.01278198151155241,False
2023-12-12,RFUD,CRZ3,12.666,12.54,12.666,12.57,117720082080.0,54150088552.0,4302000.0,9372618,12.56,0.0,12.586,-0.8,115.0,82954,CNY-12.23,CNY,12.56,CNY-12.23,2023-12-21,2022-11-02,2023-12-21,12.6,12.513,12.609,12.5285,12.5602,52976,12.5602,-0.007021358614088147,0.11748618547523607,9,0.024657534246575342,RUSFAR1W,15.29,2,2023-12-12,RUSFARCN1W,1.19,2.0,2023-12-12,12.603944201130206,-0.043944201130205585,-0.3486543611186812,-0.003492635768867379,-0.008798756776718708,False
2023-12-13,RFUD,CRZ3,12.57,12.483,12.57,12.53,107872594560.0,42954699727.0,3430808.0,8610520,12.528,0.0,12.52,-0.32,98.0,83565,CNY-12.23,CNY,12.528,CNY-12.23,2023-12-21,2022-11-02,2023-12-21,12.535,12.465,12.543,12.51,12.4978,54397,12.4978,-0.004980455661714789,0.10986212134933009,8,0.021917808219178082,RUSFAR1W,15.58,1,2023-12-13,RUSFARCN1W,1.29,1.0,2023-12-13,12.537005158714166,-0.009005158714165518,-0.07182862733295002,-0.0007185443645110119,-0.002551021791605379,False
2023-12-14,RFUD,CRZ3,12.536,12.516,12.693,12.64,91383054080.0,56272673821.0,4468483.0,7229672,12.64,0.0,12.593,0.88,1.0,107592,CNY-12.23,CNY,12.64,CNY-12.23,2023-12-21,2022-11-02,2023-12-21,12.51,12.4985,12.66,12.655,12.5574,59515,12.5574,0.004757504423412051,0.10692590745803023,7,0.019178082191780823,RUSFAR1W,15.78,0,2023-12-14,RUSFARCN1W,1.31,0.0,2023-12-14,12.592296042154903,0.04770395784509773,0.3788344689912025,0.003781186983710733,0.008900249470264132,False
2023-12-15,RFUD,CRZ3,12.652,12.583,12.708,12.642,77684254020.0,52525599080.0,4154510.0,6143476,12.645,0.0,12.642,0.02,3.0,92675,CNY-12.23,CNY,12.645,CNY-12.23,2023-12-21,2022-11-02,2023-12-21,12.655,12.5635,12.69,12.6435,12.619,72746,12.619,0.00489348142892343,0.1061362291166855,6,0.01643835616438356,RUSFAR1W,16.0,1,2023-12-15,RUSFARCN1W,0.9,1.0,2023-12-15,12.650361684838028,-0.00536168483802868,-0.04238364855966827,-0.0004239263296669175,0.0003954914032169299,False
2023-12-18,RFUD,CRZ3,12.647,12.569,12.712,12.6,65247899640.0,44657562234.0,3530670.0,5175940,12.606,0.0,12.648,-0.33,1.0,93249,CNY-12.23,CNY,12.606,CNY-12.23,2023-12-21,2022-11-02,2023-12-21,12.662,12.5605,12.6965,12.597,12.6492,82896,12.6492,0.002390357396233167,0.10613626417511549,3,0.00821917808219178,RUSFAR,15.7,2,2023-12-18,RUSFARCNY,0.31,2.0,2023-12-18,12.665210495571783,-0.05921049557178293,-0.4675050256171034,-0.004686012482937812,-0.003088989031009959,False
2023-12-19,RFUD,CRZ3,12.592,12.509,12.677,12.662,56368692098.0,52084589808.0,4135135.0,4448638,12.671,0.0,12.594,0.49,20.0,91056,CNY-12.23,CNY,12.671,CNY-12.23,2023-12-21,2022-11-02,2023-12-21,12.597,12.529,12.67,12.665,12.5912,87810,12.5912,-0.004595814811752419,0.10741871761631468,2,0.005479452054794521,RUSFAR,15.49,1,2023-12-19,RUSFARCNY,0.47,1.0,2023-12-19,12.601566995586708,0.06943300441329114,0.5509870672243207,0.005494746862886818,0.005143026725852984,False
2023-12-20,RFUD,CRZ3,12.675,12.617,12.747,12.743,40351376520.0,37957309506.0,2993109.0,3167298,12.74,0.0,12.682,0.64,1.0,71534,CNY-12.23,CNY,12.74,CNY-12.23,2023-12-21,2022-11-02,2023-12-21,12.681,12.612,12.743,12.743,12.6749,66162,12.6749,0.006625502644518999,0.10906949365115551,1,0.0027397260273972603,RUSFAR,15.51,0,2023-12-20,RUSFARCNY,2.65,0.0,2023-12-20,12.679366518685717,0.0606334813142837,0.4782059200270573,0.004770661477120901,0.005430732327246002,False
2023-12-21,RFUD,CRZ3,12.746,12.678,12.888,12.853,0.0,14795388263.0,1158263.0,0,12.8522,0.0,12.774,0.86,10.0,22248,CNY-12.23,CNY,12.8522,CNY-12.23,2023-12-21,2022-11-02,2023-12-21,12.743,12.664,12.9585,12.85,12.8214,95701,12.8214,0.011491989998562602,0.11471968929564143,0,0.0,RUSFAR,15.39,1,2023-12-21,RUSFARCNY,4.24,1.0,2023-12-21,12.8214,0.030799999999999272,0.24022337654233758,0.0023993530144607207,0.008768352768779408,False
2023-12-22,RFUD,CRH4,13.136,13.106,13.21,13.153,182417994436.0,39288854257.0,2986917.0,13871036,13.151,0.0,13.154,0.09,200.0,79002,CNY-3.24,CNY,13.151,CNY-3.24,2024-03-21,2022-11-02,2024-03-21,12.849,12.801,12.917,12.839,12.8585,62239,12.8585,0.0028894213615759945,0.11400060357049226,90,0.2465753424657534,RUSFAR3M,16.06,0,2023-12-22,RUSFARCN1W,2.4,83.0,2023-12-22,13.298978969107127,-0.14797896910712716,-1.1127092497166513,-0.011189461680905646,,True
2023-12-25,RFUD,CRH4,13.151,12.993,13.162,13.021,193196377980.0,38581417810.0,2946956.0,14844132,13.015,0.0,13.092,-1.0,1.0,87025,CNY-3.24,CNY,13.015,CNY-3.24,2024-03-21,2022-11-02,2024-03-21,12.84,12.721,12.866,12.761,12.8221,47996,12.8221,-0.002834826629954268,0.11470528531761669,87,0.23835616438356164,RUSFAR3M,16.05,3,2023-12-25,RUSFARCN1W,4.85,80.0,2023-12-25,13.169007273409715,-0.15400727340971443,-1.1694676008014606,-0.011763596594388033,-0.010395262913299064,False
2023-12-26,RFUD,CRH4,13.025,12.971,13.084,13.002,210210126766.0,35524134243.0,2729381.0,16168766,13.001,0.0,13.015,-0.15,23.0,63204,CNY-3.24,CNY,13.001,CNY-3.24,2024-03-21,2022-11-02,2024-03-21,12.7585,12.7415,12.8365,12.788,12.7902,57059,12.7902,-0.0024909919448905526,0.11560586115569857,86,0.2356164383561644,RUSFAR3M,16.04,4,2023-12-26,RUSFARCN1W,5.05,79.0,2023-12-26,13.125717836152557,-0.12471783615255738,-0.9501791651275888,-0.009547221680377723,-0.0010762608664971474,False
2023-12-27,RFUD,CRH4,13.003,12.961,13.121,13.069,205508561272.0,36719533722.0,2806637.0,15724888,13.069,0.0,13.083,0.52,165.0,94423,CNY-3.24,CNY,13.069,CNY-3.24,2024-03-21,2022-11-02,2024-03-21,12.788,12.735,12.824,12.735,12.7962,84770,12.7962,0.0004689991643980207,0.11509780289927812,85,0.2328767123287671,RUSFAR3M,16.04,5,2023-12-27,RUSFARCN1W,4.65,78.0,2023-12-27,13.140156318669836,-0.07115631866983563,-0.5415180530899399,-0.005429895768812804,0.005216736034867608,False
2023-12-28,RFUD,CRH4,13.076,12.871,13.087,12.936,202587019978.0,56371167611.0,4351483.0,15652246,12.943,0.0,12.956,-1.02,26.0,109836,CNY-3.24,CNY,12.943,CNY-3.24,2024-03-21,2022-11-02,2024-03-21,12.7475,12.5605,12.78,12.6,12.6639,92940,12.6639,-0.010392825701172725,0.12175861733650709,84,0.23013698630136986,RUSFAR3M,16.04,6,2023-12-28,RUSFARCN1W,5.89,77.0,2023-12-28,12.963196839982471,-0.02019683998247146,-0.1558013831910522,-0.001559228797580305,-0.009687912154598077,False
2023-12-29,RFUD,CRH4,12.935,12.778,12.988,12.915,198098385600.0,37175424725.0,2887645.0,15356464,12.9,0.0,12.874,-0.16,2.0,86346,CNY-3.24,CNY,12.9,CNY-3.24,2024-03-21,2022-11-02,2024-03-21,12.6005,12.482,12.744,12.6115,12.5922,63839,12.5922,-0.005677851498998798,0.11665781511346715,83,0.2273972602739726,RUSFAR3M,16.04,7,2023-12-28,RUSFARCN1W,5.89,76.0,2023-12-28,12.886218366081682,0.013781633918318548,0.10694862935579087,0.0010689148005248149,-0.0033277900926744763,False
2024-01-03,RFUD,CRH4,12.917,12.896,13.063,13.018,201110033700.0,16363973258.0,1258701.0,15459300,13.009,0.0,13.001,0.8,2.0,58053,CNY-3.24,CNY,13.009,CNY-3.24,2024-03-21,2022-11-02,2024-03-21,12.736,12.664,12.777,12.752,12.7257,14385,12.7257,0.01054599609749074,0.11660522217547842,78,0.2136986301369863,RUSFAR3M,16.04,12,2023-12-28,RUSFARCN1W,5.89,71.0,2023-12-28,13.004740979459472,0.004259020540528624,0.03274975293437675,0.000327443913733494,0.008414114251795723,False
2024-01-04,RFUD,CRH4,13.001,12.897,13.054,12.915,201589951200.0,19479865405.0,1501991.0,15627128,12.9,0.0,12.97,-0.79,73.0,63072,CNY-3.24,CNY,12.9,CNY-3.24,2024-03-21,2022-11-02,2024-03-21,12.737,12.648,12.7755,12.676,12.7068,19600,12.7068,-0.0014862875045120738,0.10968067034076946,77,0.21095890410958903,RUSFAR3M,16.04,13,2023-12-28,RUSFARCN1W,5.89,70.0,2023-12-28,12.981816038549798,-0.08181603854979791,-0.6302356951203385,-0.006322300641768783,-0.008414114251795723,False
2024-01-05,RFUD,CRH4,12.906,12.86,12.959,12.89,205481980270.0,15009699609.0,1163861.0,15942430,12.889,0.0,12.897,-0.19,3.0,42047,CNY-3.24,CNY,12.889,CNY-3.24,2024-03-21,2022-11-02,2024-03-21,12.676,12.6225,12.7035,12.65,12.6485,9771,12.6485,-0.004598652174658824,0.1049958346158048,76,0.20821917808219179,RUSFAR3M,16.04,14,2023-12-28,RUSFARCN1W,5.89,69.0,2023-12-28,12.918661289767671,-0.029661289767672017,-0.22960033630702492,-0.002298643220313331,-0.0008530769449839326,False
2024-01-08,RFUD,CRH4,12.894,12.806,13.012,12.97,209486078208.0,27460864840.0,2127079.0,16152832,12.969,0.0,12.91,0.62,102.0,90422,CNY-3.24,CNY,12.969,CNY-3.24,2024-03-21,2022-11-02,2024-03-21,12.66,12.573,12.7495,12.711,12.6447,13458,12.6447,-0.00030047601953020475,0.1050381536877876,73,0.2,RUSFAR3M,16.04,17,2023-12-28,RUSFARCN1W,5.89,66.0,2023-12-28,12.904010506765939,0.06498949323406045,0.5036379441878523,0.005023739305521478,0.006187659930961598,False
2024-01-09,RFUD,CRH4,12.973,12.681,12.992,12.771,219713854640.0,54878847062.0,4280618.0,17197390,12.776,0.0,12.818,-1.53,1028.0,126711,CNY-3.24,CNY,12.776,CNY-3.24,2024-03-21,2022-11-02,2024-03-21,12.7135,12.398,12.739,12.4935,12.5615,96991,12.5615,-0.006601574387244735,0.10075194343629065,72,0.19726027397260273,RUSFAR3M,16.1,18,2024-01-09,RUSFARCN1W,2.8,65.0,2024-01-09,12.89541983922558,-0.1194198392255803,-0.9260639879465291,-0.009303786186483032,-0.014993483440892685,False
2024-01-10,RFUD,CRH4,12.78,12.646,12.795,12.693,239116481694.0,39090606690.0,3079624.0,18847362,12.687,0.0,12.693,-0.61,7.0,69305,CNY-3.24,CNY,12.687,CNY-3.24,2024-03-21,2022-11-02,2024-03-21,12.5,12.384,12.535,12.409,12.4317,71146,12.4317,-0.010386918600842066,0.10024735017471548,71,0.19452054794520549,RUSFAR3M,16.03,19,2024-01-10,RUSFARCN1W,1.37,64.0,2024-01-10,12.791314352556064,-0.1043143525560648,-0.8155092563667616,-0.008188527230302401,-0.006990563754250445,False
2024-01-11,RFUD,CRH4,12.682,12.563,12.707,12.571,254580737940.0,41726732351.0,3306971.0,20253042,12.57,0.0,12.618,-0.96,4.0,76025,CNY-3.24,CNY,12.57,CNY-3.24,2024-03-21,2022-11-02,2024-03-21,12.426,12.3155,12.4475,12.323,12.3647,82118,12.3647,-0.005404023410867875,0.09908774121988664,70,0.1917808219178082,RUSFAR3M,16.0,20,2024-01-11,RUSFARCN1W,0.67,63.0,2024-01-11,12.733618712237858,-0.16361871223785762,-1.2849349107697807,-0.012932616046972368,-0.009264824556304951,False
2024-01-12,RFUD,CRH4,12.568,12.462,12.582,12.462,258946579840.0,37058805508.0,2966332.0,20775560,12.464,0.0,12.493,-0.87,2.0,63308,CNY-3.24,CNY,12.464,CNY-3.24,2024-03-21,2022-11-02,2024-03-21,12.323,12.2145,12.329,12.226,12.2459,80728,12.2459,-0.009654451558439803,0.10302373414995523,69,0.18904109589041096,RUSFAR3M,16.0,21,2024-01-12,RUSFARCN1W,0.61,62.0,2024-01-12,12.607408429279838,-0.14340842927983743,-1.1374933245343368,-0.011440122619830333,-0.008468533473763529,False
2024-01-15,RFUD,CRH4,12.462,12.335,12.473,12.367,265110417264.0,34039508438.0,2746313.0,21433456,12.369,0.0,12.395,-0.76,1.0,76537,CNY-3.24,CNY,12.369,CNY-3.24,2024-03-21,2022-11-02,2024-03-21,12.226,12.1025,12.24,12.1335,12.1552,64666,12.1552,-0.007434125323868557,0.10304797690120655,66,0.18082191780821918,RUSFAR3M,16.01,24,2024-01-15,RUSFARCN1W,0.66,59.0,2024-01-15,12.497307563036896,-0.1283075630368966,-1.0266816463442894,-0.010319883757509094,-0.007651146735519809,False
2024-01-16,RFUD,CRH4,12.37,12.331,12.584,12.355,258314843006.0,50189360575.0,4050173.0,20911102,12.353,0.0,12.392,-0.1,20.0,95077,CNY-3.24,CNY,12.353,CNY-3.24,2024-03-21,2022-11-02,2024-03-21,12.134,12.0975,12.3355,12.12,12.1301,81519,12.1301,-0.0020670948217595964,0.10012641289544298,65,0.1780821917808219,RUSFAR3M,16.02,25,2024-01-16,RUSFARCN1W,0.68,58.0,2024-01-16,12.466035363319465,-0.11303536331946518,-0.9067466923129763,-0.009108826609561693,-0.0012943938381959619,False
2024-01-17,RFUD,CRH4,12.37,12.35,12.506,12.47,257370584084.0,40064011678.0,3219065.0,20640836,12.469,0.0,12.446,0.93,1.0,91019,CNY-3.24,CNY,12.469,CNY-3.24,2024-03-21,2022-11-02,2024-03-21,12.12,12.12,12.256,12.2165,12.1933,77337,12.1933,0.005196653611531765,0.102222983597971,64,0.17534246575342466,RUSFAR3M,16.06,26,2024-01-17,RUSFARCN1W,2.52,57.0,2024-01-17,12.486249395108423,-0.017249395108423826,-0.13814712939484775,-0.0013824264051569874,0.009346615459772334,False
2024-01-18,RFUD,CRH4,12.477,12.456,12.549,12.508,257629441740.0,28758595770.0,2300264.0,20598820,12.507,0.0,12.502,0.3,2.0,65622,CNY-3.24,CNY,12.507,CNY-3.24,2024-03-21,2022-11-02,2024-03-21,12.234,12.211,12.363,12.265,12.2536,69767,12.2536,0.00493315081161505,0.10438333018600573,63,0.1726027397260274,RUSFAR3M,16.01,27,2024-01-18,RUSFARCN1W,2.11,56.0,2024-01-18,12.5511406788202,-0.04414067882020056,-0.3516865912807995,-0.003523064623355526,0.003042923552320609,False
2024-01-19,RFUD,CRH4,12.51,12.444,12.536,12.448,257567640540.0,30105031486.0,2409089.0,20683180,12.453,0.0,12.496,-0.48,5.0,60288,CNY-3.24,CNY,12.453,CNY-3.24,2024-03-21,2022-11-02,2024-03-21,12.274,12.215,12.335,12.216,12.2644,55082,12.2644,0.0008809854554630014,0.10047387631958633,62,0.16986301369863013,RUSFAR3M,16.04,28,2024-01-19,RUSFARCN1W,2.31,55.0,2024-01-19,12.553794225421155,-0.10079422542115601,-0.8028984991410002,-0.00806139086548075,-0.004326929827758175,False
2024-01-22,RFUD,CRH4,12.459,12.349,12.48,12.406,266204627984.0,29808826333.0,2404522.0,21466384,12.401,0.0,12.397,-0.34,5.0,66178,CNY-3.24,CNY,12.401,CNY-3.24,2024-03-21,2022-11-02,2024-03-21,12.2245,12.1515,12.278,12.19,12.1853,57269,12.1853,-0.006470449614617735,0.08888394930744134,59,0.16164383561643836,RUSFAR1M,15.86,29,2024-01-22,RUSFARCN1W,3.5,52.0,2024-01-22,12.431200544497226,-0.030200544497226645,-0.24294149538593973,-0.0024323707706091387,-0.004184443218376188,False
2024-01-23,RFUD,CRH4,12.405,12.386,12.509,12.505,266525670348.0,30513819062.0,2449436.0,21320348,12.501,0.0,12.457,0.8,1.0,80261,CNY-3.24,CNY,12.501,CNY-3.24,2024-03-21,2022-11-02,2024-03-21,12.1925,12.1825,12.288,12.278,12.2362,74894,12.2362,0.004168464156875995,0.09002957956319525,58,0.1589041095890411,RUSFAR1M,15.9,28,2024-01-23,RUSFARCN1W,4.05,51.0,2024-01-23,12.4687923222773,0.032207677722698946,0.25830631299516693,0.002579732756196026,0.008031526587790605,False
2024-01-24,RFUD,CRH4,12.506,12.452,12.567,12.567,272857413600.0,30972346886.0,2474037.0,21717400,12.564,0.0,12.519,0.5,18.0,74707,CNY-3.24,CNY,12.564,CNY-3.24,2024-03-21,2022-11-02,2024-03-21,12.3,12.2435,12.349,12.346,12.2957,92888,12.2957,0.0048508363944566035,0.09368737763636424,57,0.15616438356164383,RUSFAR1M,15.91,27,2024-01-24,RUSFARCN1W,3.39,50.0,2024-01-24,12.538468374897525,0.02553162510247553,0.20362634684783976,0.0020341930940971755,0.0050269405679741475,False
2024-01-25,RFUD,CRH4,12.557,12.492,12.627,12.57,285709639020.0,65947826834.0,5257452.0,22729486,12.57,0.0,12.544,0.02,20.0,120779,CNY-3.24,CNY,12.57,CNY-3.24,2024-03-21,2022-11-02,2024-03-21,12.346,12.3025,12.4085,12.379,12.3439,101588,12.3439,0.003912406165910376,0.09605665810830888,56,0.15342465753424658,RUSFAR1M,15.92,26,2024-01-25,RUSFARCN1W,3.28,49.0,2024-01-25,12.585619978186754,-0.015619978186753869,-0.12410972374683352,-0.0012418680364684497,0.0004774409257559675,False
2024-01-26,RFUD,CRH4,12.57,12.547,12.68,12.675,295708652688.0,41053387730.0,3254050.0,23331912,12.674,0.0,12.616,0.83,6.0,79617,CNY-3.24,CNY,12.674,CNY-3.24,2024-03-21,2022-11-02,2024-03-21,12.393,12.37,12.4935,12.487,12.4432,71569,12.4432,0.008012275032246219,0.10194616470884521,55,0.1506849315068493,RUSFAR1M,15.88,25,2024-01-26,RUSFARCN1W,3.98,48.0,2024-01-26,12.668337823725754,0.0056621762742459225,0.044695494807863265,0.00044685509346832034,0.008239628299169244,False
2024-01-29,RFUD,CRH4,12.671,12.483,12.707,12.492,339140639460.0,73760822548.0,5856766.0,27142108,12.495,0.0,12.594,-1.44,3.0,117860,CNY-3.24,CNY,12.495,CNY-3.24,2024-03-21,2022-11-02,2024-03-21,12.4905,12.344,12.531,12.3545,12.4426,67284,12.4426,-4.8220270203458426e-05,0.09629813260988192,52,0.14246575342465753,RUSFAR1M,15.89,22,2024-01-29,RUSFARCN1W,4.43,45.0,2024-01-29,12.647412439723631,-0.15241243972363172,-1.205087921739051,-0.012124079743888409,-0.014224086614409881,False
2024-01-30,RFUD,CRH4,12.491,12.439,12.584,12.565,382967003136.0,72361804054.0,5773019.0,30488576,12.561,0.0,12.535,0.58,34.0,106196,CNY-3.24,CNY,12.561,CNY-3.24,2024-03-21,2022-11-02,2024-03-21,12.356,12.322,12.44,12.439,12.4059,58223,12.4059,-0.002953902785730378,0.0949750072021407,51,0.13972602739726028,RUSFAR1M,15.84,21,2024-01-30,RUSFARCN1W,5.06,44.0,2024-01-30,12.59417784855368,-0.03317784855368089,-0.26343798660498546,-0.002637855950916613,0.00526821141820033,False
2024-01-31,RFUD,CRH4,12.571,12.532,12.671,12.665,398432541100.0,59115136714.0,4692005.0,31459340,12.665,0.0,12.599,0.8,40.0,136705,CNY-3.24,CNY,12.665,CNY-3.24,2024-03-21,2022-11-02,2024-03-21,12.4505,12.4095,12.509,12.501,12.4617,62697,12.4617,0.00448777474718387,0.0875680612584623,50,0.136986301369863,RUSFAR1M,15.86,20,2024-01-31,RUSFARCN1W,6.42,43.0,2024-01-31,12.623895011622484,0.04110498837751564,0.3256125652159763,0.0032508359545314774,0.00824550774852284,False
2024-02-01,RFUD,CRH4,12.651,12.622,12.747,12.742,396083034480.0,40512422338.0,3188752.0,31087280,12.741,0.0,12.705,0.61,1.0,78755,CNY-3.24,CNY,12.741,CNY-3.24,2024-03-21,2022-11-02,2024-03-21,12.513,12.476,12.574,12.566,12.5398,51065,12.5398,0.006247645464479312,0.09127945861061237,49,0.13424657534246576,RUSFAR1M,15.85,19,2024-02-01,RUSFARCN1W,4.87,42.0,2024-02-01,12.726009102609112,0.01499089739088788,0.11779731783952926,0.001177279912369789,0.005982856545605042,False
2024-02-02,RFUD,CRH4,12.744,12.686,12.815,12.739,404805054588.0,47129561455.0,3695484.0,31779326,12.738,0.0,12.753,-0.02,100.0,83933,CNY-3.24,CNY,12.738,CNY-3.24,2024-03-21,2022-11-02,2024-03-21,12.589,12.5455,12.6545,12.612,12.6053,58286,12.6053,0.005209774321728311,0.09230247931760173,48,0.13150684931506848,RUSFAR1M,15.83,18,2024-02-02,RUSFARCN1W,3.82,41.0,2024-02-02,12.805968266030218,-0.06796826603021877,-0.53075460299644,-0.00532168108956506,-0.00023548805006967655,False
2024-02-05,RFUD,CRH4,12.744,12.602,12.822,12.666,408517944856.0,64197210642.0,5040918.0,32250568,12.667,0.0,12.735,-0.57,100.0,127059,CNY-3.24,CNY,12.667,CNY-3.24,2024-03-21,2022-11-02,2024-03-21,12.6255,12.473,12.668,12.55,12.5987,75147,12.5987,-0.0005237264046074053,0.09231003230150961,45,0.1232876712328767,RUSFAR1M,15.89,15,2024-02-05,RUSFARCN1W,4.73,38.0,2024-02-05,12.773242307134485,-0.1062423071344849,-0.831756766057302,-0.008352351639485606,-0.005589465447678688,False
2024-02-06,RFUD,CRH4,12.67,12.65,12.806,12.803,413154874964.0,34888054600.0,2738358.0,32272682,12.802,0.0,12.741,1.08,5.0,83959,CNY-3.24,CNY,12.802,CNY-3.24,2024-03-21,2022-11-02,2024-03-21,12.5685,12.5505,12.66,12.648,12.6031,70365,12.6031,0.0003491814112250857,0.08914201982087525,44,0.12054794520547946,RUSFAR1M,15.97,14,2024-02-06,RUSFARCN1W,5.48,37.0,2024-02-06,12.763484172237085,0.03851582776291451,0.30176578153082595,0.00301311382513963,0.010601222218316497,False
2024-02-07,RFUD,CRH4,12.791,12.736,12.829,12.818,407314215936.0,52217407241.0,4081260.0,31781696,12.816,0.0,12.794,0.12,13.0,102148,CNY-3.24,CNY,12.816,CNY-3.24,2024-03-21,2022-11-02,2024-03-21,12.66,12.595,12.672,12.6505,12.6428,60470,12.6428,0.0031450677317277353,0.08041008497036133,43,0.1178082191780822,RUSFAR1M,15.94,13,2024-02-07,RUSFARCN1W,5.74,36.0,2024-02-07,12.795637871199919,0.020362128800082147,0.15913336251811788,0.0015900687954940559,0.0010929816061917563,False
2024-02-08,RFUD,CRH4,12.811,12.679,12.839,12.684,398450152556.0,41419657046.0,3245037.0,31418558,12.682,0.0,12.764,-1.04,1.0,81660,CNY-3.24,CNY,12.682,CNY-3.24,2024-03-21,2022-11-02,2024-03-21,12.662,12.5375,12.686,12.556,12.626,105113,12.626,-0.0013297032289112387,0.0774590396668586,42,0.11506849315068493,RUSFAR1M,15.89,12,2024-02-08,RUSFARCN1W,5.46,35.0,2024-02-08,12.77844572487004,-0.09644572487003877,-0.7547531753594364,-0.007576158503210481,-0.01051072504816375,False
2024-02-09,RFUD,CRH4,12.689,12.624,12.73,12.68,402003253584.0,31880397192.0,2517358.0,31708728,12.678,0.0,12.664,-0.03,1.0,61261,CNY-3.24,CNY,12.678,CNY-3.24,2024-03-21,2022-11-02,2024-03-21,12.585,12.5105,12.6165,12.571,12.5419,61649,12.5419,-0.006683141066404996,0.07257951725382547,41,0.11232876712328767,RUSFAR1M,15.9,11,2024-02-09,RUSFARCN1W,3.79,34.0,2024-02-09,12.71367330605997,-0.035673306059969434,-0.2805900796818946,-0.0028098447156841206,-0.0003154574158652501,False
2024-02-12,RFUD,CRH4,12.685,12.64,12.732,12.716,395764725010.0,35518506128.0,2798301.0,31125814,12.715,0.0,12.694,0.28,1.0,62625,CNY-3.24,CNY,12.715,CNY-3.24,2024-03-21,2022-11-02,2024-03-21,12.572,12.521,12.6095,12.6,12.5654,49799,12.5654,0.0018719660706252306,0.06503102007097739,38,0.10410958904109589,RUSFAR1M,15.99,8,2024-02-12,RUSFARCN1W,3.79,31.0,2024-02-09,12.72601565301593,-0.011015653015929772,-0.08656010896324161,-0.0008659759385843107,0.002914191012108436,False
2024-02-13,RFUD,CRH4,12.716,12.662,12.731,12.693,386242992000.0,41454120741.0,3263744.0,30436800,12.69,0.0,12.698,-0.18,18.0,68037,CNY-3.24,CNY,12.69,CNY-3.24,2024-03-21,2022-11-02,2024-03-21,12.6,12.54,12.606,12.557,12.5726,45630,12.5726,0.0005728379502651926,0.06368580241779458,37,0.10136986301369863,RUSFAR1M,15.96,7,2024-02-13,RUSFARCN1W,3.79,30.0,2024-02-09,12.728665236034916,-0.038665236034916006,-0.3037650477715018,-0.003042273502389847,-0.0019681171477867743,False
2024-02-14,RFUD,CRH4,12.683,12.67,12.748,12.734,382747231510.0,26931437068.0,2117623.0,30059470,12.733,0.0,12.72,0.32,22.0,59756,CNY-3.24,CNY,12.733,CNY-3.24,2024-03-21,2022-11-02,2024-03-21,12.557,12.543,12.615,12.583,12.5875,49165,12.5875,0.0011844151447615303,0.06242039826991546,36,0.09863013698630137,RUSFAR1M,15.95,6,2024-02-14,RUSFARCN1W,3.79,29.0,2024-02-09,12.73937617006524,-0.006376170065239606,-0.05005088145699173,-0.0005006341109162924,0.0033827668650023845,False
2024-02-15,RFUD,CRH4,12.73,12.708,12.875,12.861,383107146246.0,36279617612.0,2834373.0,29788286,12.861,0.0,12.802,1.0,1.0,65385,CNY-3.24,CNY,12.861,CNY-3.24,2024-03-21,2022-11-02,2024-03-21,12.5835,12.5625,12.748,12.7385,12.6679,81499,12.6679,0.00636697669465125,0.06363434737474039,35,0.0958904109589041,RUSFAR1M,15.8,5,2024-02-15,RUSFARCN1W,3.79,28.0,2024-02-09,12.81463238494916,0.04636761505084053,0.36183336094213275,0.003611803188453796,0.010002427692651139,False
2024-02-16,RFUD,CRH4,12.864,12.772,12.932,12.779,391067559050.0,75228852086.0,5854029.0,30611942,12.775,0.0,12.851,-0.64,5.0,116542,CNY-3.24,CNY,12.775,CNY-3.24,2024-03-21,2022-11-02,2024-03-21,12.7385,12.65,12.8115,12.6515,12.7333,89179,12.7333,0.005149374400614359,0.06473327120220626,34,0.09315068493150686,RUSFAR1M,15.86,4,2024-02-16,RUSFARCN1W,3.79,27.0,2024-02-09,12.877271997556644,-0.10227199755664351,-0.794205461964683,-0.007973760721410874,-0.006709340194181568,False
2024-02-19,RFUD,CRH4,12.777,12.765,12.906,12.899,401895458698.0,53636277822.0,4169455.0,31157102,12.899,0.0,12.872,0.94,10.0,103686,CNY-3.24,CNY,12.899,CNY-3.24,2024-03-21,2022-11-02,2024-03-21,12.663,12.652,12.7965,12.78,12.7657,78656,12.7657,0.002541277496125094,0.056731456834782194,31,0.08493150684931507,RUSFAR1M,15.82,1,2024-02-19,RUSFARCN1W,2.88,24.0,2024-02-19,12.906770564229895,-0.007770564229895527,-0.06020533324913234,-0.0006022346393734794,0.009659652893230675,False
2024-02-20,RFUD,CRH4,12.894,12.869,12.927,12.908,410444975088.0,43462015403.0,3368965.0,31802648,12.906,0.0,12.9,0.07,77.0,71746,CNY-3.24,CNY,12.906,CNY-3.24,2024-03-21,2022-11-02,2024-03-21,12.7855,12.777,12.848,12.7995,12.7981,110445,12.7981,0.0025348357715642145,0.05632288899782405,30,0.0821917808219178,RUSFAR1M,15.82,0,2024-02-20,RUSFARCN1W,2.42,23.0,2024-02-20,12.93983348869867,-0.033833488698668646,-0.2614677285315764,-0.0026181015241242217,0.0005425305306490102,False
2024-02-21,RFUD,CRH4,12.913,12.861,12.93,12.903,408150973362.0,38832911826.0,3011180.0,31632254,12.903,0.0,12.896,-0.04,1.0,66406,CNY-3.24,CNY,12.903,CNY-3.24,2024-03-21,2022-11-02,2024-03-21,12.805,12.767,12.83,12.7935,12.7991,78904,12.7991,7.81335458963639e-05,0.055940698065478515,29,0.07945205479452055,RUSFAR1M,15.82,1,2024-02-21,RUSFARCN1W,4.04,22.0,2024-02-21,12.919454912226808,-0.016454912226807394,-0.1273653752313859,-0.00127446553861719,-0.0002324770439390278,False
2024-02-22,RFUD,CRH4,12.898,12.821,12.95,12.91,389255145328.0,85886176951.0,6663336.0,30156116,12.908,0.0,12.888,0.05,1.0,143826,CNY-3.24,CNY,12.908,CNY-3.24,2024-03-21,2022-11-02,2024-03-21,12.7935,12.732,12.834,12.809,12.7904,103891,12.7904,-0.0006799664186645238,0.05623957912604369,28,0.07671232876712329,RUSFAR1M,15.8,2,2024-02-22,RUSFARCN1W,3.21,21.0,2024-02-22,12.914529194566391,-0.006529194566391894,-0.05055696934843712,-0.0005056975369328474,0.000387431720006326,False
2024-02-26,RFUD,CRH4,12.911,12.793,12.978,12.844,389838611646.0,51055047671.0,3967850.0,30368358,12.837,0.0,12.867,-0.51,1.0,105667,CNY-3.24,CNY,12.837,CNY-3.24,2024-03-21,2022-11-02,2024-03-21,12.837,12.7065,12.8795,12.76,12.7782,73725,12.7782,-0.0009542955754993088,0.05189197569047982,24,0.06575342465753424,RUSFAR1M,15.84,6,2024-02-26,RUSFARCN1W,3.93,17.0,2024-02-26,12.878661916849662,-0.04166191684966236,-0.32349569480626267,-0.003240200733290788,-0.0055156480869258395,False
2024-02-27,RFUD,CRH4,12.845,12.782,12.876,12.831,375893570940.0,42257819631.0,3293475.0,29298018,12.83,0.0,12.83,-0.1,19.0,65356,CNY-3.24,CNY,12.83,CNY-3.24,2024-03-21,2022-11-02,2024-03-21,12.77,12.7,12.788,12.734,12.7427,71100,12.7427,-0.0027820353433205547,0.05372867006366466,23,0.06301369863013699,RUSFAR1M,15.87,7,2024-02-27,RUSFARCN1W,4.17,16.0,2024-02-27,12.836994034043943,-0.006994034043943387,-0.05448342521150263,-0.0005449827282285481,-0.0005454474752442096,False
2024-02-28,RFUD,CRH4,12.829,12.667,12.837,12.675,394779906160.0,70612390660.0,5537710.0,31134062,12.68,0.0,12.751,-1.22,1.0,90259,CNY-3.24,CNY,12.68,CNY-3.24,2024-03-21,2022-11-02,2024-03-21,12.735,12.5975,12.756,12.6025,12.6865,102763,12.6865,-0.004420122654312131,0.0554535046061381,22,0.06027397260273973,RUSFAR2W,15.81,8,2024-02-28,RUSFARCN1W,6.21,15.0,2024-02-28,12.760120702705706,-0.08012070270570604,-0.6278992540307,-0.00629878832251833,-0.011760229618465345,False
2024-02-29,RFUD,CRH4,12.671,12.587,12.698,12.654,389068018304.0,48349406680.0,3825716.0,30741784,12.656,0.0,12.638,-0.17,95.0,80916,CNY-3.24,CNY,12.656,CNY-3.24,2024-03-21,2022-11-02,2024-03-21,12.6245,12.521,12.6375,12.582,12.5691,91410,12.5691,-0.009297014968259187,0.06509433479286403,21,0.057534246575342465,RUSFAR2W,15.89,7,2024-02-29,RUSFARCN1W,6.94,14.0,2024-02-29,12.633989180063342,0.022010819936658876,0.1742190817401707,0.0017406749633289958,-0.0018945379837815857,False
2024-03-01,RFUD,CRH4,12.652,12.651,12.749,12.728,389775007692.0,35091345027.0,2762627.0,30628242,12.726,0.0,12.702,0.58,2.0,72071,CNY-3.24,CNY,12.726,CNY-3.24,2024-03-21,2022-11-02,2024-03-21,12.582,12.5805,12.68,12.665,12.6338,50671,12.6338,0.005134341058539604,0.06388314479177197,20,0.0547945205479452,RUSFAR2W,15.86,6,2024-03-01,RUSFARCN1W,11.93,13.0,2024-03-01,12.661035250443591,0.06496474955640963,0.5131077220098058,0.005117958101050854,0.005515733785302235,False
2024-03-04,RFUD,CRH4,12.728,12.687,12.746,12.71,379742336784.0,31464639648.0,2475224.0,29882148,12.708,0.0,12.71,-0.14,28.0,62723,CNY-3.24,CNY,12.708,CNY-3.24,2024-03-21,2022-11-02,2024-03-21,12.6915,12.6305,12.721,12.657,12.6513,39718,12.6513,0.0013842146397866628,0.06143835360879217,17,0.04657534246575343,RUSFAR2W,15.71,3,2024-03-04,RUSFARCN1W,3.74,10.0,2024-03-04,12.722028839895042,-0.014028839895042111,-0.11027203342794693,-0.001103328777683715,-0.001415428403330754,False
2024-03-05,RFUD,CRH4,12.715,12.602,12.716,12.615,363008065616.0,40060426711.0,3165958.0,28773626,12.616,0.0,12.652,-0.75,15.0,83710,CNY-3.24,CNY,12.616,CNY-3.24,2024-03-21,2022-11-02,2024-03-21,12.645,12.549,12.66,12.5575,12.6086,70354,12.6086,-0.0033808558761045937,0.06269787691480966,16,0.043835616438356165,RUSFAR2W,15.66,2,2024-03-05,RUSFARCN1W,4.38,9.0,2024-03-05,12.671099601207299,-0.05509960120729929,-0.43484466969267144,-0.0043579286892073636,-0.007265866746532623,False
2024-03-06,RFUD,CRH4,12.615,12.522,12.621,12.596,344313977664.0,47249782482.0,3757315.0,27335184,12.596,0.0,12.576,-0.15,26.0,79786,CNY-3.24,CNY,12.596,CNY-3.24,2024-03-21,2022-11-02,2024-03-21,12.558,12.471,12.5755,12.533,12.5169,60695,12.5169,-0.007299389636501452,0.0678620311260357,15,0.0410958904109589,RUSFAR2W,15.63,1,2024-03-06,RUSFARCN1W,5.39,8.0,2024-03-06,12.569684845832718,0.026315154167281918,0.20935412852460095,0.002091352881499689,-0.0015865464219588787,False
2024-03-07,RFUD,CRH4,12.593,12.575,12.665,12.638,324900610740.0,44326521714.0,3510727.0,25708230,12.638,0.0,12.628,0.33,1.0,71181,CNY-3.24,CNY,12.638,CNY-3.24,2024-03-21,2022-11-02,2024-03-21,12.548,12.5345,12.6185,12.6005,12.5811,42507,12.5811,0.005115956651968734,0.06954541295419187,14,0.038356164383561646,RUSFAR2W,15.67,0,2024-03-07,RUSFARCN1W,5.79,7.0,2024-03-07,12.628867651403207,0.00913234859679335,0.07231328135566172,0.0007228714790024101,0.0033288451124855456,False
2024-03-11,RFUD,CRH4,12.637,12.605,12.655,12.639,289523620518.0,47354251693.0,3749202.0,22907162,12.639,0.0,12.631,0.01,1.0,64701,CNY-3.24,CNY,12.639,CNY-3.24,2024-03-21,2022-11-02,2024-03-21,12.601,12.571,12.6275,12.595,12.5956,67018,12.5956,0.0011518587903251998,0.06958971931473341,10,0.0273972602739726,RUSFAR1W,15.72,3,2024-03-11,RUSFARCN1W,5.14,3.0,2024-03-11,12.632162951389493,0.006837048610506713,0.054124132476890366,0.0005410949065124993,7.912331372539327e-05,False
2024-03-12,RFUD,CRH4,12.635,12.62,12.806,12.789,279895227192.0,55563046712.0,4373282.0,21887334,12.788,0.0,12.712,1.19,1.0,84698,CNY-3.24,CNY,12.788,CNY-3.24,2024-03-21,2022-11-02,2024-03-21,12.595,12.585,12.775,12.769,12.6703,60539,12.6703,0.005913125410717424,0.06818459047669019,9,0.024657534246575342,RUSFAR1W,15.85,2,2024-03-12,RUSFARCN1W,4.85,2.0,2024-03-12,12.704712667314787,0.08328733268521304,0.6555625055534318,0.006534230398264088,0.011719959532606072,False
2024-03-13,RFUD,CRH4,12.79,12.666,12.816,12.718,259800276000.0,62845386465.0,4937457.0,20424550,12.72,0.0,12.726,-0.56,1.0,104963,CNY-3.24,CNY,12.72,CNY-3.24,2024-03-21,2022-11-02,2024-03-21,12.7735,12.637,12.785,12.6865,12.6982,83989,12.6982,0.0021995791039040036,0.06828127830964535,8,0.021917808219178082,RUSFAR1W,15.7,1,2024-03-13,RUSFARCN1W,4.65,1.0,2024-03-13,12.728991268622245,-0.00899126862224442,-0.07063614415706652,-0.0007066110323548517,-0.005331673285619232,False
2024-03-14,RFUD,CRH4,12.711,12.704,12.773,12.73,242951379242.0,47158162796.0,3703142.0,19089446,12.727,0.0,12.736,0.09,8.0,73279,CNY-3.24,CNY,12.727,CNY-3.24,2024-03-21,2022-11-02,2024-03-21,12.7,12.6745,12.7425,12.7,12.7103,60096,12.7103,0.0009524372485345545,0.0682980497637138,7,0.019178082191780823,RUSFAR1W,15.71,0,2024-03-14,RUSFARCN1W,4.79,0.0,2024-03-14,12.736946394567896,-0.009946394567895922,-0.07809088819073542,-0.0007812139500789621,0.0005501630979343197,False
2024-03-15,RFUD,CRH4,12.732,12.709,12.869,12.863,218044851456.0,54362623561.0,4254019.0,16950004,12.864,0.0,12.781,1.04,1.0,94064,CNY-3.24,CNY,12.864,CNY-3.24,2024-03-21,2022-11-02,2024-03-21,12.7,12.69,12.882,12.87,12.7511,51230,12.7511,0.003204854008161284,0.06892276461710349,6,0.01643835616438356,RUSFAR1W,15.75,1,2024-03-15,RUSFARCN1W,3.98,1.0,2024-03-15,12.775794640234713,0.0882053597652881,0.6904099686097304,0.006880375523255075,0.010706991426700174,False
2024-03-18,RFUD,CRH4,12.866,12.667,12.88,12.752,187519171500.0,58574579154.0,4590396.0,14707386,12.75,0.0,12.76,-0.86,1.0,104142,CNY-3.24,CNY,12.75,CNY-3.24,2024-03-21,2022-11-02,2024-03-21,12.854,12.654,12.938,12.73,12.7483,76194,12.7483,-0.00021961301138473388,0.0655542470953494,3,0.00821917808219178,RUSFAR,15.76,2,2024-03-18,RUSFARCNY,3.13,2.0,2024-03-18,12.761540654460253,-0.011540654460253208,-0.09043308149647013,-0.000904739968768301,-0.008901440832175478,False
2024-03-19,RFUD,CRH4,12.735,12.716,12.856,12.832,146451006702.0,66906423220.0,5235224.0,11413842,12.831,0.0,12.791,0.63,26.0,89765,CNY-3.24,CNY,12.831,CNY-3.24,2024-03-21,2022-11-02,2024-03-21,12.74,12.7065,12.839,12.834,12.7796,63898,12.7796,0.0024522201736068006,0.06358645480996732,2,0.005479452054794521,RUSFAR,15.72,1,2024-03-19,RUSFARCNY,3.32,1.0,2024-03-19,12.788286076031392,0.042713923968607403,0.33400819871135445,0.003334516303057095,0.006332846308446438,False
2024-03-20,RFUD,CRH4,12.836,12.766,12.875,12.794,127483816376.0,42184528717.0,3289162.0,9962008,12.797,0.0,12.824,-0.3,1.0,64794,CNY-3.24,CNY,12.797,CNY-3.24,2024-03-21,2022-11-02,2024-03-21,12.834,12.763,12.861,12.798,12.8213,55153,12.8213,0.003257700852612899,0.06398867212608403,1,0.0027397260273972603,RUSFAR,15.55,0,2024-03-20,RUSFARCNY,2.92,0.0,2024-03-20,12.825737288735954,-0.028737288735953825,-0.22405954596615663,-0.0022431093494438537,-0.0026533494574225713,False
2024-03-21,RFUD,CRH4,12.787,12.701,12.832,12.725,0.0,18301070571.0,1433386.0,0,12.7268,0.0,12.767,-0.54,1.0,17339,CNY-3.24,CNY,12.7268,CNY-3.24,2024-03-21,2022-11-02,2024-03-21,12.7985,12.6625,12.8225,12.7295,12.742,93713,12.742,-0.006204226713346195,0.06722787492476075,0,0.0,RUSFAR,15.42,1,2024-03-21,RUSFARCNY,2.55,1.0,2024-03-21,12.742,-0.015200000000000102,-0.11929053523779706,-0.001193617430318514,-0.005500762191480657,False
2024-03-22,RFUD,CRM4,13.069,13.002,13.107,13.066,408138005340.0,35739457057.0,2736444.0,31239036,13.065,0.0,13.06,-0.01,1.0,71834,CNY-6.24,CNY,13.065,CNY-6.24,2024-06-20,2022-12-02,2024-06-20,12.716,12.68,12.784,12.7485,12.7427,68261,12.7427,5.493492175112635e-05,0.06722656243346779,90,0.2465753424657534,RUSFAR3M,16.09,0,2024-03-22,RUSFARCN1W,1.58,83.0,2024-03-22,13.206863291698102,-0.14186329169810286,-1.0741633994748685,-0.010799741835252669,,True
2024-03-25,RFUD,CRM4,13.066,13.053,13.17,13.09,410579495454.0,42537887072.0,3251455.0,31368286,13.089,0.0,13.102,0.18,35.0,69403,CNY-6.24,CNY,13.089,CNY-6.24,2024-06-20,2022-12-02,2024-06-20,12.8005,12.754,12.835,12.777,12.7877,44307,12.7877,0.0035252128130944804,0.06849091770073137,87,0.23835616438356164,RUSFAR3M,16.1,3,2024-03-25,RUSFARCN1W,2.79,80.0,2024-03-25,13.199896344981733,-0.1108963449817324,-0.8401304228717855,-0.008436794099011645,0.001835283837006596,False
2024-03-26,RFUD,CRM4,13.09,13.067,13.116,13.104,412849539648.0,21049872348.0,1607739.0,31505612,13.104,0.0,13.093,0.11,1.0,47396,CNY-6.24,CNY,13.104,CNY-6.24,2024-06-20,2022-12-02,2024-06-20,12.796,12.761,12.805,12.799,12.786,51939,12.786,-0.00013294908460670385,0.06840280957907001,86,0.2356164383561644,RUSFAR3M,16.1,4,2024-03-26,RUSFARCN1W,3.24,79.0,2024-03-26,13.17934849236284,-0.07534849236284025,-0.571716366757455,-0.005733569206424372,0.0011453443011313347,False
2024-03-27,RFUD,CRM4,13.104,12.928,13.108,12.959,403369632000.0,48833693219.0,3752186.0,31124200,12.96,0.0,13.013,-1.11,40.0,84441,CNY-6.24,CNY,12.96,CNY-6.24,2024-06-20,2022-12-02,2024-06-20,12.799,12.6215,12.799,12.662,12.704,105065,12.704,-0.006433917839755221,0.07155022878782301,85,0.2328767123287671,RUSFAR3M,16.08,5,2024-03-27,RUSFARCN1W,3.79,78.0,2024-03-27,13.07284858769478,-0.11284858769477957,-0.8632287518498589,-0.008669761525856641,-0.011049836186584727,False
2024-03-28,RFUD,CRM4,12.96,12.945,13.038,13.026,404497732704.0,35926105963.0,2763903.0,31053104,13.026,0.0,12.998,0.52,5.0,64074,CNY-6.24,CNY,13.026,CNY-6.24,2024-06-20,2022-12-02,2024-06-20,12.6635,12.6495,12.732,12.714,12.7011,62719,12.7011,-0.0002283006177967728,0.06975855374641003,84,0.23013698630136986,RUSFAR3M,16.08,6,2024-03-28,RUSFARCN1W,4.89,77.0,2024-03-28,13.032430862692463,-0.0064308626924631795,-0.049345074301315586,-0.0004935725298965253,0.005079669200080961,False
2024-03-29,RFUD,CRM4,13.025,12.907,13.038,12.974,404796918582.0,44636329840.0,3441208.0,31207842,12.971,0.0,12.97,-0.4,1.0,72147,CNY-6.24,CNY,12.971,CNY-6.24,2024-06-20,2022-12-02,2024-06-20,12.714,12.612,12.757,12.671,12.6737,88172,12.6737,-0.002159623772357566,0.06113141409699341,83,0.2273972602739726,RUSFAR3M,16.08,7,2024-03-29,RUSFARCN1W,4.73,76.0,2024-03-29,13.005060736809488,-0.03406073680948829,-0.26190371193794487,-0.002622472797185394,-0.004231263765673621,False
2024-04-01,RFUD,CRM4,12.974,12.964,13.025,13.003,407259003292.0,36769792927.0,2828743.0,31310756,13.007,0.0,12.999,0.22,50.0,64177,CNY-6.24,CNY,13.007,CNY-6.24,2024-06-20,2022-12-02,2024-06-20,12.682,12.665,12.712,12.685,12.6903,56874,12.6903,0.0013089419941731961,0.05867266660589159,80,0.2191780821917808,RUSFAR3M,16.09,10,2024-04-01,RUSFARCN1W,2.19,73.0,2024-04-01,13.082869144550124,-0.07586914455012383,-0.5799121256343708,-0.005816001451852582,0.0027715777230672423,False
2024-04-02,RFUD,CRM4,13.0,12.987,13.071,13.037,401531206648.0,36594680712.0,2806753.0,30794632,13.039,0.0,13.038,0.26,120.0,64144,CNY-6.24,CNY,13.039,CNY-6.24,2024-06-20,2022-12-02,2024-06-20,12.681,12.677,12.75,12.72,12.7209,49772,12.7209,0.002408388017161478,0.059052881022558394,79,0.21643835616438356,RUSFAR3M,16.09,11,2024-04-02,RUSFARCN1W,2.37,72.0,2024-04-02,13.104316144116575,-0.06531614411657571,-0.4984322981699476,-0.004996786150378602,0.0024571923597318523,False
2024-04-03,RFUD,CRM4,13.04,12.936,13.082,13.018,399987183760.0,40872428678.0,3143267.0,30732784,13.015,0.0,13.003,-0.15,2.0,82912,CNY-6.24,CNY,13.015,CNY-6.24,2024-06-20,2022-12-02,2024-06-20,12.7295,12.65,12.7805,12.7215,12.7156,57511,12.7156,-0.00041672400500836204,0.05753738145165764,78,0.2136986301369863,RUSFAR3M,16.08,12,2024-04-03,RUSFARCN1W,4.42,71.0,2024-04-03,13.03641827224021,-0.021418272240209646,-0.1642956814742419,-0.0016443079483956478,-0.0018423279948067695,False
2024-04-04,RFUD,CRM4,13.014,12.971,13.031,13.001,398977080184.0,19830608720.0,1525373.0,30688184,13.001,0.0,13.001,-0.13,1.0,61596,CNY-6.24,CNY,13.001,CNY-6.24,2024-06-20,2022-12-02,2024-06-20,12.723,12.689,12.7425,12.724,12.7153,45821,12.7153,-2.3593345105155095e-05,0.049872130498698625,77,0.21095890410958903,RUSFAR3M,16.07,13,2024-04-04,RUSFARCN1W,4.42,70.0,2024-04-03,13.031672038271857,-0.030672038271857716,-0.2353653328734719,-0.0023564275245823705,-0.0010762608664971474,False
2024-04-05,RFUD,CRM4,13.0,12.988,13.075,13.052,400629364928.0,34020400244.0,2608050.0,30694864,13.052,0.0,13.045,0.39,1.0,54677,CNY-6.24,CNY,13.052,CNY-6.24,2024-06-20,2022-12-02,2024-06-20,12.721,12.719,12.792,12.759,12.7589,56988,12.7589,0.003423074528217107,0.0482588070304216,76,0.20821917808219179,RUSFAR3M,16.04,14,2024-04-05,RUSFARCN1W,4.42,69.0,2024-04-03,13.071367300179503,-0.01936730017950339,-0.14816583250045637,-0.0014827570661406812,0.003915101151042766,False
2024-04-08,RFUD,CRM4,13.055,13.029,13.074,13.052,401773688388.0,18666637227.0,1430658.0,30777822,13.054,0.0,13.048,0.0,170.0,38924,CNY-6.24,CNY,13.054,CNY-6.24,2024-06-20,2022-12-02,2024-06-20,12.759,12.7525,12.7885,12.775,12.77,35006,12.77,0.0008696027403840567,0.048234278389123905,73,0.2,RUSFAR3M,16.01,17,2024-04-08,RUSFARCN1W,3.4,66.0,2024-04-08,13.096154926277029,-0.04215492627702844,-0.3218878099284385,-0.0032240698314222266,0.00015322148195151541,False
2024-04-09,RFUD,CRM4,13.055,13.051,13.1,13.093,402685967320.0,29120363018.0,2226181.0,30760520,13.091,0.0,13.081,0.31,1.0,47783,CNY-6.24,CNY,13.091,CNY-6.24,2024-06-20,2022-12-02,2024-06-20,12.779,12.775,12.825,12.823,12.7997,41719,12.7997,0.0023230631064610208,0.044624034595882926,72,0.19726027397260273,RUSFAR3M,16.0,18,2024-04-09,RUSFARCN1W,3.26,65.0,2024-04-09,13.12544472948694,-0.03444472948694077,-0.2624271420652059,-0.002627720857056504,0.0028303709849359926,False
2024-04-10,RFUD,CRM4,13.094,13.091,13.17,13.152,405916382900.0,32607151643.0,2480630.0,30868166,13.15,0.0,13.145,0.45,25.0,58759,CNY-6.24,CNY,13.15,CNY-6.24,2024-06-20,2022-12-02,2024-06-20,12.83,12.816,12.8985,12.8755,12.8731,51798,12.8731,0.005718129693417673,0.048012208500317115,71,0.19452054794520549,RUSFAR3M,16.0,19,2024-04-10,RUSFARCN1W,2.4,64.0,2024-04-10,13.218199861855979,-0.06819986185597848,-0.5159542340767912,-0.00517289874110081,0.004496787425811721,False
2024-04-11,RFUD,CRM4,13.156,13.091,13.205,13.11,406504824348.0,31505707183.0,2394563.0,31004868,13.111,0.0,13.157,-0.32,41.0,60965,CNY-6.24,CNY,13.111,CNY-6.24,2024-06-20,2022-12-02,2024-06-20,12.89,12.8345,12.94,12.8555,12.8985,48558,12.8985,0.001971162692597339,0.048223469157478514,70,0.1917808219178082,RUSFAR3M,16.0,20,2024-04-11,RUSFARCN1W,2.28,63.0,2024-04-11,13.242394058669174,-0.13139405866917286,-0.9922228419351057,-0.009971781786782312,-0.0029701861065087876,False
2024-04-12,RFUD,CRM4,13.105,13.061,13.162,13.095,409197676252.0,23185762048.0,1768980.0,31253164,13.093,0.0,13.107,-0.11,70.0,49494,CNY-6.24,CNY,13.093,CNY-6.24,2024-06-20,2022-12-02,2024-06-20,12.86,12.8395,12.915,12.857,12.8698,36962,12.8698,-0.0022275440651760015,0.04838821414084989,69,0.18904109589041096,RUSFAR3M,15.99,21,2024-04-12,RUSFARCN1W,3.54,62.0,2024-04-12,13.176291259157198,-0.08329125915719793,-0.6321297664038243,-0.00634136166448788,-0.0013738362716484431,False
2024-04-15,RFUD,CRM4,13.092,13.085,13.143,13.134,407648192058.0,17681351608.0,1347585.0,31044718,13.131,0.0,13.121,0.3,47.0,38669,CNY-6.24,CNY,13.131,CNY-6.24,2024-06-20,2022-12-02,2024-06-20,12.86,12.856,12.9015,12.8845,12.8823,37658,12.8823,0.0009707946910513243,0.04834987092878222,66,0.18082191780821918,RUSFAR3M,16.01,24,2024-04-15,RUSFARCN1W,3.26,59.0,2024-04-15,13.182748865022843,-0.051748865022842594,-0.3925498813084833,-0.003933223806479295,0.0028981106312517824,False
2024-04-16,RFUD,CRM4,13.131,13.129,13.231,13.231,410134538000.0,39125763528.0,2972995.0,30998000,13.231,0.0,13.181,0.74,150.0,76821,CNY-6.24,CNY,13.231,CNY-6.24,2024-06-20,2022-12-02,2024-06-20,12.894,12.8815,12.984,12.9775,12.9364,52433,12.9364,0.004190767093440684,0.04964647855837509,65,0.1780821917808219,RUSFAR3M,16.01,25,2024-04-16,RUSFARCN1W,2.7,58.0,2024-04-16,13.246690968052729,-0.01569096805272885,-0.1184519823899495,-0.0011852219219935522,0.0075867141834060625,False
2024-04-17,RFUD,CRM4,13.231,13.174,13.258,13.195,413103110868.0,25438759326.0,1923972.0,31309922,13.194,0.0,13.222,-0.27,50.0,51765,CNY-6.24,CNY,13.194,CNY-6.24,2024-06-20,2022-12-02,2024-06-20,12.9805,12.95,13.029,12.98,12.9941,40880,12.9941,0.004450365032113712,0.05066032994399218,64,0.17534246575342466,RUSFAR3M,16.01,26,2024-04-17,RUSFARCN1W,3.21,57.0,2024-04-17,13.289034798028554,-0.09503479802855352,-0.7151369491684382,-0.007177063104112819,-0.002800380259595059,False
2024-04-18,RFUD,CRM4,13.196,13.124,13.234,13.127,414874246844.0,33262626888.0,2525710.0,31599836,13.129,0.0,13.17,-0.52,6.0,64884,CNY-6.24,CNY,13.129,CNY-6.24,2024-06-20,2022-12-02,2024-06-20,12.99,12.9245,13.013,12.9535,12.9706,54056,12.9706,-0.0018101504286023307,0.044817078683009146,63,0.1726027397260274,RUSFAR3M,16.02,27,2024-04-18,RUSFARCN1W,3.62,56.0,2024-04-18,13.251198452480802,-0.12219845248080219,-0.9221690620588736,-0.00926447363380584,-0.004938656848705758,False
2024-04-19,RFUD,CRM4,13.127,12.995,13.139,13.032,407831425062.0,37328597027.0,2859476.0,31292214,13.033,0.0,13.054,-0.72,13.0,71903,CNY-6.24,CNY,13.033,CNY-6.24,2024-06-20,2022-12-02,2024-06-20,12.8535,12.8045,12.968,12.84,12.874,55764,12.874,-0.007475484229327201,0.053755983928318055,62,0.16986301369863013,RUSFAR3M,16.02,28,2024-04-19,RUSFARCN1W,4.64,55.0,2024-04-19,13.125280564463964,-0.09228056446396415,-0.7030749857935162,-0.0070555820407455765,-0.007338921403390319,False
2024-04-22,RFUD,CRM4,13.038,12.998,13.073,13.055,413121837210.0,30544741512.0,2343936.0,31649570,13.053,0.0,13.031,0.18,1.0,69610,CNY-6.24,CNY,13.053,CNY-6.24,2024-06-20,2022-12-02,2024-06-20,12.854,12.8255,12.872,12.8505,12.852,51849,12.852,-0.0017103323768123957,0.053072471954235666,59,0.16164383561643836,RUSFAR1M,15.81,29,2024-04-22,RUSFARCN1W,4.69,52.0,2024-04-22,13.085100752166868,-0.03210075216686725,-0.24532292700575062,-0.0024562433675070806,0.0015333898580700556,False
2024-04-23,RFUD,CRM4,13.054,12.961,13.059,12.974,418262567100.0,35556505689.0,2734366.0,32236036,12.975,0.0,13.004,-0.62,10.0,71303,CNY-6.24,CNY,12.975,CNY-6.24,2024-06-20,2022-12-02,2024-06-20,12.851,12.79,12.8695,12.806,12.8365,42333,12.8365,-0.0012067658198051667,0.053311785847143384,58,0.1589041095890411,RUSFAR1M,15.89,28,2024-04-23,RUSFARCN1W,4.45,51.0,2024-04-23,13.071983888157455,-0.09698388815745496,-0.7419217234907807,-0.007446876518840807,-0.005993563354700804,False
2024-04-24,RFUD,CRM4,12.979,12.851,12.983,12.851,407221172708.0,37499976062.0,2907339.0,31680502,12.854,0.0,12.898,-0.95,150.0,61142,CNY-6.24,CNY,12.854,CNY-6.24,2024-06-20,2022-12-02,2024-06-20,12.814,12.6605,12.8205,12.6745,12.7175,53639,12.7175,-0.009313677719023694,0.058763743663138496,57,0.15616438356164383,RUSFAR1M,15.86,27,2024-04-24,RUSFARCN1W,4.1,50.0,2024-04-24,12.953213825659894,-0.0992138256598949,-0.7659398431558008,-0.007688882272537821,-0.00936938210285776,False
2024-04-25,RFUD,CRM4,12.857,12.83,12.907,12.867,402037359836.0,30901505325.0,2400559.0,31248046,12.866,0.0,12.873,0.12,1.0,58018,CNY-6.24,CNY,12.866,CNY-6.24,2024-06-20,2022-12-02,2024-06-20,12.6705,12.6435,12.719,12.652,12.6716,64114,12.6716,-0.0036157287974845076,0.060191729971346794,56,0.15342465753424658,RUSFAR1M,15.85,26,2024-04-25,RUSFARCN1W,4.27,49.0,2024-04-25,12.898742735580537,-0.03274273558053764,-0.2538443959365004,-0.002541671270955694,0.0009331260397140717,False
2024-04-26,RFUD,CRM4,12.868,12.686,12.893,12.737,401607370024.0,78273231527.0,6121754.0,31525816,12.739,0.0,12.786,-1.01,2.0,102617,CNY-6.24,CNY,12.739,CNY-6.24,2024-06-20,2022-12-02,2024-06-20,12.67,12.4965,12.7185,12.574,12.6068,97499,12.6068,-0.005126917996431057,0.062408498913951393,55,0.1506849315068493,RUSFAR1M,15.86,25,2024-04-26,RUSFARCN1W,5.96,48.0,2024-04-26,12.796275591094993,-0.05727559109499225,-0.44759579212916206,-0.00448600501239552,-0.009920018861158564,False
2024-04-27,RFUD,CRM4,12.737,12.7,12.854,12.852,400734763458.0,22524360407.0,1762472.0,31183158,12.851,0.0,12.78,0.9,1.0,37920,CNY-6.24,CNY,12.851,CNY-6.24,2024-06-20,2022-12-02,2024-06-20,12.574,12.5375,12.702,12.7,12.5785,35247,12.5785,-0.0022473436417982384,0.06249585386681914,54,0.14794520547945206,RUSFAR1M,15.86,24,2024-04-26,RUSFARCN1W,5.96,47.0,2024-04-26,12.764087742661067,0.08691225733893404,0.6809124090274743,0.006786046703469183,0.008753475197354366,False
2024-04-29,RFUD,CRM4,12.855,12.833,12.945,12.927,402176497268.0,20325996147.0,1573827.0,31123394,12.922,0.0,12.915,0.58,3.0,45462,CNY-6.24,CNY,12.922,CNY-6.24,2024-06-20,2022-12-02,2024-06-20,12.7025,12.681,12.7565,12.739,12.7387,19602,12.7387,0.012655596842103378,0.07748363703524917,52,0.14246575342465753,RUSFAR1M,15.86,22,2024-04-26,RUSFARCN1W,5.96,45.0,2024-04-26,12.919641027383378,0.0023589726166228786,0.018258809293717992,0.00018257142576008815,0.005509655810969516,False
2024-04-30,RFUD,CRM4,12.912,12.871,12.937,12.906,401252583674.0,17274085824.0,1338449.0,31087982,12.907,0.0,12.906,-0.16,7.0,45969,CNY-6.24,CNY,12.907,CNY-6.24,2024-06-20,2022-12-02,2024-06-20,12.739,12.704,12.752,12.739,12.73,18545,12.73,-0.000683191551857476,0.07751160189779618,51,0.13972602739726028,RUSFAR1M,15.86,21,2024-04-26,RUSFARCN1W,5.96,44.0,2024-04-26,12.907316088925258,-0.000316088925258029,-0.0024489128729809273,-2.4489428593374077e-05,-0.001161485282922925,False
2024-05-02,RFUD,CRM4,12.904,12.798,12.928,12.855,406307117744.0,40140918769.0,3122720.0,31604474,12.856,0.0,12.854,-0.4,80.0,75913,CNY-6.24,CNY,12.856,CNY-6.24,2024-06-20,2022-12-02,2024-06-20,12.743,12.631,12.765,12.703,12.6892,58938,12.6892,-0.0032101745954036254,0.07837582841696539,49,0.13424657534246576,RUSFAR1M,15.9,19,2024-05-02,RUSFARCN1W,5.96,42.0,2024-04-26,12.859660870241397,-0.0036608702413971628,-0.02846785990965594,-0.0002847191277408656,-0.003959171417839524,False
2024-05-03,RFUD,CRM4,12.856,12.841,12.92,12.871,407220999378.0,32776431026.0,2544516.0,31643562,12.869,0.0,12.881,0.12,1.0,58319,CNY-6.24,CNY,12.869,CNY-6.24,2024-06-20,2022-12-02,2024-06-20,12.703,12.676,12.7365,12.6955,12.7015,52701,12.7015,0.000968858752389945,0.07738945350816012,48,0.13150684931506848,RUSFAR1M,16.02,18,2024-05-03,RUSFARCN1W,5.96,41.0,2024-04-26,12.870652064248992,-0.0016520642489918913,-0.012835901714574785,-0.0001283672558693546,0.0010106900763164894,False
2024-05-06,RFUD,CRM4,12.871,12.779,12.88,12.819,405529936448.0,32991109466.0,2572836.0,31637536,12.818,0.0,12.823,-0.4,40.0,60863,CNY-6.24,CNY,12.818,CNY-6.24,2024-06-20,2022-12-02,2024-06-20,12.6955,12.6055,12.718,12.6445,12.65,52710,12.65,-0.004062881552771902,0.0784372409394286,45,0.1232876712328767,RUSFAR1M,16.02,15,2024-05-06,RUSFARCN1W,3.77,38.0,2024-05-06,12.842499634505932,-0.024499634505932733,-0.19076998406218187,-0.0019095218175215116,-0.003970885429492643,False
2024-05-07,RFUD,CRM4,12.819,12.737,12.837,12.762,398177630078.0,37253481699.0,2916474.0,31188034,12.767,0.0,12.773,-0.45,3.0,72307,CNY-6.24,CNY,12.767,CNY-6.24,2024-06-20,2022-12-02,2024-06-20,12.644,12.563,12.6545,12.596,12.5985,71982,12.5985,-0.004079455921874864,0.07870318000347917,44,0.12054794520547946,RUSFAR1M,16.03,14,2024-05-07,RUSFARCN1W,2.3,37.0,2024-05-07,12.808755904791257,-0.04175590479125724,-0.32599500764658945,-0.0032652752901530537,-0.003986716243821409,False
2024-05-08,RFUD,CRM4,12.769,12.738,12.816,12.794,398617284520.0,33993510628.0,2658585.0,31156580,12.794,0.0,12.786,0.25,100.0,67890,CNY-6.24,CNY,12.794,CNY-6.24,2024-06-20,2022-12-02,2024-06-20,12.604,12.584,12.647,12.6255,12.6228,66546,12.6228,0.0019269432994368785,0.07563446631589014,43,0.1178082191780822,RUSFAR1M,16.03,13,2024-05-08,RUSFARCN1W,1.91,36.0,2024-05-08,12.8345303602315,-0.04053036023150014,-0.31579153341742594,-0.003162912071090954,0.0021125941897319755,False
2024-05-10,RFUD,CRM4,12.788,12.782,12.865,12.837,398369285952.0,15394496370.0,1199692.0,31032896,12.837,0.0,12.832,0.34,50.0,39886,CNY-6.24,CNY,12.837,CNY-6.24,2024-06-20,2022-12-02,2024-06-20,12.632,12.6135,12.6975,12.692,12.6688,33710,12.6688,0.0036375753785828913,0.07672087142894322,41,0.11232876712328767,RUSFAR1M,16.03,11,2024-05-08,RUSFARCN1W,1.91,34.0,2024-05-08,12.871339556649826,-0.03433955664982591,-0.2667908534204179,-0.002671473744693077,0.0033553150748435456,False
2024-05-13,RFUD,CRM4,12.837,12.717,12.851,12.717,394403766300.0,36982192586.0,2895156.0,31013900,12.717,0.0,12.774,-0.94,5.0,73649,CNY-6.24,CNY,12.717,CNY-6.24,2024-06-20,2022-12-02,2024-06-20,12.6925,12.567,12.717,12.5765,12.6216,54771,12.6216,-0.003732645968567372,0.07725088751884537,38,0.10410958904109589,RUSFAR1M,16.05,8,2024-05-13,RUSFARCN1W,2.3,31.0,2024-05-13,12.803578478089031,-0.08657847808903085,-0.6762053142970459,-0.006785019415647978,-0.009391945064179286,False
2024-05-14,RFUD,CRM4,12.717,12.705,12.777,12.76,393866304288.0,31414788139.0,2464469.0,30857592,12.764,0.0,12.747,0.34,3.0,54199,CNY-6.24,CNY,12.764,CNY-6.24,2024-06-20,2022-12-02,2024-06-20,12.5885,12.5585,12.627,12.6085,12.6012,50471,12.6012,-0.0016175844432959607,0.07693248416919642,37,0.10136986301369863,RUSFAR1M,16.07,7,2024-05-14,RUSFARCN1W,2.03,30.0,2024-05-14,12.781826741890837,-0.017826741890837994,-0.1394694377479948,-0.0013956678689372398,0.0036890273773870774,False
2024-05-15,RFUD,CRM4,12.764,12.69,12.779,12.713,395380709412.0,26567148743.0,2085916.0,31098058,12.714,0.0,12.736,-0.37,1.0,58297,CNY-6.24,CNY,12.714,CNY-6.24,2024-06-20,2022-12-02,2024-06-20,12.6095,12.552,12.637,12.5735,12.6036,44262,12.6036,0.00019043991678202588,0.07455525321959608,36,0.09863013698630137,RUSFAR1M,16.04,6,2024-05-15,RUSFARCN1W,2.77,29.0,2024-05-15,12.769642911968987,-0.0556429119689863,-0.4357436801684736,-0.004366958098458001,-0.003924959901779879,False
2024-05-16,RFUD,CRM4,12.712,12.685,12.744,12.72,397210503424.0,25821404193.0,2030718.0,31229696,12.719,0.0,12.715,0.06,6.0,48633,CNY-6.24,CNY,12.719,CNY-6.24,2024-06-20,2022-12-02,2024-06-20,12.5815,12.552,12.605,12.5875,12.5827,54347,12.5827,-0.001659632800150579,0.07138885310855228,35,0.0958904109589041,RUSFAR1M,15.98,5,2024-05-16,RUSFARCN1W,3.4,28.0,2024-05-16,12.735404468770454,-0.016404468770454983,-0.1288099550405466,-0.001288929863725373,0.00039318995513015764,False
2024-05-17,RFUD,CRM4,12.716,12.682,12.723,12.689,396576791820.0,15379384773.0,1211153.0,31243740,12.693,0.0,12.698,-0.24,1.0,35832,CNY-6.24,CNY,12.693,CNY-6.24,2024-06-20,2022-12-02,2024-06-20,12.5875,12.556,12.601,12.5715,12.576,36210,12.576,-0.000532618947591601,0.07148498721104105,34,0.09315068493150686,RUSFAR1M,15.91,4,2024-05-17,RUSFARCN1W,4.89,27.0,2024-05-17,12.705760091663782,-0.012760091663782447,-0.10042761371005511,-0.0010047807602625886,-0.002046278063307483,False
2024-05-20,RFUD,CRM4,12.69,12.583,12.697,12.613,382000294668.0,36052504057.0,2856103.0,30286236,12.613,0.0,12.622,-0.6,193.0,56592,CNY-6.24,CNY,12.613,CNY-6.24,2024-06-20,2022-12-02,2024-06-20,12.572,12.473,12.582,12.503,12.513,47868,12.513,-0.005022131803932961,0.06928188354542802,31,0.08493150684931507,RUSFAR1M,15.89,1,2024-05-20,RUSFARCN1W,3.38,24.0,2024-05-20,12.646658567124351,-0.03365856712435189,-0.26614593052942137,-0.0026650072847112126,-0.006322632300983955,False
2024-05-21,RFUD,CRM4,12.618,12.503,12.629,12.513,369286237350.0,35703402597.0,2839844.0,29507490,12.515,0.0,12.572,-0.79,68.0,53873,CNY-6.24,CNY,12.515,CNY-6.24,2024-06-20,2022-12-02,2024-06-20,12.505,12.3955,12.5185,12.408,12.4601,50621,12.4601,-0.0042365648736333306,0.06999790523010989,30,0.0821917808219178,RUSFAR1M,15.94,0,2024-05-21,RUSFARCN1W,4.14,23.0,2024-05-21,12.581533820352782,-0.06653382035278099,-0.5288212176893025,-0.005302244262533282,-0.007800103221318189,False
2024-05-22,RFUD,CRM4,12.515,12.468,12.55,12.526,364039450848.0,30321000486.0,2421088.0,29058066,12.528,0.0,12.523,0.1,40.0,54407,CNY-6.24,CNY,12.528,CNY-6.24,2024-06-20,2022-12-02,2024-06-20,12.4155,12.368,12.444,12.409,12.4213,40716,12.4213,-0.0031187980941838056,0.07020287395301104,29,0.07945205479452055,RUSFAR1M,15.95,1,2024-05-22,RUSFARCN1W,3.31,22.0,2024-05-22,12.546672370282998,-0.01867237028299762,-0.14882328741781317,-0.0014893413926809487,0.001038214364709411,False
2024-05-23,RFUD,CRM4,12.526,12.482,12.543,12.482,367560996880.0,25737574845.0,2056666.0,29440208,12.485,0.0,12.514,-0.35,52.0,48781,CNY-6.24,CNY,12.485,CNY-6.24,2024-06-20,2022-12-02,2024-06-20,12.409,12.3865,12.438,12.39,12.4216,41283,12.4216,2.415176972192512e-05,0.06424433811063932,28,0.07671232876712329,RUSFAR1M,16.02,2,2024-05-23,RUSFARCN1W,2.88,21.0,2024-05-23,12.547442910734814,-0.06244291073481456,-0.49765447174413746,-0.004988968953086431,-0.003438215516710752,False
2024-05-24,RFUD,CRM4,12.485,12.365,12.485,12.399,357759469144.0,38279486496.0,3082885.0,28858552,12.397,0.0,12.417,-0.66,1.0,64229,CNY-6.24,CNY,12.397,CNY-6.24,2024-06-20,2022-12-02,2024-06-20,12.39,12.2675,12.403,12.288,12.3287,56944,12.3287,-0.007507014968168857,0.06760062045986313,27,0.07397260273972603,RUSFAR1M,15.98,3,2024-05-24,RUSFARCN1W,2.31,20.0,2024-05-24,12.454000947262665,-0.057000947262665136,-0.4576918494228451,-0.004587424655164956,-0.007073415875726408,False
2024-05-27,RFUD,CRM4,12.397,12.233,12.411,12.256,355140557538.0,36347936363.0,2956490.0,28969782,12.259,0.0,12.294,-1.15,2.0,57007,CNY-6.24,CNY,12.259,CNY-6.24,2024-06-20,2022-12-02,2024-06-20,12.3,12.141,12.3225,12.1775,12.195,74033,12.195,-0.010903846048770038,0.07460428264031502,24,0.06575342465753424,RUSFAR1M,16.15,6,2024-05-27,RUSFARCN1W,2.64,17.0,2024-05-27,12.303814291910479,-0.04481429191047859,-0.36423088683923915,-0.0036489582262590825,-0.011194146743152888,False
2024-05-28,RFUD,CRM4,12.256,12.219,12.309,12.282,342180180036.0,50322141059.0,4103796.0,27860298,12.282,0.0,12.262,0.21,29.0,83252,CNY-6.24,CNY,12.282,CNY-6.24,2024-06-20,2022-12-02,2024-06-20,12.1755,12.13,12.21,12.1885,12.1702,67003,12.1702,-0.0020356909497438735,0.07458598235112196,23,0.06301369863013699,RUSFAR1M,16.2,7,2024-05-28,RUSFARCN1W,3.18,16.0,2024-05-28,12.270459710995558,0.011540289004441817,0.09404936144405873,0.0009400516274234641,0.0018744147943503542,False
2024-05-29,RFUD,CRM4,12.279,12.275,12.438,12.396,342069078880.0,38713451919.0,3128409.0,27597344,12.395,0.0,12.377,0.93,1.0,66740,CNY-6.24,CNY,12.395,CNY-6.24,2024-06-20,2022-12-02,2024-06-20,12.199,12.181,12.338,12.301,12.276,51691,12.276,0.008655796039349628,0.06516772384671148,22,0.06027397260273973,RUSFAR2W,16.1,8,2024-05-29,RUSFARCN1W,3.09,15.0,2024-05-29,12.372642442309452,0.02235755769054748,0.18070155825479642,0.0018053848940477355,0.009158389579946302,False
2024-05-30,RFUD,CRM4,12.386,12.386,12.478,12.454,323870191500.0,38493670356.0,3092374.0,26013670,12.45,0.0,12.451,0.47,9.0,57508,CNY-6.24,CNY,12.45,CNY-6.24,2024-06-20,2022-12-02,2024-06-20,12.3095,12.307,12.39,12.3655,12.3656,43462,12.3656,0.007272287098482266,0.0727357998486824,21,0.057534246575342465,RUSFAR2W,16.24,7,2024-05-30,RUSFARCN1W,3.27,14.0,2024-05-30,12.458219621586524,-0.008219621586524894,-0.06597749787845003,-0.0006599927260772817,0.004427457423562764,False
2024-05-31,RFUD,CRM4,12.458,12.446,12.517,12.468,306213581280.0,47812731636.0,3833588.0,24559960,12.468,0.0,12.476,0.11,50.0,55938,CNY-6.24,CNY,12.468,CNY-6.24,2024-06-20,2022-12-02,2024-06-20,12.389,12.377,12.439,12.388,12.403,49541,12.403,0.003019954977220518,0.0740879479564445,20,0.0547945205479452,RUSFAR2W,16.37,6,2024-05-31,RUSFARCN1W,3.74,13.0,2024-05-31,12.489133257060171,-0.021133257060171218,-0.1692131601544445,-0.0016935648733074355,0.0014447389943739175,False
2024-06-03,RFUD,CRM4,12.47,12.286,12.479,12.325,293255508630.0,67127474985.0,5427729.0,23789690,12.327,0.0,12.367,-1.15,1.0,95041,CNY-6.24,CNY,12.327,CNY-6.24,2024-06-20,2022-12-02,2024-06-20,12.372,12.22,12.412,12.2725,12.2976,65340,12.2976,-0.008534257444804627,0.07807145040010939,17,0.04657534246575343,RUSFAR2W,16.35,3,2024-06-03,RUSFARCN1W,3.2,10.0,2024-06-03,12.373149710379938,-0.04614971037993776,-0.3729827203272452,-0.0037368003532519435,-0.01137338333570792,False
2024-06-04,RFUD,CRM4,12.324,12.245,12.361,12.295,292112429620.0,42961236376.0,3491742.0,23758636,12.295,0.0,12.304,-0.24,145.0,69967,CNY-6.24,CNY,12.295,CNY-6.24,2024-06-20,2022-12-02,2024-06-20,12.2895,12.1775,12.3135,12.229,12.2311,58736,12.2311,-0.005422232970218932,0.07878243742874554,16,0.043835616438356165,RUSFAR2W,16.31,2,2024-06-04,RUSFARCN1W,2.82,9.0,2024-06-04,12.303641962653368,-0.008641962653367585,-0.07023906156892008,-0.0007026374075473467,-0.0025993029012267854,False
2024-06-05,RFUD,CRM4,12.296,12.243,12.325,12.284,286350162016.0,29972812483.0,2439517.0,23310824,12.284,0.0,12.287,-0.09,6.0,49300,CNY-6.24,CNY,12.284,CNY-6.24,2024-06-20,2022-12-02,2024-06-20,12.229,12.181,12.2615,12.216,12.2254,51537,12.2254,-0.00046613375611448404,0.0783680860813791,15,0.0410958904109589,RUSFAR2W,16.31,1,2024-06-05,RUSFARCN1W,2.62,8.0,2024-06-05,12.294374279002033,-0.010374279002032694,-0.08438232614856428,-0.0008441794807388255,-0.00089507308957959,False
2024-06-06,RFUD,CRM4,12.286,12.227,12.33,12.29,274812559984.0,61307009282.0,4987922.0,22367944,12.286,0.0,12.291,0.05,35.0,77582,CNY-6.24,CNY,12.286,CNY-6.24,2024-06-20,2022-12-02,2024-06-20,12.216,12.17,12.267,12.2255,12.2265,55736,12.2265,8.997255843024021e-05,0.07756890964578807,14,0.038356164383561646,RUSFAR2W,16.47,0,2024-06-06,RUSFARCN1W,2.39,7.0,2024-06-06,12.292708419404706,-0.006708419404706234,-0.0545723462708725,-0.0005458724239545301,0.00016280016315928236,False
2024-06-07,RFUD,CRM4,12.284,12.237,12.371,12.304,262111512100.0,48103560529.0,3913757.0,21301220,12.305,0.0,12.293,0.11,37.0,76862,CNY-6.24,CNY,12.305,CNY-6.24,2024-06-20,2022-12-02,2024-06-20,12.2205,12.195,12.3175,12.2555,12.237,60058,12.237,0.0008584217830467367,0.07568691381818647,13,0.03561643835616438,RUSFAR2W,16.44,1,2024-06-07,RUSFARCN1W,2.21,6.0,2024-06-07,12.299177228899483,0.005822771100516988,0.047342769293828635,0.0004733156614059489,0.001545281101283713,False
2024-06-10,RFUD,CRM4,12.311,12.211,12.333,12.211,246888397412.0,38531963389.0,3143595.0,20213558,12.214,0.0,12.261,-0.76,2.0,67671,CNY-6.24,CNY,12.214,CNY-6.24,2024-06-20,2022-12-02,2024-06-20,12.256,12.171,12.286,12.1725,12.2181,65243,12.2181,-0.0015456901638453147,0.07531813366736298,10,0.0273972602739726,RUSFAR1W,15.7,3,2024-06-10,RUSFARCN1W,2.21,3.0,2024-06-07,12.26334030874472,-0.04934030874471951,-0.4023398805098478,-0.004031514449701719,-0.0074228490420762405,False
2024-06-11,RFUD,CRM4,12.211,12.18,12.299,12.28,246347291448.0,33292510767.0,2715257.0,20054322,12.284,0.0,12.262,0.56,38.0,59370,CNY-6.24,CNY,12.284,CNY-6.24,2024-06-20,2022-12-02,2024-06-20,12.18,12.167,12.2605,12.2255,12.2305,47273,12.2305,0.0010143730981120314,0.07589855662676137,9,0.024657534246575342,RUSFAR1W,15.59,2,2024-06-11,RUSFARCN1W,2.07,2.0,2024-06-11,12.271340838796192,0.012659161203808722,0.10316037481239561,0.001031072010640872,0.005714767777633245,False
2024-06-13,RFUD,CRM4,12.284,11.775,12.37,12.199,230041821510.0,92835636720.0,7683506.0,18863618,12.195,0.0,12.082,-0.66,8.0,183290,CNY-6.24,CNY,12.195,CNY-6.24,2024-06-20,2022-12-02,2024-06-20,12.49,11.843,12.49,12.2205,12.0729,131658,12.0729,-0.012969560567266836,0.08576174817509649,7,0.019178082191780823,RUSFAR1W,15.9,0,2024-06-13,RUSFARCN1W,9.19,0.0,2024-06-13,12.08844600363263,0.10655399636737073,0.8814532185141978,0.008775910982284054,-0.007271570910692304,False
2024-06-14,RFUD,CRM4,12.2,12.12,12.24,12.165,231018556620.0,59270729556.0,4872138.0,18990428,12.165,0.0,12.164,-0.28,43.0,104585,CNY-6.24,CNY,12.165,CNY-6.24,2024-06-20,2022-12-02,2024-06-20,12.2195,12.1105,12.24,12.15,12.1606,69784,12.1606,0.007237946055471234,0.09202469091656111,6,0.01643835616438356,RUSFAR1W,15.71,1,2024-06-14,RUSFARCN1W,5.17,1.0,2024-06-14,12.181687751949816,-0.016687751949817198,-0.1369904752906356,-0.0013708439302426627,-0.002463055432397887,False
2024-06-17,RFUD,CRM4,12.17,11.935,12.179,11.94,198419365568.0,70926740463.0,5869876.0,16612472,11.944,0.0,12.07,-1.85,1.0,99786,CNY-6.24,CNY,11.944,CNY-6.24,2024-06-20,2022-12-02,2024-06-20,12.1595,11.9425,12.178,11.951,12.0822,40836,12.0822,-0.006467922295724904,0.0934219584018469,3,0.00821917808219178,RUSFAR,15.43,2,2024-06-17,RUSFARCNY,5.6,2.0,2024-06-17,12.0919657001057,-0.14796570010569887,-1.2236695321125948,-0.012312180098867784,-0.018333915998596684,False
2024-06-18,RFUD,CRM4,11.94,11.441,11.953,11.469,158345330640.0,124020362466.0,10538628.0,13800360,11.474,0.0,11.735,-3.94,2.0,153781,CNY-6.24,CNY,11.474,CNY-6.24,2024-06-20,2022-12-02,2024-06-20,11.967,11.44,11.967,11.45,11.763,67954,11.763,-0.026774283151973055,0.1281856845846842,2,0.005479452054794521,RUSFAR,15.31,1,2024-06-18,RUSFARCNY,5.44,1.0,2024-06-18,11.769363408799553,-0.2953634087995525,-2.5095954516853416,-0.025416227716433263,-0.04014545405720993,False
2024-06-19,RFUD,CRM4,11.457,10.882,11.476,11.164,161499476736.0,95788645486.0,8569917.0,14462208,11.167,0.0,11.171,-2.66,7.0,206100,CNY-6.24,CNY,11.167,CNY-6.24,2024-06-20,2022-12-02,2024-06-20,11.38,10.8445,11.426,11.1925,11.1732,126079,11.1732,-0.05144095827795736,0.21434246327073697,1,0.0027397260273972603,RUSFAR,15.28,0,2024-06-19,RUSFARCNY,5.75,0.0,2024-06-19,11.176117657480354,-0.009117657480354424,-0.08158161679920961,-0.0008161491271033355,-0.027120605716024482,False
2024-06-20,RFUD,CRM4,11.19,11.078,11.487,11.485,0.0,39313085032.0,3460956.0,0,11.4854,0.0,11.363,2.88,10.0,60471,CNY-6.24,CNY,11.4854,CNY-6.24,2024-06-20,2022-12-02,2024-06-20,11.19,11.084,11.98,11.949,11.5488,125837,11.5488,0.03306348176598517,0.2543150971306444,0,0.0,RUSFAR,15.24,1,2024-06-20,RUSFARCNY,5.51,1.0,2024-06-20,11.5488,-0.06339999999999968,-0.5489747852590717,-0.005504871895183316,0.02811366310749408,False
2024-06-21,RFUD,CRU4,12.138,11.73,12.437,11.956,344941306022.0,173024403959.0,14324979.0,28843658,11.959,0.0,12.079,-1.47,1.0,337438,CNY-9.24,CNY,11.959,CNY-9.24,2024-09-19,2023-03-02,2024-09-19,12.008,11.651,12.385,12.0455,12.0418,112169,12.0418,0.041802394901212736,0.30121571456260593,90,0.2465753424657534,RUSFAR3M,16.88,0,2024-06-21,RUSFARCN1W,7.11,83.0,2024-06-21,12.335414356201518,-0.37641435620151853,-3.05149341020944,-0.030990208339778606,,True
2024-06-24,RFUD,CRU4,11.97,11.61,12.05,11.714,351011228080.0,97100107046.0,8206499.0,29921680,11.731,0.0,11.834,-2.02,1.0,236982,CNY-9.24,CNY,11.731,CNY-9.24,2024-09-19,2023-03-02,2024-09-19,11.9325,11.5855,12.167,11.6795,11.8373,79406,11.8373,-0.017128367457423632,0.30564188488684235,87,0.23835616438356164,RUSFAR3M,16.83,3,2024-06-24,RUSFARCN1W,8.51,80.0,2024-06-24,12.074391390035226,-0.3433913900352259,-2.8439643783505355,-0.028851885263250585,-0.019249222463087357,False
2024-06-25,RFUD,CRU4,11.724,11.657,11.917,11.887,374558925056.0,67598612376.0,5729729.0,31507312,11.888,0.0,11.798,1.48,160.0,170025,CNY-9.24,CNY,11.888,CNY-9.24,2024-09-19,2023-03-02,2024-09-19,11.68,11.6535,11.914,11.895,11.817,59346,11.817,-0.0017163902532426611,0.3038400661639423,86,0.2356164383561644,RUSFAR3M,16.87,4,2024-06-25,RUSFARCN1W,7.25,79.0,2024-06-25,12.087906306955697,-0.19990630695569678,-1.6537711484466542,-0.016675986051338215,0.013294577451820278,False
2024-06-26,RFUD,CRU4,11.888,11.64,11.973,11.663,378636462600.0,71823501673.0,6082783.0,32473110,11.66,0.0,11.808,-1.88,1.0,192248,CNY-9.24,CNY,11.66,CNY-9.24,2024-09-19,2023-03-02,2024-09-19,11.93,11.65,11.9825,11.713,11.8158,65337,11.8158,-0.00010155377281018119,0.3038786785423857,85,0.2328767123287671,RUSFAR3M,16.88,5,2024-06-26,RUSFARCN1W,6.2,78.0,2024-06-26,12.113358498335424,-0.4533584983354242,-3.7426325522993737,-0.038144670838434654,-0.01936530705305728,False
2024-06-27,RFUD,CRU4,11.665,11.491,11.747,11.669,381258994144.0,81193488684.0,6988262.0,32675608,11.668,0.0,11.62,0.05,2.0,211693,CNY-9.24,CNY,11.668,CNY-9.24,2024-09-19,2023-03-02,2024-09-19,11.72,11.403,11.7245,11.5255,11.4936,86317,11.4936,-0.02764726016969643,0.3149437798056936,84,0.23013698630136986,RUSFAR3M,16.93,6,2024-06-27,RUSFARCN1W,6.15,77.0,2024-06-27,11.78230848905958,-0.11430848905958158,-0.9701705668776395,-0.009749073832185167,0.0006858710831285642,False
2024-06-28,RFUD,CRU4,11.67,11.58,11.877,11.86,380614154358.0,90209909798.0,7695193.0,32094962,11.859,0.0,11.725,1.64,4.0,230995,CNY-9.24,CNY,11.859,CNY-9.24,2024-09-19,2023-03-02,2024-09-19,11.525,11.45,11.7925,11.7345,11.588,92326,11.588,0.008179721192731915,0.3153637113743688,83,0.2273972602739726,RUSFAR3M,16.94,7,2024-06-28,RUSFARCN1W,6.25,76.0,2024-06-28,11.873141673598049,-0.014141673598048854,-0.11910641670767959,-0.0011917740477334555,0.01623702097718338,False
2024-07-01,RFUD,CRU4,11.861,11.84,12.039,12.022,384747035724.0,53082955571.0,4438685.0,31984956,12.029,0.0,11.959,1.37,2.0,157232,CNY-9.24,CNY,12.029,CNY-9.24,2024-09-19,2023-03-02,2024-09-19,11.71,11.6735,11.8915,11.8755,11.8075,54657,11.8075,0.018764842881031196,0.3243384367059588,80,0.2191780821917808,RUSFAR3M,17.0,10,2024-07-01,RUSFARCN1W,6.73,73.0,2024-07-01,12.07629586543883,-0.04729586543883002,-0.3916421555568718,-0.003924110817295394,0.014233328029277459,False
2024-07-02,RFUD,CRU4,12.018,11.881,12.075,11.906,383235568716.0,51251911442.0,4270754.0,32199258,11.902,0.0,12.001,-0.97,1.0,145252,CNY-9.24,CNY,11.902,CNY-9.24,2024-09-19,2023-03-02,2024-09-19,11.882,11.8,11.9375,11.814,11.8929,52936,11.8929,0.007206660614215377,0.3252401883626991,79,0.21643835616438356,RUSFAR3M,17.08,11,2024-07-02,RUSFARCN1W,7.43,72.0,2024-07-02,12.143910913387165,-0.24191091338716575,-1.9920346510487719,-0.020121431549553228,-0.010613947789275269,False
2024-07-03,RFUD,CRU4,11.89,11.871,12.06,12.037,386820935704.0,33444889220.0,2788373.0,32135992,12.037,0.0,11.995,1.1,1.0,100543,CNY-9.24,CNY,12.037,CNY-9.24,2024-09-19,2023-03-02,2024-09-19,11.821,11.8125,11.935,11.903,11.8991,30849,11.8991,0.0005211836029204164,0.32501568030494093,78,0.2136986301369863,RUSFAR3M,17.13,12,2024-07-03,RUSFARCN1W,8.73,71.0,2024-07-03,12.114625624035897,-0.07762562403589612,-0.6407595780911612,-0.006428212539180347,0.011278786174937494,False
2024-07-04,RFUD,CRU4,12.038,12.021,12.169,12.138,391007825208.0,29931310008.0,2469919.0,32216184,12.137,0.0,12.12,0.84,184.0,92746,CNY-9.24,CNY,12.137,CNY-9.24,2024-09-19,2023-03-02,2024-09-19,11.904,11.904,12.0235,11.99,11.9936,27545,11.9936,0.007910407176585643,0.3266824925857818,77,0.21095890410958903,RUSFAR3M,17.08,13,2024-07-04,RUSFARCN1W,7.08,70.0,2024-07-04,12.249303332936226,-0.11230333293622508,-0.9168140414505136,-0.009210426468591028,0.008273398726626802,False
2024-07-05,RFUD,CRU4,12.139,11.978,12.207,12.05,394741278190.0,51201357417.0,4239380.0,32766770,12.047,0.0,12.078,-0.73,10.0,135533,CNY-9.24,CNY,12.047,CNY-9.24,2024-09-19,2023-03-02,2024-09-19,12.002,11.923,12.0835,11.973,11.9974,42166,11.9974,0.00031678546386393336,0.3266931267345192,76,0.20821917808219179,RUSFAR3M,17.09,14,2024-07-05,RUSFARCN1W,6.98,69.0,2024-07-05,12.252633807198748,-0.20563380719874758,-1.678282485500646,-0.016925252265114425,-0.007442971839509038,False
2024-07-08,RFUD,CRU4,12.05,11.988,12.16,11.989,393074484718.0,45507894623.0,3766780.0,32775326,11.993,0.0,12.081,-0.51,4.0,119419,CNY-9.24,CNY,11.993,CNY-9.24,2024-09-19,2023-03-02,2024-09-19,11.985,11.884,12.042,11.9105,11.9736,32750,11.9736,-0.0019857334129205206,0.32664078840634336,73,0.2,RUSFAR3M,17.22,17,2024-07-08,RUSFARCN1W,6.31,66.0,2024-07-08,12.237735187138346,-0.24473518713834608,-1.9998405211085024,-0.020201079983215985,-0.004492520035131786,False
2024-07-09,RFUD,CRU4,11.988,11.954,12.083,12.017,383959366592.0,42646604092.0,3545918.0,31959328,12.014,0.0,12.027,0.23,3.0,101267,CNY-9.24,CNY,12.014,CNY-9.24,2024-09-19,2023-03-02,2024-09-19,11.92,11.896,11.985,11.949,11.9454,31137,11.9454,-0.0023579592011313544,0.3266686082221215,72,0.19726027397260273,RUSFAR3M,17.29,18,2024-07-09,RUSFARCN1W,6.05,65.0,2024-07-09,12.21321206394268,-0.19921206394268154,-1.6311193394473142,-0.016445685398219702,0.0017494901783856598,False
2024-07-10,RFUD,CRU4,12.01,11.99,12.142,12.128,370376342728.0,51946075875.0,4299944.0,30549022,12.124,0.0,12.079,0.92,5.0,113935,CNY-9.24,CNY,12.124,CNY-9.24,2024-09-19,2023-03-02,2024-09-19,11.948,11.9125,12.0045,11.984,11.963,31656,11.963,0.0014722861570981571,0.32671249117244705,71,0.19452054794520549,RUSFAR3M,17.41,19,2024-07-10,RUSFARCN1W,6.53,64.0,2024-07-10,12.218881127680179,-0.09488112768017842,-0.776512404767065,-0.007795429609648574,0.009114322767587169,False
2024-07-11,RFUD,CRU4,12.135,12.089,12.203,12.099,362318988968.0,36183743130.0,2982884.0,29951144,12.097,0.0,12.13,-0.24,140.0,88772,CNY-9.24,CNY,12.097,CNY-9.24,2024-09-19,2023-03-02,2024-09-19,11.984,11.95,12.07,11.952,11.9952,21336,11.9952,0.002688016577893748,0.3238866468410353,70,0.1917808219178082,RUSFAR3M,17.48,20,2024-07-11,RUSFARCN1W,6.92,63.0,2024-07-11,12.240604028022,-0.14360402802200056,-1.1731776282710618,-0.011801136583469944,-0.0022294712178454468,False
2024-07-12,RFUD,CRU4,12.097,12.065,12.141,12.11,364549727556.0,24930804586.0,2059993.0,30105684,12.109,0.0,12.102,0.09,2.0,65882,CNY-9.24,CNY,12.109,CNY-9.24,2024-09-19,2023-03-02,2024-09-19,11.97,11.944,12.0055,11.97,11.9751,24357,11.9751,-0.001677075773860004,0.32267008557129995,69,0.18904109589041096,RUSFAR3M,17.44,21,2024-07-12,RUSFARCN1W,7.01,62.0,2024-07-12,12.2135559741255,-0.10455597412549977,-0.856064968687271,-0.00859750252194127,0.000991489794517797,False
2024-07-15,RFUD,CRU4,12.114,12.054,12.216,12.174,368682972832.0,44528579193.0,3672762.0,30279482,12.176,0.0,12.124,0.53,22.0,108108,CNY-9.24,CNY,12.176,CNY-9.24,2024-09-19,2023-03-02,2024-09-19,11.9775,11.9435,12.0925,12.086,12.0038,30571,12.0038,0.0023937723335598626,0.32212687765872244,66,0.18082191780821918,RUSFAR3M,17.55,24,2024-07-15,RUSFARCN1W,7.11,59.0,2024-07-15,12.232557864319345,-0.05655786431934473,-0.4623551749901473,-0.0046342734262084665,0.005517823347100936,False
2024-07-16,RFUD,CRU4,12.18,12.113,12.21,12.15,367074332534.0,26314461925.0,2163859.0,30214366,12.149,0.0,12.161,-0.2,331.0,74955,CNY-9.24,CNY,12.149,CNY-9.24,2024-09-19,2023-03-02,2024-09-19,12.1,12.0105,12.1,12.039,12.05,25315,12.05,0.003841393610303445,0.30675126586907236,65,0.1780821917808219,RUSFAR3M,17.56,25,2024-07-16,RUSFARCN1W,5.7,58.0,2024-07-16,12.307209241598107,-0.158209241598108,-1.2855005427498878,-0.012938346009264483,-0.0022199392467250334,False
2024-07-17,RFUD,CRU4,12.155,12.079,12.178,12.09,361848066048.0,32253506318.0,2658021.0,29914688,12.096,0.0,12.139,-0.49,10.0,78808,CNY-9.24,CNY,12.096,CNY-9.24,2024-09-19,2023-03-02,2024-09-19,12.05,12.002,12.0685,12.003,12.0493,32964,12.0493,-5.809297367109778e-05,0.2358094950980459,64,0.17534246575342466,RUSFAR3M,17.65,26,2024-07-17,RUSFARCN1W,5.16,57.0,2024-07-17,12.316093735872782,-0.2200937358727817,-1.7870417406106622,-0.01803202149841844,-0.004372042435427659,False
2024-07-18,RFUD,CRU4,12.103,12.058,12.128,12.11,391640718140.0,41841460899.0,3458251.0,32340274,12.11,0.0,12.093,0.17,7.0,70727,CNY-9.24,CNY,12.11,CNY-9.24,2024-09-19,2023-03-02,2024-09-19,12.0,11.9955,12.0425,12.0285,12.024,47255,12.024,-0.002101914512319336,0.20944274737548796,63,0.1726027397260274,RUSFAR3M,17.67,27,2024-07-18,RUSFARCN1W,4.82,56.0,2024-07-18,12.293665190016997,-0.18366519001699722,-1.4939823655368583,-0.01505254694046696,0.0011567381278236866,False
2024-07-19,RFUD,CRU4,12.104,12.025,12.141,12.04,394353247416.0,38214314722.0,3162591.0,32742714,12.044,0.0,12.083,-0.58,40.0,87603,CNY-9.24,CNY,12.044,CNY-9.24,2024-09-19,2023-03-02,2024-09-19,12.035,11.95,12.068,11.9715,12.0139,40444,12.0139,-0.0008403396797858065,0.14755931285532178,62,0.16986301369863013,RUSFAR3M,17.74,28,2024-07-19,RUSFARCN1W,5.76,55.0,2024-07-19,12.260882399939394,-0.21688239993939362,-1.7688971549100387,-0.017847291192496208,-0.005464946945513471,False
2024-07-22,RFUD,CRU4,12.045,12.018,12.088,12.072,396050756764.0,32033724388.0,2658196.0,32804668,12.073,0.0,12.051,0.27,77.0,77034,CNY-9.24,CNY,12.073,CNY-9.24,2024-09-19,2023-03-02,2024-09-19,11.98,11.95,12.0065,11.972,11.9736,45293,11.9736,-0.0033600865380876144,0.1339738144701647,59,0.16164383561643836,RUSFAR1M,16.94,29,2024-07-22,RUSFARCN1W,6.34,52.0,2024-07-22,12.180526315582556,-0.10752631558255565,-0.8827723268821082,-0.008866918457892321,0.002404943730762721,False
2024-07-23,RFUD,CRU4,12.075,11.92,12.079,11.967,393635935872.0,46870842057.0,3909414.0,32909952,11.961,0.0,11.989,-0.87,12.0,95246,CNY-9.24,CNY,11.961,CNY-9.24,2024-09-19,2023-03-02,2024-09-19,11.987,11.834,11.987,11.9035,11.9065,46265,11.9065,-0.0056197567509395085,0.1355652948418304,58,0.1589041095890411,RUSFAR1M,17.07,28,2024-07-23,RUSFARCN1W,7.32,51.0,2024-07-23,12.092405611776657,-0.13140561177665688,-1.086678829634051,-0.010926263099464333,-0.00932019728292266,False
2024-07-24,RFUD,CRU4,11.968,11.863,11.969,11.892,385625944440.0,25182228637.0,2115723.0,32432796,11.89,0.0,11.903,-0.63,87.0,54759,CNY-9.24,CNY,11.89,CNY-9.24,2024-09-19,2023-03-02,2024-09-19,11.884,11.79,11.889,11.8105,11.8242,35334,11.8242,-0.006936190669405651,0.1380338088713781,57,0.15616438356164383,RUSFAR1M,17.12,27,2024-07-24,RUSFARCN1W,8.16,50.0,2024-07-24,11.990811013524038,-0.10081101352403721,-0.8407355716834817,-0.008442896876887627,-0.005953646364637244,False
2024-07-25,RFUD,CRU4,11.894,11.8,11.896,11.883,384263927528.0,46932660128.0,3961139.0,32340004,11.882,0.0,11.848,-0.08,1.0,96394,CNY-9.24,CNY,11.882,CNY-9.24,2024-09-19,2023-03-02,2024-09-19,11.7985,11.6815,11.8045,11.766,11.7426,58361,11.7426,-0.0069250238556133326,0.09616188079423305,56,0.15342465753424658,RUSFAR1M,17.24,26,2024-07-25,RUSFARCN1W,7.58,49.0,2024-07-25,11.917931049204718,-0.035931049204718235,-0.30148730561011183,-0.003019426941100091,-0.0006730607691407542,False
2024-07-26,RFUD,CRU4,11.88,11.787,12.026,11.987,375897477146.0,77047007197.0,6469786.0,31374466,11.981,0.0,11.909,0.88,50.0,157770,CNY-9.24,CNY,11.981,CNY-9.24,2024-09-19,2023-03-02,2024-09-19,11.7495,11.6665,11.876,11.85,11.7397,65477,11.7397,-0.0002469945460834566,0.0924822207551163,55,0.1506849315068493,RUSFAR1M,17.33,25,2024-07-26,RUSFARCN1W,7.39,48.0,2024-07-26,11.916861650318536,0.06413834968146404,0.5382151069929525,0.00536771905522282,0.008297411724212278,False
2024-07-29,RFUD,CRU4,11.996,11.871,12.018,11.876,371932887030.0,46770025929.0,3916279.0,31315390,11.877,0.0,11.942,-0.93,1.0,100101,CNY-9.24,CNY,11.877,CNY-9.24,2024-09-19,2023-03-02,2024-09-19,11.8415,11.7785,11.899,11.795,11.844,51884,11.844,0.008845149828586862,0.07089622733393873,52,0.14246575342465753,RUSFAR1M,17.6,22,2024-07-29,RUSFARCN1W,7.54,45.0,2024-07-29,12.014971114117602,-0.137971114117601,-1.1483266402154293,-0.011549708241761965,-0.0087183048656585,False
2024-07-30,RFUD,CRU4,11.877,11.866,11.968,11.948,371691857856.0,32646549848.0,2736281.0,31114336,11.946,0.0,11.931,0.61,6.0,82830,CNY-9.24,CNY,11.946,CNY-9.24,2024-09-19,2023-03-02,2024-09-19,11.7925,11.78,11.875,11.846,11.8429,59385,11.8429,-9.287834210391921e-05,0.06581869985804717,51,0.13972602739726028,RUSFAR1M,17.64,21,2024-07-30,RUSFARCN1W,6.68,44.0,2024-07-30,12.025657647293285,-0.07965764729328484,-0.6623974308067389,-0.006646010189866478,0.005792737518010682,False
2024-07-31,RFUD,CRU4,11.949,11.88,11.988,11.902,373210197948.0,48488588381.0,4061657.0,31343764,11.907,0.0,11.939,-0.39,5.0,90373,CNY-9.24,CNY,11.907,CNY-9.24,2024-09-19,2023-03-02,2024-09-19,11.85,11.812,11.901,11.84,11.8668,32793,11.8668,0.0020160531845672125,0.06625162211448919,50,0.136986301369863,RUSFAR1M,17.66,20,2024-07-31,RUSFARCN1W,7.43,43.0,2024-07-31,12.034268444394565,-0.12726844439456464,-1.057550319594582,-0.010631821242907314,-0.0032700318410761042,False
2024-08-01,RFUD,CRU4,11.909,11.761,11.909,11.794,376676384128.0,51643372248.0,4365931.0,31943384,11.792,0.0,11.829,-0.91,37.0,107964,CNY-9.24,CNY,11.792,CNY-9.24,2024-09-19,2023-03-02,2024-09-19,11.844,11.7295,11.8495,11.7755,11.7848,41589,11.7848,-0.006934019563216598,0.06322494937594177,49,0.13424657534246576,RUSFAR1M,17.65,19,2024-08-01,RUSFARCN1W,7.87,42.0,2024-08-01,11.940546537622321,-0.1485465376223214,-1.2440514104968343,-0.012518545140103976,-0.00970512702205717,False
2024-08-02,RFUD,CRU4,11.789,11.789,11.919,11.864,368524550730.0,50839327598.0,4282326.0,31059802,11.865,0.0,11.872,0.59,22.0,124396,CNY-9.24,CNY,11.865,CNY-9.24,2024-09-19,2023-03-02,2024-09-19,11.7505,11.7505,11.8695,11.76,11.8237,48847,11.8237,0.0032954262408839696,0.06483516288793578,48,0.13150684931506848,RUSFAR1M,17.64,18,2024-08-02,RUSFARCN1W,8.62,41.0,2024-08-02,11.964786883799036,-0.09978688379903566,-0.8340046903313628,-0.008375019679967774,0.006171554440746352,False
2024-08-05,RFUD,CRU4,11.868,11.844,12.017,11.935,366424820100.0,53752193560.0,4508398.0,30714570,11.93,0.0,11.923,0.6,1.0,159387,CNY-9.24,CNY,11.93,CNY-9.24,2024-09-19,2023-03-02,2024-09-19,11.76,11.748,11.9505,11.8445,11.8483,44609,11.8483,0.002078405614694745,0.06539306218793392,45,0.1232876712328767,RUSFAR1M,17.72,15,2024-08-05,RUSFARCN1W,9.07,38.0,2024-08-05,11.97533096529858,-0.045330965298580495,-0.37853622108598034,-0.0037925448259894016,0.005463346222097432,False
2024-08-06,RFUD,CRU4,11.941,11.794,11.947,11.914,365839479144.0,48692661178.0,4103926.0,30701534,11.916,0.0,11.865,-0.18,8.0,116726,CNY-9.24,CNY,11.916,CNY-9.24,2024-09-19,2023-03-02,2024-09-19,11.8315,11.737,11.877,11.85,11.7994,36180,11.7994,-0.00413571465295437,0.06635106978870423,44,0.12054794520547946,RUSFAR1M,17.7,14,2024-08-06,RUSFARCN1W,15.36,37.0,2024-08-06,11.832730994435485,0.08326900556451555,0.7037175577106758,0.007012530212011531,-0.001174201258788532,False
2024-08-07,RFUD,CRU4,11.916,11.833,11.924,11.887,364624906122.0,34069936394.0,2868217.0,30669098,11.889,0.0,11.878,-0.23,7.0,87879,CNY-9.24,CNY,11.889,CNY-9.24,2024-09-19,2023-03-02,2024-09-19,11.851,11.761,11.8585,11.83,11.8129,29937,11.8129,0.0011434719591885134,0.06622402905162322,43,0.1178082191780822,RUSFAR1M,17.72,13,2024-08-07,RUSFARCN1W,14.92,36.0,2024-08-07,11.851930726519614,0.03706927348038569,0.31276991349131256,0.0031228180590168325,-0.0022684319746284487,False
2024-08-08,RFUD,CRU4,11.89,11.854,11.982,11.953,365637954320.0,40890931262.0,3425602.0,30587080,11.954,0.0,11.937,0.56,63.0,103323,CNY-9.24,CNY,11.954,CNY-9.24,2024-09-19,2023-03-02,2024-09-19,11.83,11.782,11.908,11.858,11.8718,39726,11.8718,0.004973685241532522,0.06821070710448428,42,0.11506849315068493,RUSFAR1M,17.69,12,2024-08-08,RUSFARCN1W,8.52,35.0,2024-08-08,11.997731865848625,-0.043731865848624096,-0.3645011101898871,-0.0036516703417924412,0.0054523475256549325,False
2024-08-09,RFUD,CRU4,11.958,11.92,12.0,11.93,360915808560.0,33795661985.0,2826321.0,30252792,11.93,0.0,11.957,-0.19,10.0,95248,CNY-9.24,CNY,11.93,CNY-9.24,2024-09-19,2023-03-02,2024-09-19,11.8645,11.8515,11.929,11.875,11.8907,35806,11.8907,0.0015907420503293856,0.0684594439377656,41,0.11232876712328767,RUSFAR1M,17.68,11,2024-08-09,RUSFARCN1W,8.27,34.0,2024-08-09,12.01705293535495,-0.08705293535495073,-0.7244116824919307,-0.007270482848742978,-0.002009714292237952,False
2024-08-12,RFUD,CRU4,11.927,11.894,12.042,12.022,362989575072.0,50220180796.0,4197741.0,30193776,12.022,0.0,11.964,0.77,3.0,150794,CNY-9.24,CNY,12.022,CNY-9.24,2024-09-19,2023-03-02,2024-09-19,11.9,11.815,11.938,11.891,11.8752,32528,11.8752,-0.001304390088125107,0.06774585043691994,38,0.10410958904109589,RUSFAR1M,17.88,8,2024-08-12,RUSFARCN1W,8.42,31.0,2024-08-12,11.992733911356734,0.02926608864326674,0.2440318351060278,0.0024373456095411424,0.007682068507145701,False
2024-08-13,RFUD,CRU4,12.025,11.984,12.216,12.183,369939061038.0,60792195020.0,5009549.0,30365186,12.183,0.0,12.135,1.34,19.0,177639,CNY-9.24,CNY,12.183,CNY-9.24,2024-09-19,2023-03-02,2024-09-19,11.9185,11.9085,12.1145,12.0785,12.0294,56104,12.0294,0.012901461546910742,0.08170925799475166,37,0.10136986301369863,RUSFAR1M,18.03,7,2024-08-13,RUSFARCN1W,8.55,30.0,2024-08-13,12.145558124039933,0.03744187596006654,0.3082762897981372,0.003078020927519577,0.013303232755299987,False
2024-08-14,RFUD,CRU4,12.182,12.009,12.232,12.017,360016630048.0,72684209003.0,5995947.0,29958944,12.017,0.0,12.122,-1.36,1.0,154310,CNY-9.24,CNY,12.017,CNY-9.24,2024-09-19,2023-03-02,2024-09-19,12.094,11.932,12.128,11.94,12.0589,51789,12.0589,0.002449323094447564,0.08220369215981446,36,0.09863013698630137,RUSFAR1M,18.01,6,2024-08-14,RUSFARCN1W,8.71,29.0,2024-08-14,12.170020351491681,-0.1530203514916817,-1.2573549350961106,-0.012653265336063174,-0.013719223443107609,False
2024-08-15,RFUD,CRU4,12.014,11.939,12.101,12.035,358537506140.0,69031807850.0,5746921.0,29793710,12.034,0.0,12.012,0.15,1.0,140043,CNY-9.24,CNY,12.034,CNY-9.24,2024-09-19,2023-03-02,2024-09-19,11.96,11.863,12.038,11.982,11.9353,69036,11.9353,-0.010302580896445868,0.0898371178747815,35,0.0958904109589041,RUSFAR1M,17.99,5,2024-08-15,RUSFARCN1W,8.78,28.0,2024-08-15,12.04117350686182,-0.007173506861819945,-0.05957481517671038,-0.0005959256802089352,0.0014136628689973563,False
2024-08-16,RFUD,CRU4,12.038,12.034,12.15,12.098,360924908728.0,47150453488.0,3896002.0,29833436,12.098,0.0,12.102,0.52,482.0,100989,CNY-9.24,CNY,12.098,CNY-9.24,2024-09-19,2023-03-02,2024-09-19,11.998,11.9675,12.0975,12.0685,12.0513,50640,12.0513,0.00967214230599689,0.09660260911960442,34,0.09315068493150686,RUSFAR1M,17.92,4,2024-08-16,RUSFARCN1W,8.75,27.0,2024-08-16,12.154682126294892,-0.05668212629489133,-0.4663398491702862,-0.004674306058547426,0.005304172886562597,False
2024-08-19,RFUD,CRU4,12.098,12.095,12.195,12.165,367459624248.0,36467656387.0,2998170.0,30208782,12.164,0.0,12.163,0.55,1.0,90616,CNY-9.24,CNY,12.164,CNY-9.24,2024-09-19,2023-03-02,2024-09-19,12.0685,12.06,12.137,12.1005,12.1174,33357,12.1174,0.005469898240954674,0.09742199168410638,31,0.08493150684931507,RUSFAR1M,17.91,1,2024-08-19,RUSFARCN1W,8.71,24.0,2024-08-19,12.212452584294354,-0.048452584294354395,-0.3967473688017928,-0.003975364991024077,0.00544062013039559,False
2024-08-20,RFUD,CRU4,12.17,12.105,12.254,12.254,371129954960.0,38988550249.0,3199651.0,30301270,12.248,0.0,12.185,0.73,1.0,108344,CNY-9.24,CNY,12.248,CNY-9.24,2024-09-19,2023-03-02,2024-09-19,12.1015,12.0555,12.1885,12.1865,12.1244,30068,12.1244,0.0005775148870590385,0.09462029101786529,30,0.0821917808219178,RUSFAR1M,17.9,0,2024-08-20,RUSFARCN1W,8.34,23.0,2024-08-20,12.22004315581505,0.027956844184949148,0.22877860436724856,0.0022851730457429716,0.0068818885402643915,False
2024-08-21,RFUD,CRU4,12.254,12.134,12.309,12.154,371658962592.0,41677767071.0,3405622.0,30581664,12.153,0.0,12.238,-0.82,7.0,107476,CNY-9.24,CNY,12.153,CNY-9.24,2024-09-19,2023-03-02,2024-09-19,12.19,12.0805,12.2435,12.09,12.1981,53587,12.1981,0.006060250842852888,0.09152808159983476,29,0.07945205479452055,RUSFAR1M,17.92,1,2024-08-21,RUSFARCN1W,8.54,22.0,2024-08-21,12.289347185660585,-0.13634718566058446,-1.1094746010567318,-0.011156751756980113,-0.007786605466719276,False
2024-08-22,RFUD,CRU4,12.159,11.897,12.165,11.9,370940731304.0,69911493503.0,5817469.0,31166252,11.902,0.0,12.017,-2.09,32.0,138247,CNY-9.24,CNY,11.902,CNY-9.24,2024-09-19,2023-03-02,2024-09-19,12.112,11.83,12.112,11.84,11.9466,63193,11.9466,-0.020833482840010298,0.1180847577304741,28,0.07671232876712329,RUSFAR1M,18.01,2,2024-08-22,RUSFARCN1W,8.53,21.0,2024-08-22,12.033796278558029,-0.13179627855802956,-1.0952177975030692,-0.011012594610369875,-0.02086959966600288,False
2024-08-23,RFUD,CRU4,11.903,11.733,11.95,11.892,367669696218.0,72588797912.0,6129098.0,30919998,11.891,0.0,11.843,-0.07,328.0,155581,CNY-9.24,CNY,11.891,CNY-9.24,2024-09-19,2023-03-02,2024-09-19,11.84,11.668,11.8975,11.841,11.7828,73658,11.7828,-0.013805878084799161,0.12906977762995023,27,0.07397260273972603,RUSFAR1M,18.12,3,2024-08-23,RUSFARCN1W,8.82,20.0,2024-08-23,11.864138669618416,0.02686133038158367,0.22640775811538627,0.0022615184195393973,-0.0009246417672184037,False
2024-08-26,RFUD,CRU4,11.898,11.692,11.92,11.73,363888599562.0,70466336518.0,5993824.0,31014114,11.733,0.0,11.756,-1.36,1.0,186148,CNY-9.24,CNY,11.733,CNY-9.24,2024-09-19,2023-03-02,2024-09-19,11.864,11.6245,11.864,11.678,11.686,85939,11.686,-0.008249296848862553,0.12811404901053117,24,0.06575342465753424,RUSFAR1M,18.14,6,2024-08-26,RUSFARCN1W,8.79,17.0,2024-08-26,11.758066190173688,-0.025066190173687275,-0.21318293134491192,-0.0021341048962379,-0.013376427013955361,False
2024-08-27,RFUD,CRU4,11.73,11.711,11.912,11.883,354822880892.0,65146313527.0,5509791.0,29864732,11.881,0.0,11.824,1.3,83.0,145142,CNY-9.24,CNY,11.881,CNY-9.24,2024-09-19,2023-03-02,2024-09-19,11.65,11.641,11.83,11.799,11.7537,77584,11.7537,0.005776540506354788,0.13014364157900057,23,0.06301369863013699,RUSFAR1M,18.14,7,2024-08-27,RUSFARCN1W,8.8,16.0,2024-08-27,11.823080127221546,0.05791987277845401,0.4898881861174134,0.0048869213854957185,0.012535101034663931,False
2024-08-28,RFUD,CRU4,11.883,11.848,11.965,11.913,310608258880.0,65272733015.0,5481657.0,26075240,11.912,0.0,11.909,0.25,3.0,120183,CNY-9.24,CNY,11.912,CNY-9.24,2024-09-19,2023-03-02,2024-09-19,11.808,11.782,11.903,11.839,11.8404,66614,11.8404,0.007349328030384239,0.1327947836190823,22,0.06027397260273973,RUSFAR2W,18.06,8,2024-08-28,RUSFARCN1W,8.71,15.0,2024-08-28,11.907316333164204,0.00468366683579724,0.03933436136866804,0.00039326627436744253,0.0026058099055572548,False
2024-08-29,RFUD,CRU4,11.919,11.903,12.019,11.958,307999424656.0,38555112054.0,3222741.0,25761076,11.956,0.0,11.964,0.38,1.0,110895,CNY-9.24,CNY,11.956,CNY-9.24,2024-09-19,2023-03-02,2024-09-19,11.853,11.853,11.968,11.925,11.9068,88440,11.9068,0.005592252816791543,0.1316984568727862,21,0.057534246575342465,RUSFAR2W,18.16,7,2024-08-29,RUSFARCN1W,8.87,14.0,2024-08-29,11.97061141236479,-0.0146114123647898,-0.12206070234388572,-0.0012213525709337699,0.003686949039983567,False
2024-08-30,RFUD,CRU4,11.96,11.954,12.088,12.05,309117059400.0,44160975773.0,3668762.0,25652868,12.05,0.0,12.037,0.77,1.0,102137,CNY-9.24,CNY,12.05,CNY-9.24,2024-09-19,2023-03-02,2024-09-19,11.9445,11.9295,12.069,12.049,12.0168,85993,12.0168,0.00919600521593189,0.13497546708608557,20,0.0547945205479452,RUSFAR2W,18.35,6,2024-08-30,RUSFARCN1W,16.82,13.0,2024-08-30,12.026878582486738,0.0231214175132628,0.19224786676512784,0.0019206330705729272,0.007831415514972573,False
2024-09-02,RFUD,CRU4,12.041,11.912,12.123,11.985,326624736090.0,63916508779.0,5310636.0,27252794,11.985,0.0,12.036,-0.54,83.0,137083,CNY-9.24,CNY,11.985,CNY-9.24,2024-09-19,2023-03-02,2024-09-19,12.049,11.9405,12.132,12.045,12.0462,55073,12.0462,0.002443586803742903,0.1350271976513922,17,0.04657534246575343,RUSFAR2W,18.4,3,2024-09-02,RUSFARCN1W,18.79,10.0,2024-09-02,12.044012080744436,-0.05901208074443609,-0.4899702885451488,-0.00491174578348656,-0.00540879205031608,False
2024-09-03,RFUD,CRU4,11.986,11.922,12.075,11.938,318558970730.0,61012774324.0,5086670.0,26691158,11.935,0.0,11.993,-0.39,10.0,138670,CNY-9.24,CNY,11.935,CNY-9.24,2024-09-19,2023-03-02,2024-09-19,12.02,11.9925,12.225,12.117,12.1129,47485,12.1129,0.005521742901972715,0.134669414496181,16,0.043835616438356165,RUSFAR2W,18.29,2,2024-09-03,RUSFARCN1W,19.07,9.0,2024-09-03,12.1087590917463,-0.1737590917462999,-1.4349867763472095,-0.014453822808410524,-0.004180608095554206,False
2024-09-04,RFUD,CRU4,11.938,11.86,12.292,12.275,334589353396.0,99391792015.0,8207043.0,27253348,12.277,0.0,12.115,2.82,20.0,231814,CNY-9.24,CNY,12.277,CNY-9.24,2024-09-19,2023-03-02,2024-09-19,12.11,12.0885,12.9,12.69,12.5459,70814,12.5459,0.035122918567420225,0.18036834701285032,15,0.0410958904109589,RUSFAR2W,18.38,1,2024-09-04,RUSFARCN1W,42.31,8.0,2024-09-04,12.423125214134608,-0.14612521413460833,-1.1762355415073178,-0.011832079200798274,0.028252333407909003,False
2024-09-05,RFUD,CRU4,12.281,12.141,12.382,12.269,323682434946.0,55657092149.0,4538217.0,26386438,12.267,0.0,12.262,-0.05,10.0,145563,CNY-9.24,CNY,12.267,CNY-9.24,2024-09-19,2023-03-02,2024-09-19,12.5905,12.4135,12.74,12.499,12.5021,50574,12.5021,-0.0034972887770079453,0.18164706514205267,14,0.038356164383561646,RUSFAR2W,18.4,0,2024-09-05,RUSFARCN1W,75.79,7.0,2024-09-05,12.22990311137671,0.03709688862328875,0.3033293746111516,0.0030287025925050575,-0.0008148631480877633,False
2024-09-06,RFUD,CRU4,12.264,12.241,12.47,12.453,363862606536.0,60630339163.0,4900980.0,29221218,12.452,0.0,12.37,1.5,20.0,93568,CNY-9.24,CNY,12.452,CNY-9.24,2024-09-19,2023-03-02,2024-09-19,12.5005,12.469,12.672,12.623,12.5545,39133,12.5545,0.004182536847677998,0.1816915894544874,13,0.03561643835616438,RUSFAR2W,18.48,1,2024-09-06,RUSFARCN1W,18.36,6.0,2024-09-06,12.55503658735713,-0.1030365873571295,-0.8206793077838334,-0.008240654192179337,0.01496852252874703,False
2024-09-09,RFUD,CRU4,12.45,12.416,12.57,12.565,364347289728.0,36304740821.0,2904409.0,28992384,12.567,0.0,12.5,0.9,5.0,94051,CNY-9.24,CNY,12.567,CNY-9.24,2024-09-19,2023-03-02,2024-09-19,12.62,12.566,12.686,12.6465,12.633,30505,12.633,0.00623327080238667,0.1814492524028991,10,0.0273972602739726,RUSFAR1W,18.23,3,2024-09-09,RUSFARCN1W,17.06,3.0,2024-09-09,12.637050131287731,-0.07005013128773108,-0.5543234422588532,-0.005558655160098281,0.009193078053645554,False
2024-09-10,RFUD,CRU4,12.566,12.5,12.637,12.551,354479770000.0,34502037807.0,2743126.0,28245400,12.55,0.0,12.578,-0.11,3.0,83878,CNY-9.24,CNY,12.55,CNY-9.24,2024-09-19,2023-03-02,2024-09-19,12.6425,12.6285,12.756,12.682,12.6955,37220,12.6955,0.00493516211802536,0.1779066147672459,9,0.024657534246575342,RUSFAR1W,18.23,2,2024-09-10,RUSFARCN1W,12.13,2.0,2024-09-10,12.71460979129509,-0.16460979129508857,-1.2946507521433082,-0.013031043977173954,-0.0013536650552143925,False
2024-09-11,RFUD,CRU4,12.554,12.538,12.64,12.604,347674488140.0,43406928781.0,3448273.0,27582268,12.605,0.0,12.589,0.42,14.0,103624,CNY-9.24,CNY,12.605,CNY-9.24,2024-09-19,2023-03-02,2024-09-19,12.69,12.6525,12.767,12.6945,12.7136,77750,12.7136,0.001424686672216957,0.17796252777802074,8,0.021917808219178082,RUSFAR1W,18.41,1,2024-09-11,RUSFARCN1W,11.47,1.0,2024-09-11,12.732953320108635,-0.12795332010863447,-1.0048989962647785,-0.01009982188867044,0.004372895062090265,False
2024-09-12,RFUD,CRU4,12.608,12.585,12.716,12.67,339047395688.0,41876631184.0,3305731.0,26751412,12.674,0.0,12.672,0.52,10.0,82888,CNY-9.24,CNY,12.674,CNY-9.24,2024-09-19,2023-03-02,2024-09-19,12.7035,12.685,12.768,12.7305,12.7294,33196,12.7294,0.001241992063123032,0.17142176409525445,7,0.019178082191780823,RUSFAR1W,18.5,0,2024-09-12,RUSFARCN1W,12.66,0.0,2024-09-12,12.743664914861162,-0.06966491486116233,-0.546663109290655,-0.005481627799940272,0.005459090261441979,False
2024-09-13,RFUD,CRU4,12.667,12.623,12.751,12.729,324616592096.0,49809205610.0,3928669.0,25504132,12.728,0.0,12.679,0.47,30.0,114394,CNY-9.24,CNY,12.728,CNY-9.24,2024-09-19,2023-03-02,2024-09-19,12.733,12.674,12.785,12.765,12.7229,68605,12.7229,-0.0005107593530886412,0.17014494375236314,6,0.01643835616438356,RUSFAR1W,18.6,1,2024-09-13,RUSFARCN1W,20.09,1.0,2024-09-13,12.719784142532916,0.008215857467083865,0.06459117053418663,0.0006457031941580579,0.0042516401341603505,False
2024-09-16,RFUD,CRU4,12.734,12.725,12.909,12.909,287856973544.0,55594518039.0,4344158.0,22302392,12.907,0.0,12.8,1.41,6.0,131989,CNY-9.24,CNY,12.907,CNY-9.24,2024-09-19,2023-03-02,2024-09-19,12.765,12.735,12.92,12.92,12.7905,37946,12.7905,0.005299188519900078,0.17010931320425715,3,0.00821917808219178,RUSFAR,18.8,2,2024-09-16,RUSFARCNY,43.94,2.0,2024-09-13,12.764098258699617,0.14290174130038302,1.1195600222129722,0.011133393354836634,0.013965508817565198,False
2024-09-17,RFUD,CRU4,12.906,12.833,12.956,12.891,240773402590.0,61830248833.0,4796314.0,18671842,12.895,0.0,12.894,-0.14,6.0,105953,CNY-9.24,CNY,12.895,CNY-9.24,2024-09-19,2023-03-02,2024-09-19,12.93,12.8475,12.9665,12.882,12.9174,45835,12.9174,0.009872531845124044,0.17176063733073046,2,0.005479452054794521,RUSFAR,18.61,1,2024-09-17,RUSFARCNY,43.94,1.0,2024-09-13,12.899483792835793,-0.0044837928357939205,-0.034759474935610685,-0.00034765517441366796,-0.0009301605197427065,False
2024-09-18,RFUD,CRU4,12.889,12.846,12.99,12.981,158970068404.0,93462943807.0,7230459.0,12245422,12.982,0.0,12.933,0.7,5.0,147635,CNY-9.24,CNY,12.982,CNY-9.24,2024-09-19,2023-03-02,2024-09-19,12.882,12.882,13.005,12.9985,12.9487,68710,12.9487,0.0024201572929376525,0.1714333007056029,1,0.0027397260273972603,RUSFAR,18.51,0,2024-09-18,RUSFARCNY,87.55,0.0,2024-09-18,12.924230594579798,0.057769405420200926,0.4469852576325002,0.004459892454452938,0.006724143277968775,False
2024-09-19,RFUD,CRU4,12.971,12.967,13.171,13.106,0.0,57621440226.0,4404168.0,0,13.1061,0.0,13.083,0.96,20.0,61174,CNY-9.24,CNY,13.1061,CNY-9.24,2024-09-19,2023-03-02,2024-09-19,13.0,12.94,13.1835,12.967,13.0854,119502,13.0854,0.010501707862959453,0.14819756451929259,0,0.0,RUSFAR,18.51,1,2024-09-19,RUSFARCNY,59.41,1.0,2024-09-19,13.0854,0.02069999999999972,0.1581915722866685,0.0015806658121848575,0.009513988070006363,False
2024-09-20,RFUD,CRZ4,12.688,12.635,12.873,12.865,386064286164.0,44429304908.0,3473409.0,29999556,12.869,0.0,12.791,1.35,10.0,92178,CNY-12.24,CNY,12.869,CNY-12.24,2024-12-19,2023-06-01,2024-12-19,12.975,12.885,13.138,13.1195,13.0488,78985,13.0488,-0.002800929351414627,0.13464506371126847,90,0.2465753424657534,RUSFAR3M,19.59,0,2024-09-20,RUSFARCN1W,18.02,83.0,2024-09-20,13.09941284741222,-0.2304128474122198,-1.7589555356119468,-0.017746089882868153,,True
2024-09-23,RFUD,CRZ4,12.86,12.801,12.96,12.955,380176109632.0,45714493597.0,3548877.0,29339104,12.958,0.0,12.881,0.7,15.0,98459,CNY-12.24,CNY,12.958,CNY-12.24,2024-12-19,2023-06-01,2024-12-19,13.11,13.044,13.166,13.144,13.1174,42354,13.1174,0.0052434176281379585,0.12507718204943608,87,0.23835616438356164,RUSFAR3M,19.57,3,2024-09-23,RUSFARCN1W,13.31,80.0,2024-09-23,13.314593496197398,-0.356593496197398,-2.6782154205401754,-0.0271473310084672,0.006892039516237514,False
2024-09-24,RFUD,CRZ4,12.956,12.82,13.085,12.863,371094457632.0,54137560621.0,4176581.0,28820632,12.876,0.0,12.962,-0.71,1.0,135233,CNY-12.24,CNY,12.876,CNY-12.24,2024-12-19,2023-06-01,2024-12-19,13.14,13.092,13.2655,13.1265,13.1941,62881,13.1941,0.005830166828803662,0.12507732199788818,86,0.2356164383561644,RUSFAR3M,19.57,4,2024-09-24,RUSFARCN1W,17.1,79.0,2024-09-24,13.271109918135243,-0.395109918135244,-2.9772183379727584,-0.030224372565460494,-0.0063482445912037555,False
2024-09-25,RFUD,CRZ4,12.857,12.766,12.903,12.889,366882195660.0,51951855324.0,4046850.0,28451508,12.895,0.0,12.838,0.2,17.0,131887,CNY-12.24,CNY,12.895,CNY-12.24,2024-12-19,2023-06-01,2024-12-19,13.1265,13.0575,13.195,13.15,13.1007,62996,13.1007,-0.007104096080620348,0.1329468046374064,85,0.2328767123287671,RUSFAR3M,19.58,5,2024-09-25,RUSFARCN1W,18.52,78.0,2024-09-25,13.133078935367628,-0.23807893536762847,-1.8128188868680095,-0.018294517711381554,0.0014745258967465702,False
2024-09-26,RFUD,CRZ4,12.886,12.841,13.024,12.998,357455941704.0,45805313644.0,3534925.0,27505074,12.996,0.0,12.958,0.85,1.0,101221,CNY-12.24,CNY,12.996,CNY-12.24,2024-12-19,2023-06-01,2024-12-19,13.13,13.107,13.244,13.176,13.1549,47562,13.1549,0.004128648896990494,0.13297021897294273,84,0.23013698630136986,RUSFAR3M,19.58,6,2024-09-26,RUSFARCN1W,20.08,77.0,2024-09-26,13.139771560497474,-0.14377156049747342,-1.094170928585232,-0.011002010052634585,0.007801978473545912,False
2024-09-27,RFUD,CRZ4,12.999,12.96,13.205,13.186,335493620280.0,62337578003.0,4748894.0,25439310,13.188,0.0,13.127,1.45,3.0,112278,CNY-12.24,CNY,13.188,CNY-12.24,2024-12-19,2023-06-01,2024-12-19,13.1975,13.155,13.29,13.281,13.2267,34237,13.2267,0.0054432011156815285,0.13205778233700283,83,0.2273972602739726,RUSFAR3M,19.58,7,2024-09-27,RUSFARCN1W,18.79,76.0,2024-09-27,13.250482306533469,-0.06248230653346809,-0.47154741305272857,-0.0047266270533566765,0.014665707402630623,False
2024-09-30,RFUD,CRZ4,13.184,13.156,13.291,13.213,327262402656.0,42653266383.0,3228464.0,24770088,13.212,0.0,13.212,0.21,1.0,93326,CNY-12.24,CNY,13.212,CNY-12.24,2024-12-19,2023-06-01,2024-12-19,13.28,13.182,13.3175,13.24,13.2376,41112,13.2376,0.0008237512888205067,0.13256478856342088,80,0.2191780821917808,RUSFAR3M,19.6,10,2024-09-30,RUSFARCN1W,14.86,73.0,2024-09-30,13.375842832241752,-0.16384283224175178,-1.2249159495715471,-0.012324798762844563,0.0018181823190586144,False
2024-10-01,RFUD,CRZ4,13.217,13.101,13.316,13.263,335873142780.0,45070088465.0,3410074.0,25320252,13.265,0.0,13.217,0.38,1.0,115799,CNY-12.24,CNY,13.265,CNY-12.24,2024-12-19,2023-06-01,2024-12-19,13.2415,13.11,13.337,13.283,13.2193,37112,13.2193,-0.0013833822495046277,0.13426295663788868,79,0.21643835616438356,RUSFAR3M,19.6,11,2024-10-01,RUSFARCN1W,14.86,72.0,2024-09-30,13.355617208458776,-0.09061720845877552,-0.678495100933135,-0.006808073438481411,0.004003480061159692,False
2024-10-02,RFUD,CRZ4,13.273,13.223,13.478,13.456,336650927488.0,56383698676.0,4210796.0,25018648,13.456,0.0,13.391,1.46,220.0,118276,CNY-12.24,CNY,13.456,CNY-12.24,2024-12-19,2023-06-01,2024-12-19,13.292,13.25,13.495,13.4945,13.401,42147,13.401,0.013651448092098395,0.07949867134092446,78,0.2136986301369863,RUSFAR3M,19.57,12,2024-10-02,RUSFARCN1W,14.86,71.0,2024-09-30,13.536564918524132,-0.08056491852413217,-0.5951651619819958,-0.005969433286951098,0.014296115640889173,False
2024-10-03,RFUD,CRZ4,13.453,13.353,13.561,13.439,312722417880.0,88928748146.0,6607419.0,23259384,13.445,0.0,13.459,-0.13,1.0,153800,CNY-12.24,CNY,13.445,CNY-12.24,2024-12-19,2023-06-01,2024-12-19,13.4945,13.39,13.5655,13.459,13.4751,42430,13.4751,0.005514206879711381,0.07562528400323044,77,0.21095890410958903,RUSFAR3M,19.58,13,2024-10-03,RUSFARCN1W,14.86,70.0,2024-09-30,13.609945308711415,-0.164945308711415,-1.2119468886170854,-0.012193508470946975,-0.0008178135097640649,False
2024-10-04,RFUD,CRZ4,13.443,13.335,13.502,13.441,304951784040.0,39981857113.0,2979585.0,22679740,13.446,0.0,13.419,0.01,64.0,94458,CNY-12.24,CNY,13.446,CNY-12.24,2024-12-19,2023-06-01,2024-12-19,13.45,13.355,13.483,13.4465,13.4237,20269,13.4237,-0.0038217364760462225,0.08021249137280571,76,0.20821917808219179,RUSFAR3M,19.78,14,2024-10-04,RUSFARCN1W,14.86,69.0,2024-09-30,13.561924334310689,-0.11592433431068905,-0.8547779168580735,-0.00858452095655515,7.437432601697935e-05,False
2024-10-07,RFUD,CRZ4,13.451,13.409,13.614,13.527,296485841106.0,69742493809.0,5147086.0,21918078,13.527,0.0,13.551,0.64,1.0,140677,CNY-12.24,CNY,13.527,CNY-12.24,2024-12-19,2023-06-01,2024-12-19,13.4,13.395,13.59,13.5095,13.5512,52531,13.5512,0.00945330284827861,0.08253005195802825,73,0.2,RUSFAR3M,19.83,17,2024-10-07,RUSFARCN1W,14.86,66.0,2024-09-30,13.68657060531834,-0.1595706053183399,-1.165891806792958,-0.011727416182978316,0.006006024060211779,False
2024-10-08,RFUD,CRZ4,13.527,13.478,13.65,13.622,286059568440.0,53785762418.0,3964265.0,20998280,13.623,0.0,13.568,0.7,20.0,127802,CNY-12.24,CNY,13.623,CNY-12.24,2024-12-19,2023-06-01,2024-12-19,13.503,13.503,13.69,13.6495,13.5977,47174,13.5977,0.003425556502910876,0.08235763107998814,72,0.19726027397260273,RUSFAR3M,19.87,18,2024-10-08,RUSFARCN1W,14.21,65.0,2024-10-08,13.75036806750043,-0.12736806750043073,-0.9262884227911723,-0.009306051515871334,0.007071852676866719,False
2024-10-09,RFUD,CRZ4,13.627,13.55,13.703,13.593,294838277226.0,49112265140.0,3604071.0,21696834,13.589,0.0,13.627,-0.21,5.0,129245,CNY-12.24,CNY,13.589,CNY-12.24,2024-12-19,2023-06-01,2024-12-19,13.6555,13.621,13.743,13.6775,13.6866,56987,13.6866,0.006516591197264887,0.08269371707929565,71,0.19452054794520549,RUSFAR3M,19.89,19,2024-10-09,RUSFARCN1W,13.93,64.0,2024-10-09,13.846197921564986,-0.2571979215649858,-1.857534631686932,-0.018750034709384644,-0.00249889884556298,False
2024-10-10,RFUD,CRZ4,13.589,13.415,13.63,13.431,302916151704.0,49092665173.0,3628509.0,22545114,13.436,0.0,13.53,-1.19,5.0,124688,CNY-12.24,CNY,13.436,CNY-12.24,2024-12-19,2023-06-01,2024-12-19,13.68,13.51,13.71,13.5105,13.6818,46668,13.6818,-0.00035076950418844177,0.08350765211109014,70,0.1917808219178082,RUSFAR3M,20.21,20,2024-10-10,RUSFARCN1W,14.25,63.0,2024-10-10,13.83908201331965,-0.40308201331965066,-2.9126354835652957,-0.02955894772227753,-0.011322970188314407,False
2024-10-11,RFUD,CRZ4,13.43,13.305,13.469,13.353,297375048840.0,40391752792.0,3018993.0,22270280,13.353,0.0,13.379,-0.58,50.0,123283,CNY-12.24,CNY,13.353,CNY-12.24,2024-12-19,2023-06-01,2024-12-19,13.51,13.4325,13.557,13.469,13.4739,38814,13.4739,-0.015312001676148768,0.10654041283107539,69,0.18904109589041096,RUSFAR3M,20.37,21,2024-10-11,RUSFARCN1W,14.53,62.0,2024-10-11,13.623475996289123,-0.27047599628912344,-1.9853669971070376,-0.020053402108046375,-0.006196593048219068,False
2024-10-14,RFUD,CRZ4,13.351,13.347,13.5,13.469,306730300020.0,38970052221.0,2899113.0,22771366,13.47,0.0,13.442,0.87,305.0,109001,CNY-12.24,CNY,13.47,CNY-12.24,2024-12-19,2023-06-01,2024-12-19,13.5325,13.456,13.5675,13.526,13.5014,26045,13.5014,0.002038902961356559,0.10618142182069888,66,0.18082191780821918,RUSFAR3M,20.39,24,2024-10-14,RUSFARCN1W,14.3,59.0,2024-10-14,13.65089979581534,-0.1808997958153391,-1.3251858743464928,-0.01334044814347807,0.00872391172044562,False
2024-10-15,RFUD,CRZ4,13.465,13.431,13.597,13.589,305218995860.0,39501516687.0,2915286.0,22460740,13.589,0.0,13.55,0.89,20.0,91393,CNY-12.24,CNY,13.589,CNY-12.24,2024-12-19,2023-06-01,2024-12-19,13.537,13.5005,13.5995,13.58,13.5706,57845,13.5706,0.0051123042786307415,0.10322255067500721,65,0.1780821917808219,RUSFAR3M,20.39,25,2024-10-15,RUSFARCN1W,14.12,58.0,2024-10-15,13.72297508162113,-0.13397508162112892,-0.9762830641626591,-0.009810799536157974,0.008795651516087855,False
2024-10-16,RFUD,CRZ4,13.588,13.51,13.656,13.519,293822192268.0,49397973773.0,3635609.0,21735626,13.518,0.0,13.587,-0.52,1.0,129081,CNY-12.24,CNY,13.518,CNY-12.24,2024-12-19,2023-06-01,2024-12-19,13.581,13.5275,13.6265,13.53,13.5878,33260,13.5878,0.001266643270562362,0.10331059559406126,64,0.17534246575342466,RUSFAR3M,20.39,26,2024-10-16,RUSFARCN1W,14.25,57.0,2024-10-16,13.734876923557511,-0.21687692355751054,-1.5790234216480814,-0.015916228039520863,-0.005238511260198031,False
2024-10-17,RFUD,CRZ4,13.514,13.432,13.576,13.461,302737163192.0,41463226850.0,3073628.0,22493288,13.459,0.0,13.49,-0.43,70.0,107988,CNY-12.24,CNY,13.459,CNY-12.24,2024-12-19,2023-06-01,2024-12-19,13.5425,13.5135,13.5855,13.549,13.5458,47083,13.5458,-0.0030957951428347563,0.10041758790191727,63,0.1726027397260274,RUSFAR3M,21.04,27,2024-10-17,RUSFARCN1W,14.15,56.0,2024-10-17,13.707852789651096,-0.24885278965109592,-1.8154031376742699,-0.018320837693133016,-0.004374103426584064,False
2024-10-18,RFUD,CRZ4,13.456,13.333,13.489,13.386,291318886956.0,53406821186.0,3981475.0,21769458,13.382,0.0,13.414,-0.56,2.0,120809,CNY-12.24,CNY,13.382,CNY-12.24,2024-12-19,2023-06-01,2024-12-19,13.55,13.3295,13.5595,13.383,13.4508,60932,13.4508,-0.007037952344675524,0.10401451404127976,62,0.16986301369863013,RUSFAR3M,21.09,28,2024-10-18,RUSFARCN1W,14.39,55.0,2024-10-18,13.604755568174332,-0.22275556817433184,-1.6373360554556746,-0.016508885390095984,-0.0057375068909535365,False
2024-10-21,RFUD,CRZ4,13.388,13.318,13.51,13.47,299178862032.0,44706353765.0,3325953.0,22217352,13.466,0.0,13.442,0.63,1.0,119388,CNY-12.24,CNY,13.466,CNY-12.24,2024-12-19,2023-06-01,2024-12-19,13.35,13.342,13.55,13.5005,13.4775,37449,13.4775,0.0019830445107738015,0.10310521893347285,59,0.16164383561643836,RUSFAR1M,19.96,29,2024-10-21,RUSFARCN1W,14.39,52.0,2024-10-21,13.599393416066773,-0.1333934160667738,-0.9808776905385971,-0.009857199864433055,0.006257469762464218,False
2024-10-22,RFUD,CRZ4,13.474,13.462,13.545,13.522,299309686352.0,27597965898.0,2042135.0,22135016,13.522,0.0,13.514,0.39,43.0,78856,CNY-12.24,CNY,13.522,CNY-12.24,2024-12-19,2023-06-01,2024-12-19,13.5005,13.486,13.5725,13.542,13.5465,25089,13.5465,0.0051065830331396,0.10271985956819805,58,0.1589041095890411,RUSFAR1M,19.95,28,2024-10-22,RUSFARCN1W,14.24,51.0,2024-10-22,13.669972459058268,-0.14797245905826806,-1.0824634760709821,-0.010883647365874218,0.004149998545396993,False
2024-10-23,RFUD,CRZ4,13.523,13.43,13.55,13.474,301133093852.0,30823593096.0,2287126.0,22349198,13.474,0.0,13.477,-0.36,1.0,91990,CNY-12.24,CNY,13.474,CNY-12.24,2024-12-19,2023-06-01,2024-12-19,13.54,13.485,13.572,13.5365,13.5207,32232,13.5207,-0.0019063669543659678,0.0986436855931176,57,0.15616438356164383,RUSFAR1M,20.08,27,2024-10-23,RUSFARCN1W,14.28,50.0,2024-10-23,13.643720493415792,-0.16972049341579165,-1.243945839389598,-0.012517476130567591,-0.003556086130017899,False
2024-10-24,RFUD,CRZ4,13.478,13.462,13.553,13.544,304281481424.0,29273752677.0,2165515.0,22466146,13.544,0.0,13.518,0.52,1.0,88291,CNY-12.24,CNY,13.544,CNY-12.24,2024-12-19,2023-06-01,2024-12-19,13.54,13.5115,13.551,13.549,13.5359,31869,13.5359,0.0011235707072621004,0.09818871716791895,56,0.15342465753424658,RUSFAR1M,20.09,26,2024-10-24,RUSFARCN1W,14.47,49.0,2024-10-24,13.653117459729074,-0.10911745972907383,-0.7992127808972875,-0.008024236052312912,0.0051817422923661205,False
2024-10-25,RFUD,CRZ4,13.548,13.457,13.571,13.508,304325298524.0,50332081116.0,3727210.0,22530932,13.507,0.0,13.504,-0.27,35.0,105020,CNY-12.24,CNY,13.507,CNY-12.24,2024-12-19,2023-06-01,2024-12-19,13.55,13.458,13.5645,13.505,13.5009,42127,13.5009,-0.002589065240795385,0.09797113259509528,55,0.1506849315068493,RUSFAR1M,20.1,25,2024-10-25,RUSFARCN1W,14.5,48.0,2024-10-25,13.615307429184957,-0.10830742918495773,-0.7954828030749891,-0.007986636474683517,-0.002735575252207134,False
2024-10-28,RFUD,CRZ4,13.501,13.499,13.679,13.639,324772447452.0,71934181981.0,5279834.0,23806806,13.642,0.0,13.624,0.97,7.0,119724,CNY-12.24,CNY,13.642,CNY-12.24,2024-12-19,2023-06-01,2024-12-19,13.51,13.51,13.642,13.6165,13.6066,50265,13.6066,0.0077986192536196874,0.10086579547331868,52,0.14246575342465753,RUSFAR1M,20.8,22,2024-10-28,RUSFARCN1W,19.74,45.0,2024-10-28,13.627163352749667,0.014836647250332291,0.10887553679569399,0.0010881631036797161,0.009945199653900172,False
2024-10-29,RFUD,CRZ4,13.636,13.582,13.7,13.604,323159011076.0,35367369127.0,2595566.0,23749468,13.607,0.0,13.626,-0.26,1.0,99614,CNY-12.24,CNY,13.607,CNY-12.24,2024-12-19,2023-06-01,2024-12-19,13.621,13.538,13.661,13.577,13.5916,52041,13.5916,-0.0011030142818864164,0.1007689785126288,51,0.13972602739726028,RUSFAR1M,20.89,21,2024-10-29,RUSFARCN1W,19.47,44.0,2024-10-29,13.618593994556552,-0.01159399455655219,-0.08513356489800923,-0.0008516982409799828,-0.0025689030238060795,False
2024-10-30,RFUD,CRZ4,13.605,13.57,13.65,13.58,323225627040.0,26994024477.0,1984653.0,23799840,13.581,0.0,13.601,-0.18,15.0,74952,CNY-12.24,CNY,13.581,CNY-12.24,2024-12-19,2023-06-01,2024-12-19,13.5715,13.5625,13.614,13.6005,13.5878,21649,13.5878,-0.0002796235402371394,0.08982290520245235,50,0.136986301369863,RUSFAR1M,20.91,20,2024-10-30,RUSFARCN1W,20.01,43.0,2024-10-30,13.604562413062915,-0.02356241306291551,-0.17319493525415564,-0.0017334509108204454,-0.0019126090867902512,False
2024-10-31,RFUD,CRZ4,13.581,13.541,13.664,13.556,328781892780.0,51115280888.0,3757189.0,24255396,13.555,0.0,13.605,-0.18,39.0,123905,CNY-12.24,CNY,13.555,CNY-12.24,2024-12-19,2023-06-01,2024-12-19,13.6005,13.547,13.643,13.575,13.599,38477,13.599,0.0008239293063989628,0.0880079427105739,49,0.13424657534246576,RUSFAR1M,20.93,19,2024-10-31,RUSFARCN1W,20.2,42.0,2024-10-31,13.612333552373535,-0.05733355237353521,-0.42118827130516623,-0.004220777676193067,-0.0019162741713021347,False
2024-11-01,RFUD,CRZ4,13.56,13.55,13.693,13.652,331854251752.0,36097359878.0,2646877.0,24313448,13.649,0.0,13.638,0.71,7.0,79583,CNY-12.24,CNY,13.649,CNY-12.24,2024-12-19,2023-06-01,2024-12-19,13.5825,13.563,13.69,13.6595,13.642,22262,13.642,0.003157008605705336,0.08698767241999443,48,0.13150684931506848,RUSFAR1M,21.01,18,2024-11-01,RUSFARCN1W,20.31,41.0,2024-11-01,13.654563897016054,-0.005563897016054753,-0.04074752630708797,-0.00040755830367460145,0.00691077592342948,False
2024-11-02,RFUD,CRZ4,13.647,13.602,13.69,13.645,325397905868.0,22795958988.0,1670044.0,23852654,13.642,0.0,13.65,-0.05,42.0,58368,CNY-12.24,CNY,13.642,CNY-12.24,2024-12-19,2023-06-01,2024-12-19,13.66,13.6165,13.7065,13.668,13.6707,17843,13.6707,0.0021015872149732218,0.08100385029219165,47,0.12876712328767123,RUSFAR1M,21.01,17,2024-11-01,RUSFARCN1W,20.31,40.0,2024-11-01,13.683027912155879,-0.04102791215587942,-0.2998452712314545,-0.003002957077987018,-0.0005129896415310142,False
2024-11-05,RFUD,CRZ4,13.645,13.625,13.78,13.727,328343916150.0,37907099997.0,2760647.0,23923054,13.725,0.0,13.731,0.6,22.0,70103,CNY-12.24,CNY,13.725,CNY-12.24,2024-12-19,2023-06-01,2024-12-19,13.68,13.677,13.8005,13.704,13.7414,29784,13.7414,0.00515831744133477,0.08207757739762211,44,0.12054794520547946,RUSFAR1M,21.05,14,2024-11-05,RUSFARCN1W,19.91,37.0,2024-11-05,13.760297053521947,-0.035297053521947674,-0.2565137466484664,-0.002568433068583637,0.00606571816306678,False
2024-11-06,RFUD,CRZ4,13.729,13.533,13.746,13.651,332640236056.0,43348480290.0,3174975.0,24365678,13.652,0.0,13.653,-0.55,19.0,78260,CNY-12.24,CNY,13.652,CNY-12.24,2024-12-19,2023-06-01,2024-12-19,13.668,13.5055,13.702,13.5975,13.6366,27064,13.6366,-0.007655819407837328,0.08375723914098142,43,0.1178082191780822,RUSFAR1M,21.04,13,2024-11-06,RUSFARCN1W,14.54,36.0,2024-11-06,13.74142356430524,-0.08942356430524079,-0.6507590999343597,-0.006528857683112921,-0.005332956351133511,False
2024-11-07,RFUD,CRZ4,13.656,13.618,13.743,13.723,339355186974.0,45670191938.0,3334786.0,24736146,13.719,0.0,13.696,0.53,1.0,97249,CNY-12.24,CNY,13.719,CNY-12.24,2024-12-19,2023-06-01,2024-12-19,13.5915,13.5805,13.6585,13.625,13.6221,32827,13.6221,-0.0010638806228944198,0.08381441531647989,42,0.11506849315068493,RUSFAR1M,21.0,12,2024-11-07,RUSFARCN1W,9.83,35.0,2024-11-07,13.798316949483212,-0.07931694948321244,-0.5748306099475639,-0.005764891199007476,0.004895702299567262,False
2024-11-08,RFUD,CRZ4,13.726,13.642,13.75,13.662,357834395670.0,48547540277.0,3542220.0,26186198,13.665,0.0,13.703,-0.45,1.0,93949,CNY-12.24,CNY,13.665,CNY-12.24,2024-12-19,2023-06-01,2024-12-19,13.6105,13.54,13.647,13.57,13.588,35715,13.588,-0.0025064235597662687,0.06296076357261247,41,0.11232876712328767,RUSFAR1M,20.99,11,2024-11-08,RUSFARCN1W,4.07,34.0,2024-11-08,13.848723712921148,-0.18372371292114842,-1.326647254502813,-0.013355258315566478,-0.003943913963996515,False
2024-11-11,RFUD,CRZ4,13.66,13.58,13.699,13.604,362537968968.0,49422591265.0,3624077.0,26653284,13.602,0.0,13.637,-0.43,5.0,103259,CNY-12.24,CNY,13.602,CNY-12.24,2024-12-19,2023-06-01,2024-12-19,13.5995,13.4975,13.6005,13.513,13.5467,36083,13.5467,-0.0030440750693268015,0.06380860665273413,38,0.10410958904109589,RUSFAR1M,20.97,8,2024-11-11,RUSFARCN1W,4.06,31.0,2024-11-11,13.787300388174126,-0.18530038817412553,-1.3439932616037327,-0.01353106598241314,-0.004620978626584282,False
2024-11-12,RFUD,CRZ4,13.6,13.531,13.628,13.614,379838366060.0,40904693885.0,3009761.0,27902620,13.613,0.0,13.584,0.07,5.0,83748,CNY-12.24,CNY,13.613,CNY-12.24,2024-12-19,2023-06-01,2024-12-19,13.4765,13.446,13.531,13.5,13.4955,25461,13.4955,-0.003786678685864686,0.062466747641618886,37,0.10136986301369863,RUSFAR1M,21.26,7,2024-11-12,RUSFARCN1W,5.31,30.0,2024-11-12,13.715475442888627,-0.1024754428886272,-0.7471519548508249,-0.007499571163495059,0.0008083777768890243,False
2024-11-13,RFUD,CRZ4,13.617,13.611,13.761,13.714,390170246328.0,44172340260.0,3222117.0,28446358,13.716,0.0,13.709,0.73,36.0,103075,CNY-12.24,CNY,13.716,CNY-12.24,2024-12-19,2023-06-01,2024-12-19,13.5,13.5,13.641,13.6,13.599,36485,13.599,0.007639964083676176,0.06837357340641369,36,0.09863013698630137,RUSFAR1M,21.05,6,2024-11-13,RUSFARCN1W,5.03,29.0,2024-11-13,13.81557817256492,-0.09957817256491985,-0.7207673202028052,-0.007233773971353571,0.007537816070337655,False
2024-11-14,RFUD,CRZ4,13.72,13.699,13.831,13.812,398226193156.0,44768834218.0,3250677.0,28829812,13.813,0.0,13.771,0.71,1.0,87295,CNY-12.24,CNY,13.813,CNY-12.24,2024-12-19,2023-06-01,2024-12-19,13.6,13.584,13.7275,13.715,13.6633,39007,13.6633,0.004717145598919004,0.06923827245562435,35,0.0958904109589041,RUSFAR1M,21.0,5,2024-11-14,RUSFARCN1W,8.25,28.0,2024-11-14,13.831373220468802,-0.018373220468800966,-0.13283728358664176,-0.0013292559051787537,0.007047143117148824,False
2024-11-15,RFUD,CRZ4,13.817,13.734,13.906,13.756,392048911980.0,63295772178.0,4577636.0,28498140,13.757,0.0,13.827,-0.4,2.0,124028,CNY-12.24,CNY,13.757,CNY-12.24,2024-12-19,2023-06-01,2024-12-19,13.7315,13.666,13.85,13.69,13.7811,51474,13.7811,0.008584682008401678,0.06909134376676695,34,0.09315068493150686,RUSFAR1M,20.97,4,2024-11-15,RUSFARCN1W,19.68,27.0,2024-11-15,13.797669927444757,-0.04066992744475684,-0.2947593880605945,-0.0029519465909008855,-0.0040623922389642075,False
2024-11-18,RFUD,CRZ4,13.755,13.747,13.867,13.802,408164878622.0,45545924250.0,3297789.0,29575022,13.801,0.0,13.812,0.33,10.0,70303,CNY-12.24,CNY,13.801,CNY-12.24,2024-12-19,2023-06-01,2024-12-19,13.76,13.7195,13.8295,13.7595,13.7579,49229,13.7579,-0.001684883655064251,0.06977252486680366,31,0.08493150684931507,RUSFAR1M,20.98,1,2024-11-18,RUSFARCN1W,16.12,24.0,2024-11-18,13.814805450756166,-0.013805450756166238,-0.09993228500666713,-0.0009998225060521503,0.0031932678270445436,False
2024-11-19,RFUD,CRZ4,13.803,13.787,13.892,13.888,422895449604.0,42657325693.0,3082691.0,30461388,13.883,0.0,13.838,0.62,44.0,78318,CNY-12.24,CNY,13.883,CNY-12.24,2024-12-19,2023-06-01,2024-12-19,13.768,13.745,13.85,13.8385,13.7867,49574,13.7867,0.002091154745033741,0.06823974181324842,30,0.0821917808219178,RUSFAR1M,20.98,0,2024-11-19,RUSFARCN1W,18.63,23.0,2024-11-19,13.81335483919488,0.06964516080511984,0.5041871552267976,0.005029203879238106,0.0059240167467620175,False
2024-11-20,RFUD,CRZ4,13.89,13.813,13.922,13.844,420555886140.0,36468519854.0,2631519.0,30376012,13.845,0.0,13.858,-0.32,22.0,82707,CNY-12.24,CNY,13.845,CNY-12.24,2024-12-19,2023-06-01,2024-12-19,13.8425,13.7835,13.8725,13.82,13.8186,27699,13.8186,0.002311151423768365,0.06759580141766329,29,0.07945205479452055,RUSFAR1M,20.92,1,2024-11-20,RUSFARCN1W,19.81,22.0,2024-11-20,13.830792244913376,0.014207755086625085,0.10272553325244507,0.0010267280668253527,-0.002740913429740033,False
2024-11-21,RFUD,CRZ4,13.851,13.841,13.952,13.923,420259039448.0,52499585839.0,3773195.0,30193192,13.919,0.0,13.914,0.57,1.0,97584,CNY-12.24,CNY,13.919,CNY-12.24,2024-12-19,2023-06-01,2024-12-19,13.83,13.8275,13.95,13.95,13.8817,50694,13.8817,0.0045559152170797645,0.06870748277509775,28,0.07671232876712329,RUSFAR1M,20.95,2,2024-11-21,RUSFARCN1W,19.75,21.0,2024-11-21,13.894484653951602,0.024515346048398,0.17643940497948454,0.0017628393350976903,0.005330656622338559,False
2024-11-22,RFUD,CRZ4,13.929,13.87,14.125,14.107,425456409268.0,73779526314.0,5275866.0,30169934,14.102,0.0,13.984,1.32,1.0,134400,CNY-12.24,CNY,14.102,CNY-12.24,2024-12-19,2023-06-01,2024-12-19,13.9695,13.866,14.0965,14.0765,13.9638,39792,13.9638,0.005896840631576694,0.0690024281428073,27,0.07397260273972603,RUSFAR1M,21.04,3,2024-11-22,RUSFARCN1W,20.82,20.0,2024-11-22,13.966072649906499,0.13592735009350143,0.9732682444152362,0.009685624974284122,0.013061818051585128,False
2024-11-25,RFUD,CRZ4,14.106,14.098,14.485,14.466,429492188286.0,79384893647.0,5551160.0,29720586,14.451,0.0,14.301,2.54,14.0,135839,CNY-12.24,CNY,14.451,CNY-12.24,2024-12-19,2023-06-01,2024-12-19,14.0865,14.0865,14.4495,14.3805,14.258,37884,14.258,0.020849886098899706,0.09499423306529439,24,0.06575342465753424,RUSFAR1M,21.02,6,2024-11-25,RUSFARCN1W,16.15,17.0,2024-11-25,14.303730029496828,0.1472699705031726,1.0295913737149387,0.010243271839934917,0.024446985019344947,False
2024-11-26,RFUD,CRZ4,14.463,14.427,14.723,14.712,432615039480.0,84311092132.0,5803033.0,29409588,14.71,0.0,14.529,1.7,228.0,160895,CNY-12.24,CNY,14.71,CNY-12.24,2024-12-19,2023-06-01,2024-12-19,14.4025,14.388,14.6815,14.6705,14.4676,49278,14.4676,0.01459351379076912,0.10341904946219123,23,0.06301369863013699,RUSFAR1M,21.08,7,2024-11-26,RUSFARCN1W,7.31,16.0,2024-11-26,14.593681379158053,0.11631862084194822,0.7970478306321563,0.00793888182577041,0.017763918297152514,False
2024-11-27,RFUD,CRZ4,14.711,14.319,15.196,14.597,387357140516.0,242733506970.0,16391522.0,26547676,14.591,0.0,14.807,-0.78,10.0,393919,CNY-12.24,CNY,14.591,CNY-12.24,2024-12-19,2023-06-01,2024-12-19,14.733,14.2655,15.1575,14.47,14.8173,110024,14.8173,0.023883750548988836,0.12598130972777208,22,0.06027397260273973,RUSFAR2W,20.96,8,2024-11-27,RUSFARCN1W,4.97,15.0,2024-11-27,14.960796681724846,-0.36979668172484637,-2.4717713206848564,-0.025028324972487612,-0.008122634331460876,False
2024-11-28,RFUD,CRZ4,14.597,14.338,14.839,14.777,387632421380.0,103757609811.0,7076482.0,26260580,14.761,0.0,14.663,1.23,1.0,234378,CNY-12.24,CNY,14.761,CNY-12.24,2024-12-19,2023-06-01,2024-12-19,14.47,14.47,14.817,14.7285,14.6706,61990,14.6706,-0.009949925921177272,0.1354111505198582,21,0.057534246575342465,RUSFAR2W,20.99,7,2024-11-28,RUSFARCN1W,3.52,14.0,2024-11-28,14.818801171590525,-0.057801171590526224,-0.39005295314534766,-0.003908156435870218,0.011583667272974552,False
2024-11-29,RFUD,CRZ4,14.765,14.525,14.864,14.559,372328226250.0,76113880833.0,5168585.0,25573750,14.559,0.0,14.726,-1.47,5.0,179402,CNY-12.24,CNY,14.559,CNY-12.24,2024-12-19,2023-06-01,2024-12-19,14.7285,14.477,14.8215,14.5005,14.6907,55135,14.6907,0.0013691494000540594,0.1356708936823539,20,0.0547945205479452,RUSFAR2W,20.94,6,2024-11-29,RUSFARCN1W,2.69,13.0,2024-11-29,14.838343989583386,-0.2793439895833867,-1.8825819766645657,-0.019005281422882787,-0.0137792084636712,False
2024-12-02,RFUD,CRZ4,14.56,14.472,14.753,14.619,366283946868.0,70684326637.0,4827917.0,25051908,14.621,0.0,14.639,0.41,22.0,158192,CNY-12.24,CNY,14.621,CNY-12.24,2024-12-19,2023-06-01,2024-12-19,14.504,14.437,14.728,14.608,14.6149,66596,14.6149,-0.005173084259594063,0.1392208040097486,17,0.04657534246575343,RUSFAR2W,21.01,3,2024-12-02,RUSFARCN1W,3.57,10.0,2024-12-02,14.7340964744206,-0.11309647442059934,-0.7675833711075705,-0.007705444545203936,0.004249492344112316,False
2024-12-03,RFUD,CRZ4,14.61,14.435,14.654,14.465,371978122496.0,61041821736.0,4192481.0,25717514,14.464,0.0,14.556,-1.05,1.0,137767,CNY-12.24,CNY,14.464,CNY-12.24,2024-12-19,2023-06-01,2024-12-19,14.6435,14.398,14.6435,14.441,14.526,54479,14.526,-0.0061014090705011625,0.14295658941276504,16,0.043835616438356165,RUSFAR2W,21.16,2,2024-12-03,RUSFARCN1W,2.91,9.0,2024-12-03,14.642674074035076,-0.17867407403507585,-1.220228444146737,-0.01227734353415581,-0.010796047785480045,False
2024-12-04,RFUD,CRZ4,14.465,14.183,14.471,14.39,370584004186.0,76302760067.0,5334381.0,25754674,14.389,0.0,14.303,-0.52,100.0,179883,CNY-12.24,CNY,14.389,CNY-12.24,2024-12-19,2023-06-01,2024-12-19,14.3745,14.129,14.382,14.3315,14.2529,45658,14.2529,-0.01897975240248817,0.158700789743934,15,0.0410958904109589,RUSFAR2W,21.07,1,2024-12-04,RUSFARCN1W,2.21,8.0,2024-12-04,14.363798953514308,0.02520104648569088,0.17544833763859585,0.0017529460682854075,-0.005198777868540283,False
2024-12-05,RFUD,CRZ4,14.39,13.758,14.435,13.825,355356843540.0,112494581517.0,7962525.0,25694638,13.83,0.0,14.127,-3.93,9.0,226480,CNY-12.24,CNY,13.83,CNY-12.24,2024-12-19,2023-06-01,2024-12-19,14.34,13.61,14.38,13.93,14.0727,107909,14.0727,-0.012723644410606028,0.16706746918718118,14,0.038356164383561646,RUSFAR2W,20.98,0,2024-12-05,RUSFARCN1W,1.79,7.0,2024-12-05,14.176664933124906,-0.34666493312490587,-2.4453207772082957,-0.024757152639420663,-0.03962388010461382,False
2024-12-06,RFUD,CRZ4,13.83,13.416,13.905,13.522,345580737320.0,116329432908.0,8532578.0,25568270,13.516,0.0,13.632,-2.19,50.0,265008,CNY-12.24,CNY,13.516,CNY-12.24,2024-12-19,2023-06-01,2024-12-19,13.7205,13.3465,13.8535,13.41,13.571,135177,13.571,-0.03630158727164856,0.21449420701608185,13,0.03561643835616438,RUSFAR2W,20.95,1,2024-12-06,RUSFARCN1W,1.28,6.0,2024-12-06,13.666408895096128,-0.15040889509612754,-1.1005736492349374,-0.011066747671847699,-0.02296597682462309,False
2024-12-09,RFUD,CRZ4,13.524,13.439,13.95,13.923,340463516448.0,94656703507.0,6906048.0,24448048,13.926,0.0,13.707,2.97,1.0,197981,CNY-12.24,CNY,13.926,CNY-12.24,2024-12-19,2023-06-01,2024-12-19,13.4985,13.3905,13.8835,13.859,13.5909,59777,13.5909,0.0014652880365924048,0.2142599882691708,10,0.0273972602739726,RUSFAR1W,20.77,3,2024-12-09,RUSFARCN1W,1.53,3.0,2024-12-09,13.662729948776324,0.2632700512236763,1.9269212830138356,0.019085912507816893,0.029883427668311313,False
2024-12-10,RFUD,CRZ4,13.931,13.601,13.987,13.754,312324688704.0,125667230762.0,9144075.0,22709568,13.753,0.0,13.745,-1.21,2.0,231532,CNY-12.24,CNY,13.753,CNY-12.24,2024-12-19,2023-06-01,2024-12-19,13.8675,13.533,13.912,13.7,13.6576,129693,13.6576,0.004895692109361693,0.21435379366422175,9,0.024657534246575342,RUSFAR1W,20.96,2,2024-12-10,RUSFARCN1W,1.98,2.0,2024-12-10,13.721667368707058,0.03133263129294228,0.22834419790992674,0.002280838887382871,-0.012500614387784381,False
2024-12-11,RFUD,CRZ4,13.76,13.721,14.12,13.991,305837404560.0,84938077857.0,6086636.0,21861144,13.99,0.0,13.956,1.72,2.0,197375,CNY-12.24,CNY,13.99,CNY-12.24,2024-12-19,2023-06-01,2024-12-19,13.767,13.6655,14.061,13.9255,13.8923,80212,13.8923,0.017038586566151537,0.2209444448129682,8,0.021917808219178082,RUSFAR1W,21.35,1,2024-12-11,RUSFARCN1W,2.3,1.0,2024-12-11,13.950426374451386,0.039573625548614544,0.28367323325034083,0.0028327164002974092,0.01708580654481917,False
2024-12-12,RFUD,CRZ4,13.987,13.843,14.188,13.896,266722869686.0,97768579087.0,6994517.0,19192838,13.897,0.0,13.988,-0.68,4.0,216646,CNY-12.24,CNY,13.897,CNY-12.24,2024-12-19,2023-06-01,2024-12-19,13.969,13.7965,14.1375,13.8,13.9432,73344,13.9432,0.0036572044139955295,0.22074413381940688,7,0.019178082191780823,RUSFAR1W,21.73,0,2024-12-12,RUSFARCN1W,1.66,0.0,2024-12-12,13.996971367524166,-0.0999713675241658,-0.7142357078483407,-0.007167985816780244,-0.006669799172944746,False
2024-12-13,RFUD,CRZ4,13.895,13.872,14.107,13.9,246744876900.0,70200211529.0,5010605.0,17764210,13.89,0.0,14.01,0.03,9.0,185141,CNY-12.24,CNY,13.89,CNY-12.24,2024-12-19,2023-06-01,2024-12-19,13.83,13.82,14.0735,13.8695,13.9953,49568,13.9953,0.0037296247395532944,0.21920301385479984,6,0.01643835616438356,RUSFAR1W,21.99,1,2024-12-13,RUSFARCN1W,1.26,1.0,2024-12-13,14.043072731858553,-0.1530727318585523,-1.0900230653316116,-0.010960073431512375,-0.0005038327381927665,False
2024-12-16,RFUD,CRZ4,13.889,13.705,14.009,13.875,214800063114.0,96043499566.0,6916584.0,15474394,13.881,0.0,13.882,-0.18,7.0,195239,CNY-12.24,CNY,13.881,CNY-12.24,2024-12-19,2023-06-01,2024-12-19,13.878,13.686,13.98,13.859,13.8617,109462,13.8617,-0.009591917602000066,0.22215506445206273,3,0.00821917808219178,RUSFAR,21.82,2,2024-12-16,RUSFARCNY,1.05,2.0,2024-12-16,13.88538384074299,-0.004383840742990586,-0.03157162087321895,-0.0003157660575867292,-0.0006481581732802333,False
2024-12-17,RFUD,CRZ4,13.88,13.815,14.094,14.094,183993074388.0,70212560684.0,5019516.0,13065834,14.082,0.0,13.993,1.58,24.0,156630,CNY-12.24,CNY,14.082,CNY-12.24,2024-12-19,2023-06-01,2024-12-19,13.859,13.8455,14.07,14.07,13.9815,74181,13.9815,0.008605385824296707,0.22401777452790947,2,0.005479452054794521,RUSFAR,21.75,1,2024-12-17,RUSFARCNY,0.77,1.0,2024-12-17,13.997582221379682,0.08441777862031863,0.603088285428181,0.0060127698686612075,0.014376387503969301,False
2024-12-18,RFUD,CRZ4,14.094,13.994,14.199,14.175,103517413488.0,106975686464.0,7589842.0,7298182,14.184,0.0,14.098,0.57,1.0,157429,CNY-12.24,CNY,14.184,CNY-12.24,2024-12-19,2023-06-01,2024-12-19,14.126,13.9755,14.1935,14.1515,14.0786,71538,14.0786,0.0069208867808590036,0.22505228721453835,1,0.0027397260273972603,RUSFAR,21.7,0,2024-12-18,RUSFARCNY,1.66,0.0,2024-12-18,14.086331852330712,0.09766814766928711,0.6933540164548021,0.006909613707972826,0.0072171826749651835,False
2024-12-19,RFUD,CRZ4,14.177,14.144,14.279,14.202,0.0,36455858470.0,2568221.0,0,14.2033,0.0,14.195,0.19,1.0,52462,CNY-12.24,CNY,14.2033,CNY-12.24,2024-12-19,2023-06-01,2024-12-19,14.1545,13.9815,14.2555,14.007,14.1412,74078,14.1412,0.004436608528919361,0.2250272040152147,0,0.0,RUSFAR,21.61,1,2024-12-19,RUSFARCNY,1.48,1.0,2024-12-19,14.1412,0.06210000000000093,0.43914236415580665,0.004381809477061542,0.0013597632021178363,False
2024-12-20,RFUD,CRH5,14.535,14.374,14.61,14.521,168512066680.0,62949017839.0,4344059.0,11609512,14.515,0.0,14.491,-0.03,1.0,182506,CNY-3.25,CNY,14.515,CNY-3.25,2025-03-20,2023-09-08,2025-03-20,14.0065,13.907,14.09,13.9605,13.9884,77267,13.9884,-0.01086410776531288,0.227962520247424,90,0.2465753424657534,RUSFAR3M,23.67,0,2024-12-20,RUSFARCN1W,0.99,83.0,2024-12-20,14.792964592890128,-0.2779645928901271,-1.879032368019889,-0.01896910492628947,,True
2024-12-23,RFUD,CRH5,14.525,14.177,14.554,14.31,165698576038.0,61987641044.0,4333391.0,11568706,14.323,0.0,14.305,-1.45,1.0,179877,CNY-3.25,CNY,14.323,CNY-3.25,2025-03-20,2023-09-08,2025-03-20,13.955,13.638,13.959,13.845,13.7985,81333,13.7985,-0.013668524128465531,0.21901948403599522,87,0.23835616438356164,RUSFAR3M,21.67,3,2024-12-23,RUSFARCN1W,1.25,80.0,2024-12-23,14.486717851194564,-0.16371785119456383,-1.1301238339577642,-0.011365582572579812,-0.013315960678864869,False
2024-12-24,RFUD,CRH5,14.328,14.126,14.356,14.211,158574165708.0,58842917735.0,4134415.0,11164836,14.203,0.0,14.232,-0.69,1.0,167930,CNY-3.25,CNY,14.203,CNY-3.25,2025-03-20,2023-09-08,2025-03-20,13.784,13.558,13.7955,13.7,13.6695,71910,13.6695,-0.00939281698103045,0.2118757090413406,86,0.2356164383561644,RUSFAR3M,21.71,4,2024-12-24,RUSFARCN1W,0.84,79.0,2024-12-24,14.358473048654345,-0.1554730486543452,-1.0827965350320863,-0.010887014408094593,-0.008413426898737253,False
2024-12-25,RFUD,CRH5,14.215,14.071,14.251,14.1,166850617920.0,42214706509.0,2982268.0,11816616,14.12,0.0,14.155,-0.78,4.0,124047,CNY-3.25,CNY,14.12,CNY-3.25,2025-03-20,2023-09-08,2025-03-20,13.675,13.451,13.6985,13.486,13.5855,62052,13.5855,-0.006164026121178168,0.18700086818099274,85,0.2328767123287671,RUSFAR3M,21.71,5,2024-12-25,RUSFARCN1W,0.9,78.0,2024-12-25,14.260089501038177,-0.14008950103817774,-0.9823886521047348,-0.009872459271496253,-0.0058609778338949425,False
2024-12-26,RFUD,CRH5,14.1,13.99,14.147,14.01,163402623384.0,41550053264.0,2954829.0,11659956,14.014,0.0,14.062,-0.64,6.0,117018,CNY-3.25,CNY,14.014,CNY-3.25,2025-03-20,2023-09-08,2025-03-20,13.505,13.4,13.519,13.4,13.4685,61103,13.4685,-0.008649421854140193,0.18653978979884464,84,0.23013698630136986,RUSFAR3M,21.72,6,2024-12-26,RUSFARCN1W,0.58,77.0,2024-12-26,14.139956506593707,-0.12595650659370783,-0.8907842576104964,-0.008947754602603447,-0.007535402116753964,False
2024-12-27,RFUD,CRH5,14.01,13.772,14.02,13.865,167817263260.0,78123831140.0,5633512.0,12099298,13.87,0.0,13.868,-1.03,824.0,211876,CNY-3.25,CNY,13.87,CNY-3.25,2025-03-20,2023-09-08,2025-03-20,13.4,13.3705,13.5385,13.45,13.4462,83127,13.4462,-0.0016570873985495282,0.18563252517184475,83,0.2273972602739726,RUSFAR3M,21.73,7,2024-12-27,RUSFARCN1W,0.11,76.0,2024-12-27,14.12377893081124,-0.25377893081124014,-1.7968203272965249,-0.01813159159277922,-0.01032859562160171,False
2024-12-28,RFUD,CRH5,13.851,13.741,14.155,14.143,159522019770.0,56672820188.0,4066170.0,11277626,14.145,0.0,13.94,2.0,2.0,158585,CNY-3.25,CNY,14.145,CNY-3.25,2025-03-20,2023-09-08,2025-03-20,13.4435,13.335,13.6995,13.6735,13.4632,58424,13.4632,0.001263499168440152,0.18669192520289005,82,0.22465753424657534,RUSFAR3M,21.73,8,2024-12-27,RUSFARCN1W,0.11,75.0,2024-12-27,14.133261575063443,0.011738424936556413,0.0830553151104735,0.000830208432694505,0.01963297042679013,False
2024-12-30,RFUD,CRH5,14.141,13.931,14.274,14.191,156821282640.0,29878447444.0,2113145.0,11056210,14.184,0.0,14.139,0.34,4.0,105424,CNY-3.25,CNY,14.184,CNY-3.25,2025-03-20,2023-09-08,2025-03-20,13.621,13.502,13.8125,13.705,13.71,16346,13.71,0.018165456157496873,0.2024551011789057,80,0.2191780821917808,RUSFAR3M,21.73,10,2024-12-27,RUSFARCN1W,0.11,73.0,2024-12-27,14.37530487198005,-0.19130487198005142,-1.3307882767268304,-0.013397226172179465,0.0027533640183761143,False
2025-01-03,RFUD,CRH5,14.182,14.14,14.315,14.248,158576134302.0,16909492576.0,1186672.0,11122686,14.257,0.0,14.25,0.4,4.0,75241,CNY-3.25,CNY,14.257,CNY-3.25,2025-03-20,2023-09-08,2025-03-20,13.799,13.702,13.84,13.7975,13.7972,5515,13.7972,0.0063401794515152154,0.19560115800904562,76,0.20821917808219179,RUSFAR3M,21.73,14,2024-12-27,RUSFARCN1W,0.11,69.0,2024-12-27,14.43250074145754,-0.17550074145754024,-1.2160106179895225,-0.012234645155284768,0.005133445399917225,False
2025-01-06,RFUD,CRH5,14.257,14.011,14.296,14.071,160535232220.0,29947761121.0,2124055.0,11393558,14.09,0.0,14.099,-1.24,91.0,119520,CNY-3.25,CNY,14.09,CNY-3.25,2025-03-20,2023-09-08,2025-03-20,13.7975,13.589,13.8225,13.624,13.6639,11547,13.6639,-0.009708354507475647,0.19361464533198622,73,0.2,RUSFAR3M,21.73,17,2024-12-27,RUSFARCN1W,0.11,66.0,2024-12-27,14.267686835413272,-0.17768683541327235,-1.2453794189836207,-0.012531992607673691,-0.011782688261234853,False
2025-01-08,RFUD,CRH5,14.069,13.933,14.124,13.964,162509730462.0,19238060530.0,1371954.0,11633598,13.969,0.0,14.022,-0.76,1.0,81587,CNY-3.25,CNY,13.969,CNY-3.25,2025-03-20,2023-09-08,2025-03-20,13.63,13.51,13.69,13.51,13.6045,5784,13.6045,-0.004356698152808924,0.14433431755006895,71,0.19452054794520549,RUSFAR3M,21.73,19,2024-12-27,RUSFARCN1W,0.11,64.0,2024-12-27,14.18884316000311,-0.21984316000311033,-1.549408627074162,-0.015615374085793792,-0.008624737165175311,False
2025-01-09,RFUD,CRH5,13.964,13.958,14.25,14.13,158045402704.0,58093795355.0,4108553.0,11191432,14.122,0.0,14.14,1.19,2.0,186192,CNY-3.25,CNY,14.122,CNY-3.25,2025-03-20,2023-09-08,2025-03-20,13.565,13.5645,13.779,13.58,13.6637,48365,13.6637,0.004342060936221692,0.14504854363914793,70,0.1917808219178082,RUSFAR3M,22.16,20,2025-01-09,RUSFARCN1W,0.41,63.0,2025-01-09,14.245698622114935,-0.12369862211493476,-0.8683226101870903,-0.008721144974643867,0.010893276348741487,False
2025-01-10,RFUD,CRH5,14.119,14.088,14.24,14.221,150096955596.0,40707749761.0,2869739.0,10550148,14.227,0.0,14.187,0.64,3.0,122122,CNY-3.25,CNY,14.227,CNY-3.25,2025-03-20,2023-09-08,2025-03-20,13.615,13.5935,13.7345,13.72,13.6797,48087,13.6797,0.0011703008277050841,0.14407133334513203,69,0.18904109589041096,RUSFAR3M,22.14,21,2025-01-10,RUSFARCN1W,-0.11,62.0,2025-01-10,14.267363068843347,-0.040363068843346284,-0.2829048973421724,-0.002833058295967363,0.007407702574874886,False
2025-01-13,RFUD,CRH5,14.225,14.225,14.35,14.329,150764310880.0,35381996793.0,2473364.0,10528234,14.32,0.0,14.306,0.76,26.0,119718,CNY-3.25,CNY,14.32,CNY-3.25,2025-03-20,2023-09-08,2025-03-20,13.73,13.7235,13.8575,13.818,13.8201,52229,13.8201,0.010211072073978755,0.13517655359551728,66,0.18082191780821918,RUSFAR3M,22.15,24,2025-01-13,RUSFARCN1W,-0.11,59.0,2025-01-13,14.3877192536387,-0.06771925363869968,-0.4706739994358263,-0.004717851574969327,0.006515593863469782,False
2025-01-14,RFUD,CRH5,14.32,14.31,14.462,14.415,149977984500.0,30471537299.0,2114342.0,10404300,14.415,0.0,14.412,0.6,10.0,93395,CNY-3.25,CNY,14.415,CNY-3.25,2025-03-20,2023-09-08,2025-03-20,13.845,13.8405,13.9895,13.9385,13.9366,44562,13.9366,0.008394418940956605,0.13801364456555204,65,0.1780821917808219,RUSFAR3M,22.13,25,2025-01-14,RUSFARCN1W,-0.09,58.0,2025-01-14,14.499125483979274,-0.08412548397927466,-0.580210744932366,-0.005819005067649378,0.006612169557865588,False
2025-01-15,RFUD,CRH5,14.411,14.325,14.475,14.395,144467586032.0,34648176036.0,2409045.0,10033168,14.399,0.0,14.382,-0.14,4.0,109291,CNY-3.25,CNY,14.399,CNY-3.25,2025-03-20,2023-09-08,2025-03-20,13.949,13.8755,13.998,13.902,13.9225,40179,13.9225,-0.0010122366626297286,0.13732798329895132,64,0.17534246575342466,RUSFAR3M,22.11,26,2025-01-15,RUSFARCN1W,0.59,57.0,2025-01-15,14.457884922494474,-0.05888492249447452,-0.40728587072136474,-0.0040811753856900505,-0.0011105713642320936,False
2025-01-16,RFUD,CRH5,14.4,14.301,14.414,14.353,141940057956.0,33745864743.0,2349502.0,9885782,14.358,0.0,14.363,-0.29,7.0,127305,CNY-3.25,CNY,14.358,CNY-3.25,2025-03-20,2023-09-08,2025-03-20,13.9025,13.8495,13.94,13.909,13.9119,50041,13.9119,-0.0007616474946416929,0.13287499888553164,63,0.1726027397260274,RUSFAR3M,22.11,27,2025-01-16,RUSFARCN1W,0.3,56.0,2025-01-16,14.44559099464116,-0.08759099464115927,-0.6063510636127843,-0.006081968367000233,-0.0028514815718421183,False
2025-01-17,RFUD,CRH5,14.352,14.241,14.388,14.248,142218115090.0,35604420388.0,2486384.0,9976718,14.255,0.0,14.32,-0.73,1.0,104894,CNY-3.25,CNY,14.255,CNY-3.25,2025-03-20,2023-09-08,2025-03-20,13.909,13.85,13.96,13.87,13.9337,41639,13.9337,0.0015657773187758295,0.12925555385562265,62,0.16986301369863013,RUSFAR3M,22.08,28,2025-01-17,RUSFARCN1W,0.19,55.0,2025-01-17,14.461549663971658,-0.20654966397165708,-1.4282678466073266,-0.014385657639815074,-0.007199555789655587,False
2025-01-20,RFUD,CRH5,14.253,14.143,14.266,14.248,142592169000.0,39230308126.0,2760176.0,10006468,14.25,0.0,14.213,0.0,1.0,98620,CNY-3.25,CNY,14.25,CNY-3.25,2025-03-20,2023-09-08,2025-03-20,13.864,13.7655,13.891,13.8225,13.8307,43150,13.8307,-0.007419607304100406,0.12884230502533334,59,0.16164383561643836,RUSFAR1M,21.11,29,2025-01-20,RUSFARCN1W,0.23,52.0,2025-01-20,14.305470146934548,-0.05547014693454777,-0.38775479844284744,-0.003885085163772859,-0.0003508156499760773,False
2025-01-21,RFUD,CRH5,14.24,13.99,14.253,13.99,147103455478.0,48115894481.0,3411708.0,10512646,13.993,0.0,14.103,-1.81,40.0,131857,CNY-3.25,CNY,13.993,CNY-3.25,2025-03-20,2023-09-08,2025-03-20,13.8385,13.576,13.8385,13.583,13.703,59475,13.703,-0.009275972037656288,0.13050934611503642,58,0.1589041095890411,RUSFAR1M,21.08,28,2025-01-21,RUSFARCN1W,0.15,51.0,2025-01-21,14.166406425106521,-0.1734064251065206,-1.2240678398101,-0.012316212527473806,-0.01819970214108313,False
2025-01-22,RFUD,CRH5,14.0,13.905,14.028,13.944,140227225244.0,41833876389.0,2995415.0,10055014,13.946,0.0,13.967,-0.33,25.0,103587,CNY-3.25,CNY,13.946,CNY-3.25,2025-03-20,2023-09-08,2025-03-20,13.583,13.5055,13.5865,13.5415,13.5438,63333,13.5438,-0.011685908928613653,0.13131534475850792,57,0.15616438356164383,RUSFAR1M,21.08,27,2025-01-22,RUSFARCN1W,0.13,50.0,2025-01-22,13.994233002990075,-0.04823300299007549,-0.3446634265684285,-0.0034525875927952933,-0.0033644757747572918,False
2025-01-23,RFUD,CRH5,13.949,13.891,14.03,13.978,134512878512.0,39929099219.0,2851999.0,9624562,13.976,0.0,14.0,0.24,10.0,103784,CNY-3.25,CNY,13.976,CNY-3.25,2025-03-20,2023-09-08,2025-03-20,13.589,13.533,13.61,13.5495,13.5726,33254,13.5726,0.0021241765742576746,0.12384175391125464,56,0.15342465753424658,RUSFAR1M,21.05,26,2025-01-23,RUSFARCN1W,0.13,49.0,2025-01-23,14.015298639694672,-0.03929863969467107,-0.2803981613589591,-0.002807920134116641,0.00214884403293647,False
2025-01-24,RFUD,CRH5,13.985,13.84,14.089,13.893,159678461882.0,64056844054.0,4594622.0,11495102,13.891,0.0,13.942,-0.61,90.0,175499,CNY-3.25,CNY,13.891,CNY-3.25,2025-03-20,2023-09-08,2025-03-20,13.6735,13.422,13.6735,13.469,13.5005,64811,13.5005,-0.005326332814141299,0.12091721826526916,55,0.1506849315068493,RUSFAR1M,21.02,25,2025-01-24,RUSFARCN1W,0.02,48.0,2025-01-24,13.934538710057435,-0.043538710057434926,-0.31245175002463693,-0.0031294089967527187,-0.0061004244165032695,False
2025-01-27,RFUD,CRH5,13.898,13.651,13.918,13.824,187676557406.0,66462658963.0,4830023.0,13577122,13.823,0.0,13.76,-0.5,10.0,172550,CNY-3.25,CNY,13.823,CNY-3.25,2025-03-20,2023-09-08,2025-03-20,13.52,13.293,13.561,13.4645,13.3899,83415,13.3899,-0.008226030380268146,0.12238333405259391,52,0.14246575342465753,RUSFAR1M,20.96,22,2025-01-27,RUSFARCN1W,-0.54,45.0,2025-01-27,13.806380334587807,0.016619665412193285,0.12037670272314333,0.0012030430806205564,-0.004907276933031834,False
2025-01-28,RFUD,CRH5,13.824,13.695,13.97,13.734,192313635360.0,61097315086.0,4420740.0,14007840,13.729,0.0,13.821,-0.65,1.0,156651,CNY-3.25,CNY,13.729,CNY-3.25,2025-03-20,2023-09-08,2025-03-20,13.4695,13.31,13.5955,13.368,13.4388,59206,13.4388,0.0036453539792127287,0.11957391760426006,51,0.13972602739726028,RUSFAR1M,21.0,21,2025-01-28,RUSFARCN1W,-0.54,44.0,2025-01-27,13.84941552934878,-0.12041552934878119,-0.8694628960594362,-0.008732647780413204,-0.006823487566752551,False
2025-01-29,RFUD,CRH5,13.737,13.665,13.818,13.76,193984241920.0,48326582462.0,3513295.0,14097692,13.76,0.0,13.755,0.19,8.0,135957,CNY-3.25,CNY,13.76,CNY-3.25,2025-03-20,2023-09-08,2025-03-20,13.3755,13.3005,13.44,13.3965,13.3837,50880,13.3837,-0.004108496784874127,0.12030884381743003,50,0.136986301369863,RUSFAR1M,20.97,20,2025-01-29,RUSFARCN1W,-0.54,43.0,2025-01-27,13.78392836210081,-0.023928362100809508,-0.17359610027139305,-0.0017374695290968043,0.0022554485897297027,False
2025-01-30,RFUD,CRH5,13.767,13.552,13.806,13.563,206671131040.0,77246349283.0,5642958.0,15235616,13.565,0.0,13.689,-1.43,5.0,166212,CNY-3.25,CNY,13.565,CNY-3.25,2025-03-20,2023-09-08,2025-03-20,13.4285,13.2,13.4315,13.231,13.3474,58455,13.3474,-0.0027159392852058595,0.12048147468420148,49,0.13424657534246576,RUSFAR1M,20.95,19,2025-01-30,RUSFARCN1W,-0.54,42.0,2025-01-27,13.738075319805846,-0.17307531980584656,-1.2598221787030686,-0.012678252254631915,-0.014272886394302464,False
2025-01-31,RFUD,CRH5,13.573,13.503,13.75,13.735,191438930592.0,60829863305.0,4464189.0,13949208,13.724,0.0,13.626,1.27,1.0,168752,CNY-3.25,CNY,13.724,CNY-3.25,2025-03-20,2023-09-08,2025-03-20,13.219,13.1895,13.381,13.354,13.2725,63204,13.2725,-0.005627383848741729,0.09955478099022508,48,0.13150684931506848,RUSFAR1M,20.84,18,2025-01-31,RUSFARCN1W,-0.54,41.0,2025-01-27,13.650967385594102,0.07303261440589814,0.5349995523611728,0.005335735136952202,0.011653178885308257,False
2025-02-03,RFUD,CRH5,13.727,13.616,13.858,13.616,195194105980.0,52842423876.0,3846147.0,14330380,13.621,0.0,13.739,-0.87,1.0,153023,CNY-3.25,CNY,13.621,CNY-3.25,2025-03-20,2023-09-08,2025-03-20,13.395,13.235,13.494,13.267,13.3824,42057,13.3824,0.00824618533643351,0.10178147518746922,45,0.1232876712328767,RUSFAR1M,20.92,15,2025-02-03,RUSFARCN1W,-0.54,38.0,2025-01-27,13.741190736146978,-0.12019073614697717,-0.8746748258926984,-0.008785225593493465,-0.0075334055309985715,False
2025-02-04,RFUD,CRH5,13.632,13.568,13.682,13.611,196700155938.0,37331166401.0,2741204.0,14451558,13.611,0.0,13.619,-0.04,1.0,110810,CNY-3.25,CNY,13.611,CNY-3.25,2025-03-20,2023-09-08,2025-03-20,13.3,13.233,13.337,13.267,13.2849,37991,13.2849,-0.007312358915089412,0.09955789295630327,44,0.12054794520547946,RUSFAR1M,20.86,14,2025-02-04,RUSFARCN1W,-0.54,37.0,2025-01-27,13.632072823484231,-0.02107282348423034,-0.15458267981027646,-0.0015470228210694552,-0.000734430115268303,False
2025-02-05,RFUD,CRH5,13.608,13.291,13.728,13.304,214004848200.0,101715748402.0,7541644.0,16091800,13.299,0.0,13.487,-2.26,200.0,219977,CNY-3.25,CNY,13.299,CNY-3.25,2025-03-20,2023-09-08,2025-03-20,13.326,12.9875,13.39,12.996,13.1511,82362,13.1511,-0.010122646581627759,0.10383598719141758,43,0.1178082191780822,RUSFAR1M,20.87,13,2025-02-05,RUSFARCN1W,-0.26,36.0,2025-02-05,13.482577306159762,-0.1835773061597621,-1.3615891234377826,-0.013709437596708222,-0.023189444918910507,False
2025-02-06,RFUD,CRH5,13.297,13.137,13.607,13.59,198895901400.0,111046379734.0,8298096.0,14635460,13.59,0.0,13.383,2.15,5.0,283174,CNY-3.25,CNY,13.59,CNY-3.25,2025-03-20,2023-09-08,2025-03-20,12.91,12.8385,13.299,13.2425,13.0688,84187,13.0688,-0.006277695207305811,0.10248092312295533,42,0.11506849315068493,RUSFAR1M,20.89,12,2025-02-06,RUSFARCN1W,-0.23,35.0,2025-02-06,13.390294799606723,0.19970520039327688,1.491417503363274,0.014804052301527823,0.021645383732026513,False
2025-02-07,RFUD,CRH5,13.586,13.442,13.634,13.62,201620508288.0,67272186754.0,4965069.0,14809792,13.614,0.0,13.549,0.22,20.0,196020,CNY-3.25,CNY,13.614,CNY-3.25,2025-03-20,2023-09-08,2025-03-20,13.2855,13.1605,13.35,13.2735,13.2451,65117,13.2451,0.013399962606306826,0.11614025596844126,41,0.11232876712328767,RUSFAR1M,20.83,11,2025-02-07,RUSFARCN1W,-0.69,34.0,2025-02-07,13.569176998386206,0.04482300161379449,0.3303295521837863,0.0032978516264215454,0.0017644468627073806,False
2025-02-10,RFUD,CRH5,13.609,13.376,13.618,13.398,208829079228.0,47854438082.0,3546391.0,15586586,13.398,0.0,13.494,-1.63,48.0,130391,CNY-3.25,CNY,13.398,CNY-3.25,2025-03-20,2023-09-08,2025-03-20,13.287,13.101,13.32,13.11,13.2252,42378,13.2252,-0.0015035722110474659,0.10743841471584092,38,0.10410958904109589,RUSFAR1M,20.92,8,2025-02-10,RUSFARCN1W,-0.63,31.0,2025-02-10,13.525269044804968,-0.1272690448049687,-0.9409723709256084,-0.009454274855639799,-0.01599323293968391,False
2025-02-11,RFUD,CRH5,13.398,13.179,13.458,13.21,220918460880.0,76621091163.0,5769174.0,16726110,13.208,0.0,13.281,-1.4,3.0,181982,CNY-3.25,CNY,13.208,CNY-3.25,2025-03-20,2023-09-08,2025-03-20,13.12,12.903,13.151,12.915,13.0076,117764,13.0076,-0.01659029847820781,0.1112965036488531,37,0.10136986301369863,RUSFAR1M,21.07,7,2025-02-11,RUSFARCN1W,-0.45,30.0,2025-02-11,13.2944758130892,-0.0864758130891996,-0.6504642552665298,-0.006525889927872398,-0.014282735468249097,False
2025-02-12,RFUD,CRH5,13.206,12.918,13.214,12.947,216781113120.0,85704040879.0,6577238.0,16742440,12.948,0.0,13.03,-1.99,1.0,213906,CNY-3.25,CNY,12.948,CNY-3.25,2025-03-20,2023-09-08,2025-03-20,12.893,12.654,12.896,12.66,12.763,80308,12.763,-0.018983442024597785,0.12367101703724957,36,0.09863013698630137,RUSFAR1M,21.03,6,2025-02-12,RUSFARCN1W,-0.36,29.0,2025-02-12,13.035121211939604,-0.08712121193960343,-0.6683575129305601,-0.006706010237925491,-0.01988137055382877,False
2025-02-13,RFUD,CRH5,12.945,12.332,12.985,12.554,227941162400.0,154241796436.0,12262068.0,18140960,12.565,0.0,12.579,-3.03,2.0,393441,CNY-3.25,CNY,12.565,CNY-3.25,2025-03-20,2023-09-08,2025-03-20,12.25,12.13,12.474,12.28,12.3414,128010,12.3414,-0.03359089577051799,0.16047222370447137,35,0.0958904109589041,RUSFAR1M,20.98,5,2025-02-13,RUSFARCN1W,-0.36,28.0,2025-02-13,12.596543840133801,-0.03154384013380174,-0.25041662645034446,-0.0025073069331101143,-0.0300261650684428,False
2025-02-14,RFUD,CRH5,12.545,12.382,12.836,12.698,239137370640.0,140640935272.0,11135696.0,18832680,12.698,0.0,12.63,1.15,8.0,288974,CNY-3.25,CNY,12.698,CNY-3.25,2025-03-20,2023-09-08,2025-03-20,12.24,12.187,12.6255,12.475,12.4143,81721,12.4143,0.0058895697333216646,0.1638701101973272,34,0.09315068493150686,RUSFAR1M,21.02,4,2025-02-14,RUSFARCN1W,-0.12,27.0,2025-02-14,12.661185943593802,0.0368140564061985,0.2907630973133711,0.002903411990380534,0.010529329752702932,False
2025-02-17,RFUD,CRH5,12.695,12.475,12.761,12.496,246457126440.0,78701152267.0,6227693.0,19732356,12.49,0.0,12.637,-1.59,1.0,188174,CNY-3.25,CNY,12.49,CNY-3.25,2025-03-20,2023-09-08,2025-03-20,12.48,12.288,12.549,12.333,12.4609,63606,12.4609,0.00374670792705345,0.16714292324153582,31,0.08493150684931507,RUSFAR1M,20.99,1,2025-02-17,RUSFARCN1W,-0.04,24.0,2025-02-17,12.685464846911723,-0.1954648469117224,-1.5408567937446007,-0.015528513643335575,-0.016516176610771982,False
2025-02-18,RFUD,CRH5,12.5,12.452,12.656,12.627,241794909774.0,66807675493.0,5306691.0,19146006,12.629,0.0,12.589,1.05,1.0,173690,CNY-3.25,CNY,12.629,CNY-3.25,2025-03-20,2023-09-08,2025-03-20,12.4,12.3505,12.4655,12.4225,12.4124,74048,12.4124,-0.003899768946336035,0.16649855072162573,30,0.0821917808219178,RUSFAR1M,21.02,0,2025-02-18,RUSFARCN1W,-0.01,23.0,2025-02-18,12.628812432793545,0.00018756720645463076,0.0014852323403550633,1.4852213108928171e-05,0.011067432526546739,False
2025-02-19,RFUD,CRH5,12.626,12.45,12.677,12.521,242773742480.0,65991266120.0,5265007.0,19390874,12.52,0.0,12.534,-0.84,16.0,171286,CNY-3.25,CNY,12.52,CNY-3.25,2025-03-20,2023-09-08,2025-03-20,12.39,12.276,12.439,12.356,12.3486,71954,12.3486,-0.005153276619742186,0.16459504654846643,29,0.07945205479452055,RUSFAR1M,21.02,1,2025-02-19,RUSFARCN1W,-0.11,22.0,2025-02-19,12.557660973870616,-0.03766097387061684,-0.2999043687274247,-0.003003549830462071,-0.00866839099208061,False
2025-02-20,RFUD,CRH5,12.53,12.179,12.538,12.181,237197377270.0,68838452180.0,5589271.0,19466342,12.185,0.0,12.316,-2.71,1.0,179679,CNY-3.25,CNY,12.185,CNY-3.25,2025-03-20,2023-09-08,2025-03-20,12.3195,12.0,12.3225,12.018,12.1277,61507,12.1277,-0.01805060387801749,0.16914828495538056,28,0.07671232876712329,RUSFAR1M,21.05,2,2025-02-20,RUSFARCN1W,-0.4,21.0,2025-02-20,12.328909703726497,-0.14390970372649647,-1.1672540977650179,-0.011741199889693403,-0.02712167859478276,False
2025-02-21,RFUD,CRH5,12.18,12.061,12.372,12.159,229631889552.0,92198475940.0,7534988.0,18881096,12.162,0.0,12.236,-0.18,10.0,224985,CNY-3.25,CNY,12.162,CNY-3.25,2025-03-20,2023-09-08,2025-03-20,11.985,11.907,12.216,12.0,12.0891,66517,12.0891,-0.003187872277878423,0.16936905625801385,27,0.07397260273972603,RUSFAR1M,21.06,3,2025-02-21,RUSFARCN1W,-0.17,20.0,2025-02-21,12.280450451077561,-0.11845045107756036,-0.964544839372458,-0.009692267032162355,-0.001889350379251642,False
2025-02-24,RFUD,CRH5,12.16,12.11,12.333,12.122,219385045830.0,80355262653.0,6591534.0,18102570,12.119,0.0,12.196,-0.3,17.0,175046,CNY-3.25,CNY,12.119,CNY-3.25,2025-03-20,2023-09-08,2025-03-20,12.0195,11.9705,12.185,11.975,12.0538,74738,12.0538,-0.002924257247887585,0.16929158171698647,24,0.06575342465753424,RUSFAR1M,21.12,6,2025-02-24,RUSFARCN1W,0.16,17.0,2025-02-24,12.221074514999335,-0.10207451499933562,-0.8352335539240525,-0.008387411742417713,-0.0035418677115677255,False
2025-02-25,RFUD,CRH5,12.12,11.83,12.133,11.842,203371099696.0,95740061368.0,8022402.0,17178064,11.839,0.0,11.934,-2.31,12.0,233241,CNY-3.25,CNY,11.839,CNY-3.25,2025-03-20,2023-09-08,2025-03-20,11.949,11.671,11.949,11.689,11.7804,82562,11.7804,-0.022942829416209953,0.17688681571497297,23,0.06301369863013699,RUSFAR1M,21.11,7,2025-02-25,RUSFARCN1W,0.02,16.0,2025-02-25,11.938001585354291,-0.09900158535429071,-0.8292978070613364,-0.008327556115935764,-0.02337530255685083,False
2025-02-26,RFUD,CRH5,11.847,11.758,12.15,12.092,220529709278.0,131364713693.0,11014016.0,18257282,12.079,0.0,11.929,2.11,7.0,304625,CNY-3.25,CNY,12.079,CNY-3.25,2025-03-20,2023-09-08,2025-03-20,11.725,11.625,11.993,11.911,11.7659,131899,11.7659,-0.001231616163294813,0.17771396188121907,22,0.06027397260273973,RUSFAR2W,21.09,8,2025-02-26,RUSFARCN1W,0.07,15.0,2025-02-26,11.915917440650643,0.16308255934935723,1.3686110210281253,0.013593301241001252,0.02006924119364184,False
2025-02-27,RFUD,CRH5,12.079,12.001,12.305,12.206,235452030080.0,126497006927.0,10436659.0,19285120,12.209,0.0,12.121,0.94,188.0,286718,CNY-3.25,CNY,12.209,CNY-3.25,2025-03-20,2023-09-08,2025-03-20,12.078,11.85,12.16,12.0195,11.9591,104953,11.9591,0.01628697751383479,0.19496222959335527,21,0.057534246575342465,RUSFAR2W,21.13,7,2025-02-27,RUSFARCN1W,0.03,14.0,2025-02-27,12.10516499823324,0.1038350017667593,0.8577743614557432,0.008541163804442278,0.010704977063577203,False
2025-02-28,RFUD,CRH5,12.205,12.146,12.337,12.263,233193973380.0,86161169426.0,7040844.0,19028476,12.255,0.0,12.238,0.47,2.0,194428,CNY-3.25,CNY,12.255,CNY-3.25,2025-03-20,2023-09-08,2025-03-20,12.111,12.01,12.1995,12.123,12.0978,79760,12.0978,0.011531123035068536,0.2041029738406765,20,0.0547945205479452,RUSFAR2W,21.16,6,2025-02-28,RUSFARCN1W,-0.25,13.0,2025-02-28,12.240561188162697,0.014438811837303334,0.11795874074193972,0.001178892240813022,0.0037606322933574354,False
2025-03-03,RFUD,CRH5,12.265,12.094,12.377,12.239,232311439264.0,86020158858.0,7013064.0,18976592,12.242,0.0,12.266,-0.2,250.0,236453,CNY-3.25,CNY,12.242,CNY-3.25,2025-03-20,2023-09-08,2025-03-20,12.14,12.087,12.256,12.0945,12.1649,94115,12.1649,0.005531138007599967,0.202047778670212,17,0.04657534246575343,RUSFAR2W,21.15,3,2025-03-03,RUSFARCN1W,-0.29,10.0,2025-03-03,12.286984228868727,-0.044984228868726106,-0.36611285593607246,-0.0036678468933270514,-0.001061354551197713,False
2025-03-04,RFUD,CRH5,12.238,12.147,12.345,12.262,202933043802.0,78332171706.0,6380925.0,16526838,12.279,0.0,12.276,0.19,1.0,178451,CNY-3.25,CNY,12.279,CNY-3.25,2025-03-20,2023-09-08,2025-03-20,12.1005,12.075,12.23,12.16,12.1838,73642,12.1838,0.0015524445901329287,0.20301592739350993,16,0.043835616438356165,RUSFAR2W,21.23,2,2025-03-04,RUSFARCN1W,-0.45,9.0,2025-03-04,12.30014144777698,-0.021141447776980016,-0.17187971265810878,-0.0017202759531404082,0.003017823749497328,False
2025-03-05,RFUD,CRH5,12.286,12.175,12.45,12.331,195782907780.0,92022445281.0,7447648.0,15890180,12.321,0.0,12.356,0.56,2.0,218003,CNY-3.25,CNY,12.321,CNY-3.25,2025-03-20,2023-09-08,2025-03-20,12.1835,12.1835,12.353,12.228,12.2788,66072,12.2788,0.0077669975867116214,0.20614850360593676,15,0.0410958904109589,RUSFAR2W,21.27,1,2025-03-05,RUSFARCN1W,-0.15,8.0,2025-03-05,12.387364210756932,-0.066364210756932,-0.5357411764748362,-0.005371814157888337,0.00341463746415549,False
2025-03-06,RFUD,CRH5,12.329,12.305,12.447,12.374,199438002400.0,51677937006.0,4174844.0,16114900,12.376,0.0,12.378,0.35,1.0,133491,CNY-3.25,CNY,12.376,CNY-3.25,2025-03-20,2023-09-08,2025-03-20,12.327,12.228,12.3515,12.273,12.2831,44831,12.2831,0.00035013578297515835,0.20627727859911676,14,0.038356164383561646,RUSFAR2W,21.26,0,2025-03-06,RUSFARCN1W,-0.02,7.0,2025-03-06,12.38376729185193,-0.00776729185193048,-0.0627215585441522,-0.0006274123674243065,0.004453989628233845,False
2025-03-07,RFUD,CRH5,12.382,12.135,12.42,12.233,194998847916.0,90321364371.0,7363420.0,15933882,12.238,0.0,12.266,-1.14,11.0,206935,CNY-3.25,CNY,12.238,CNY-3.25,2025-03-20,2023-09-08,2025-03-20,12.2925,12.07,12.32,12.132,12.1938,74104,12.1938,-0.007296708015188003,0.1972026241652001,13,0.03561643835616438,RUSFAR2W,21.21,1,2025-03-07,RUSFARCN1W,0.0,6.0,2025-03-07,12.286263779268326,-0.0482637792683267,-0.39282714530162005,-0.0039360073771730975,-0.011213248230415918,False
2025-03-10,RFUD,CRH5,12.23,11.939,12.248,11.941,185260737312.0,85943780940.0,7099353.0,15504288,11.949,0.0,12.105,-2.39,27.0,185129,CNY-3.25,CNY,11.949,CNY-3.25,2025-03-20,2023-09-08,2025-03-20,12.076,11.8675,12.1255,11.875,12.05,72157,12.05,-0.011862965905515388,0.19879125165549108,10,0.0273972602739726,RUSFAR1W,21.28,3,2025-03-10,RUSFARCN1W,0.08,3.0,2025-03-10,12.120192691031507,-0.17119269103150714,-1.4124584929923052,-0.014225286247129489,-0.023898272172731883,False
2025-03-11,RFUD,CRH5,11.942,11.779,11.985,11.895,179400199680.0,76109663126.0,6405125.0,15081984,11.895,0.0,11.883,-0.39,7.0,192907,CNY-3.25,CNY,11.895,CNY-3.25,2025-03-20,2023-09-08,2025-03-20,11.88,11.719,11.95,11.85,11.8293,93757,11.8293,-0.01848515529470962,0.20040762076209218,9,0.024657534246575342,RUSFAR1W,21.07,2,2025-03-11,RUSFARCN1W,0.13,2.0,2025-03-11,11.890536032431319,0.004463967568680616,0.037542189490071674,0.00037535144173377765,-0.004529449112696149,False
2025-03-12,RFUD,CRH5,11.899,11.854,12.111,12.002,163349207592.0,83538345544.0,6965879.0,13607898,12.004,0.0,11.993,0.9,5.0,219450,CNY-3.25,CNY,12.004,CNY-3.25,2025-03-20,2023-09-08,2025-03-20,11.875,11.856,12.013,11.936,11.9333,73750,11.9333,0.008753306796599691,0.19845087016005053,8,0.021917808219178082,RUSFAR1W,21.08,1,2025-03-12,RUSFARCN1W,0.13,1.0,2025-03-12,11.988221094397785,0.01577890560221462,0.13162007505507436,0.0013153353176485701,0.009121783823199614,False
2025-03-13,RFUD,CRH5,12.0,11.837,12.067,11.851,149180708856.0,77389137686.0,6489485.0,12563644,11.874,0.0,11.925,-1.26,1.0,183166,CNY-3.25,CNY,11.874,CNY-3.25,2025-03-20,2023-09-08,2025-03-20,11.9895,11.795,12.017,11.83,11.8717,84618,11.8717,-0.0051753948745885126,0.16361652050224612,7,0.019178082191780823,RUSFAR1W,21.35,0,2025-03-13,RUSFARCN1W,0.25,0.0,2025-03-13,11.919837057922884,-0.04583705792288306,-0.3845443331158295,-0.0038528560579476883,-0.01088879172963697,False
2025-03-14,RFUD,CRH5,11.847,11.367,11.901,11.794,131668962930.0,89735792056.0,7603594.0,11165010,11.793,0.0,11.798,-0.48,5.0,197403,CNY-3.25,CNY,11.793,CNY-3.25,2025-03-20,2023-09-08,2025-03-20,11.798,11.6785,11.87,11.801,11.7903,65427,11.7903,-0.006880257045791094,0.16178020021181172,6,0.01643835616438356,RUSFAR1W,21.37,1,2025-03-14,RUSFARCN1W,0.02,1.0,2025-03-14,11.831751804523119,-0.03875180452311966,-0.3275238118864644,-0.003280613451437444,-0.00684500074065042,False
2025-03-17,RFUD,CRH5,11.793,11.371,11.809,11.374,111202805340.0,96176351763.0,8298328.0,9767484,11.385,0.0,11.585,-3.56,4.0,208461,CNY-3.25,CNY,11.385,CNY-3.25,2025-03-20,2023-09-08,2025-03-20,11.75,11.323,11.752,11.35,11.5504,107878,11.5504,-0.020557091115414927,0.1718646951916039,3,0.00821917808219178,RUSFAR,21.5,2,2025-03-17,RUSFARCNY,0.19,2.0,2025-03-17,11.570648332082047,-0.18564833208204767,-1.6044764887313943,-0.01617487573637171,-0.03520943559213041,False
2025-03-18,RFUD,CRH5,11.373,11.145,11.457,11.253,92464032864.0,117474478044.0,10410278.0,8214644,11.256,0.0,11.284,-1.06,1.0,297848,CNY-3.25,CNY,11.256,CNY-3.25,2025-03-20,2023-09-08,2025-03-20,11.35,11.1345,11.436,11.219,11.2526,107515,11.2526,-0.026120855343278127,0.1892657707169898,2,0.005479452054794521,RUSFAR,21.5,1,2025-03-18,RUSFARCNY,0.22,1.0,2025-03-18,11.265728492493896,-0.009728492493895402,-0.08635475726560675,-0.000863920644653582,-0.011395379703614594,False
2025-03-19,RFUD,CRH5,11.257,11.152,11.621,11.49,69192688080.0,79593969652.0,6962692.0,6021992,11.49,0.0,11.432,2.11,1.0,223274,CNY-3.25,CNY,11.49,CNY-3.25,2025-03-20,2023-09-08,2025-03-20,11.3145,11.3,11.6105,11.496,11.459,110728,11.459,0.018176234384829737,0.2062172140636213,1,0.0027397260273972603,RUSFAR,21.5,0,2025-03-19,RUSFARCNY,0.09,0.0,2025-03-19,11.465723538587508,0.024276461412492623,0.2117307410281698,0.0021150690738874316,0.02057577204857619,False
2025-03-20,RFUD,CRH5,11.485,11.477,11.65,11.611,0.0,39447643821.0,3403379.0,0,11.6112,0.0,11.591,1.05,78.0,64318,CNY-3.25,CNY,11.6112,CNY-3.25,2025-03-20,2023-09-08,2025-03-20,11.581,11.479,11.657,11.5025,11.5901,87987,11.5901,0.011375837997823268,0.20558281859313943,0,0.0,RUSFAR,21.5,1,2025-03-20,RUSFARCNY,0.08,1.0,2025-03-20,11.5901,0.021100000000000563,0.18205192362447747,0.001818864099600992,0.010493057681071338,False
2025-03-21,RFUD,CRM5,12.107,12.0,12.219,12.02,219854093800.0,62028419743.0,5123413.0,18290690,12.02,0.0,12.104,-0.7,50.0,189523,CNY-6.25,CNY,12.02,CNY-6.25,2025-06-19,2023-12-08,2025-06-19,11.583,11.4575,11.6405,11.466,11.5528,94284,11.5528,-0.003223453611916227,0.20558497117316027,90,0.2465753424657534,RUSFAR3M,21.09,0,2025-03-21,RUSFARCN1W,0.15,83.0,2025-03-21,12.164972413546678,-0.14497241354667878,-1.1917200353470616,-0.011988779435485696,,True
2025-03-24,RFUD,CRM5,12.021,11.9,12.195,12.14,224799904200.0,69393603158.0,5759360.0,18524920,12.135,0.0,12.049,1.0,30.0,229386,CNY-6.25,CNY,12.135,CNY-6.25,2025-06-19,2023-12-08,2025-06-19,11.4315,11.3745,11.651,11.6045,11.4955,83194,11.4955,-0.004972177388363974,0.2057999765290995,87,0.23835616438356164,RUSFAR3M,21.28,3,2025-03-24,RUSFARCN1W,0.18,80.0,2025-03-24,12.088430100581402,0.046569899418598126,0.38524356786708236,0.003845034051779174,0.009521910071502937,False
2025-03-25,RFUD,CRM5,12.14,11.983,12.246,12.007,225258925176.0,65579679810.0,5422946.0,18762196,12.006,0.0,12.093,-1.1,1.0,225608,CNY-6.25,CNY,12.006,CNY-6.25,2025-06-19,2023-12-08,2025-06-19,11.627,11.4705,11.643,11.489,11.5532,71041,11.5532,0.005006800430001679,0.19221007246943472,86,0.2356164383561644,RUSFAR3M,21.35,4,2025-03-25,RUSFARCN1W,0.25,79.0,2025-03-25,12.142085075124479,-0.13608507512447865,-1.1207718796442672,-0.011270998535355306,-0.010687314348913013,False
2025-03-26,RFUD,CRM5,12.004,11.95,12.079,11.969,232853853438.0,54966375402.0,4574846.0,19467758,11.961,0.0,12.015,-0.32,14.0,184213,CNY-6.25,CNY,11.961,CNY-6.25,2025-06-19,2023-12-08,2025-06-19,11.48,11.4,11.55,11.45,11.5155,53486,11.5155,-0.003268500917930073,0.19238222823262063,85,0.2328767123287671,RUSFAR3M,21.37,5,2025-03-26,RUSFARCN1W,0.2,78.0,2025-03-26,12.097441136957464,-0.13644113695746363,-1.1278512159124165,-0.011342596886598043,-0.0037551677623239854,False
2025-03-27,RFUD,CRM5,11.965,11.85,12.085,11.919,238911359778.0,57943180327.0,4839427.0,20041218,11.921,0.0,11.973,-0.42,99.0,197552,CNY-6.25,CNY,11.921,CNY-6.25,2025-06-19,2023-12-08,2025-06-19,11.4985,11.3435,11.566,11.42,11.4808,70400,11.4808,-0.0030178790793407018,0.18115055578085945,84,0.23013698630136986,RUSFAR3M,21.34,6,2025-03-27,RUSFARCN1W,0.23,77.0,2025-03-27,12.052329884805246,-0.13132988480524688,-1.0896638746240976,-0.010956441946939788,-0.003349806331462979,False
2025-03-28,RFUD,CRM5,11.921,11.881,12.303,12.238,254022107136.0,87648217688.0,7258422.0,20758528,12.237,0.0,12.075,2.68,5.0,244260,CNY-6.25,CNY,12.237,CNY-6.25,2025-06-19,2023-12-08,2025-06-19,11.4335,11.391,11.7515,11.685,11.5201,69316,11.5201,0.0034172609110396657,0.17528245921809302,83,0.2273972602739726,RUSFAR3M,21.24,7,2025-03-28,RUSFARCN1W,0.26,76.0,2025-03-28,12.083021446690744,0.15397855330925658,1.2743381611014826,0.012662868012426732,0.02616259826766676,False
2025-03-31,RFUD,CRM5,12.239,12.137,12.395,12.185,258287635496.0,73494627170.0,6002488.0,21183272,12.193,0.0,12.244,-0.43,36.0,221108,CNY-6.25,CNY,12.193,CNY-6.25,2025-06-19,2023-12-08,2025-06-19,11.8,11.6225,11.8485,11.681,11.7054,90174,11.7054,0.01595693800350917,0.18520208037582594,80,0.2191780821917808,RUSFAR3M,21.38,10,2025-03-31,RUSFARCN1W,0.12,73.0,2025-03-31,12.263747272145483,-0.07074727214548382,-0.5768813607743803,-0.005785517484978734,-0.003602132425403859,False
2025-04-01,RFUD,CRM5,12.182,11.947,12.227,11.966,254216616992.0,56114597209.0,4643659.0,21244912,11.966,0.0,12.084,-1.8,500.0,156304,CNY-6.25,CNY,11.966,CNY-6.25,2025-06-19,2023-12-08,2025-06-19,11.663,11.4445,11.69,11.473,11.5775,80264,11.5775,-0.010986714416363785,0.18741446275651172,79,0.21643835616438356,RUSFAR3M,21.41,11,2025-04-01,RUSFARCN1W,-0.07,72.0,2025-04-01,12.128457105376558,-0.16245710537655889,-1.3394705028436096,-0.013485223309039621,-0.018792721610287444,False
2025-04-02,RFUD,CRM5,11.961,11.95,12.075,12.011,261920878992.0,48463129935.0,4031219.0,21815832,12.006,0.0,12.022,0.38,97.0,146685,CNY-6.25,CNY,12.006,CNY-6.25,2025-06-19,2023-12-08,2025-06-19,11.508,11.496,11.5735,11.511,11.5259,80510,11.5259,-0.004466882432718755,0.18346993660197491,78,0.2136986301369863,RUSFAR3M,21.57,12,2025-04-02,RUSFARCN1W,-0.08,71.0,2025-04-02,12.071682618002852,-0.06568261800285136,-0.5441049113144919,-0.005455905535057446,0.003337229861811508,False
2025-04-03,RFUD,CRM5,12.017,11.861,12.05,12.03,262231196836.0,80526777051.0,6732769.0,21785428,12.037,0.0,11.96,0.16,4.0,221724,CNY-6.25,CNY,12.037,CNY-6.25,2025-06-19,2023-12-08,2025-06-19,11.5035,11.395,11.589,11.58,11.4953,71309,11.4953,-0.002658420761850966,0.18301591865962805,77,0.21095890410958903,RUSFAR3M,21.65,13,2025-04-03,RUSFARCN1W,-0.04,70.0,2025-04-03,12.03350981319387,0.0034901868061307795,0.029003897119891348,0.00028999691802760483,0.0025787145679463386,False
2025-04-04,RFUD,CRM5,12.034,11.99,12.29,12.219,292911189728.0,98844274176.0,8146112.0,23963936,12.223,0.0,12.134,1.57,25.0,263152,CNY-6.25,CNY,12.223,CNY-6.25,2025-06-19,2023-12-08,2025-06-19,11.6025,11.5355,11.7915,11.7195,11.6414,102244,11.6414,0.012629453806733082,0.19076873617182932,76,0.20821917808219179,RUSFAR3M,21.61,14,2025-04-04,RUSFARCN1W,-0.04,69.0,2025-04-03,12.178196272621689,0.044803727378312175,0.36790117662200356,0.003672260755397664,0.015334183397528012,False
2025-04-07,RFUD,CRM5,12.218,12.038,12.348,12.073,292299558538.0,79221365668.0,6495689.0,24202994,12.077,0.0,12.196,-1.2,1.0,231602,CNY-6.25,CNY,12.077,CNY-6.25,2025-06-19,2023-12-08,2025-06-19,11.8005,11.572,11.8435,11.581,11.7056,64188,11.7056,0.0054996497894213014,0.18919572185932185,73,0.2,RUSFAR3M,21.55,17,2025-04-07,RUSFARCN1W,0.0,66.0,2025-04-07,12.221141475007162,-0.1441414750071619,-1.17944363300219,-0.011864542481116664,-0.012016605501887767,False
2025-04-08,RFUD,CRM5,12.073,11.97,12.148,12.083,288975809280.0,70418874843.0,5843321.0,23913920,12.084,0.0,12.051,0.08,54.0,208489,CNY-6.25,CNY,12.084,CNY-6.25,2025-06-19,2023-12-08,2025-06-19,11.59,11.506,11.6755,11.619,11.5801,77868,11.5801,-0.010779252088208402,0.18182697994203134,72,0.19726027397260273,RUSFAR3M,21.46,18,2025-04-08,RUSFARCN1W,-0.05,65.0,2025-04-08,12.082024779012546,0.0019752209874539517,0.01634842688689954,0.00016347090677214343,0.0005794462311872195,False
2025-04-09,RFUD,CRM5,12.087,11.994,12.198,12.0,291005677236.0,58078949250.0,4805289.0,24244412,12.003,0.0,12.086,-0.69,2.0,172490,CNY-6.25,CNY,12.003,CNY-6.25,2025-06-19,2023-12-08,2025-06-19,11.6715,11.5165,11.719,11.546,11.6249,63625,11.6249,0.0038612415997372196,0.17913276317983243,71,0.19452054794520549,RUSFAR3M,21.34,19,2025-04-09,RUSFARCN1W,-0.01,64.0,2025-04-09,12.117848959152386,-0.11484895915238624,-0.9477668812305418,-0.009522867728977197,-0.006725644981217638,False
2025-04-10,RFUD,CRM5,12.022,11.806,12.04,11.939,285557239660.0,58297523563.0,4876416.0,23926036,11.935,0.0,11.955,-0.51,30.0,196440,CNY-6.25,CNY,11.935,CNY-6.25,2025-06-19,2023-12-08,2025-06-19,11.4625,11.43,11.5835,11.529,11.5289,52855,11.5289,-0.008292422851849945,0.1803625198750095,70,0.1917808219178082,RUSFAR3M,21.33,20,2025-04-10,RUSFARCN1W,-0.01,63.0,2025-04-10,12.010520257318317,-0.07552025731831691,-0.6287842299945373,-0.006307694040500336,-0.005681358752414045,False
2025-04-11,RFUD,CRM5,11.941,11.65,12.006,11.677,282863744650.0,63416175133.0,5353770.0,24228158,11.675,0.0,11.845,-2.19,100.0,199687,CNY-6.25,CNY,11.675,CNY-6.25,2025-06-19,2023-12-08,2025-06-19,11.4795,11.239,11.5145,11.25,11.4241,78341,11.4241,-0.009131767373716126,0.18143299747218525,69,0.18904109589041096,RUSFAR3M,21.27,21,2025-04-11,RUSFARCN1W,-0.02,62.0,2025-04-11,11.893261846666372,-0.21826184666637083,-1.8351722973924824,-0.01852220482042483,-0.022025456235832408,False
2025-04-14,RFUD,CRM5,11.675,11.557,11.732,11.597,286195374864.0,56955190053.0,4897139.0,24689042,11.592,0.0,11.63,-0.69,370.0,173538,CNY-6.25,CNY,11.592,CNY-6.25,2025-06-19,2023-12-08,2025-06-19,11.287,11.1645,11.3175,11.1975,11.2182,73857,11.2182,-0.01818769964317113,0.17831372600187795,66,0.18082191780821918,RUSFAR3M,21.31,24,2025-04-14,RUSFARCN1W,0.0,59.0,2025-04-14,11.658909015278633,-0.06690901527863247,-0.5738874468524483,-0.005755405083696543,-0.00713459853658005,False
2025-04-15,RFUD,CRM5,11.597,11.491,11.847,11.646,283475295688.0,68712695240.0,5927732.0,24349364,11.642,0.0,11.592,0.42,21.0,205809,CNY-6.25,CNY,11.642,CNY-6.25,2025-06-19,2023-12-08,2025-06-19,11.1915,11.1025,11.279,11.228,11.1764,75973,11.1764,-0.0037330471222949413,0.15318393870941593,65,0.1780821917808219,RUSFAR3M,21.29,25,2025-04-15,RUSFARCN1W,-0.02,58.0,2025-04-15,11.608687350708594,0.033312649291405094,0.28696310172718786,0.002865521486198835,0.004304043831162563,False
2025-04-16,RFUD,CRM5,11.642,11.591,11.772,11.692,311079776876.0,90807951656.0,7759945.0,26603932,11.693,0.0,11.701,0.4,1.0,229084,CNY-6.25,CNY,11.693,CNY-6.25,2025-06-19,2023-12-08,2025-06-19,11.276,11.1985,11.359,11.2655,11.2891,115200,11.2891,0.010033246125854767,0.14248258929490618,64,0.17534246575342466,RUSFAR3M,21.24,26,2025-04-16,RUSFARCN1W,-0.03,57.0,2025-04-16,11.718080617350257,-0.02508061735025713,-0.21403349378840905,-0.0021426287282782105,0.004371123308637426,False
2025-04-17,RFUD,CRM5,11.685,11.458,11.714,11.463,288623910336.0,95925068188.0,8288572.0,25158988,11.472,0.0,11.573,-1.96,3.0,281169,CNY-6.25,CNY,11.472,CNY-6.25,2025-06-19,2023-12-08,2025-06-19,11.2755,11.06,11.283,11.0615,11.1856,88157,11.1856,-0.009210421645122313,0.13791716184921365,63,0.1726027397260274,RUSFAR3M,21.17,27,2025-04-17,RUSFARCN1W,0.03,56.0,2025-04-17,11.601280221599572,-0.1292802215995721,-1.1143616836258703,-0.011206172096401476,-0.019081088300916704,False
2025-04-18,RFUD,CRM5,11.462,11.317,11.635,11.411,270269763600.0,121905873678.0,10630068.0,23707874,11.4,0.0,11.468,-0.45,8.0,345955,CNY-6.25,CNY,11.4,CNY-6.25,2025-06-19,2023-12-08,2025-06-19,11.055,10.961,11.2595,11.038,11.1013,80012,11.1013,-0.007565018197852602,0.13937473570637363,62,0.16986301369863013,RUSFAR3M,21.09,28,2025-04-18,RUSFARCN1W,0.02,55.0,2025-04-18,11.505812650741744,-0.1058126507417434,-0.9196451737367893,-0.009239000163583205,-0.006295928456814703,False
2025-04-21,RFUD,CRM5,11.411,11.322,11.517,11.504,280498938000.0,53178134353.0,4651420.0,24391212,11.5,0.0,11.432,0.81,7.0,181741,CNY-6.25,CNY,11.5,CNY-6.25,2025-06-19,2023-12-08,2025-06-19,11.0495,10.961,11.16,11.13,11.0814,58946,11.0814,-0.0017941914499477463,0.1389296587530531,59,0.16164383561643836,RUSFAR1M,21.1,29,2025-04-21,RUSFARCN1W,0.19,52.0,2025-04-21,11.4623500207321,0.03764997926790059,0.3284664942163046,0.003279282214023375,0.008733679968754515,False
2025-04-22,RFUD,CRM5,11.495,11.382,11.57,11.492,279421137156.0,90604910487.0,7904744.0,24324988,11.487,0.0,11.462,-0.1,1.0,239642,CNY-6.25,CNY,11.487,CNY-6.25,2025-06-19,2023-12-08,2025-06-19,11.143,11.045,11.2165,11.133,11.1231,71499,11.1231,0.003755999821988709,0.13818168596161715,58,0.1589041095890411,RUSFAR1M,21.06,28,2025-04-22,RUSFARCN1W,0.28,51.0,2025-04-22,11.496519080785122,-0.009519080785121758,-0.08279967804369251,-0.0008283397591076453,-0.0011310742059369439,False
2025-04-23,RFUD,CRM5,11.493,11.43,11.77,11.738,290498813856.0,103363564945.0,8850701.0,24752796,11.736,0.0,11.679,2.14,10.0,239448,CNY-6.25,CNY,11.736,CNY-6.25,2025-06-19,2023-12-08,2025-06-19,11.1945,11.173,11.4165,11.375,11.345,119618,11.345,0.01975309128203273,0.1579066356288877,57,0.15616438356164383,RUSFAR1M,21.1,27,2025-04-23,RUSFARCN1W,0.34,50.0,2025-04-23,11.718828763020756,0.017171236979244497,0.146526904065951,0.0014641965814784891,0.021445079677413492,False
2025-04-24,RFUD,CRM5,11.738,11.645,11.814,11.685,288204228260.0,66071493051.0,5633948.0,24628630,11.702,0.0,11.727,-0.45,15.0,182797,CNY-6.25,CNY,11.702,CNY-6.25,2025-06-19,2023-12-08,2025-06-19,11.401,11.32,11.464,11.354,11.3941,78890,11.3941,0.004318559336946137,0.1586522024205805,56,0.15342465753424658,RUSFAR1M,21.07,26,2025-04-24,RUSFARCN1W,0.32,49.0,2025-04-24,11.762673958023441,-0.06067395802344144,-0.5158177319201738,-0.0051715266410629285,-0.0029012734746363122,False
2025-04-25,RFUD,CRM5,11.685,11.624,11.725,11.67,286719721758.0,83346201817.0,7148540.0,24575274,11.667,0.0,11.66,-0.13,1.0,182877,CNY-6.25,CNY,11.667,CNY-6.25,2025-06-19,2023-12-08,2025-06-19,11.3385,11.317,11.379,11.329,11.3492,86772,11.3492,-0.003948420706992195,0.1584688564099364,55,0.1506849315068493,RUSFAR1M,20.99,25,2025-04-25,RUSFARCN1W,0.24,48.0,2025-04-25,11.709662786596576,-0.042662786596576296,-0.36433830225589503,-0.00365003630771034,-0.002995423524324803,False
2025-04-28,RFUD,CRM5,11.667,11.503,11.696,11.524,293400841264.0,51313485640.0,4429798.0,25486522,11.512,0.0,11.586,-1.25,10.0,171441,CNY-6.25,CNY,11.512,CNY-6.25,2025-06-19,2023-12-08,2025-06-19,11.36,11.19,11.372,11.2,11.268,90449,11.268,-0.007180406847632881,0.14698781412302497,52,0.14246575342465753,RUSFAR1M,21.01,22,2025-04-28,RUSFARCN1W,0.12,45.0,2025-04-28,11.60838806567187,-0.09638806567186897,-0.8303311805788621,-0.0083379763194703,-0.013374374256652999,False
2025-04-29,RFUD,CRM5,11.533,11.463,11.574,11.484,291208286160.0,49167555994.0,4268894.0,25357740,11.484,0.0,11.518,-0.35,3.0,153751,CNY-6.25,CNY,11.484,CNY-6.25,2025-06-19,2023-12-08,2025-06-19,11.2375,11.152,11.2495,11.17,11.1994,78297,11.1994,-0.00610664457664889,0.14397829636145365,51,0.13972602739726028,RUSFAR1M,20.97,21,2025-04-29,RUSFARCN1W,-0.33,44.0,2025-04-29,11.537722092599143,-0.05372209259914307,-0.4656213086775858,-0.004667087014276161,-0.0024352073262492446,False
2025-04-30,RFUD,CRM5,11.483,11.399,11.573,11.425,292836153150.0,54723427969.0,4774964.0,25640150,11.421,0.0,11.461,-0.51,25.0,167061,CNY-6.25,CNY,11.421,CNY-6.25,2025-06-19,2023-12-08,2025-06-19,11.186,11.1205,11.289,11.165,11.1719,87855,11.1719,-0.0024585083434072175,0.14363511301892484,50,0.136986301369863,RUSFAR1M,21.01,20,2025-04-30,RUSFARCN1W,-0.25,43.0,2025-04-30,11.502046600145361,-0.08104660014536158,-0.7046276455212529,-0.007071218696832814,-0.005500996190347607,False
2025-05-02,RFUD,CRM5,11.424,11.423,11.769,11.686,294665892178.0,48619313940.0,4172736.0,25221766,11.683,0.0,11.652,2.28,30.0,207023,CNY-6.25,CNY,11.683,CNY-6.25,2025-06-19,2023-12-08,2025-06-19,11.2305,11.2305,11.478,11.41,11.402,18590,11.402,0.020387081515320205,0.16325199344913355,48,0.13150684931506848,RUSFAR1M,21.01,18,2025-04-30,RUSFARCN1W,-0.25,41.0,2025-04-30,11.725279298002262,-0.04227929800226171,-0.3605824384026844,-0.003612341038762302,0.022681027666541453,False
2025-05-05,RFUD,CRM5,11.678,11.444,11.792,11.472,302234589408.0,69923655199.0,6038873.0,26345414,11.472,0.0,11.579,-1.83,5.0,266083,CNY-6.25,CNY,11.472,CNY-6.25,2025-06-19,2023-12-08,2025-06-19,11.474,11.163,11.49,11.208,11.2728,67623,11.2728,-0.011396034210632067,0.1600490629092911,45,0.1232876712328767,RUSFAR1M,20.91,15,2025-05-05,RUSFARCN1W,-0.25,38.0,2025-04-30,11.570750621457197,-0.0987506214571976,-0.8534504345299003,-0.008571131774370171,-0.01822550987774685,False
2025-05-06,RFUD,CRM5,11.474,11.419,11.548,11.497,298728864318.0,43852339361.0,3816581.0,25978682,11.499,0.0,11.49,0.22,9.0,173063,CNY-6.25,CNY,11.499,CNY-6.25,2025-06-19,2023-12-08,2025-06-19,11.198,11.1425,11.266,11.235,11.2164,36705,11.2164,-0.005015751404357172,0.15819655721388123,44,0.12054794520547946,RUSFAR1M,21.01,14,2025-05-06,RUSFARCN1W,0.09,37.0,2025-05-06,11.502859114620833,-0.003859114620832216,-0.03354917749037756,-0.00033554806485951757,0.002350791209263292,False
2025-05-07,RFUD,CRM5,11.499,11.36,11.504,11.456,308575195904.0,66459393355.0,5811857.0,26935684,11.456,0.0,11.435,-0.36,51.0,225942,CNY-6.25,CNY,11.456,CNY-6.25,2025-06-19,2023-12-08,2025-06-19,11.229,11.1235,11.245,11.195,11.1862,50021,11.1862,-0.002696117262618536,0.15490587590198834,43,0.1178082191780822,RUSFAR1M,20.97,13,2025-05-07,RUSFARCN1W,0.1,36.0,2025-05-07,11.464639256749086,-0.008639256749086499,-0.07535567893251137,-0.0007538408559583213,-0.0037464648482381513,False
2025-05-08,RFUD,CRM5,11.456,11.45,11.627,11.487,303915920486.0,45421746421.0,3937823.0,26452774,11.489,0.0,11.535,0.27,1.0,191702,CNY-6.25,CNY,11.489,CNY-6.25,2025-06-19,2023-12-08,2025-06-19,11.2205,11.201,11.3675,11.2375,11.2936,15293,11.2936,0.009555317856070555,0.1588991054440521,42,0.11506849315068493,RUSFAR1M,20.97,12,2025-05-07,RUSFARCN1W,0.1,35.0,2025-05-07,11.568096277301605,-0.07909627730160373,-0.6837449776140165,-0.006860932237172948,0.0028764456529382088,False
2025-05-12,RFUD,CRM5,11.485,11.34,11.503,11.345,296311133504.0,56596727182.0,4965674.0,26120516,11.344,0.0,11.397,-1.24,10.0,189437,CNY-6.25,CNY,11.344,CNY-6.25,2025-06-19,2023-12-08,2025-06-19,11.15,11.1015,11.2415,11.149,11.1664,66936,11.1664,-0.011326924307102804,0.16098469961976392,38,0.10410958904109589,RUSFAR1M,20.97,8,2025-05-12,RUSFARCN1W,0.15,31.0,2025-05-12,11.411080827441017,-0.06708082744101773,-0.5878569125520855,-0.005895915929334524,-0.012701086081456037,False
2025-05-13,RFUD,CRM5,11.35,11.323,11.413,11.328,290606428944.0,44947783123.0,3952150.0,25647024,11.331,0.0,11.373,-0.15,1.0,150635,CNY-6.25,CNY,11.331,CNY-6.25,2025-06-19,2023-12-08,2025-06-19,11.144,11.0955,11.18,11.118,11.151,63637,11.151,-0.001380089297525533,0.15850533921020246,37,0.10136986301369863,RUSFAR1M,20.95,7,2025-05-13,RUSFARCN1W,0.14,30.0,2025-05-13,11.388729755722714,-0.05772975572271477,-0.5069024988823375,-0.005081916077945875,-0.0011466373913422423,False
2025-05-14,RFUD,CRM5,11.329,11.278,11.376,11.353,278783395946.0,58350584482.0,5153290.0,24581906,11.341,0.0,11.323,0.22,1.0,198952,CNY-6.25,CNY,11.341,CNY-6.25,2025-06-19,2023-12-08,2025-06-19,11.12,11.06,11.145,11.06,11.1132,60506,11.1132,-0.0033955890011378997,0.14566781693953004,36,0.09863013698630137,RUSFAR1M,20.93,6,2025-05-14,RUSFARCN1W,0.11,29.0,2025-05-14,11.343766494249998,-0.00276649424999853,-0.02438779263836953,-0.00024390766944106575,0.0008821454347636148,False
2025-05-15,RFUD,CRM5,11.35,11.289,11.444,11.314,278375741056.0,38618973342.0,3405852.0,24608888,11.312,0.0,11.339,-0.34,3.0,156747,CNY-6.25,CNY,11.312,CNY-6.25,2025-06-19,2023-12-08,2025-06-19,11.1565,11.0835,11.171,11.117,11.1097,57773,11.1097,-0.00031499039539761853,0.1451567504662653,35,0.0958904109589041,RUSFAR1M,20.98,5,2025-05-15,RUSFARCN1W,0.1,28.0,2025-05-15,11.334379249323476,-0.022379249323476458,-0.1974457430018695,-0.00197640924069138,-0.0025603686789761326,False
2025-05-16,RFUD,CRM5,11.315,11.31,11.411,11.383,291894645252.0,56634961657.0,4981492.0,25645286,11.382,0.0,11.369,0.61,3.0,173470,CNY-6.25,CNY,11.382,CNY-6.25,2025-06-19,2023-12-08,2025-06-19,11.117,11.117,11.199,11.1785,11.1633,73346,11.1633,0.004813011580896642,0.14136144964956693,34,0.09315068493150686,RUSFAR1M,20.91,4,2025-05-16,RUSFARCN1W,0.15,27.0,2025-05-16,11.381277654941293,0.0007223450587066083,0.006346783556352261,6.346582156568657e-05,0.006169051026715167,False
2025-05-19,RFUD,CRM5,11.384,11.25,11.396,11.263,285730416272.0,53467197332.0,4731806.0,25368944,11.263,0.0,11.3,-1.05,7.0,189270,CNY-6.25,CNY,11.263,CNY-6.25,2025-06-19,2023-12-08,2025-06-19,11.1445,11.0665,11.156,11.079,11.1158,71105,11.1158,-0.004264092532671349,0.13840653641152972,31,0.08493150684931507,RUSFAR1M,20.88,1,2025-05-19,RUSFARCN1W,0.1,24.0,2025-05-19,11.313721564044705,-0.0507215640447054,-0.4483190058866202,-0.00449326969264282,-0.010510143115372905,False
2025-05-20,RFUD,CRM5,11.26,11.259,11.424,11.37,287320080312.0,54162646679.0,4770594.0,25283358,11.364,0.0,11.353,0.95,8.0,190587,CNY-6.25,CNY,11.364,CNY-6.25,2025-06-19,2023-12-08,2025-06-19,11.097,11.0885,11.2375,11.1725,11.1707,56901,11.1707,0.004926759342986919,0.13681918944659477,30,0.0821917808219178,RUSFAR1M,20.86,0,2025-05-20,RUSFARCN1W,0.14,23.0,2025-05-20,11.362567680485197,0.0014323195148033818,0.012605597212532686,0.00012604802773879113,0.008927446926382476,False
2025-05-21,RFUD,CRM5,11.364,11.177,11.414,11.197,298345855320.0,90387406646.0,8036081.0,26661828,11.19,0.0,11.248,-1.52,4.0,266550,CNY-6.25,CNY,11.19,CNY-6.25,2025-06-19,2023-12-08,2025-06-19,11.171,11.017,11.188,11.0545,11.0769,77334,11.0769,-0.00843242019894097,0.14016250509683084,29,0.07945205479452055,RUSFAR1M,20.86,1,2025-05-21,RUSFARCN1W,0.09,22.0,2025-05-21,11.261209702547868,-0.0712097025478684,-0.6323450537623598,-0.006343528235948575,-0.015429941668108071,False
2025-05-22,RFUD,CRM5,11.195,11.107,11.264,11.235,283788232548.0,60461177653.0,5402220.0,25254804,11.237,0.0,11.192,0.34,21.0,192306,CNY-6.25,CNY,11.237,CNY-6.25,2025-06-19,2023-12-08,2025-06-19,11.05,10.9525,11.094,11.0525,11.0219,44120,11.0219,-0.00497765612263823,0.14046975129266123,28,0.07671232876712329,RUSFAR1M,20.84,2,2025-05-22,RUSFARCN1W,0.19,21.0,2025-05-22,11.197889225677025,0.039110774322974606,0.3492691661326018,0.0034866063790322125,0.004191382601931526,False
2025-05-23,RFUD,CRM5,11.234,11.157,11.29,11.173,281046424110.0,48147155986.0,4289617.0,25154070,11.173,0.0,11.224,-0.55,7.0,163140,CNY-6.25,CNY,11.173,CNY-6.25,2025-06-19,2023-12-08,2025-06-19,11.049,11.0125,11.129,11.022,11.0718,42120,11.0718,0.00451713247202834,0.12036885908410595,27,0.07397260273972603,RUSFAR1M,20.83,3,2025-05-23,RUSFARCN1W,0.13,20.0,2025-05-23,11.242639680304379,-0.06963968030437862,-0.6194246394499162,-0.0062135103302726116,-0.005711751360564232,False
2025-05-26,RFUD,CRM5,11.177,11.15,11.259,11.236,278894569800.0,36637417910.0,3266116.0,24817100,11.238,0.0,11.217,0.56,2.0,127834,CNY-6.25,CNY,11.238,CNY-6.25,2025-06-19,2023-12-08,2025-06-19,11.0415,11.035,11.107,11.09,11.0813,51340,11.0813,0.0008576678281904115,0.11887483971215931,24,0.06575342465753424,RUSFAR1M,20.73,6,2025-05-26,RUSFARCN1W,0.11,17.0,2025-05-26,11.232567363287615,0.0054326367123849195,0.04836504902824694,0.00048353356908197525,0.0058007391248056095,False
2025-05-27,RFUD,CRM5,11.235,11.204,11.281,11.249,276491174352.0,40016393452.0,3558008.0,24590108,11.244,0.0,11.247,0.12,24.0,124058,CNY-6.25,CNY,11.244,CNY-6.25,2025-06-19,2023-12-08,2025-06-19,11.1,11.07,11.139,11.1185,11.1049,49495,11.1049,0.0021274493965810493,0.11909796528167149,23,0.06301369863013699,RUSFAR1M,20.61,7,2025-05-27,RUSFARCN1W,0.2,16.0,2025-05-27,11.248643552204573,-0.0046435522045733535,-0.04128099697552674,-0.00041289519924732896,0.0005337603542789893,False
2025-05-28,RFUD,CRM5,11.25,11.132,11.264,11.152,287172635460.0,80220331785.0,7178953.0,25766948,11.145,0.0,11.174,-0.86,11.0,163094,CNY-6.25,CNY,11.145,CNY-6.25,2025-06-19,2023-12-08,2025-06-19,11.08,11.0035,11.0805,11.0135,11.0429,92901,11.0429,-0.005598764839407355,0.11815345665705486,22,0.06027397260273973,RUSFAR2W,20.9,8,2025-05-28,RUSFARCN1W,0.03,15.0,2025-05-28,11.18268797125323,-0.037687971253230756,-0.3370206818800034,-0.0033758987580740254,-0.008843686206453594,False
2025-05-29,RFUD,CRM5,11.148,10.964,11.178,10.989,311368086540.0,99034789142.0,8987532.0,28331946,10.99,0.0,11.019,-1.46,4.0,215215,CNY-6.25,CNY,10.99,CNY-6.25,2025-06-19,2023-12-08,2025-06-19,10.95,10.84,10.9665,10.86,10.8871,79769,10.8871,-0.014209085390023635,0.12602800750854545,21,0.057534246575342465,RUSFAR2W,20.83,7,2025-05-29,RUSFARCN1W,-0.01,14.0,2025-05-29,11.018423540715624,-0.028423540715623474,-0.2579637695954591,-0.0025829706944620785,-0.01400519842230219,False
2025-05-30,RFUD,CRM5,10.988,10.939,11.048,11.013,310808651444.0,64892712108.0,5901732.0,28211732,11.017,0.0,10.996,0.22,9.0,188581,CNY-6.25,CNY,11.017,CNY-6.25,2025-06-19,2023-12-08,2025-06-19,10.904,10.8415,10.9415,10.903,10.8918,45026,10.8918,0.0004316104186123937,0.12612784598243312,20,0.0547945205479452,RUSFAR2W,20.82,6,2025-05-30,RUSFARCN1W,-0.01,13.0,2025-05-30,11.016827880710014,0.0001721192899850621,0.0015623307529968357,1.5623185487312643e-05,0.0024537659423979896,False
2025-06-02,RFUD,CRM5,11.016,10.986,11.088,11.001,278487757464.0,90966219506.0,8234817.0,25307866,11.004,0.0,11.048,-0.11,1.0,200065,CNY-6.25,CNY,11.004,CNY-6.25,2025-06-19,2023-12-08,2025-06-19,10.94,10.88,10.979,10.89,10.9429,45815,10.9429,0.0046806315903458184,0.09996827180570098,17,0.04657534246575343,RUSFAR2W,20.73,3,2025-06-02,RUSFARCN1W,-0.01,10.0,2025-05-30,11.049117606502417,-0.04511760650241747,-0.4083367388167333,-0.004091727097718293,-0.0011806912955996118,False
2025-06-03,RFUD,CRM5,11.0,10.953,11.046,11.003,277115465480.0,45578963994.0,4142494.0,25171720,11.009,0.0,11.003,0.02,1.0,123585,CNY-6.25,CNY,11.009,CNY-6.25,2025-06-19,2023-12-08,2025-06-19,10.9035,10.8795,10.949,10.904,10.9137,56300,10.9137,-0.002671963376966957,0.09375996835949299,16,0.043835616438356165,RUSFAR2W,20.72,2,2025-06-03,RUSFARCN1W,0.1,9.0,2025-06-03,11.0127950685057,-0.0037950685056991063,-0.03446053869241798,-0.0003446647770049922,0.00045427702593814345,False
2025-06-04,RFUD,CRM5,11.002,10.924,11.176,11.112,279116397278.0,110117767456.0,9997750.0,25116206,11.113,0.0,11.014,0.99,10.0,241097,CNY-6.25,CNY,11.113,CNY-6.25,2025-06-19,2023-12-08,2025-06-19,10.88,10.843,11.0825,11.008,10.9082,80052,10.9082,-0.0005040807735769981,0.09295619236460524,15,0.0410958904109589,RUSFAR2W,20.5,1,2025-06-04,RUSFARCN1W,0.06,8.0,2025-06-04,11.000214801118304,0.11278519888169569,1.0252999684172506,0.010200794221404267,0.009402474115243198,False
2025-06-05,RFUD,CRM5,11.11,11.046,11.154,11.067,265812523648.0,55270289005.0,4980429.0,24007634,11.072,0.0,11.098,-0.4,3.0,185644,CNY-6.25,CNY,11.072,CNY-6.25,2025-06-19,2023-12-08,2025-06-19,11.039,10.9655,11.05,10.968,11.0179,77909,11.0179,0.01000642296987131,0.10116753562770524,14,0.038356164383561646,RUSFAR2W,20.27,0,2025-06-05,RUSFARCN1W,0.08,7.0,2025-06-05,11.103555058049764,-0.031555058049764995,-0.28418878354539673,-0.002845933665703806,-0.0036961953281959836,False
2025-06-06,RFUD,CRM5,11.067,10.965,11.148,11.059,250781562234.0,83118654898.0,7514597.0,22660302,11.067,0.0,11.061,-0.07,50.0,227206,CNY-6.25,CNY,11.067,CNY-6.25,2025-06-19,2023-12-08,2025-06-19,11.0185,10.9005,11.072,11.007,10.9943,74654,10.9943,-0.002144266274383355,0.09358878775680898,13,0.03561643835616438,RUSFAR2W,20.02,1,2025-06-06,RUSFARCN1W,0.12,6.0,2025-06-06,11.072500787202223,-0.005500787202223023,-0.049679718321455645,-0.0004969206278215434,-0.00045169159266533754,False
2025-06-09,RFUD,CRM5,11.057,10.997,11.094,11.014,236959606602.0,46009515025.0,4169254.0,21516354,11.013,0.0,11.035,-0.41,6.0,142149,CNY-6.25,CNY,11.013,CNY-6.25,2025-06-19,2023-12-08,2025-06-19,11.0,10.942,11.005,10.96,10.9733,53796,10.9733,-0.0019119072085191924,0.08592034348680132,10,0.0273972602739726,RUSFAR1W,19.8,3,2025-06-09,RUSFARCN1W,-0.02,3.0,2025-06-09,11.033048596910644,-0.020048596910644534,-0.18171402703925665,-0.0018187932725684754,-0.004891314099841448,False
2025-06-10,RFUD,CRM5,11.013,10.853,11.021,10.858,207873832782.0,90717520598.0,8295110.0,19146526,10.857,0.0,10.936,-1.42,1.0,200838,CNY-6.25,CNY,10.857,CNY-6.25,2025-06-19,2023-12-08,2025-06-19,10.9,10.78,10.9245,10.81,10.8885,87322,10.8885,-0.007757863058206027,0.08933501701306847,9,0.024657534246575342,RUSFAR1W,19.96,2,2025-06-10,RUSFARCN1W,0.19,2.0,2025-06-10,10.9417087857161,-0.08470878571610108,-0.7741824186244521,-0.007771947681700815,-0.014266359933091888,False
2025-06-11,RFUD,CRM5,10.854,10.813,11.073,11.017,191080804032.0,100136248377.0,9136208.0,17345752,11.016,0.0,10.963,1.46,280.0,258653,CNY-6.25,CNY,11.016,CNY-6.25,2025-06-19,2023-12-08,2025-06-19,10.8625,10.845,11.043,10.96,10.9504,81742,10.9504,0.00566879886481475,0.09211917630174073,8,0.021917808219178082,RUSFAR1W,19.96,1,2025-06-11,RUSFARCN1W,0.07,1.0,2025-06-11,10.99824195035626,0.017758049643740392,0.16146262033419956,0.0016133240958766085,0.014538728176638926,False
2025-06-13,RFUD,CRM5,11.018,10.885,11.052,10.922,180274082784.0,35885003395.0,3278651.0,16507104,10.921,0.0,10.945,-0.86,2.0,131908,CNY-6.25,CNY,10.921,CNY-6.25,2025-06-19,2023-12-08,2025-06-19,10.9525,10.8575,10.9775,10.894,10.9083,10949,10.9083,-0.003852017920259243,0.09275720130285615,6,0.01643835616438356,RUSFAR1W,19.96,1,2025-06-11,RUSFARCN1W,0.07,1.0,2025-06-11,10.944024027757035,-0.02302402775703527,-0.2103799086939141,-0.0021060151809281047,-0.008661220210762544,False
2025-06-16,RFUD,CRM5,10.922,10.803,10.963,10.915,161884403550.0,76148868962.0,6980376.0,14831370,10.915,0.0,10.909,-0.06,20.0,227324,CNY-6.25,CNY,10.915,CNY-6.25,2025-06-19,2023-12-08,2025-06-19,10.846,10.823,10.9295,10.89,10.8995,85961,10.8995,-0.0008070507320905307,0.09026616911579603,3,0.00821917808219178,RUSFAR,19.82,2,2025-06-16,RUSFARCNY,-0.08,2.0,2025-06-16,10.917341988717249,-0.0023419887172497766,-0.021452004706549937,-0.0002145430597819398,-0.0005495512136839409,False
2025-06-17,RFUD,CRM5,10.915,10.862,10.958,10.902,138733347000.0,46689723946.0,4274993.0,12727830,10.9,0.0,10.922,-0.12,4.0,131882,CNY-6.25,CNY,10.9,CNY-6.25,2025-06-19,2023-12-08,2025-06-19,10.895,10.853,10.94,10.89,10.9145,96825,10.9145,0.00137526380894748,0.08994270954309401,2,0.005479452054794521,RUSFAR,19.8,1,2025-06-17,RUSFARCNY,0.09,1.0,2025-06-17,10.92629402762854,-0.026294027628539496,-0.24064909439606572,-0.002409391197182013,-0.0013752007668093036,False
2025-06-18,RFUD,CRM5,10.903,10.833,10.907,10.87,108558298680.0,56241245786.0,5174418.0,9986964,10.87,0.0,10.869,-0.29,1.0,159399,CNY-6.25,CNY,10.87,CNY-6.25,2025-06-19,2023-12-08,2025-06-19,10.876,10.841,10.9,10.874,10.8706,48722,10.8706,-0.004030283030416193,0.0878229923188466,1,0.0027397260273972603,RUSFAR,19.75,0,2025-06-18,RUSFARCNY,0.02,0.0,2025-06-18,10.876477668930965,-0.0064776689309660185,-0.05955667936017286,-0.0005957442139518288,-0.0027560881019801364,False
2025-06-19,RFUD,CRM5,10.869,10.831,10.873,10.846,0.0,31083849859.0,2864461.0,0,10.8471,0.0,10.852,-0.22,2.0,37032,CNY-6.25,CNY,10.8471,CNY-6.25,2025-06-19,2023-12-08,2025-06-19,10.875,10.83,10.8875,10.845,10.8574,91851,10.8574,-0.001215022240786734,0.08375864548616771,0,0.0,RUSFAR,19.74,1,2025-06-19,RUSFARCNY,0.05,1.0,2025-06-19,10.8574,-0.010300000000000864,-0.09486617422219742,-0.0009491120065607707,-0.002108937978601233,False
2025-06-20,RFUD,CRU5,11.369,11.35,11.443,11.365,228239395740.0,55751340381.0,4889293.0,20080890,11.366,0.0,11.403,-0.01,2.0,121461,CNY-9.25,CNY,11.366,CNY-9.25,2025-09-18,2024-03-07,2025-09-18,10.8835,10.8605,10.919,10.8985,10.8991,40923,10.8991,0.003833341857689465,0.08404879092868833,90,0.2465753424657534,RUSFAR3M,19.62,0,2025-06-20,RUSFARCN1W,0.07,83.0,2025-06-20,11.43736579166618,-0.07136579166617985,-0.6239705275333629,-0.006259253595891907,,True
2025-06-23,RFUD,CRU5,11.366,11.304,11.38,11.344,250418225964.0,42662716380.0,3763677.0,22078842,11.342,0.0,11.335,-0.18,5.0,92600,CNY-9.25,CNY,11.342,CNY-9.25,2025-09-18,2024-03-07,2025-09-18,10.84,10.84,10.889,10.8695,10.8702,86201,10.8702,-0.0026551167908834827,0.08213634090121988,87,0.23835616438356164,RUSFAR3M,19.45,3,2025-06-23,RUSFARCN1W,0.09,80.0,2025-06-23,11.383567334997272,-0.04156733499727139,-0.36515209840660506,-0.0036582040607045217,-0.002113793283093468,False
2025-06-24,RFUD,CRU5,11.341,11.305,11.48,11.384,257704034960.0,66404555042.0,5821351.0,22625464,11.39,0.0,11.407,0.35,41.0,141814,CNY-9.25,CNY,11.39,CNY-9.25,2025-09-18,2024-03-07,2025-09-18,10.8835,10.8835,11.0065,10.91,10.9607,41449,10.9607,0.008291047865611745,0.0882772893693762,86,0.2356164383561644,RUSFAR3M,19.41,4,2025-06-24,RUSFARCN1W,0.11,79.0,2025-06-24,11.470633041663822,-0.08063304166382146,-0.7029519763289855,-0.007054343237143886,0.00422312786725465,False
2025-06-25,RFUD,CRU5,11.389,11.323,11.426,11.339,258869678760.0,30234611389.0,2661623.0,22828014,11.34,0.0,11.359,-0.4,5.0,80809,CNY-9.25,CNY,11.34,CNY-9.25,2025-09-18,2024-03-07,2025-09-18,10.942,10.878,10.949,10.891,10.9048,70575,10.9048,-0.005113088818998968,0.08910524544308983,85,0.2328767123287671,RUSFAR3M,19.41,5,2025-06-25,RUSFARCN1W,0.03,78.0,2025-06-25,11.408224767785178,-0.06822476778517839,-0.5980314130716738,-0.0059982678242053965,-0.004399479159484798,False
2025-06-26,RFUD,CRU5,11.337,11.335,11.43,11.39,256858250240.0,37607165695.0,3302148.0,22541312,11.395,0.0,11.389,0.45,11.0,88033,CNY-9.25,CNY,11.395,CNY-9.25,2025-09-18,2024-03-07,2025-09-18,10.91,10.8945,10.964,10.9155,10.9352,61578,10.9352,0.0027838845818100033,0.0882176264940597,84,0.23013698630136986,RUSFAR3M,19.38,6,2025-06-26,RUSFARCN1W,0.09,77.0,2025-06-26,11.431587631033441,-0.036587631033441426,-0.3200573027504651,-0.0032057058161928946,0.004838364398041417,False
2025-06-27,RFUD,CRU5,11.397,11.369,11.412,11.372,248904594820.0,32120549548.0,2820665.0,21889420,11.371,0.0,11.388,-0.16,1.0,70025,CNY-9.25,CNY,11.371,CNY-9.25,2025-09-18,2024-03-07,2025-09-18,10.9375,10.9225,10.962,10.925,10.9416,26845,10.9416,0.0005850947288981168,0.0718070156724725,83,0.2273972602739726,RUSFAR3M,19.38,7,2025-06-27,RUSFARCN1W,0.11,76.0,2025-06-27,11.43171477530032,-0.06071477530031899,-0.5311082063690131,-0.005325235997412951,-0.002108408055061961,False
2025-06-30,RFUD,CRU5,11.373,11.314,11.428,11.345,249687833490.0,38152824259.0,3358690.0,21996990,11.351,0.0,11.359,-0.24,1.0,84605,CNY-9.25,CNY,11.351,CNY-9.25,2025-09-18,2024-03-07,2025-09-18,10.952,10.882,10.9625,10.92,10.9182,38186,10.9182,-0.00214091702008945,0.07229949914519619,80,0.2191780821917808,RUSFAR3M,19.24,10,2025-06-30,RUSFARCN1W,0.16,73.0,2025-06-30,11.384471749753775,-0.033471749753774205,-0.2940123221307843,-0.0029444538741043693,-0.0017604088693832232,False
2025-07-01,RFUD,CRU5,11.345,11.329,11.414,11.383,254451484728.0,35116827897.0,3087784.0,22355604,11.382,0.0,11.373,0.34,119.0,93666,CNY-9.25,CNY,11.382,CNY-9.25,2025-09-18,2024-03-07,2025-09-18,10.93,10.896,10.9765,10.939,10.942,33088,10.942,0.00217747407651947,0.07073480170987029,79,0.21643835616438356,RUSFAR3M,19.14,11,2025-07-01,RUSFARCN1W,0.11,72.0,2025-07-01,11.402091629238315,-0.020091629238315534,-0.17621003138401983,-0.0017636546387842034,0.002727314407729775,False
2025-07-02,RFUD,CRU5,11.385,11.355,11.397,11.392,253968258304.0,16102591076.0,1415001.0,22293562,11.392,0.0,11.38,0.08,72.0,55424,CNY-9.25,CNY,11.392,CNY-9.25,2025-09-18,2024-03-07,2025-09-18,10.9425,10.9275,10.9605,10.947,10.948,23945,10.948,0.0005481955367985236,0.07004414233229418,78,0.2136986301369863,RUSFAR3M,18.95,12,2025-07-02,RUSFARCN1W,0.05,71.0,2025-07-02,11.399230262349993,-0.007230262349994021,-0.06342763663503255,-0.0006344776047030479,0.0008781944886875337,False
2025-07-03,RFUD,CRU5,11.393,11.387,11.457,11.416,259985209080.0,35620283982.0,3118966.0,22775752,11.415,0.0,11.421,0.21,1.0,81002,CNY-9.25,CNY,11.415,CNY-9.25,2025-09-18,2024-03-07,2025-09-18,10.9665,10.9525,11.0215,10.97,10.9853,51714,10.9853,0.003401224253368529,0.07092162474290142,77,0.21095890410958903,RUSFAR3M,18.78,13,2025-07-03,RUSFARCN1W,0.02,70.0,2025-07-03,11.428770518582,-0.013770518582001401,-0.12048993861248644,-0.00120562586100162,0.0020169253121391506,False
2025-07-04,RFUD,CRU5,11.417,11.372,11.448,11.39,257758456380.0,61487068056.0,5383081.0,22630242,11.39,0.0,11.422,-0.23,80.0,103600,CNY-9.25,CNY,11.39,CNY-9.25,2025-09-18,2024-03-07,2025-09-18,10.997,10.9525,11.0185,10.953,10.99,44402,10.99,0.0004277529837284355,0.06109760718221985,76,0.20821917808219179,RUSFAR3M,18.89,14,2025-07-04,RUSFARCN1W,0.05,69.0,2025-07-04,11.429688922604234,-0.03968892260423296,-0.3472441190043334,-0.0034784841071241273,-0.002192502522667894,False
2025-07-07,RFUD,CRU5,11.387,11.238,11.427,11.247,257359031648.0,66743269396.0,5879624.0,22880426,11.248,0.0,11.352,-1.26,2.0,146660,CNY-9.25,CNY,11.248,CNY-9.25,2025-09-18,2024-03-07,2025-09-18,10.9785,10.825,10.992,10.837,10.9254,77088,10.9254,-0.005895414831814438,0.06411678907828092,73,0.2,RUSFAR3M,18.92,17,2025-07-07,RUSFARCN1W,0.04,66.0,2025-07-07,11.345830885492148,-0.09783088549214902,-0.86226285654623,-0.00866001851540642,-0.012545442390782036,False
2025-07-08,RFUD,CRU5,11.247,11.192,11.267,11.239,265088723440.0,52972480112.0,4713477.0,23584406,11.24,0.0,11.238,-0.07,8.0,109806,CNY-9.25,CNY,11.24,CNY-9.25,2025-09-18,2024-03-07,2025-09-18,10.822,10.822,10.8705,10.855,10.8547,36506,10.8547,-0.006492187668995175,0.0675973373346373,72,0.19726027397260273,RUSFAR3M,18.8,18,2025-07-08,RUSFARCN1W,0.04,65.0,2025-07-08,11.26391432517368,-0.02391432517367953,-0.21230918917976405,-0.0021253488464353268,-0.0007114906027640977,False
2025-07-09,RFUD,CRU5,11.24,11.178,11.28,11.236,264155215836.0,39407028771.0,3508778.0,23507628,11.237,0.0,11.231,-0.03,1.0,88602,CNY-9.25,CNY,11.237,CNY-9.25,2025-09-18,2024-03-07,2025-09-18,10.873,10.7895,10.879,10.8375,10.8409,50713,10.8409,-0.0012721475194150678,0.062114503415040864,71,0.19452054794520549,RUSFAR3M,18.69,19,2025-07-09,RUSFARCN1W,0.03,64.0,2025-07-09,11.24162663759305,-0.004626637593050376,-0.04115630008186241,-0.0004116477161149776,-0.0002669395397796315,False
2025-07-10,RFUD,CRU5,11.239,11.19,11.273,11.215,274190353670.0,38946133936.0,3472332.0,24448538,11.215,0.0,11.216,-0.19,9.0,79604,CNY-9.25,CNY,11.215,CNY-9.25,2025-09-18,2024-03-07,2025-09-18,10.838,10.799,10.8495,10.82,10.8174,33842,10.8174,-0.0021700696012327825,0.05837940817497089,70,0.1917808219178082,RUSFAR3M,18.54,20,2025-07-10,RUSFARCN1W,-0.03,63.0,2025-07-10,11.209589837416878,0.005410162583121547,0.048263697972808765,0.0004825205479624118,-0.001959736953593527,False
2025-07-11,RFUD,CRU5,11.214,11.161,11.358,11.332,274141817560.0,100389859232.0,8913280.0,24191830,11.332,0.0,11.263,1.04,5.0,147644,CNY-9.25,CNY,11.332,CNY-9.25,2025-09-18,2024-03-07,2025-09-18,10.82,10.817,10.964,10.954,10.8748,77227,10.8748,0.005292237206965034,0.06062658394553433,69,0.18904109589041096,RUSFAR3M,18.45,21,2025-07-11,RUSFARCN1W,0.03,62.0,2025-07-11,11.260145628238938,0.07185437176106291,0.6381300396405333,0.006361026104219254,0.010378413996098512,False
2025-07-14,RFUD,CRU5,11.332,11.244,11.384,11.264,263633882628.0,84894277370.0,7525937.0,23394612,11.269,0.0,11.28,-0.6,97.0,162831,CNY-9.25,CNY,11.269,CNY-9.25,2025-09-18,2024-03-07,2025-09-18,10.949,10.8555,10.966,10.864,10.8882,88888,10.8882,0.001231448025858839,0.06076690968363256,66,0.18082191780821918,RUSFAR3M,18.42,24,2025-07-14,RUSFARCN1W,-0.03,59.0,2025-07-14,11.257575478063428,0.011424521936572063,0.1014829699239765,0.0010143151076996899,-0.0055749889980578615,False
2025-07-15,RFUD,CRU5,11.262,11.201,11.267,11.22,258505976638.0,71006384674.0,6324579.0,23041802,11.219,0.0,11.227,-0.39,1.0,121734,CNY-9.25,CNY,11.219,CNY-9.25,2025-09-18,2024-03-07,2025-09-18,10.8595,10.8185,10.8595,10.8315,10.835,73819,10.835,-0.004897999038573797,0.06285691760667211,65,0.1780821917808219,RUSFAR3M,18.38,25,2025-07-15,RUSFARCN1W,-0.15,58.0,2025-07-15,11.198504752251571,0.02049524774842837,0.18301771711359585,0.0018285044375187267,-0.00444682340738467,False
2025-07-16,RFUD,CRU5,11.222,11.191,11.237,11.198,263028647404.0,39159033148.0,3495220.0,23482604,11.201,0.0,11.204,-0.2,20.0,82187,CNY-9.25,CNY,11.201,CNY-9.25,2025-09-18,2024-03-07,2025-09-18,10.8315,10.823,10.8525,10.8385,10.8394,35967,10.8394,0.00040600893777353875,0.0613816409574404,64,0.17534246575342466,RUSFAR3M,18.42,26,2025-07-16,RUSFARCN1W,-0.26,57.0,2025-07-16,11.20031179249107,0.0006882075089311712,0.00614453884571821,6.1443500766538e-05,-0.0016057095332251414,False
2025-07-17,RFUD,CRU5,11.2,11.185,11.276,11.212,267748127680.0,44132805645.0,3931882.0,23871980,11.216,0.0,11.224,0.12,12.0,96963,CNY-9.25,CNY,11.216,CNY-9.25,2025-09-18,2024-03-07,2025-09-18,10.843,10.8355,10.9135,10.846,10.8719,74387,10.8719,0.002993834940783646,0.062219783140261865,63,0.1726027397260274,RUSFAR3M,18.26,27,2025-07-17,RUSFARCN1W,-0.24,56.0,2025-07-17,11.224658227389575,-0.008658227389576112,-0.07713577744798457,-0.0007716554239606927,0.001338270262631891,False
2025-07-18,RFUD,CRU5,11.215,11.201,11.299,11.272,276292672890.0,36399615540.0,3236872.0,24513590,11.271,0.0,11.246,0.53,1.0,87718,CNY-9.25,CNY,11.271,CNY-9.25,2025-09-18,2024-03-07,2025-09-18,10.878,10.8695,10.9595,10.938,10.9056,66132,10.9056,0.0030949399058703975,0.06167977358104093,62,0.16986301369863013,RUSFAR3M,18.16,28,2025-07-18,RUSFARCN1W,-0.17,55.0,2025-07-18,11.25049704197911,0.020502958020891526,0.18224046408250766,0.0018207460762324269,0.0048917249677074,False
2025-07-21,RFUD,CRU5,11.272,11.17,11.284,11.176,272454903600.0,34229224963.0,3053324.0,24380752,11.175,0.0,11.21,-0.85,2.0,106030,CNY-9.25,CNY,11.175,CNY-9.25,2025-09-18,2024-03-07,2025-09-18,10.915,10.8565,10.923,10.857,10.8859,42694,10.8859,-0.001808044913535145,0.06126259760734847,59,0.16164383561643836,RUSFAR1M,18.45,29,2025-07-21,RUSFARCN1W,-0.09,52.0,2025-07-21,11.217074664183386,-0.042074664183385124,-0.3750948036187312,-0.0037580004828700396,-0.008553914760309311,False
2025-07-22,RFUD,CRU5,11.18,11.152,11.27,11.26,282735760302.0,52042346033.0,4641956.0,25111978,11.259,0.0,11.212,0.75,130.0,130047,CNY-9.25,CNY,11.259,CNY-9.25,2025-09-18,2024-03-07,2025-09-18,10.865,10.839,10.944,10.9425,10.8909,55324,10.8909,0.00045920429887447156,0.05308944328948012,58,0.1589041095890411,RUSFAR1M,18.37,28,2025-07-22,RUSFARCN1W,0.02,51.0,2025-07-22,11.213141988751309,0.04585801124869171,0.40896665086998013,0.00408132655331523,0.0074886683213608585,False
2025-07-23,RFUD,CRU5,11.262,11.242,11.318,11.255,280336245474.0,39196925406.0,3476499.0,24903282,11.257,0.0,11.275,-0.04,80.0,100150,CNY-9.25,CNY,11.257,CNY-9.25,2025-09-18,2024-03-07,2025-09-18,10.965,10.9255,10.978,10.944,10.9578,111475,10.9578,0.0061239532858246015,0.05459508754239303,57,0.15616438356164383,RUSFAR1M,18.41,27,2025-07-23,RUSFARCN1W,0.0,50.0,2025-07-23,11.277407571761573,-0.020407571761573706,-0.18095977849265554,-0.001811237084945754,-0.0001776514483262659,False
2025-07-24,RFUD,CRU5,11.258,11.251,11.468,11.364,279364416648.0,79257094144.0,6964159.0,24583282,11.364,0.0,11.381,0.97,3.0,136257,CNY-9.25,CNY,11.364,CNY-9.25,2025-09-18,2024-03-07,2025-09-18,10.97,10.958,11.1485,11.045,11.0615,54925,11.0615,0.009419079323990331,0.06310835436717947,56,0.15342465753424658,RUSFAR1M,18.34,26,2025-07-24,RUSFARCN1W,-0.1,49.0,2025-07-24,11.37891541158608,-0.01491541158607923,-0.1310793783640598,-0.0013116536252777598,0.009460306619274661,False
2025-07-25,RFUD,CRU5,11.364,11.309,11.409,11.35,264331842192.0,58472522712.0,5147945.0,23285046,11.352,0.0,11.361,-0.12,7.0,113425,CNY-9.25,CNY,11.352,CNY-9.25,2025-09-18,2024-03-07,2025-09-18,11.0995,11.0215,11.1095,11.06,11.0669,51454,11.0669,0.0004880606015067457,0.06310907179104934,55,0.1506849315068493,RUSFAR1M,18.28,25,2025-07-25,RUSFARCN1W,-0.14,48.0,2025-07-25,11.378377407971323,-0.026377407971322597,-0.231820469875111,-0.0023208958952311196,-0.0010565241342002096,False
2025-07-28,RFUD,CRU5,11.354,11.31,11.669,11.65,316680104988.0,127968342198.0,11112133.0,27192178,11.646,0.0,11.516,2.64,35.0,194702,CNY-9.25,CNY,11.646,CNY-9.25,2025-09-18,2024-03-07,2025-09-18,11.0585,11.0255,11.36,11.3415,11.1991,72938,11.1991,0.011874746559972671,0.07382585779461788,52,0.14246575342465753,RUSFAR1M,18.16,22,2025-07-28,RUSFARCN1W,-0.09,45.0,2025-07-28,11.494094916048924,0.1519050839510765,1.321592392098443,0.01312935548554478,0.025568833557186643,False
2025-07-29,RFUD,CRU5,11.647,11.633,11.816,11.725,360996991600.0,130162520064.0,11097280.0,30788656,11.725,0.0,11.729,0.64,13.0,237909,CNY-9.25,CNY,11.725,CNY-9.25,2025-09-18,2024-03-07,2025-09-18,11.418,11.362,11.513,11.4195,11.4239,89197,11.4239,0.019874234128132162,0.09910705212703004,51,0.13972602739726028,RUSFAR1M,18.19,21,2025-07-29,RUSFARCN1W,-0.05,44.0,2025-07-29,11.718791675278306,0.00620832472169397,0.05297751588835656,0.0005296348775668937,0.006760540917414737,False
2025-07-30,RFUD,CRU5,11.724,11.447,11.766,11.487,339208634432.0,106029402530.0,9137235.0,29527214,11.488,0.0,11.604,-2.03,72.0,181825,CNY-9.25,CNY,11.488,CNY-9.25,2025-09-18,2024-03-07,2025-09-18,11.4,11.1615,11.409,11.1985,11.3026,75696,11.3026,-0.01067486430994391,0.10903031168839762,50,0.136986301369863,RUSFAR1M,18.2,20,2025-07-30,RUSFARCN1W,-0.09,43.0,2025-07-30,11.58936169735921,-0.10136169735921108,-0.874609836211322,-0.008784569962251387,-0.0204203020264746,False
2025-07-31,RFUD,CRU5,11.485,11.309,11.509,11.367,341020434906.0,89232263112.0,7837154.0,30000918,11.367,0.0,11.386,-1.04,9.0,193309,CNY-9.25,CNY,11.367,CNY-9.25,2025-09-18,2024-03-07,2025-09-18,11.213,11.031,11.2145,11.098,11.0942,80911,11.0942,-0.018610338514272406,0.13014258233788278,49,0.13424657534246576,RUSFAR1M,18.08,19,2025-07-31,RUSFARCN1W,-0.12,42.0,2025-07-31,11.368601782722207,-0.0016017827222061243,-0.014089531437722486,-0.00014090524105445323,-0.010588591601294883,False
2025-08-01,RFUD,CRU5,11.369,11.314,11.397,11.324,355719928728.0,53821302889.0,4741772.0,31412922,11.324,0.0,11.35,-0.38,6.0,108399,CNY-9.25,CNY,11.324,CNY-9.25,2025-09-18,2024-03-07,2025-09-18,11.0895,11.043,11.124,11.064,11.0828,45922,11.0828,-0.0010280922581165086,0.1302548484222489,48,0.13150684931506848,RUSFAR1M,18.03,18,2025-08-01,RUSFARCN1W,-0.2,41.0,2025-08-01,11.351706165769365,-0.027706165769364688,-0.24407049799184874,-0.0024436883556665954,-0.00379005345492045,False
2025-08-04,RFUD,CRU5,11.322,11.3,11.37,11.326,364656041316.0,37783782677.0,3336845.0,32196366,11.326,0.0,11.323,0.02,3.0,92534,CNY-9.25,CNY,11.326,CNY-9.25,2025-09-18,2024-03-07,2025-09-18,11.068,11.0415,11.086,11.0725,11.0625,87821,11.0625,-0.0018333466411348809,0.1284277523495476,45,0.1232876712328767,RUSFAR1M,17.98,15,2025-08-04,RUSFARCN1W,-0.08,38.0,2025-08-04,11.311577556774179,0.01442244322582198,0.12750160756476264,0.001274203932907771,0.00017660044196032842,False
2025-08-05,RFUD,CRU5,11.326,11.31,11.403,11.344,374552758308.0,50171564317.0,4418346.0,33038084,11.337,0.0,11.355,0.16,170.0,121026,CNY-9.25,CNY,11.337,CNY-9.25,2025-09-18,2024-03-07,2025-09-18,11.0725,11.0515,11.141,11.097,11.1013,39376,11.1013,0.0035012082436831626,0.12595924717041063,44,0.12054794520547946,RUSFAR1M,17.93,14,2025-08-05,RUSFARCN1W,-0.1,37.0,2025-08-05,11.345225709505375,-0.008225709505374823,-0.0725037096307663,-0.0007253000628178452,0.0009707453438481117,False
2025-08-06,RFUD,CRU5,11.338,11.331,11.385,11.351,377362443978.0,53928682812.0,4746185.0,33250722,11.349,0.0,11.363,0.06,2.0,98829,CNY-9.25,CNY,11.349,CNY-9.25,2025-09-18,2024-03-07,2025-09-18,11.1,11.0865,11.1365,11.094,11.1152,38422,11.1152,0.001251322378748032,0.12564086390360962,43,0.1178082191780822,RUSFAR1M,17.96,13,2025-08-06,RUSFARCN1W,-0.11,36.0,2025-08-06,11.35435631015875,-0.005356310158749267,-0.04717405383832259,-0.00047185184295702056,0.0010579212835404306,False
2025-08-07,RFUD,CRU5,11.352,11.165,11.369,11.254,325403338590.0,91608882114.0,8145419.0,28917030,11.253,0.0,11.247,-0.85,10.0,203685,CNY-9.25,CNY,11.253,CNY-9.25,2025-09-18,2024-03-07,2025-09-18,11.04,10.9785,11.0425,10.9905,11.0141,43049,11.0141,-0.009137270803856623,0.13049604049623165,42,0.11506849315068493,RUSFAR1M,17.93,12,2025-08-07,RUSFARCN1W,-0.21,35.0,2025-08-07,11.24641818961202,0.006581810387979559,0.058523614158852634,0.0005850649577032606,-0.008494874551141951,False
2025-08-08,RFUD,CRU5,11.248,11.222,11.346,11.275,328913443100.0,76324380622.0,6761567.0,29171924,11.275,0.0,11.288,0.19,96.0,174781,CNY-9.25,CNY,11.275,CNY-9.25,2025-09-18,2024-03-07,2025-09-18,11.0105,11.0105,11.117,11.0765,11.0682,68995,11.0682,0.004899861720828902,0.13032824490779685,41,0.11232876712328767,RUSFAR1M,17.82,11,2025-08-08,RUSFARCN1W,-0.17,34.0,2025-08-08,11.294140789942192,-0.019140789942191816,-0.1694753970061833,-0.00169619169018887,0.0019531256208820125,False
2025-08-11,RFUD,CRU5,11.275,11.202,11.297,11.22,328758154312.0,39786653879.0,3535844.0,29298472,11.221,0.0,11.252,-0.49,19.0,118291,CNY-9.25,CNY,11.221,CNY-9.25,2025-09-18,2024-03-07,2025-09-18,11.0375,11.0,11.081,11.012,11.0447,33022,11.0447,-0.00212545698184341,0.13075269676731863,38,0.10410958904109589,RUSFAR1M,17.8,8,2025-08-11,RUSFARCN1W,-0.1,31.0,2025-08-11,11.252454597885862,-0.0314545978858618,-0.27953543479990195,-0.002799268647235191,-0.004800862706012765,False
2025-08-12,RFUD,CRU5,11.225,11.203,11.287,11.229,320025096104.0,36015356129.0,3199417.0,28504952,11.227,0.0,11.256,0.08,163.0,99986,CNY-9.25,CNY,11.227,CNY-9.25,2025-09-18,2024-03-07,2025-09-18,11.042,11.0235,11.079,11.058,11.0566,38741,11.0566,0.001076859836295796,0.12906081524997268,37,0.10136986301369863,RUSFAR1M,17.71,7,2025-08-12,RUSFARCN1W,-0.12,30.0,2025-08-12,11.258256620719704,-0.03125662071970403,-0.2776328677939293,-0.002780189826604346,0.000534568793913337,False
2025-08-13,RFUD,CRU5,11.23,11.228,11.276,11.259,322432562358.0,22756760183.0,2021272.0,28637762,11.259,0.0,11.259,0.27,231.0,63507,CNY-9.25,CNY,11.259,CNY-9.25,2025-09-18,2024-03-07,2025-09-18,11.055,11.045,11.075,11.0565,11.0635,37599,11.0635,0.0006238670009448555,0.12904955771302629,36,0.09863013698630137,RUSFAR1M,17.78,6,2025-08-13,RUSFARCN1W,0.04,29.0,2025-08-13,11.258781343439914,0.00021865656008657197,0.0019420979359722201,1.9420790775029703e-05,0.0028462173443508654,False
2025-08-14,RFUD,CRU5,11.259,11.245,11.307,11.248,326631099424.0,34700499876.0,3075817.0,29039038,11.248,0.0,11.282,-0.1,50.0,107342,CNY-9.25,CNY,11.248,CNY-9.25,2025-09-18,2024-03-07,2025-09-18,11.081,11.048,11.108,11.05,11.0867,26030,11.0867,0.0020947899778551715,0.12890685014930506,35,0.0958904109589041,RUSFAR1M,17.77,5,2025-08-14,RUSFARCN1W,-0.06,28.0,2025-08-14,11.277881881564705,-0.02988188156470528,-0.2649600508190412,-0.002653116912367854,-0.0009774737526844213,False
2025-08-15,RFUD,CRU5,11.248,11.248,11.389,11.294,326398579848.0,44147568905.0,3905641.0,28905294,11.292,0.0,11.304,0.41,1.0,116858,CNY-9.25,CNY,11.292,CNY-9.25,2025-09-18,2024-03-07,2025-09-18,11.112,11.0835,11.13,11.1035,11.1023,32087,11.1023,0.0014061023543434636,0.12867823404746123,34,0.09315068493150686,RUSFAR1M,17.83,4,2025-08-15,RUSFARCN1W,-0.06,27.0,2025-08-15,11.288866240997448,0.0031337590025515283,0.02775973189557997,0.00027755879594905847,0.003904175322933856,False
2025-08-18,RFUD,CRU5,11.29,11.284,11.369,11.358,351928082158.0,49475024081.0,4364444.0,30998686,11.353,0.0,11.336,0.57,350.0,124004,CNY-9.25,CNY,11.353,CNY-9.25,2025-09-18,2024-03-07,2025-09-18,11.14,11.12,11.1865,11.179,11.1558,72602,11.1558,0.004807247970887385,0.12897818996654034,31,0.08493150684931507,RUSFAR1M,17.7,1,2025-08-18,RUSFARCN1W,-0.09,24.0,2025-08-18,11.325636321283236,0.02736367871676393,0.2416083118026831,0.0024131690819686738,0.0053875157911535965,False
2025-08-19,RFUD,CRU5,11.355,11.277,11.365,11.317,342810163008.0,34590809403.0,3053593.0,30294288,11.316,0.0,11.328,-0.36,1.0,106147,CNY-9.25,CNY,11.316,CNY-9.25,2025-09-18,2024-03-07,2025-09-18,11.1645,11.1365,11.18,11.15,11.1644,43574,11.1644,0.0007706024520910404,0.12895841686767692,30,0.0821917808219178,RUSFAR1M,17.66,0,2025-08-19,RUSFARCN1W,-0.18,23.0,2025-08-19,11.32930983302887,-0.013309833028868567,-0.11748141082756679,-0.0011755047433350554,-0.003264372743075672,False
2025-08-20,RFUD,CRU5,11.316,11.265,11.327,11.297,332603397666.0,26781070250.0,2369413.0,29436534,11.299,0.0,11.303,-0.18,4.0,67716,CNY-9.25,CNY,11.299,CNY-9.25,2025-09-18,2024-03-07,2025-09-18,11.1555,11.111,11.1665,11.148,11.1424,40726,11.1424,-0.0019724933323477245,0.1280911410225415,29,0.07945205479452055,RUSFAR1M,17.59,1,2025-08-20,RUSFARCN1W,-0.13,22.0,2025-08-20,11.300382280301736,-0.0013822803017369267,-0.012232155226699267,-0.00012232903415820246,-0.0015034272122114167,False
2025-08-21,RFUD,CRU5,11.301,11.29,11.344,11.33,338902814864.0,33571437075.0,2966359.0,29927836,11.324,0.0,11.317,0.29,100.0,87941,CNY-9.25,CNY,11.324,CNY-9.25,2025-09-18,2024-03-07,2025-09-18,11.165,11.1405,11.179,11.162,11.155,42602,11.155,0.0011301767328175671,0.12403904964892079,28,0.07671232876712329,RUSFAR1M,17.55,2,2025-08-21,RUSFARCN1W,-0.11,21.0,2025-08-21,11.307149504309503,0.01685049569049646,0.14902514275657375,0.0014891421048833474,0.002210141022543688,False
2025-08-22,RFUD,CRU5,11.329,11.31,11.395,11.372,358421777084.0,45794007815.0,4033396.0,31526236,11.369,0.0,11.354,0.37,1.0,138622,CNY-9.25,CNY,11.369,CNY-9.25,2025-09-18,2024-03-07,2025-09-18,11.156,11.156,11.2495,11.248,11.2029,65161,11.2029,0.004284845471764331,0.12479619421451699,27,0.07397260273972603,RUSFAR1M,17.44,3,2025-08-22,RUSFARCN1W,-0.22,20.0,2025-08-22,11.350209875615372,0.018790124384628015,0.1655486954914944,0.0016541181468737493,0.003965985897316671,False
2025-08-25,RFUD,CRU5,11.374,11.28,11.425,11.294,359355620700.0,74276916906.0,6533660.0,31815460,11.295,0.0,11.369,-0.69,280.0,185524,CNY-9.25,CNY,11.295,CNY-9.25,2025-09-18,2024-03-07,2025-09-18,11.2525,11.147,11.287,11.171,11.2384,42107,11.2384,0.003163812222291007,0.11801445227206694,24,0.06575342465753424,RUSFAR1M,17.38,6,2025-08-25,RUSFARCN1W,-0.16,17.0,2025-08-25,11.368764472191348,-0.07376447219134796,-0.6488345534097404,-0.006509486343516104,-0.006530203227002929,False
2025-08-26,RFUD,CRU5,11.297,11.27,11.362,11.362,380625005248.0,44882536065.0,3966485.0,33508672,11.359,0.0,11.315,0.6,3.0,98965,CNY-9.25,CNY,11.359,CNY-9.25,2025-09-18,2024-03-07,2025-09-18,11.1505,11.1505,11.2335,11.2325,11.1871,33729,11.1871,-0.004575156806717828,0.09318510475553829,23,0.06301369863013699,RUSFAR1M,17.25,7,2025-08-26,RUSFARCN1W,-0.17,16.0,2025-08-26,11.310577106853216,0.04842289314678361,0.42812044592705695,0.004272066176081416,0.005650231329317634,False
2025-08-27,RFUD,CRU5,11.361,11.293,11.39,11.37,386913082272.0,63448898338.0,5593867.0,34032288,11.369,0.0,11.343,0.07,1.0,132844,CNY-9.25,CNY,11.369,CNY-9.25,2025-09-18,2024-03-07,2025-09-18,11.225,11.169,11.267,11.23,11.2126,53941,11.2126,0.0022768171909248736,0.08654143398158125,22,0.06027397260273973,RUSFAR2W,17.74,8,2025-08-27,RUSFARCN1W,-0.13,15.0,2025-08-27,11.334023202075485,0.03497679792451436,0.30860002049501195,0.0030812482801017547,0.0008799718976852944,False
2025-08-28,RFUD,CRU5,11.373,11.314,11.385,11.361,402194601018.0,49974740335.0,4404707.0,35401338,11.361,0.0,11.346,-0.08,50.0,104314,CNY-9.25,CNY,11.361,CNY-9.25,2025-09-18,2024-03-07,2025-09-18,11.2345,11.199,11.2525,11.238,11.2287,43348,11.2287,0.0014348547332136974,0.05356478253879807,21,0.057534246575342465,RUSFAR2W,17.75,7,2025-08-28,RUSFARCN1W,-0.17,14.0,2025-08-28,11.345068290871097,0.015931709128903293,0.14042849915432307,0.0014032999054943384,-0.0007039155592023505,False
2025-08-29,RFUD,CRU5,11.358,11.356,11.411,11.37,443633512320.0,71244266109.0,6256379.0,38997320,11.376,0.0,11.387,0.08,6.0,118447,CNY-9.25,CNY,11.376,CNY-9.25,2025-09-18,2024-03-07,2025-09-18,11.2645,11.245,11.289,11.256,11.2706,52808,11.2706,0.0037245646253634135,0.05429750018053546,20,0.0547945205479452,RUSFAR2W,17.75,6,2025-08-29,RUSFARCN1W,-0.22,13.0,2025-08-29,11.382124980542187,-0.006124980542187686,-0.053812276289870106,-0.0005382676029161088,0.001319435473117636,False
2025-09-01,RFUD,CRU5,11.37,11.31,11.383,11.314,403037639406.0,63817274461.0,5622474.0,35626062,11.313,0.0,11.348,-0.49,50.0,144642,CNY-9.25,CNY,11.313,CNY-9.25,2025-09-18,2024-03-07,2025-09-18,11.256,11.217,11.2775,11.2285,11.2544,40043,11.2544,-0.001438402023808738,0.054057146537001555,17,0.04657534246575343,RUSFAR2W,17.7,3,2025-09-01,RUSFARCN1W,-0.21,10.0,2025-09-01,11.348672844983186,-0.03567284498318557,-0.3143349488566425,-0.0031483001888129147,-0.005553366116555214,False
2025-09-02,RFUD,CRU5,11.314,11.292,11.367,11.36,387690803044.0,41840877254.0,3689428.0,34130716,11.359,0.0,11.342,0.41,1.0,91606,CNY-9.25,CNY,11.359,CNY-9.25,2025-09-18,2024-03-07,2025-09-18,11.2145,11.213,11.273,11.27,11.2544,58958,11.2544,0.0,0.053210178677921376,16,0.043835616438356165,RUSFAR2W,17.55,2,2025-09-02,RUSFARCN1W,-0.29,9.0,2025-09-02,11.342757531143787,0.01624246885621261,0.14319682679997078,0.0014309439791556117,0.004057874304954634,False
2025-09-03,RFUD,CRU5,11.36,11.34,11.42,11.389,394229782480.0,58675801314.0,5151452.0,34621040,11.387,0.0,11.389,0.26,5.0,105087,CNY-9.25,CNY,11.387,CNY-9.25,2025-09-18,2024-03-07,2025-09-18,11.27,11.261,11.324,11.296,11.2981,48113,11.2981,0.0038754066904655993,0.054383041720350814,15,0.0410958904109589,RUSFAR2W,17.52,1,2025-09-03,RUSFARCN1W,-0.34,8.0,2025-09-03,11.381330027786664,0.005669972213336649,0.04981818644652108,0.0004980578130785023,0.00246197257918368,False
2025-09-04,RFUD,CRU5,11.389,11.37,11.46,11.433,362786436028.0,59589836605.0,5213532.0,31728742,11.434,0.0,11.43,0.39,65.0,96205,CNY-9.25,CNY,11.434,CNY-9.25,2025-09-18,2024-03-07,2025-09-18,11.305,11.301,11.3775,11.346,11.3524,36549,11.3524,0.004794605330721069,0.04153042779859717,14,0.038356164383561646,RUSFAR2W,17.41,0,2025-09-04,RUSFARCN1W,-0.31,7.0,2025-09-04,11.429821805868938,0.004178194131061019,0.03655519921505353,0.00036548519429935,0.004119019013311576,False
2025-09-05,RFUD,CRU5,11.433,11.424,11.478,11.471,365378088760.0,39253243543.0,3427177.0,31855108,11.47,0.0,11.453,0.33,1.0,91094,CNY-9.25,CNY,11.47,CNY-9.25,2025-09-18,2024-03-07,2025-09-18,11.346,11.346,11.4145,11.401,11.3879,31782,11.3879,0.003122212885358522,0.040060834577860374,13,0.03561643835616438,RUSFAR2W,17.23,1,2025-09-05,RUSFARCN1W,-0.37,6.0,2025-09-05,11.459509179492128,0.0104908205078722,0.09154685723055672,0.0009150497865228418,0.003143558299499638,False
2025-09-08,RFUD,CRU5,11.469,11.457,11.669,11.642,362584827816.0,59376437944.0,5138756.0,31144548,11.642,0.0,11.556,1.49,30.0,99021,CNY-9.25,CNY,11.642,CNY-9.25,2025-09-18,2024-03-07,2025-09-18,11.425,11.4245,11.6095,11.594,11.496,41613,11.496,0.009447760572652175,0.04693521444323073,10,0.0273972602739726,RUSFAR1W,17.32,3,2025-09-08,RUSFARCN1W,-0.25,3.0,2025-09-08,11.551471684323106,0.09052831567689346,0.7836950836294955,0.007806401442682852,0.014884317708264483,False
2025-09-09,RFUD,CRU5,11.641,11.641,11.823,11.821,348589411800.0,85335825863.0,7264054.0,29491490,11.82,0.0,11.753,1.54,7.0,138242,CNY-9.25,CNY,11.82,CNY-9.25,2025-09-18,2024-03-07,2025-09-18,11.649,11.6355,11.7905,11.778,11.7025,54756,11.7025,0.01780334541536499,0.07292062856100853,9,0.024657534246575342,RUSFAR1W,17.25,2,2025-09-09,RUSFARCN1W,-0.08,2.0,2025-09-09,11.752613540991101,0.06738645900889928,0.5733742437277195,0.0057173671009319625,0.015173763128408346,False
2025-09-10,RFUD,CRU5,11.821,11.784,11.995,11.959,253101800728.0,159953129827.0,13419129.0,21169438,11.956,0.0,11.924,1.17,6.0,209981,CNY-9.25,CNY,11.956,CNY-9.25,2025-09-18,2024-03-07,2025-09-18,11.785,11.785,11.9485,11.917,11.8924,83296,11.8924,0.016097046435937123,0.08616850353753705,8,0.021917808219178082,RUSFAR1W,16.88,1,2025-09-10,RUSFARCN1W,-0.22,1.0,2025-09-10,11.93705569483678,0.01894430516322032,0.15870165681990106,0.0015857585881860477,0.011440232443739262,False
2025-09-11,RFUD,CRU5,11.962,11.872,12.085,11.974,205039183250.0,127140252155.0,10618081.0,17122270,11.975,0.0,11.974,0.12,1.0,236641,CNY-9.25,CNY,11.975,CNY-9.25,2025-09-18,2024-03-07,2025-09-18,11.972,11.84,12.05,11.949,11.936,95868,11.936,0.0036595028333792357,0.0859817980826331,7,0.019178082191780823,RUSFAR1W,16.61,0,2025-09-11,RUSFARCN1W,0.01,0.0,2025-09-11,11.97405954208535,0.0009404579146501391,0.007854127594277463,7.853819173823334e-05,0.0015878988752877632,False
2025-09-12,RFUD,CRU5,11.972,11.75,12.02,11.769,183239542368.0,141516691660.0,11945467.0,15573648,11.766,0.0,11.847,-1.71,5.0,206875,CNY-9.25,CNY,11.766,CNY-9.25,2025-09-18,2024-03-07,2025-09-18,11.952,11.7315,11.983,11.7495,11.8135,80924,11.8135,-0.010316098140012109,0.09916958133543775,6,0.01643835616438356,RUSFAR1W,16.53,1,2025-09-12,RUSFARCN1W,0.16,1.0,2025-09-12,11.845332453717164,-0.07933245371716424,-0.6697359827352846,-0.006719887783238556,-0.017607126854715105,False
2025-09-15,RFUD,CRU5,11.769,11.538,11.796,11.584,168033588588.0,111567862264.0,9601248.0,14503158,11.586,0.0,11.618,-1.57,1.0,205247,CNY-9.25,CNY,11.586,CNY-9.25,2025-09-18,2024-03-07,2025-09-18,11.7045,11.52,11.719,11.564,11.589,121872,11.589,-0.01918657296913917,0.12650986498056682,3,0.00821917808219178,RUSFAR,16.77,2,2025-09-15,RUSFARCNY,0.3,2.0,2025-09-15,11.604698636638801,-0.018698636638800892,-0.16112987699452044,-0.0016125983079585432,-0.015416543767831747,False
2025-09-16,RFUD,CRU5,11.581,11.517,11.712,11.656,142708089070.0,97051912244.0,8349236.0,12248570,11.651,0.0,11.624,0.62,9.0,209503,CNY-9.25,CNY,11.651,CNY-9.25,2025-09-18,2024-03-07,2025-09-18,11.546,11.505,11.6875,11.62,11.6105,64345,11.6105,0.0018534887523546928,0.12643947262225044,2,0.005479452054794521,RUSFAR,16.85,1,2025-09-16,RUSFARCNY,0.24,1.0,2025-09-16,11.621071955713635,0.029928044286364752,0.2575325615435182,0.0025720151468940325,0.005594540563371719,False
2025-09-17,RFUD,CRU5,11.657,11.635,11.722,11.689,126556945560.0,72072016967.0,6171211.0,10825160,11.691,0.0,11.679,0.28,299.0,112897,CNY-9.25,CNY,11.691,CNY-9.25,2025-09-18,2024-03-07,2025-09-18,11.6705,11.623,11.718,11.68,11.6695,59888,11.6695,0.005068739374530118,0.12600524370486924,1,0.0027397260273972603,RUSFAR,16.85,0,2025-09-17,RUSFARCNY,0.24,0.0,2025-09-17,11.674811630266948,0.01618836973305271,0.13866065034475042,0.0013856460523924766,0.003427301786878001,False
2025-09-18,RFUD,CRU5,11.691,11.627,11.73,11.639,0.0,40654976539.0,3480901.0,0,11.6382,0.0,11.679,-0.43,19.0,44487,CNY-9.25,CNY,11.6382,CNY-9.25,2025-09-18,2024-03-07,2025-09-18,11.715,11.62,11.7225,11.6995,11.6625,80863,11.6625,-0.0006000343056764557,0.12636945268613795,0,0.0,RUSFAR,16.86,1,2025-09-18,RUSFARCNY,0.25,1.0,2025-09-18,11.6625,-0.02430000000000021,-0.20836012861736516,-0.002085775003298282,-0.0045265238545182385,False
2025-09-19,RFUD,CRZ5,12.18,12.15,12.225,12.19,369667381780.0,57960414758.0,4754685.0,30325462,12.19,0.0,12.191,0.1,2453.0,117684,CNY-12.25,CNY,12.19,CNY-12.25,2025-12-18,2024-06-06,2025-12-18,11.72,11.6685,11.7375,11.7,11.7007,46977,11.7007,0.003270102900390537,0.12620124686889736,90,0.2465753424657534,RUSFAR3M,16.55,0,2025-09-19,RUSFARCN1W,0.24,83.0,2025-09-19,12.180850743615691,0.009149256384308302,0.07511180111211585,0.0007508360631632429,,True
2025-09-22,RFUD,CRZ5,12.187,12.165,12.245,12.187,378640930428.0,62640467553.0,5133879.0,31071798,12.186,0.0,12.202,-0.03,2.0,122589,CNY-12.25,CNY,12.186,CNY-12.25,2025-12-18,2024-06-06,2025-12-18,11.719,11.699,11.76,11.72,11.7272,40478,11.7272,0.0022622609198315047,0.12614800807586252,87,0.23835616438356164,RUSFAR3M,16.55,3,2025-09-22,RUSFARCN1W,0.24,80.0,2025-09-22,12.192083167528283,-0.006083167528283084,-0.04989440643322263,-0.0004990685783406686,-0.0003281916668775864,False
2025-09-23,RFUD,CRZ5,12.19,12.117,12.221,12.191,385882893336.0,62170015359.0,5106932.0,31653096,12.191,0.0,12.174,0.03,26.0,130509,CNY-12.25,CNY,12.191,CNY-12.25,2025-12-18,2024-06-06,2025-12-18,11.7255,11.66,11.7495,11.704,11.7028,64261,11.7028,-0.0020828005822211004,0.12469312481515307,86,0.2356164383561644,RUSFAR3M,16.53,4,2025-09-23,RUSFARCN1W,0.12,79.0,2025-09-23,12.16414617725483,0.026853822745170675,0.22076208517933948,0.002205187637299415,0.0004102227567064354,False
2025-09-24,RFUD,CRZ5,12.185,12.124,12.27,12.145,402226334876.0,81460532366.0,6690009.0,33124132,12.143,0.0,12.176,-0.38,10.0,143814,CNY-12.25,CNY,12.143,CNY-12.25,2025-12-18,2024-06-06,2025-12-18,11.758,11.663,11.787,11.663,11.7128,44741,11.7128,0.0008541314856720383,0.12479179547140137,85,0.2328767123287671,RUSFAR3M,16.55,5,2025-09-24,RUSFARCN1W,0.12,78.0,2025-09-24,12.169634877891728,-0.026634877891726916,-0.21886341011030525,-0.002191032661069763,-0.003945102511327292,False
2025-09-25,RFUD,CRZ5,12.143,12.102,12.195,12.156,412125778890.0,54959549045.0,4518849.0,33894710,12.159,0.0,12.162,0.09,2.0,122891,CNY-12.25,CNY,12.159,CNY-12.25,2025-12-18,2024-06-06,2025-12-18,11.666,11.653,11.732,11.705,11.7089,73423,11.7089,-0.0003330245059958159,0.12508964580007137,84,0.23013698630136986,RUSFAR3M,16.55,6,2025-09-25,RUSFARCN1W,0.16,77.0,2025-09-25,12.158988474874226,1.1525125774625167e-05,9.478687966882363e-05,9.478683475583117e-07,0.0013167642425995219,False
2025-09-26,RFUD,CRZ5,12.157,11.999,12.164,12.014,388117916580.0,125240579716.0,10364104.0,32305470,12.014,0.0,12.084,-1.17,1.0,186654,CNY-12.25,CNY,12.014,CNY-12.25,2025-12-18,2024-06-06,2025-12-18,11.69,11.5875,11.7035,11.5965,11.6674,74735,11.6674,-0.0035506084024055085,0.12648954751889802,83,0.2273972602739726,RUSFAR3M,16.63,7,2025-09-26,RUSFARCN1W,0.14,76.0,2025-09-26,12.113208105226175,-0.09920810522617529,-0.8190076845404193,-0.008223799779942243,-0.011996999886311865,False
2025-09-29,RFUD,CRZ5,12.013,11.939,12.062,11.952,386464021856.0,50798134177.0,4233984.0,32329264,11.954,0.0,11.998,-0.52,2.0,92742,CNY-12.25,CNY,11.954,CNY-12.25,2025-12-18,2024-06-06,2025-12-18,11.638,11.5245,11.6405,11.542,11.5871,62566,11.5871,-0.006906217649437885,0.12975308800089447,80,0.2191780821917808,RUSFAR3M,16.53,10,2025-09-29,RUSFARCN1W,0.21,73.0,2025-09-29,12.0090709094448,-0.0550709094447992,-0.4585776023812755,-0.004596322950932176,-0.005006686025907037,False
2025-09-30,RFUD,CRZ5,11.96,11.816,11.995,11.842,372139716330.0,80114091014.0,6730870.0,31443998,11.835,0.0,11.903,-0.92,1.0,150162,CNY-12.25,CNY,11.835,CNY-12.25,2025-12-18,2024-06-06,2025-12-18,11.5485,11.458,11.6185,11.5185,11.5411,52417,11.5411,-0.003977833178147705,0.13110659266453004,79,0.21643835616438356,RUSFAR3M,16.71,11,2025-09-30,RUSFARCN1W,-0.32,72.0,2025-09-30,11.974435822170058,-0.13943582217005712,-1.1644458598366596,-0.011712786249995586,-0.010004707436114924,False
2025-10-01,RFUD,CRZ5,11.843,11.661,11.859,11.704,367908610340.0,81278186245.0,6922798.0,31431748,11.705,0.0,11.741,-1.17,2.0,159908,CNY-12.25,CNY,11.705,CNY-12.25,2025-12-18,2024-06-06,2025-12-18,11.4925,11.31,11.5,11.3595,11.3822,56845,11.3822,-0.013863845530307728,0.14114592858292027,78,0.2136986301369863,RUSFAR3M,16.64,12,2025-10-01,RUSFARCN1W,-0.32,71.0,2025-09-30,11.802295179584377,-0.09729517958437661,-0.8243750736948007,-0.008277918359199473,-0.011045142023073495,False
2025-10-02,RFUD,CRZ5,11.703,11.608,11.753,11.674,366023998800.0,76630301255.0,6551850.0,31359150,11.672,0.0,11.696,-0.26,2.0,160402,CNY-12.25,CNY,11.672,CNY-12.25,2025-12-18,2024-06-06,2025-12-18,11.2855,11.26,11.39,11.317,11.3399,33557,11.3399,-0.003723251712268283,0.14084319939894116,77,0.21095890410958903,RUSFAR3M,16.64,13,2025-10-02,RUSFARCN1W,-0.32,70.0,2025-09-30,11.752971591914939,-0.0809715919149383,-0.6889456958327032,-0.006913298835074316,-0.0028232897223894327,False
2025-10-03,RFUD,CRZ5,11.673,11.617,11.887,11.863,378896466624.0,110077827721.0,9338077.0,31958204,11.856,0.0,11.789,1.62,15.0,187443,CNY-12.25,CNY,11.856,CNY-12.25,2025-12-18,2024-06-06,2025-12-18,11.33,11.325,11.5245,11.49,11.4376,61668,11.4376,0.008578693814245142,0.1437770220439936,76,0.20821917808219179,RUSFAR3M,16.64,14,2025-10-03,RUSFARCN1W,-0.32,69.0,2025-09-30,11.84872357199028,0.007276428009719282,0.06141107069895994,0.000613922218174189,0.015641257333246283,False
2025-10-06,RFUD,CRZ5,11.858,11.826,11.958,11.83,378308162960.0,76722480473.0,6446060.0,31978712,11.83,0.0,11.902,-0.28,50.0,145252,CNY-12.25,CNY,11.83,CNY-12.25,2025-12-18,2024-06-06,2025-12-18,11.5515,11.472,11.6,11.473,11.5509,39901,11.5509,0.009857182277139831,0.14413253045921431,73,0.2,RUSFAR3M,16.69,17,2025-10-06,RUSFARCN1W,-0.32,66.0,2025-09-30,11.950622343912586,-0.12062234391258642,-1.0093394338917343,-0.010144678019661752,-0.0021953905634353177,False
2025-10-07,RFUD,CRZ5,11.828,11.663,11.83,11.74,386530743256.0,103202677168.0,8803530.0,32907436,11.746,0.0,11.723,-0.76,38.0,173191,CNY-12.25,CNY,11.746,CNY-12.25,2025-12-18,2024-06-06,2025-12-18,11.403,11.321,11.4225,11.4085,11.367,41865,11.367,-0.01604893530538387,0.13942890883306922,72,0.19726027397260273,RUSFAR3M,16.65,18,2025-10-07,RUSFARCN1W,-0.32,65.0,2025-09-30,11.753951585459108,-0.007951585459107235,-0.06765031658752274,-0.000676732097396339,-0.007125920889967663,False
2025-10-08,RFUD,CRZ5,11.741,11.6,11.768,11.631,393881954040.0,87744283139.0,7520358.0,33864840,11.631,0.0,11.668,-0.93,16.0,177800,CNY-12.25,CNY,11.631,CNY-12.25,2025-12-18,2024-06-06,2025-12-18,11.4225,11.25,11.4225,11.27,11.3315,43653,11.3315,-0.0031279625477251827,0.12307194385067857,71,0.19452054794520549,RUSFAR3M,16.63,19,2025-10-08,RUSFARCN1W,-0.32,64.0,2025-09-30,11.711341028975717,-0.08034102897571671,-0.6860104985154155,-0.006883743676658599,-0.009838809743426324,False
2025-10-09,RFUD,CRZ5,11.638,11.61,11.736,11.68,388535573760.0,64985720741.0,5553541.0,33265032,11.68,0.0,11.702,0.42,164.0,145940,CNY-12.25,CNY,11.68,CNY-12.25,2025-12-18,2024-06-06,2025-12-18,11.313,11.2955,11.3785,11.331,11.3589,42702,11.3589,0.0024151194618191596,0.12233429629610874,70,0.1917808219178082,RUSFAR3M,16.61,20,2025-10-09,RUSFARCN1W,0.14,63.0,2025-10-09,11.723412128123208,-0.04341212812320805,-0.3703028405788705,-0.0037099015884492223,0.004204030043179596,False
2025-10-10,RFUD,CRZ5,11.677,11.645,11.765,11.709,375719000868.0,69184645686.0,5911752.0,32088052,11.709,0.0,11.703,0.25,28.0,159550,CNY-12.25,CNY,11.709,CNY-12.25,2025-12-18,2024-06-06,2025-12-18,11.376,11.3055,11.3995,11.34,11.3597,33694,11.3597,7.042687492431199e-05,0.11901852190335006,69,0.18904109589041096,RUSFAR3M,16.61,21,2025-10-10,RUSFARCN1W,0.09,62.0,2025-10-10,11.720056366137367,-0.01105636613736749,-0.09433714132393194,-0.0009438166681001243,0.0024797994665064493,False
2025-10-13,RFUD,CRZ5,11.705,11.481,11.748,11.496,375900649544.0,91373291014.0,7881938.0,32704076,11.494,0.0,11.594,-1.82,400.0,164366,CNY-12.25,CNY,11.494,CNY-12.25,2025-12-18,2024-06-06,2025-12-18,11.3595,11.167,11.3755,11.1795,11.2685,125195,11.2685,-0.008060782017008439,0.10315345168857358,66,0.18082191780821918,RUSFAR3M,16.55,24,2025-10-13,RUSFARCN1W,0.13,59.0,2025-10-13,11.608088984933612,-0.11408898493361264,-0.9828403717587897,-0.009877021295143139,-0.018532616781037792,False
2025-10-14,RFUD,CRZ5,11.497,11.367,11.505,11.38,371286122296.0,88088508962.0,7709072.0,32631932,11.378,0.0,11.426,-1.01,471.0,156133,CNY-12.25,CNY,11.378,CNY-12.25,2025-12-18,2024-06-06,2025-12-18,11.133,11.061,11.165,11.084,11.1133,83888,11.1133,-0.013868633226663096,0.11134342467722132,65,0.1780821917808219,RUSFAR3M,16.39,25,2025-10-14,RUSFARCN1W,0.19,58.0,2025-10-14,11.438580594178669,-0.06058059417866879,-0.529616360000991,-0.00531023798995772,-0.010143493757094113,False
2025-10-15,RFUD,CRZ5,11.372,11.236,11.413,11.29,347463188028.0,114512353678.0,10134161.0,30787098,11.286,0.0,11.3,-0.79,14.0,182552,CNY-12.25,CNY,11.286,CNY-12.25,2025-12-18,2024-06-06,2025-12-18,11.0325,10.95,11.062,10.9875,11.0101,112860,11.0101,-0.009329555904444398,0.11062433394099468,64,0.17534246575342466,RUSFAR3M,16.34,26,2025-10-15,RUSFARCN1W,0.27,57.0,2025-10-15,11.324749677491495,-0.03874967749149505,-0.34216807077433214,-0.0034275480451028523,-0.008118646781507532,False
2025-10-16,RFUD,CRZ5,11.287,11.194,11.56,11.489,357146652200.0,154916139331.0,13601944.0,31077850,11.492,0.0,11.389,1.76,6.0,285178,CNY-12.25,CNY,11.492,CNY-12.25,2025-12-18,2024-06-06,2025-12-18,10.9525,10.9385,11.258,11.1975,11.1111,129514,11.1111,0.009131575305896256,0.1184351099859919,63,0.1726027397260274,RUSFAR3M,16.49,27,2025-10-16,RUSFARCN1W,0.31,56.0,2025-10-16,11.425774585945295,0.06622541405470628,0.5796142183320275,0.005779409178000032,0.018088121570094984,False
2025-10-17,RFUD,CRZ5,11.49,11.43,11.748,11.681,366474735680.0,115715044913.0,9948606.0,31365520,11.684,0.0,11.631,1.67,8.0,224396,CNY-12.25,CNY,11.684,CNY-12.25,2025-12-18,2024-06-06,2025-12-18,11.3,11.269,11.461,11.38,11.3574,65217,11.3574,0.021924905206719636,0.14569915866200012,62,0.16986301369863013,RUSFAR3M,16.5,28,2025-10-17,RUSFARCN1W,0.25,55.0,2025-10-17,11.675262107032566,0.008737892967433325,0.07484108611291969,0.0007481309413751773,0.01656924340845123,False
2025-10-20,RFUD,CRZ5,11.68,11.535,11.71,11.556,370728979190.0,73809526026.0,6353954.0,32083858,11.555,0.0,11.616,-1.07,1.0,175597,CNY-12.25,CNY,11.555,CNY-12.25,2025-12-18,2024-06-06,2025-12-18,11.3445,11.2625,11.4125,11.275,11.3444,59114,11.3444,-0.0011452837590835152,0.14503612239969266,59,0.16164383561643836,RUSFAR1M,16.44,29,2025-10-20,RUSFARCN1W,0.28,52.0,2025-10-20,11.644638668223426,-0.08963866822342581,-0.7697848836481039,-0.007727630208280804,-0.011102140799150284,False
2025-10-21,RFUD,CRZ5,11.55,11.54,11.746,11.703,365182050312.0,85107116510.0,7300524.0,31190814,11.708,0.0,11.657,1.27,1.0,197072,CNY-12.25,CNY,11.708,CNY-12.25,2025-12-18,2024-06-06,2025-12-18,11.33,11.285,11.457,11.408,11.3691,69991,11.3691,0.0021749188576376532,0.1456573544939513,58,0.1589041095890411,RUSFAR1M,16.38,28,2025-10-21,RUSFARCN1W,0.31,51.0,2025-10-21,11.663158637224186,0.04484136277581463,0.38447014372846433,0.0038373294620347525,0.013154125103295389,False
2025-10-22,RFUD,CRZ5,11.698,11.62,11.811,11.637,351627772016.0,100604545796.0,8585831.0,30218956,11.636,0.0,11.719,-0.56,60.0,191730,CNY-12.25,CNY,11.636,CNY-12.25,2025-12-18,2024-06-06,2025-12-18,11.425,11.3465,11.5265,11.374,11.4444,90726,11.4444,0.0066013784340839265,0.14826659994113964,57,0.15616438356164383,RUSFAR1M,16.31,27,2025-10-22,RUSFARCN1W,0.29,50.0,2025-10-22,11.734322116023304,-0.09832211602330432,-0.8379019686961272,-0.008414321004350238,-0.006168628196684178,False
2025-10-23,RFUD,CRZ5,11.639,11.583,11.738,11.647,375736391968.0,100094286658.0,8601797.0,32218864,11.662,0.0,11.637,0.09,1.0,155300,CNY-12.25,CNY,11.662,CNY-12.25,2025-12-18,2024-06-06,2025-12-18,11.452,11.325,11.452,11.377,11.3737,76555,11.3737,-0.00619685479911114,0.14929078644507807,56,0.15342465753424658,RUSFAR1M,16.35,26,2025-10-23,RUSFARCN1W,0.25,49.0,2025-10-23,11.658144593103675,0.00385540689632613,0.03307050161830022,0.00033065034533201725,0.002231952167008888,False
2025-10-24,RFUD,CRZ5,11.65,11.35,11.689,11.369,395168669076.0,137148360345.0,11914290.0,34746212,11.373,0.0,11.512,-2.39,100.0,226720,CNY-12.25,CNY,11.373,CNY-12.25,2025-12-18,2024-06-06,2025-12-18,11.3885,11.111,11.407,11.147,11.2844,86529,11.2844,-0.007882431657604272,0.15088170044499594,55,0.1506849315068493,RUSFAR1M,16.4,25,2025-10-24,RUSFARCN1W,0.3,48.0,2025-10-24,11.56151043188525,-0.18851043188525018,-1.6305000371349507,-0.016439389704309797,-0.025093567597656907,False
2025-10-27,RFUD,CRZ5,11.369,11.232,11.425,11.423,419509956810.0,92014532295.0,8145664.0,36770090,11.409,0.0,11.296,0.47,2.0,160540,CNY-12.25,CNY,11.409,CNY-12.25,2025-12-18,2024-06-06,2025-12-18,11.097,11.015,11.1845,11.165,11.0669,61454,11.0669,-0.01946256956460335,0.16277669262900993,52,0.14246575342465753,RUSFAR1M,16.36,22,2025-10-27,RUSFARCN1W,0.21,45.0,2025-10-27,11.324481544063088,0.08451845593691232,0.746333998674063,0.007435627066739099,0.003160392411925006,False
2025-10-28,RFUD,CRZ5,11.42,11.345,11.497,11.367,414329832612.0,90121769541.0,7897883.0,36450236,11.367,0.0,11.411,-0.49,5.0,167148,CNY-12.25,CNY,11.367,CNY-12.25,2025-12-18,2024-06-06,2025-12-18,11.214,11.117,11.259,11.17,11.1763,59930,11.1763,0.009836793460481275,0.16818093516113855,51,0.13972602739726028,RUSFAR1M,16.4,21,2025-10-28,RUSFARCN1W,0.22,44.0,2025-10-28,11.431847903227029,-0.06484790322702771,-0.5672565255939259,-0.005688715358195354,-0.003688096909658878,False
2025-10-29,RFUD,CRZ5,11.37,11.335,11.468,11.445,408414432208.0,86094202992.0,7543152.0,35681848,11.446,0.0,11.413,0.69,1.0,172266,CNY-12.25,CNY,11.446,CNY-12.25,2025-12-18,2024-06-06,2025-12-18,11.17,11.115,11.2275,11.22,11.1749,66896,11.1749,-0.00012527291615960223,0.16185137670232835,50,0.136986301369863,RUSFAR1M,16.39,20,2025-10-29,RUSFARCN1W,0.15,43.0,2025-10-29,11.426289160914452,0.019710839085547605,0.17250429083286156,0.0017235567307121588,0.00692590328233722,False
2025-10-30,RFUD,CRZ5,11.448,11.432,11.583,11.527,378413541904.0,106549166044.0,9244792.0,32836996,11.524,0.0,11.525,0.72,3.0,209647,CNY-12.25,CNY,11.524,CNY-12.25,2025-12-18,2024-06-06,2025-12-18,11.235,11.2175,11.335,11.2945,11.2826,71071,11.2826,0.009591524049854527,0.16564784196031201,49,0.13424657534246576,RUSFAR1M,16.34,19,2025-10-30,RUSFARCN1W,0.15,42.0,2025-10-30,11.530506203830068,-0.006506203830069168,-0.05642600346468756,-0.0005644192892503304,0.006791493235371426,False
2025-10-31,RFUD,CRZ5,11.522,10.945,11.795,11.49,337708585120.0,112021814057.0,9700248.0,29394080,11.489,0.0,11.548,-0.32,47.0,181415,CNY-12.25,CNY,11.489,CNY-12.25,2025-12-18,2024-06-06,2025-12-18,11.3,11.254,11.371,11.2605,11.3269,79526,11.3269,0.003918711753053472,0.16315968148922355,48,0.13150684931506848,RUSFAR1M,16.37,18,2025-10-31,RUSFARCN1W,0.12,41.0,2025-10-31,11.571559157046885,-0.08255915704688377,-0.7134661451098112,-0.007160234859111737,-0.003041761351054273,False
2025-11-01,RFUD,CRZ5,11.48,11.407,11.537,11.51,338797609660.0,32248974042.0,2811132.0,29435066,11.51,0.0,11.472,0.17,2.0,72729,CNY-12.25,CNY,11.51,CNY-12.25,2025-12-18,2024-06-06,2025-12-18,11.25,11.196,11.32,11.3,11.2561,43881,11.2561,-0.006270223793341412,0.15960361255668656,47,0.12876712328767123,RUSFAR1M,16.37,17,2025-10-31,RUSFARCN1W,0.12,40.0,2025-10-31,11.494111508110612,0.015888491889388234,0.13823157951945053,0.0013813612762454384,0.0018261668625636496,False
2025-11-03,RFUD,CRZ5,11.516,11.354,11.55,11.373,342053338832.0,32541873196.0,2844874.0,30078556,11.372,0.0,11.439,-1.19,56.0,92129,CNY-12.25,CNY,11.372,CNY-12.25,2025-12-18,2024-06-06,2025-12-18,11.32,11.145,11.3335,11.155,11.2226,11540,11.2226,-0.0029806016185207618,0.15003274439588565,45,0.1232876712328767,RUSFAR1M,16.37,15,2025-10-31,RUSFARCN1W,0.12,38.0,2025-10-31,11.449703665009293,-0.07770366500929349,-0.6786521929537678,-0.0068096550913674435,-0.012062028945038161,False
2025-11-05,RFUD,CRZ5,11.372,11.366,11.621,11.613,343029570840.0,72917495401.0,6312854.0,29546044,11.61,0.0,11.551,2.11,1.0,168473,CNY-12.25,CNY,11.61,CNY-12.25,2025-12-18,2024-06-06,2025-12-18,11.237,11.2275,11.4275,11.391,11.3435,55724,11.3435,0.01071529034999985,0.1549533764808574,43,0.1178082191780822,RUSFAR1M,16.3,13,2025-11-05,RUSFARCN1W,0.21,36.0,2025-11-05,11.56057075297949,0.04942924702050888,0.42756753171351464,0.004266560589268157,0.020712601921046847,False
2025-11-06,RFUD,CRZ5,11.614,11.502,11.65,11.542,335801852466.0,50736142370.0,4386159.0,29096426,11.541,0.0,11.567,-0.61,2.0,138387,CNY-12.25,CNY,11.541,CNY-12.25,2025-12-18,2024-06-06,2025-12-18,11.418,11.3,11.4335,11.324,11.3611,35810,11.3611,0.0015503469363253863,0.15480886461995844,42,0.11506849315068493,RUSFAR1M,16.31,12,2025-11-06,RUSFARCN1W,0.24,35.0,2025-11-06,11.573138270105428,-0.03213827010542758,-0.2776971064835883,-0.00278083400215086,-0.0059608832715323246,False
2025-11-07,RFUD,CRZ5,11.542,11.461,11.599,11.491,346367064264.0,53554093373.0,4646421.0,30139842,11.492,0.0,11.526,-0.44,29.0,116420,CNY-12.25,CNY,11.492,CNY-12.25,2025-12-18,2024-06-06,2025-12-18,11.372,11.28,11.405,11.319,11.3421,37164,11.3421,-0.001673773250972399,0.15492354975815803,41,0.11232876712328767,RUSFAR1M,16.33,11,2025-11-07,RUSFARCN1W,0.43,34.0,2025-11-07,11.54649283621787,-0.05449283621786982,-0.47194275344754216,-0.004730599195690941,-0.0042547713212246485,False
2025-11-10,RFUD,CRZ5,11.494,11.475,11.597,11.55,358928885700.0,63368415352.0,5490781.0,31076094,11.55,0.0,11.541,0.51,10.0,137630,CNY-12.25,CNY,11.55,CNY-12.25,2025-12-18,2024-06-06,2025-12-18,11.3265,11.2915,11.411,11.3635,11.3635,67573,11.3635,0.0018849980917985398,0.15212329994509388,38,0.10410958904109589,RUSFAR1M,16.33,8,2025-11-10,RUSFARCN1W,0.33,31.0,2025-11-10,11.554373215472356,-0.004373215472355696,-0.03784900652594087,-0.0003785617107027419,0.005034295850759651,False
2025-11-11,RFUD,CRZ5,11.555,11.484,11.632,11.519,364928762880.0,65118154067.0,5629769.0,31677844,11.52,0.0,11.567,-0.27,52.0,159661,CNY-12.25,CNY,11.52,CNY-12.25,2025-12-18,2024-06-06,2025-12-18,11.398,11.315,11.454,11.3385,11.3974,68540,11.3974,0.002978794781123728,0.1425915256432223,37,0.10136986301369863,RUSFAR1M,16.35,7,2025-11-11,RUSFARCN1W,0.28,30.0,2025-11-11,11.584585708287383,-0.06458570828738353,-0.557514182325745,-0.005590740931609861,-0.0026007817000577305,False
2025-11-12,RFUD,CRZ5,11.518,11.505,11.569,11.546,375268955050.0,42473538844.0,3681432.0,32504890,11.545,0.0,11.537,0.23,29.0,98803,CNY-12.25,CNY,11.545,CNY-12.25,2025-12-18,2024-06-06,2025-12-18,11.346,11.3385,11.3945,11.367,11.3688,33437,11.3688,-0.002512497917539047,0.13784985867424848,36,0.09863013698630137,RUSFAR1M,16.31,6,2025-11-12,RUSFARCN1W,0.21,29.0,2025-11-12,11.550771292969742,-0.005771292969741992,-0.049964567935429825,-0.0004997705438505286,0.002167787538713384,False
2025-11-13,RFUD,CRZ5,11.539,11.44,11.543,11.524,422354370000.0,109930180720.0,9576946.0,36646800,11.525,0.0,11.479,-0.19,29.0,189723,CNY-12.25,CNY,11.525,CNY-12.25,2025-12-18,2024-06-06,2025-12-18,11.332,11.285,11.3595,11.35,11.32,57495,11.32,-0.004301688520477853,0.13635830114403444,35,0.0958904109589041,RUSFAR1M,16.38,5,2025-11-13,RUSFARCN1W,0.3,28.0,2025-11-13,11.495897709972569,0.029102290027431366,0.25315369675032373,0.002528338025483516,-0.0017338539237461426,False
2025-11-14,RFUD,CRZ5,11.524,11.506,11.63,11.537,410240181668.0,77388726948.0,6694466.0,35567902,11.534,0.0,11.56,0.11,132.0,172694,CNY-12.25,CNY,11.534,CNY-12.25,2025-12-18,2024-06-06,2025-12-18,11.4035,11.365,11.4495,11.3755,11.3985,47836,11.3985,0.00691069502077557,0.11433639445844855,34,0.09315068493150686,RUSFAR1M,16.37,4,2025-11-14,RUSFARCN1W,0.33,27.0,2025-11-14,11.570087891297826,-0.03608789129782508,-0.31190680344760174,-0.0031239424656050035,0.0007806063105086913,False
2025-11-17,RFUD,CRZ5,11.538,11.493,11.585,11.508,406726402704.0,39514079094.0,3423579.0,35339856,11.509,0.0,11.542,-0.25,11.0,94594,CNY-12.25,CNY,11.509,CNY-12.25,2025-12-18,2024-06-06,2025-12-18,11.401,11.349,11.43,11.371,11.3931,29461,11.3931,-0.0004738587989474574,0.11425793861111609,31,0.08493150684931507,RUSFAR1M,16.36,1,2025-11-17,RUSFARCN1W,0.35,24.0,2025-11-17,11.549076109436832,-0.04007610943683204,-0.34700705976026575,-0.00347610525708623,-0.002169857206867132,False
2025-11-18,RFUD,CRZ5,11.515,11.485,11.555,11.525,402333079716.0,38929396731.0,3378379.0,34906566,11.526,0.0,11.523,0.15,4.0,94352,CNY-12.25,CNY,11.526,CNY-12.25,2025-12-18,2024-06-06,2025-12-18,11.3805,11.347,11.4075,11.38,11.3776,40977,11.3776,-0.0013613988497485074,0.11414253675312935,30,0.0821917808219178,RUSFAR1M,16.33,0,2025-11-18,RUSFARCN1W,0.37,23.0,2025-11-18,11.527832380283705,-0.0018323802837052483,-0.015895271749780185,-0.00015896535181983098,0.0014760150281207807,False
2025-11-19,RFUD,CRZ5,11.526,11.38,11.53,11.404,412101170584.0,50393406438.0,4397331.0,36136546,11.404,0.0,11.46,-1.05,50.0,125397,CNY-12.25,CNY,11.404,CNY-12.25,2025-12-18,2024-06-06,2025-12-18,11.3785,11.25,11.3845,11.288,11.3304,58427,11.3304,-0.004157131229066913,0.11231051287847905,29,0.07945205479452055,RUSFAR1M,16.27,1,2025-11-19,RUSFARCN1W,0.31,22.0,2025-11-19,11.474990486272459,-0.07099048627245885,-0.6186539880567643,-0.006205755812829448,-0.010641181964049284,False
2025-11-20,RFUD,CRZ5,11.402,11.306,11.458,11.322,407258751900.0,51866127919.0,4553035.0,35980100,11.319,0.0,11.392,-0.72,8.0,137694,CNY-12.25,CNY,11.319,CNY-12.25,2025-12-18,2024-06-06,2025-12-18,11.3175,11.17,11.3235,11.2155,11.2672,65240,11.2672,-0.005593528939452863,0.11192441251248963,28,0.07671232876712329,RUSFAR1M,16.24,2,2025-11-20,RUSFARCN1W,0.27,21.0,2025-11-20,11.406082992050113,-0.08708299205011194,-0.7634785062567722,-0.0076640792324229046,-0.007481441400142064,False
2025-11-21,RFUD,CRZ5,11.319,11.122,11.332,11.199,410323592368.0,99071965948.0,8854847.0,36655672,11.194,0.0,11.188,-1.09,20.0,204743,CNY-12.25,CNY,11.194,CNY-12.25,2025-12-18,2024-06-06,2025-12-18,11.156,11.0155,11.1695,11.09,11.0664,69269,11.0664,-0.017982359400128267,0.12569077216688554,27,0.07397260273972603,RUSFAR1M,16.2,3,2025-11-21,RUSFARCN1W,0.3,20.0,2025-11-21,11.197327507365701,-0.0033275073657001997,-0.029716978122782744,-0.00029721394491690964,-0.01110480918111545,False
2025-11-24,RFUD,CRZ5,11.202,11.109,11.229,11.126,411476609376.0,58079869404.0,5205831.0,36993312,11.123,0.0,11.157,-0.65,100.0,117597,CNY-12.25,CNY,11.123,CNY-12.25,2025-12-18,2024-06-06,2025-12-18,11.09,11.011,11.12,11.013,11.0467,73954,11.0467,-0.0017817497512049307,0.10519722306976068,24,0.06575342465753424,RUSFAR1M,16.19,6,2025-11-24,RUSFARCN1W,0.31,17.0,2025-11-24,11.162650007820613,-0.03965000782061345,-0.3552024635085257,-0.0035583480529876137,-0.0063628838592757475,False
2025-11-25,RFUD,CRZ5,11.128,11.1,11.275,11.181,403703332752.0,81291134540.0,7257625.0,36106192,11.181,0.0,11.201,0.49,10.0,203425,CNY-12.25,CNY,11.181,CNY-12.25,2025-12-18,2024-06-06,2025-12-18,11.0355,11.013,11.165,11.105,11.1001,74934,11.1001,0.00482237645945327,0.10031297624067377,23,0.06301369863013699,RUSFAR1M,16.15,7,2025-11-25,RUSFARCN1W,0.33,16.0,2025-11-25,11.211307692791689,-0.030307692791689433,-0.2703314691039634,-0.002706975244773181,0.0052008725553389645,False
2025-11-26,RFUD,CRZ5,11.181,11.143,11.219,11.184,402693113160.0,45914637191.0,4109613.0,36019062,11.18,0.0,11.173,0.03,14.0,136564,CNY-12.25,CNY,11.18,CNY-12.25,2025-12-18,2024-06-06,2025-12-18,11.102,11.051,11.1205,11.072,11.0764,59384,11.0764,-0.002137398509479027,0.10050937735713453,22,0.06027397260273973,RUSFAR2W,16.19,8,2025-11-26,RUSFARCN1W,0.29,15.0,2025-11-26,11.183061645059771,-0.0030616450597715783,-0.027377521084524205,-0.0002738126941197822,-8.944143827793738e-05,False
2025-11-27,RFUD,CRZ5,11.185,11.079,11.195,11.11,378403698636.0,77891353984.0,6994450.0,34072006,11.106,0.0,11.118,-0.66,453.0,117981,CNY-12.25,CNY,11.106,CNY-12.25,2025-12-18,2024-06-06,2025-12-18,11.0525,10.9915,11.059,11.008,11.0225,52845,11.0225,-0.004878080527281892,0.09428049183928305,21,0.057534246575342465,RUSFAR2W,16.17,7,2025-11-27,RUSFARCN1W,0.33,14.0,2025-11-27,11.123411851132794,-0.017411851132793643,-0.15653336733207845,-0.0015665600880745002,-0.00664096490753785,False
2025-11-28,RFUD,CRZ5,11.111,10.976,11.156,10.996,364613606798.0,64562586134.0,5828549.0,33155734,10.997,0.0,11.077,-1.03,10.0,149694,CNY-12.25,CNY,10.997,CNY-12.25,2025-12-18,2024-06-06,2025-12-18,11.05,10.9025,11.07,10.921,11.0018,84623,11.0018,-0.001879742474918178,0.09235982773784247,20,0.0547945205479452,RUSFAR2W,16.14,6,2025-11-28,RUSFARCN1W,0.27,13.0,2025-11-28,11.097887625353758,-0.10088762535375828,-0.9090705254869831,-0.009132277857199068,-0.009862994490617893,False
2025-12-01,RFUD,CRZ5,10.995,10.98,11.057,11.027,362941853400.0,64788623036.0,5877475.0,32919896,11.025,0.0,11.023,0.28,18.0,103972,CNY-12.25,CNY,11.025,CNY-12.25,2025-12-18,2024-06-06,2025-12-18,10.96,10.9345,10.9865,10.95,10.9574,51300,10.9574,-0.004043868675144502,0.09115087807358604,17,0.04657534246575343,RUSFAR2W,16.11,3,2025-12-01,RUSFARCN1W,0.28,10.0,2025-12-01,11.038486110922031,-0.013486110922031003,-0.12217355520053759,-0.0012224824793119243,0.002542913004112357,False
2025-12-02,RFUD,CRZ5,11.028,10.956,11.096,11.037,332392077120.0,91564259371.0,8321671.0,30107978,11.04,0.0,10.998,0.09,33.0,147222,CNY-12.25,CNY,11.04,CNY-12.25,2025-12-18,2024-06-06,2025-12-18,10.94,10.8935,11.027,10.96,10.9257,59445,10.9257,-0.002897214944296067,0.09113150825875008,16,0.043835616438356165,RUSFAR2W,16.18,2,2025-12-02,RUSFARCN1W,0.27,9.0,2025-12-02,11.002164858258098,0.03783514174190117,0.3438881550070807,0.00343298211800964,0.0013596195160392455,False
2025-12-03,RFUD,CRZ5,11.035,10.918,11.128,10.941,314662436540.0,97356013639.0,8833968.0,28788878,10.93,0.0,11.021,-0.87,2.0,211413,CNY-12.25,CNY,10.93,CNY-12.25,2025-12-18,2024-06-06,2025-12-18,11.035,10.8605,11.0445,10.87,10.9621,70826,10.9621,0.0033260568496342735,0.08142394526841751,15,0.0410958904109589,RUSFAR2W,16.19,1,2025-12-03,RUSFARCN1W,0.21,8.0,2025-12-03,11.034326362328805,-0.10432636232880554,-0.9454710591575013,-0.009499690104455208,-0.010013738660501925,False
2025-12-04,RFUD,CRZ5,10.935,10.754,10.945,10.781,281656326342.0,99267193417.0,9126562.0,26130098,10.779,0.0,10.872,-1.46,97.0,209288,CNY-12.25,CNY,10.779,CNY-12.25,2025-12-18,2024-06-06,2025-12-18,10.84,10.6925,10.879,10.702,10.8153,103317,10.8153,-0.013482070733894957,0.09042691549736329,14,0.038356164383561646,RUSFAR2W,16.24,0,2025-12-04,RUSFARCN1W,0.26,7.0,2025-12-04,10.881793954285193,-0.10279395428519322,-0.944641616235653,-0.009491316540338324,-0.013911505388955803,False
2025-12-05,RFUD,CRZ5,10.779,10.65,10.921,10.831,266845209932.0,128058003204.0,11866435.0,24637172,10.831,0.0,10.791,0.46,2.0,256066,CNY-12.25,CNY,10.831,CNY-12.25,2025-12-18,2024-06-06,2025-12-18,10.63,10.62,10.873,10.78,10.7481,109053,10.7481,-0.006232803504805151,0.09134347820083594,13,0.03561643835616438,RUSFAR2W,16.27,1,2025-12-05,RUSFARCN1W,0.29,6.0,2025-12-05,10.809447298448669,0.0215527015513306,0.1993876370943014,0.001991891237753885,0.004812596054108553,False
2025-12-08,RFUD,CRZ5,10.828,10.791,10.967,10.832,254299386624.0,75290616974.0,6932983.0,23500544,10.821,0.0,10.861,0.01,29.0,183030,CNY-12.25,CNY,10.821,CNY-12.25,2025-12-18,2024-06-06,2025-12-18,10.865,10.756,10.877,10.789,10.8189,86821,10.8189,0.006565609897759561,0.09585225939006914,10,0.0273972602739726,RUSFAR1W,16.21,3,2025-12-08,RUSFARCN1W,0.49,3.0,2025-12-08,10.865595855882349,-0.044595855882349156,-0.4104317561029672,-0.004112763389847704,-0.000923702264088444,False
2025-12-09,RFUD,CRZ5,10.82,10.819,11.025,11.0,243326784606.0,83004550941.0,7610307.0,22118606,11.001,0.0,10.91,1.55,1.0,191102,CNY-12.25,CNY,11.001,CNY-12.25,2025-12-18,2024-06-06,2025-12-18,10.8195,10.791,10.984,10.944,10.8581,66566,10.8581,0.0036167405757852045,0.09635738754098708,9,0.024657534246575342,RUSFAR1W,16.14,2,2025-12-09,RUSFARCN1W,0.49,2.0,2025-12-09,10.900081315552091,0.10091868444790819,0.9258525833556742,0.009215928407633559,0.016497487167787206,False
2025-12-10,RFUD,CRZ5,11.001,10.947,11.22,11.199,230889678822.0,90645673681.0,8202576.0,20639106,11.187,0.0,11.052,1.81,1.0,196403,CNY-12.25,CNY,11.187,CNY-12.25,2025-12-18,2024-06-06,2025-12-18,10.982,10.9125,11.187,11.17,11.0081,109233,11.0081,0.013720020211975381,0.11210058612065979,8,0.021917808219178082,RUSFAR1W,16.04,1,2025-12-10,RUSFARCN1W,0.5,1.0,2025-12-10,11.045657815356742,0.14134218464325699,1.2796176289903658,0.012714997015481627,0.016766212107494738,False
2025-12-11,RFUD,CRZ5,11.199,11.112,11.328,11.265,227909016000.0,120247860989.0,10707620.0,20204700,11.28,0.0,11.231,0.59,1.0,257800,CNY-12.25,CNY,11.28,CNY-12.25,2025-12-18,2024-06-06,2025-12-18,11.165,11.084,11.292,11.22,11.2055,124023,11.2055,0.017773363741454773,0.13088797437423547,7,0.019178082191780823,RUSFAR1W,15.99,0,2025-12-11,RUSFARCN1W,0.48,0.0,2025-12-11,11.238880611044728,0.041119388955271674,0.36586729922962813,0.0036519963284615906,0.008278856205119478,False
2025-12-12,RFUD,CRZ5,11.265,11.188,11.317,11.232,193019503266.0,71821167473.0,6372747.0,17171026,11.241,0.0,11.269,-0.29,1.0,160821,CNY-12.25,CNY,11.241,CNY-12.25,2025-12-18,2024-06-06,2025-12-18,11.207,11.1735,11.2955,11.2395,11.2656,97291,11.2656,0.005349105589225633,0.1298270710537783,6,0.01643835616438356,RUSFAR1W,15.85,1,2025-12-12,RUSFARCN1W,0.45,1.0,2025-12-12,11.294155071992149,-0.053155071992149416,-0.47064230704575866,-0.004717533152386802,-0.0034634375902529158,False
2025-12-15,RFUD,CRZ5,11.239,11.192,11.305,11.264,163385813604.0,84806584894.0,7544611.0,14496124,11.271,0.0,11.241,0.29,1.0,213028,CNY-12.25,CNY,11.271,CNY-12.25,2025-12-18,2024-06-06,2025-12-18,11.2515,11.185,11.287,11.282,11.2213,101560,11.2213,-0.003940076872328113,0.13036911362379888,3,0.00821917808219178,RUSFAR,15.74,2,2025-12-15,RUSFARCNY,0.4,2.0,2025-12-15,11.235456983828639,0.035543016171361685,0.316346867087999,0.0031584754317297314,0.0026652467802819046,False
2025-12-16,RFUD,CRZ5,11.267,11.236,11.292,11.26,135192018960.0,53567102258.0,4753834.0,12006396,11.26,0.0,11.268,-0.04,6.0,145836,CNY-12.25,CNY,11.26,CNY-12.25,2025-12-18,2024-06-06,2025-12-18,11.2685,11.2325,11.279,11.263,11.2594,78636,11.2594,0.0033895774133645418,0.13116661721923703,2,0.005479452054794521,RUSFAR,15.78,1,2025-12-16,RUSFARCNY,0.34,1.0,2025-12-16,11.268929791540657,-0.008929791540657206,-0.07924258741376318,-0.0007927400094842526,-0.0009764325483976322,False
2025-12-17,RFUD,CRZ5,11.265,11.253,11.451,11.397,105576292666.0,70678636743.0,6220076.0,9260266,11.401,0.0,11.363,1.22,16.0,204927,CNY-12.25,CNY,11.401,CNY-12.25,2025-12-18,2024-06-06,2025-12-18,11.2675,11.2625,11.446,11.3995,11.366,96326,11.366,0.009423107551161714,0.13497766567289043,1,0.0027397260273972603,RUSFAR,15.76,0,2025-12-17,RUSFARCNY,0.27,0.0,2025-12-17,11.370824567222744,0.03017543277725565,0.2653759417257971,0.002650244415009231,0.012444448140038311,False
2025-12-18,RFUD,CRZ5,11.4,11.277,11.41,11.307,0.0,31290055930.0,2759537.0,0,11.3088,0.0,11.339,-0.79,4.0,81792,CNY-12.25,CNY,11.3088,CNY-12.25,2025-12-18,2024-06-06,2025-12-18,11.4,11.285,11.421,11.352,11.331,65816,11.331,-0.003084110476500257,0.1338489332092174,0,0.0,RUSFAR,15.77,1,2025-12-18,RUSFARCNY,0.29,1.0,2025-12-18,11.331,-0.022199999999999775,-0.19592268996557918,-0.001961148695243943,-0.008119887148397176,False
2025-12-19,RFUD,CRH6,11.752,11.645,11.915,11.675,375412598172.0,101705781324.0,8626066.0,32160764,11.673,0.0,11.791,-0.65,5.0,204450,CNY-3.26,CNY,11.673,CNY-3.26,2026-03-19,2024-09-06,2026-03-19,11.42,11.2765,11.5245,11.307,11.4136,76291,11.4136,0.007263294420038147,0.11710965854177292,90,0.2465753424657534,RUSFAR3M,15.62,0,2025-12-19,RUSFARCN1W,0.49,83.0,2025-12-19,11.847447886207501,-0.17444788620750096,-1.4724511800603806,-0.014833993463009986,,True
2025-12-22,RFUD,CRH6,11.671,11.438,11.699,11.46,397525600836.0,92010657109.0,7962093.0,34669946,11.466,0.0,11.556,-1.84,255.0,191984,CNY-3.26,CNY,11.466,CNY-3.26,2026-03-19,2024-09-06,2026-03-19,11.256,11.0885,11.296,11.1295,11.2085,92994,11.2085,-0.018133207786653838,0.13611143739641227,87,0.23835616438356164,RUSFAR3M,15.77,3,2025-12-22,RUSFARCN1W,0.41,80.0,2025-12-22,11.626464544735256,-0.16046454473525706,-1.380166293182559,-0.013897791394937953,-0.017892348184335383,False
2025-12-23,RFUD,CRH6,11.46,11.402,11.535,11.448,405120119580.0,66862723958.0,5829331.0,35378580,11.451,0.0,11.47,-0.1,18.0,162967,CNY-3.26,CNY,11.451,CNY-3.26,2026-03-19,2024-09-06,2026-03-19,11.13,11.074,11.184,11.112,11.1348,89833,11.1348,-0.006597079866816902,0.13758222400078732,86,0.2356164383561644,RUSFAR3M,15.85,4,2025-12-23,RUSFARCN1W,0.5,79.0,2025-12-23,11.54488477739047,-0.09388477739046941,-0.8132153694104733,-0.00816540002146564,-0.001309072054988647,False
2025-12-24,RFUD,CRH6,11.454,11.431,11.609,11.482,400249631420.0,101780081186.0,8833933.0,34849772,11.485,0.0,11.521,0.3,67.0,211248,CNY-3.26,CNY,11.485,CNY-3.26,2026-03-19,2024-09-06,2026-03-19,11.1445,11.1035,11.252,11.144,11.1793,162134,11.1793,0.003988514794957432,0.1379457278097749,85,0.2328767123287671,RUSFAR3M,15.87,5,2025-12-24,RUSFARCN1W,1.36,78.0,2025-12-24,11.56350785547639,-0.07850785547639028,-0.6789276788462556,-0.00681242877779665,0.0029647737098592586,False
2025-12-25,RFUD,CRH6,11.486,11.319,11.493,11.36,406510800136.0,74167347366.0,6511748.0,35797006,11.356,0.0,11.39,-1.06,198.0,222079,CNY-3.26,CNY,11.356,CNY-3.26,2026-03-19,2024-09-06,2026-03-19,11.14,11.0,11.1535,11.035,11.0643,87560,11.0643,-0.010340144997639467,0.14205175730705522,84,0.23013698630136986,RUSFAR3M,15.8,6,2025-12-25,RUSFARCN1W,2.21,77.0,2025-12-25,11.415811012265896,-0.05981101226589658,-0.523931345759243,-0.0052530867899464595,-0.01129559753033682,False
2025-12-26,RFUD,CRH6,11.354,11.27,11.454,11.341,408836979864.0,81716331646.0,7191470.0,35995508,11.358,0.0,11.363,-0.17,2.0,184447,CNY-3.26,CNY,11.358,CNY-3.26,2026-03-19,2024-09-06,2026-03-19,11.0015,10.958,11.125,11.036,11.0441,100025,11.0441,-0.001827360245070686,0.1420417594988072,83,0.2273972602739726,RUSFAR3M,15.86,7,2025-12-26,RUSFARCN1W,1.7,76.0,2025-12-26,11.405501204144649,-0.04750120414464831,-0.41647625382203135,-0.004173459316797684,0.00017610284451619052,False
2025-12-29,RFUD,CRH6,11.345,11.3,11.451,11.415,416599037736.0,69916173161.0,6145730.0,36473388,11.422,0.0,11.376,0.65,2.0,139491,CNY-3.26,CNY,11.422,CNY-3.26,2026-03-19,2024-09-06,2026-03-19,11.04,10.9875,11.12,11.101,11.0575,81830,11.0575,0.0012125820431005963,0.14118567699854948,80,0.2191780821917808,RUSFAR3M,15.85,10,2025-12-29,RUSFARCN1W,0.79,73.0,2025-12-29,11.428579020800905,-0.006579020800904445,-0.05756639376540263,-0.0005758296957556542,0.00561897878743034,False
2025-12-30,RFUD,CRH6,11.413,11.38,11.535,11.485,420471788660.0,77852468955.0,6802703.0,36578668,11.495,0.0,11.445,0.61,5.0,135030,CNY-3.26,CNY,11.495,CNY-3.26,2026-03-19,2024-09-06,2026-03-19,11.1285,11.1045,11.258,11.2285,11.1751,67308,11.1751,0.010579158245111131,0.14499475395385342,79,0.21643835616438356,RUSFAR3M,15.85,11,2025-12-29,RUSFARCN1W,0.79,72.0,2025-12-29,11.545360932790071,-0.050360932790072255,-0.4362005924565058,-0.004371547228667292,0.00637083797247362,False
2026-01-05,RFUD,CRH6,11.489,11.478,11.715,11.675,428856681600.0,27475404777.0,2360037.0,36739200,11.673,0.0,11.642,1.65,5.0,71442,CNY-3.26,CNY,11.673,CNY-3.26,2026-03-19,2024-09-06,2026-03-19,11.287,11.2615,11.4415,11.4105,11.3873,14411,11.3873,0.01881061030893383,0.15794693728333942,73,0.2,RUSFAR3M,15.85,17,2025-12-29,RUSFARCN1W,0.79,66.0,2025-12-29,11.735503090367484,-0.0625030903674837,-0.5325983035084905,-0.005340216643863772,0.015366324455381442,False
2026-01-06,RFUD,CRH6,11.675,11.572,11.744,11.58,425453559524.0,24782560946.0,2126922.0,36737204,11.581,0.0,11.652,-0.81,48.0,91855,CNY-3.26,CNY,11.581,CNY-3.26,2026-03-19,2024-09-06,2026-03-19,11.448,11.3095,11.478,11.3145,11.3763,10158,11.3763,-0.0009664552932044934,0.14769310878871655,72,0.19726027397260273,RUSFAR3M,15.85,18,2025-12-29,RUSFARCN1W,0.79,65.0,2025-12-29,11.719330304728322,-0.13833030472832242,-1.1803601496965332,-0.011873817079218644,-0.007912658468285816,False
2026-01-08,RFUD,CRH6,11.582,11.557,11.688,11.576,427038686304.0,30933747756.0,2661456.0,36890004,11.576,0.0,11.623,-0.03,1.0,90171,CNY-3.26,CNY,11.576,CNY-3.26,2026-03-19,2024-09-06,2026-03-19,11.3295,11.291,11.4105,11.315,11.3595,18576,11.3595,-0.0014778457813351409,0.14488980771563614,70,0.1917808219178082,RUSFAR3M,15.85,20,2025-12-29,RUSFARCN1W,0.79,63.0,2025-12-29,11.692371142376906,-0.11637114237690582,-0.9952741061660235,-0.010002600691489102,-0.000431834873057646,False
2026-01-09,RFUD,CRH6,11.58,11.471,11.607,11.482,429128450146.0,25212288003.0,2188742.0,37390298,11.477,0.0,11.519,-0.81,5.0,80531,CNY-3.26,CNY,11.477,CNY-3.26,2026-03-19,2024-09-06,2026-03-19,11.3145,11.2115,11.327,11.228,11.253,10057,11.253,-0.009419638471990233,0.15033854530826377,69,0.18904109589041096,RUSFAR3M,15.85,21,2025-12-29,RUSFARCN1W,0.79,62.0,2025-12-29,11.577972249328768,-0.10097224932876792,-0.8721065066866245,-0.008759316110424464,-0.008588956630651623,False
2026-01-12,RFUD,CRH6,11.484,11.446,11.609,11.545,425528914240.0,40967076925.0,3547981.0,36874256,11.54,0.0,11.547,0.55,2.0,118055,CNY-3.26,CNY,11.54,CNY-3.26,2026-03-19,2024-09-06,2026-03-19,11.2275,11.2185,11.34,11.26,11.2788,69668,11.2788,0.0022900976642592497,0.15021916757853612,66,0.18082191780821918,RUSFAR3M,15.73,24,2026-01-12,RUSFARCN1W,0.61,59.0,2026-01-12,11.591419561202915,-0.05141956120291624,-0.4436002073035143,-0.004445870324768452,0.005474228381422197,False
2026-01-13,RFUD,CRH6,11.538,11.502,11.58,11.536,432383307776.0,51531521838.0,4465279.0,37481216,11.536,0.0,11.538,-0.08,78.0,124110,CNY-3.26,CNY,11.536,CNY-3.26,2026-03-19,2024-09-06,2026-03-19,11.282,11.24,11.3155,11.2845,11.2711,55231,11.2711,-0.0006829298843249454,0.1437495711777332,65,0.1780821917808219,RUSFAR3M,15.55,25,2026-01-13,RUSFARCN1W,0.47,58.0,2026-01-13,11.577883947474318,-0.041883947474318006,-0.3617582251155218,-0.003624141525748919,-0.0003466805373602,False
2026-01-14,RFUD,CRH6,11.545,11.432,11.577,11.46,442124934636.0,66831250465.0,5817092.0,38583204,11.459,0.0,11.49,-0.66,240.0,144967,CNY-3.26,CNY,11.459,CNY-3.26,2026-03-19,2024-09-06,2026-03-19,11.2835,11.178,11.3115,11.1915,11.2332,77546,11.2332,-0.003368248364231885,0.13034692228332842,64,0.17534246575342466,RUSFAR3M,15.6,26,2026-01-14,RUSFARCN1W,0.47,57.0,2026-01-14,11.535197280481816,-0.07619728048181607,-0.6605633057593738,-0.006627546807744279,-0.0066971330982821264,False
2026-01-15,RFUD,CRH6,11.456,11.383,11.54,11.422,428902703150.0,100263349102.0,8734290.0,37540718,11.425,0.0,11.481,-0.33,2.0,199759,CNY-3.26,CNY,11.425,CNY-3.26,2026-03-19,2024-09-06,2026-03-19,11.2085,11.125,11.269,11.152,11.2215,75713,11.2215,-0.0010420981851302358,0.12891495668053998,63,0.1726027397260274,RUSFAR3M,15.45,27,2026-01-15,RUSFARCN1W,0.34,56.0,2026-01-15,11.51800951256526,-0.09300951256525991,-0.8075137675810539,-0.008107918190766523,-0.0029715106640426647,False
2026-01-16,RFUD,CRH6,11.422,11.347,11.454,11.431,433174208580.0,72060800708.0,6317192.0,37898006,11.43,0.0,11.404,0.08,34.0,143799,CNY-3.26,CNY,11.43,CNY-3.26,2026-03-19,2024-09-06,2026-03-19,11.13,11.104,11.197,11.169,11.1515,79249,11.1515,-0.006257562992556753,0.13006496545403312,62,0.16986301369863013,RUSFAR3M,15.51,28,2026-01-16,RUSFARCN1W,0.27,55.0,2026-01-16,11.443949258625928,-0.013949258625927996,-0.1218919999615839,-0.0012196634868276374,0.0004375410264509938,False
2026-01-19,RFUD,CRH6,11.427,11.372,11.465,11.4,439642491086.0,39566239864.0,3467824.0,38568514,11.399,0.0,11.409,-0.27,81.0,108680,CNY-3.26,CNY,11.399,CNY-3.26,2026-03-19,2024-09-06,2026-03-19,11.18,11.1235,11.21,11.1425,11.1558,47091,11.1558,0.00038552402605951386,0.1293662911461086,59,0.16164383561643836,RUSFAR1M,15.74,29,2026-01-19,RUSFARCN1W,0.33,52.0,2026-01-19,11.437173195248892,-0.038173195248893066,-0.33376424923555903,-0.003343224845786618,-0.0027158455520779334,False
2026-01-20,RFUD,CRH6,11.402,11.37,11.456,11.405,431475269988.0,54559563593.0,4775318.0,37828798,11.406,0.0,11.425,0.04,400.0,130750,CNY-3.26,CNY,11.406,CNY-3.26,2026-03-19,2024-09-06,2026-03-19,11.151,11.1225,11.19,11.1505,11.1668,50324,11.1668,0.0009855483581988622,0.12417793873092961,58,0.1589041095890411,RUSFAR1M,15.73,28,2026-01-20,RUSFARCN1W,0.4,51.0,2026-01-20,11.442163559339123,-0.03616355933912274,-0.3160552560849032,-0.0031655576557866436,0.0006139004797058867,False
2026-01-21,RFUD,CRH6,11.407,11.207,11.427,11.217,422841926320.0,86759041305.0,7655563.0,37703248,11.215,0.0,11.333,-1.65,268.0,166272,CNY-3.26,CNY,11.215,CNY-3.26,2026-03-19,2024-09-06,2026-03-19,11.1605,10.955,11.168,10.955,11.0864,107279,11.0864,-0.007225958499153862,0.12600804144979835,57,0.15616438356164383,RUSFAR1M,15.78,27,2026-01-21,RUSFARCN1W,1.18,50.0,2026-01-21,11.34207352247518,-0.12707352247518067,-1.120372939069517,-0.011266963918807918,-0.01688736476217567,False
2026-01-22,RFUD,CRH6,11.217,11.041,11.225,11.055,429131110650.0,79452006267.0,7154767.0,38817830,11.055,0.0,11.105,-1.44,9.0,171951,CNY-3.26,CNY,11.055,CNY-3.26,2026-03-19,2024-09-06,2026-03-19,10.953,10.809,10.9705,10.83,10.8625,85403,10.8625,-0.020402641299469337,0.1392515304800278,56,0.15342465753424658,RUSFAR1M,15.72,26,2026-01-22,RUSFARCN1W,1.46,49.0,2026-01-22,11.102772442835784,-0.04777244283578419,-0.43027489829002136,-0.0043120324464844435,-0.014369353662762041,False
2026-01-23,RFUD,CRH6,11.062,11.004,11.123,11.076,431419250010.0,62226956753.0,5613415.0,38961370,11.073,0.0,11.085,0.19,144.0,157693,CNY-3.26,CNY,11.073,CNY-3.26,2026-03-19,2024-09-06,2026-03-19,10.8475,10.827,10.894,10.855,10.8705,59571,10.8705,0.0007362076437980036,0.12664718708090572,55,0.1506849315068493,RUSFAR1M,15.69,25,2026-01-23,RUSFARCN1W,0.75,48.0,2026-01-23,11.117995669219138,-0.04499566921913711,-0.40471026035484453,-0.004055314286460843,0.0016268984065614944,False
2026-01-26,RFUD,CRH6,11.076,11.029,11.263,11.229,405343695744.0,112476139103.0,10082137.0,36088292,11.232,0.0,11.156,1.38,52.0,234190,CNY-3.26,CNY,11.232,CNY-3.26,2026-03-19,2024-09-06,2026-03-19,10.8425,10.816,11.0285,10.9965,10.9367,99341,10.9367,0.006071407916212301,0.12790324109028847,52,0.14246575342465753,RUSFAR1M,15.68,22,2026-01-26,RUSFARCN1W,0.92,45.0,2026-01-26,11.169111330894193,0.06288866910580637,0.5630588436508274,0.005614795926454968,0.014257134567484009,False
2026-01-27,RFUD,CRH6,11.237,11.128,11.278,11.136,393890070084.0,65212039774.0,5830018.0,35386764,11.131,0.0,11.186,-0.83,48.0,190569,CNY-3.26,CNY,11.131,CNY-3.26,2026-03-19,2024-09-06,2026-03-19,11.015,10.911,11.052,10.9195,10.9641,106095,10.9641,0.0025021930062716358,0.1272573487851593,51,0.13972602739726028,RUSFAR1M,15.61,21,2026-01-27,RUSFARCN1W,0.83,44.0,2026-01-27,11.192879374808028,-0.06187937480802752,-0.5528459008260226,-0.005543797496018856,-0.009032838772366159,False
2026-01-28,RFUD,CRH6,11.139,11.081,11.225,11.174,395264584052.0,77708297816.0,6960258.0,35373598,11.174,0.0,11.165,0.34,31.0,184084,CNY-3.26,CNY,11.174,CNY-3.26,2026-03-19,2024-09-06,2026-03-19,10.9105,10.867,10.9985,10.948,10.9435,90696,10.9435,-0.0018806264557897912,0.12244955890561209,50,0.136986301369863,RUSFAR1M,15.66,20,2026-01-28,RUSFARCN1W,0.76,43.0,2026-01-28,11.169162488323607,0.0048375116763921255,0.04331131972920374,0.0004330194308446247,0.0038556425258677862,False
2026-01-29,RFUD,CRH6,11.174,10.948,11.185,10.979,382587738170.0,102461025116.0,9245937.0,34847230,10.979,0.0,11.082,-1.75,1.0,216247,CNY-3.26,CNY,10.979,CNY-3.26,2026-03-19,2024-09-06,2026-03-19,10.939,10.739,10.9615,10.7645,10.8724,123861,10.8724,-0.006518204771313929,0.12421845592821354,49,0.13424657534246576,RUSFAR1M,15.69,19,2026-01-29,RUSFARCN1W,0.45,42.0,2026-01-29,11.097131439133367,-0.11813143913336788,-1.0645223027347812,-0.010702288760285146,-0.017605293784361375,False
2026-01-30,RFUD,CRH6,10.977,10.967,11.18,11.146,387296592368.0,99019695976.0,8926644.0,34753822,11.144,0.0,11.093,1.52,42.0,211064,CNY-3.26,CNY,11.144,CNY-3.26,2026-03-19,2024-09-06,2026-03-19,10.82,10.7915,10.9685,10.936,10.8801,95807,10.8801,0.0007079646313399302,0.12412378963363428,48,0.13150684931506848,RUSFAR1M,15.71,18,2026-01-30,RUSFARCN1W,0.53,41.0,2026-01-30,11.099479022290828,0.04452097770917263,0.4011087152807999,0.004003064189448719,0.014916879224909252,False
2026-02-02,RFUD,CRH6,11.149,11.118,11.34,11.211,368531735224.0,124145112675.0,11030426.0,32869402,11.212,0.0,11.255,0.58,100.0,199959,CNY-3.26,CNY,11.212,CNY-3.26,2026-03-19,2024-09-06,2026-03-19,11.0,10.9725,11.127,10.996,11.0471,75584,11.0471,0.015232517518513067,0.13071046800715516,45,0.1232876712328767,RUSFAR1M,15.67,15,2026-02-02,RUSFARCN1W,0.71,38.0,2026-02-02,11.25274147575008,-0.040741475750079914,-0.3620582223263437,-0.0036271523944384895,0.006083396825037113,False
2026-02-03,RFUD,CRH6,11.205,11.2,11.295,11.282,376025318280.0,53861581520.0,4784835.0,33320808,11.285,0.0,11.257,0.63,14.0,107682,CNY-3.26,CNY,11.285,CNY-3.26,2026-03-19,2024-09-06,2026-03-19,11.02,11.0105,11.099,11.0925,11.0641,80834,11.0641,0.00153768256355713,0.10936996216790858,44,0.12054794520547946,RUSFAR1M,15.65,14,2026-02-03,RUSFARCN1W,0.9,37.0,2026-02-03,11.262588204049557,0.022411795950443292,0.19899330015799516,0.0019879557075918063,0.006489776966957184,False
2026-02-04,RFUD,CRH6,11.285,11.134,11.348,11.155,374416958016.0,130019361421.0,11597578.0,33561936,11.156,0.0,11.211,-1.13,11.0,248012,CNY-3.26,CNY,11.156,CNY-3.26,2026-03-19,2024-09-06,2026-03-19,11.1015,10.9575,11.1435,10.9865,11.0342,101237,11.0342,-0.002706092165126517,0.10944443427036313,43,0.1178082191780822,RUSFAR1M,15.61,13,2026-02-04,RUSFARCN1W,0.9,36.0,2026-02-04,11.227084629932513,-0.0710846299325123,-0.6331530604391605,-0.006351659754825644,-0.011496940504256425,False
2026-02-05,RFUD,CRH6,11.154,11.101,11.239,11.227,383311740012.0,90754620131.0,8119349.0,34141956,11.227,0.0,11.176,0.65,50.0,211651,CNY-3.26,CNY,11.227,CNY-3.26,2026-03-19,2024-09-06,2026-03-19,11.0,10.925,11.0705,11.07,11.0062,86418,11.0062,-0.002540790100279633,0.10950317184902086,42,0.11506849315068493,RUSFAR1M,15.61,12,2026-02-05,RUSFARCN1W,0.82,35.0,2026-02-05,11.195113411129691,0.03188658887030904,0.28482595664112514,0.0028442109609632515,0.006344121711399975,False
2026-02-06,RFUD,CRH6,11.229,10.671,11.37,11.24,398974128168.0,119425314328.0,10646670.0,35502236,11.238,0.0,11.218,0.12,2.0,270039,CNY-3.26,CNY,11.238,CNY-3.26,2026-03-19,2024-09-06,2026-03-19,11.09,11.032,11.3155,11.142,11.115,113143,11.115,0.009836797037467093,0.11251016887172549,41,0.11232876712328767,RUSFAR1M,15.57,11,2026-02-06,RUSFARCN1W,7.21,34.0,2026-02-06,11.219869088643689,0.01813091135631062,0.16159646082378998,0.0016146603423396369,0.0009793012133640921,False
2026-02-09,RFUD,CRH6,11.24,11.203,11.345,11.284,374314437988.0,83268359394.0,7369923.0,33163324,11.287,0.0,11.298,0.39,84.0,182508,CNY-3.26,CNY,11.287,CNY-3.26,2026-03-19,2024-09-06,2026-03-19,11.19,11.1,11.211,11.165,11.1705,72962,11.1705,0.004980827420513201,0.1138299352007663,38,0.10410958904109589,RUSFAR1M,15.45,8,2026-02-09,RUSFARCN1W,7.26,31.0,2026-02-09,11.266153327998111,0.020846672001889388,0.18503806396884573,0.001848670794350916,0.00435072828348293,False
2026-02-10,RFUD,CRH6,11.289,11.237,11.307,11.267,379731096450.0,58003904052.0,5144431.0,33708930,11.265,0.0,11.275,-0.15,407.0,161237,CNY-3.26,CNY,11.265,CNY-3.26,2026-03-19,2024-09-06,2026-03-19,11.165,11.12,11.194,11.158,11.1579,91438,11.1579,-0.0011286076330989658,0.11385133853292968,37,0.10136986301369863,RUSFAR1M,15.48,7,2026-02-10,RUSFARCN1W,3.56,30.0,2026-02-10,11.293541965579456,-0.02854196557945521,-0.25272820224554554,-0.0025304809905990727,-0.0019510470892818432,False
2026-02-11,RFUD,CRH6,11.268,11.205,11.31,11.233,394871692692.0,59304062525.0,5271302.0,35165348,11.229,0.0,11.25,-0.3,29.0,139388,CNY-3.26,CNY,11.229,CNY-3.26,2026-03-19,2024-09-06,2026-03-19,11.1665,11.12,11.1995,11.15,11.1611,117921,11.1611,0.00028675120049515,0.11337027920571742,36,0.09863013698630137,RUSFAR1M,15.39,6,2026-02-11,RUSFARCN1W,10.45,29.0,2026-02-11,11.21561324398271,0.013386756017288448,0.11935821721090978,0.0011928704192091496,-0.0032008562938061758,False
2026-02-12,RFUD,CRH6,11.229,11.222,11.292,11.258,380558204364.0,45253264250.0,4016493.0,33803358,11.258,0.0,11.267,0.22,10.0,131805,CNY-3.26,CNY,11.258,CNY-3.26,2026-03-19,2024-09-06,2026-03-19,11.17,11.14,11.1855,11.173,11.1578,88414,11.1578,-0.0002957135005798861,0.11333835011094501,35,0.0958904109589041,RUSFAR1M,15.43,5,2026-02-12,RUSFARCN1W,7.18,28.0,2026-02-12,11.246418965586136,0.011581034413863378,0.10297530662250055,0.001029223234235951,0.0025792694514330528,False
2026-02-13,RFUD,CRH6,11.26,11.133,11.265,11.139,392843902770.0,59064134307.0,5275508.0,35267430,11.139,0.0,11.196,-1.06,70.0,163274,CNY-3.26,CNY,11.139,CNY-3.26,2026-03-19,2024-09-06,2026-03-19,11.16,11.0805,11.175,11.096,11.1411,72456,11.1411,-0.0014978320116423305,0.11125153875927171,34,0.09315068493150686,RUSFAR1M,15.43,4,2026-02-13,RUSFARCN1W,7.1,27.0,2026-02-13,11.227885098254903,-0.0888850982549041,-0.7916459553787122,-0.007947961083588778,-0.010626523178781877,False
2026-02-16,RFUD,CRH6,11.143,11.107,11.199,11.184,384724544192.0,43210788011.0,3872902.0,34402624,11.183,0.0,11.157,0.4,7.0,120246,CNY-3.26,CNY,11.183,CNY-3.26,2026-03-19,2024-09-06,2026-03-19,11.0985,11.051,11.1315,11.125,11.0884,69351,11.0884,-0.004741456058912963,0.11246924735544168,31,0.08493150684931507,RUSFAR1M,15.23,1,2026-02-16,RUSFARCN1W,7.1,24.0,2026-02-13,11.165229588787662,0.017770411212337578,0.15915849352693084,0.0015903197062678495,0.003942304182998679,False
2026-02-17,RFUD,CRH6,11.186,11.035,11.198,11.05,409579146232.0,58875757468.0,5294050.0,37062632,11.051,0.0,11.121,-1.2,100.0,155630,CNY-3.26,CNY,11.051,CNY-3.26,2026-03-19,2024-09-06,2026-03-19,11.1185,10.9765,11.132,10.99,11.0692,38554,11.0692,-0.001733040113142792,0.11247013857553846,30,0.0821917808219178,RUSFAR1M,15.24,0,2026-02-17,RUSFARCN1W,7.1,23.0,2026-02-13,11.143505787945008,-0.09250578794500797,-0.830131824807596,-0.00833596607205036,-0.011873846439406144,False
2026-02-18,RFUD,CRH6,11.054,11.013,11.181,11.149,409810780134.0,81886066324.0,7378155.0,36751034,11.151,0.0,11.098,0.9,1.0,208231,CNY-3.26,CNY,11.151,CNY-3.26,2026-03-19,2024-09-06,2026-03-19,11.0155,10.9665,11.142,11.111,11.0513,73718,11.0513,-0.001618408617078515,0.10970952495348846,29,0.07945205479452055,RUSFAR1M,15.33,1,2026-02-18,RUSFARCN1W,7.1,22.0,2026-02-13,11.123800168485559,0.02719983151444083,0.24451923895126867,0.0024422077709229436,0.00900825837657937,False
2026-02-19,RFUD,CRH6,11.152,11.05,11.165,11.073,404824805136.0,70228094481.0,6322630.0,36559632,11.073,0.0,11.107,-0.68,11.0,157002,CNY-3.26,CNY,11.073,CNY-3.26,2026-03-19,2024-09-06,2026-03-19,11.111,11.0235,11.1185,11.05,11.0757,102815,11.0757,0.0022054512487157396,0.07959771088111955,28,0.07671232876712329,RUSFAR1M,15.26,2,2026-02-19,RUSFARCN1W,7.1,21.0,2026-02-13,11.14524829710521,-0.07224829710520986,-0.648243046536479,-0.00650353266285437,-0.007019467267253443,False
2026-02-20,RFUD,CRH6,11.068,11.061,11.18,11.142,394733710338.0,46815866768.0,4205746.0,35424366,11.143,0.0,11.132,0.62,72.0,140768,CNY-3.26,CNY,11.143,CNY-3.26,2026-03-19,2024-09-06,2026-03-19,11.06,11.04,11.138,11.11,11.0938,66880,11.0938,0.0016328743563578385,0.07962613433168732,27,0.07397260273972603,RUSFAR1M,15.31,3,2026-02-20,RUSFARCN1W,7.1,20.0,2026-02-13,11.161379321057032,-0.018379321057031106,-0.16466890451753327,-0.0016480463278006363,0.006301785348945987,False
2026-02-24,RFUD,CRH6,11.147,11.076,11.193,11.086,398092238460.0,44640116414.0,4008745.0,35925660,11.081,0.0,11.136,-0.5,30.0,137793,CNY-3.26,CNY,11.081,CNY-3.26,2026-03-19,2024-09-06,2026-03-19,11.12,11.05,11.155,11.0515,11.1069,53270,11.1069,0.0011801431054339062,0.0773688132099994,23,0.06301369863013699,RUSFAR1M,15.25,7,2026-02-24,RUSFARCN1W,8.75,16.0,2026-02-24,11.152485938980316,-0.07148593898031663,-0.6409865869497134,-0.0064304972699905615,-0.005579568110728683,False
2026-02-25,RFUD,CRH6,11.086,11.075,11.369,11.338,419356370320.0,128779774105.0,11487502.0,36996592,11.335,0.0,11.211,2.27,1.0,266974,CNY-3.26,CNY,11.335,CNY-3.26,2026-03-19,2024-09-06,2026-03-19,11.07,11.059,11.323,11.2905,11.1525,64232,11.1525,0.004097151207062666,0.07804602992893382,22,0.06027397260273973,RUSFAR2W,15.2,8,2026-02-25,RUSFARCN1W,9.87,15.0,2026-02-25,11.188386165186555,0.14661383481344537,1.3104109265520754,0.01301899319948362,0.022663354005303837,False
2026-02-26,RFUD,CRH6,11.34,11.243,11.436,11.25,412621132500.0,76295709230.0,6746638.0,36677434,11.25,0.0,11.309,-0.78,11.0,209462,CNY-3.26,CNY,11.25,CNY-3.26,2026-03-19,2024-09-06,2026-03-19,11.3465,11.2015,11.364,11.211,11.2415,74766,11.2415,0.007948599498637243,0.08121614940512352,21,0.057534246575342465,RUSFAR2W,15.19,7,2026-02-26,RUSFARCN1W,9.47,14.0,2026-02-26,11.278556256384466,-0.028556256384465684,-0.25319070752784345,-0.0025351177726005048,-0.007527155309063005,False
2026-02-27,RFUD,CRH6,11.246,11.214,11.327,11.223,405080827056.0,60753870288.0,5388401.0,36090594,11.224,0.0,11.275,-0.24,48.0,188744,CNY-3.26,CNY,11.224,CNY-3.26,2026-03-19,2024-09-06,2026-03-19,11.2215,11.1795,11.279,11.2025,11.2341,84724,11.2341,-0.0006584918994283484,0.0762018974845064,20,0.0547945205479452,RUSFAR2W,15.25,6,2026-02-27,RUSFARCN1W,7.37,13.0,2026-02-27,11.282711561490963,-0.058711561490962794,-0.5203674770110343,-0.005217261038510269,-0.002313785850269312,False
2026-03-02,RFUD,CRH6,11.226,11.131,11.3,11.26,403863525260.0,69293023881.0,6167420.0,35873470,11.258,0.0,11.235,0.33,198.0,184347,CNY-3.26,CNY,11.258,CNY-3.26,2026-03-19,2024-09-06,2026-03-19,11.137,11.102,11.26,11.223,11.2068,65024,11.2068,-0.002433058697956181,0.07751381288670033,17,0.04657534246575343,RUSFAR2W,15.21,3,2026-03-02,RUSFARCN1W,6.34,10.0,2026-03-02,11.253193666138449,0.0048063338615502715,0.042710842842888466,0.0004270172435869923,0.00302464424167459,False
2026-03-03,RFUD,CRH6,11.26,11.197,11.285,11.206,368934641680.0,83157834466.0,7396586.0,32911208,11.21,0.0,11.243,-0.48,64.0,159787,CNY-3.26,CNY,11.21,CNY-3.26,2026-03-19,2024-09-06,2026-03-19,11.2085,11.157,11.241,11.168,11.2067,61768,11.2067,-8.92319361112115e-06,0.058094409539915064,16,0.043835616438356165,RUSFAR2W,15.24,2,2026-03-03,RUSFARCN1W,5.35,9.0,2026-03-03,11.255390350821727,-0.0453903508217266,-0.4032765582262792,-0.004040919109609243,-0.004272749957765942,False
2026-03-04,RFUD,CRH6,11.215,11.181,11.4,11.312,399913480516.0,153841034786.0,13621684.0,35356156,11.311,0.0,11.295,0.95,1.0,264116,CNY-3.26,CNY,11.311,CNY-3.26,2026-03-19,2024-09-06,2026-03-19,11.197,11.1475,11.358,11.2715,11.2545,88185,11.2545,0.00425623494383176,0.05939064874291903,15,0.0410958904109589,RUSFAR2W,15.24,1,2026-03-04,RUSFARCN1W,6.12,8.0,2026-03-04,11.296760394667226,0.014239605332774019,0.12605034395078432,0.0012597096720084824,0.00896946646517538,False
2026-03-05,RFUD,CRH6,11.312,11.303,11.461,11.458,376989824344.0,102261699353.0,8970622.0,32899016,11.459,0.0,11.401,1.29,6.0,255498,CNY-3.26,CNY,11.459,CNY-3.26,2026-03-19,2024-09-06,2026-03-19,11.3,11.2705,11.4165,11.4,11.3583,66782,11.3583,0.009180705535562605,0.06469398975396691,14,0.038356164383561646,RUSFAR2W,15.24,0,2026-03-05,RUSFARCN1W,6.06,7.0,2026-03-05,11.398364156927878,0.06063584307212189,0.5319696952765601,0.005305597346581253,0.012999743895067084,False
2026-03-06,RFUD,CRH6,11.459,11.39,11.524,11.4,331429459670.0,99331865688.0,8672238.0,29060014,11.405,0.0,11.455,-0.51,1.0,269833,CNY-3.26,CNY,11.405,CNY-3.26,2026-03-19,2024-09-06,2026-03-19,11.435,11.3755,11.493,11.4015,11.4329,79094,11.4329,0.006546409703573897,0.06530250725860837,13,0.03561643835616438,RUSFAR2W,15.27,1,2026-03-06,RUSFARCN1W,6.49,6.0,2026-03-06,11.468708046743775,-0.06370804674377517,-0.5554945376943597,-0.005570431462212573,-0.004723591707959773,False
2026-03-09,RFUD,CRH6,11.401,11.211,11.426,11.271,330868637420.0,54000284660.0,4783031.0,29350540,11.273,0.0,11.29,-1.13,1.0,147735,CNY-3.26,CNY,11.273,CNY-3.26,2026-03-19,2024-09-06,2026-03-19,11.312,11.207,11.348,11.27,11.2697,21587,11.2697,-0.01437745555689851,0.0809655617007502,10,0.0273972602739726,RUSFAR1W,15.28,3,2026-03-06,RUSFARCN1W,6.49,3.0,2026-03-06,11.296872613343178,-0.023872613343177917,-0.21132055003418415,-0.0021154414696823794,-0.011641369673957236,False
2026-03-10,RFUD,CRH6,11.274,11.248,11.543,11.514,289360663360.0,119169862075.0,10405440.0,25139936,11.51,0.0,11.457,2.16,11.0,227717,CNY-3.26,CNY,11.51,CNY-3.26,2026-03-19,2024-09-06,2026-03-19,11.384,11.373,11.5195,11.489,11.4557,67627,11.4557,0.01636971437056811,0.09739442366095137,9,0.024657534246575342,RUSFAR1W,15.26,2,2026-03-10,RUSFARCN1W,6.2,2.0,2026-03-10,11.481320326844191,0.02867967315580877,0.249794207803379,0.0024948274064889777,0.0208057366713974,False
2026-03-11,RFUD,CRH6,11.515,11.476,11.569,11.53,258542804136.0,71266949610.0,6185582.0,22419598,11.532,0.0,11.522,0.14,5.0,157398,CNY-3.26,CNY,11.532,CNY-3.26,2026-03-19,2024-09-06,2026-03-19,11.54,11.46,11.55,11.5215,11.5037,78054,11.5037,0.004181300028141877,0.09749058215746541,8,0.021917808219178082,RUSFAR1W,15.11,1,2026-03-11,RUSFARCN1W,7.31,1.0,2026-03-11,11.523383419937513,0.00861658006248689,0.07477474061635983,0.0007474679823555758,0.001909557042364174,False
2026-03-12,RFUD,CRH6,11.534,11.47,11.615,11.606,251426526010.0,70378552572.0,6097250.0,21665362,11.605,0.0,11.543,0.66,16.0,171173,CNY-3.26,CNY,11.605,CNY-3.26,2026-03-19,2024-09-06,2026-03-19,11.49,11.4745,11.605,11.591,11.5281,59467,11.5281,0.0021188104384686213,0.09739855082034665,7,0.019178082191780823,RUSFAR1W,14.97,0,2026-03-12,RUSFARCN1W,8.64,0.0,2026-03-12,11.542103295650522,0.06289670434947858,0.5449327799135216,0.005434533932487947,0.006310259950244923,False
2026-03-13,RFUD,CRH6,11.604,11.595,11.699,11.655,234906918600.0,119617190209.0,10268837.0,20163684,11.65,0.0,11.649,0.42,55.0,246460,CNY-3.26,CNY,11.65,CNY-3.26,2026-03-19,2024-09-06,2026-03-19,11.63,11.5935,11.6945,11.6505,11.65,96109,11.65,0.010518646820536937,0.1020351660485375,6,0.01643835616438356,RUSFAR1W,14.86,1,2026-03-13,RUSFARCN1W,10.56,1.0,2026-03-13,11.658237705585835,-0.008237705585834476,-0.07065995559421068,-0.0007068493150683844,0.003870140285309187,False
2026-03-16,RFUD,CRH6,11.655,11.619,11.839,11.82,227502497662.0,89483486314.0,7615389.0,19245622,11.821,0.0,11.751,1.42,1.0,242483,CNY-3.26,CNY,11.821,CNY-3.26,2026-03-19,2024-09-06,2026-03-19,11.67,11.63,11.845,11.82,11.7581,83667,11.7581,0.009236184779950918,0.10402832116686668,3,0.00821917808219178,RUSFAR,14.77,2,2026-03-16,RUSFARCNY,13.86,2.0,2026-03-16,11.758979474341576,0.062020525658423864,0.5274311924240909,0.005260451456031475,0.014571430756530113,False
2026-03-17,RFUD,CRH6,11.821,11.795,12.02,12.015,237185612664.0,110958314004.0,9315612.0,19745722,12.012,0.0,11.912,1.65,5.0,209203,CNY-3.26,CNY,12.012,CNY-3.26,2026-03-19,2024-09-06,2026-03-19,11.8265,11.8065,12.021,12.0025,11.9157,65491,11.9157,0.013314493508813197,0.10662048421751034,2,0.005479452054794521,RUSFAR,14.75,1,2026-03-17,RUSFARCNY,14.32,1.0,2026-03-17,11.915980756786984,0.09601924321301603,0.8058022681710555,0.008025730176774656,0.016028539352844096,False
2026-03-18,RFUD,CRH6,12.017,11.992,12.181,12.155,225642589440.0,99543577831.0,8225641.0,18562240,12.156,0.0,12.102,1.17,2.0,216653,CNY-3.26,CNY,12.156,CNY-3.26,2026-03-19,2024-09-06,2026-03-19,12.0285,12.0285,12.198,12.1895,12.1279,119682,12.1279,0.017651725182962874,0.1155916606567492,1,0.0027397260273972603,RUSFAR,14.78,0,2026-03-18,RUSFARCNY,20.81,0.0,2026-03-18,12.12589656995912,0.030103430040879786,0.24825735455684553,0.002479497050561972,0.011916724933462852,False
2026-03-19,RFUD,CRH6,12.157,12.109,12.632,12.351,0.0,51059274719.0,4147547.0,0,12.3505,0.0,12.329,1.61,150.0,52266,CNY-3.26,CNY,12.3505,CNY-3.26,2026-03-19,2024-09-06,2026-03-19,12.19,12.183,12.65,12.47,12.3947,160889,12.3947,0.021760378403027136,0.12811018397291354,0,0.0,RUSFAR,14.78,1,2026-03-19,RUSFARCNY,43.93,1.0,2026-03-19,12.3947,-0.04420000000000002,-0.35660403236867383,-0.003572413802047082,0.01587367302986964,False
2026-03-20,RFUD,CRM6,12.234,12.0,12.297,12.052,377927349280.0,217458048434.0,17876630.0,31373680,12.046,0.0,12.164,-1.49,96.0,389654,CNY-6.26,CNY,12.046,CNY-6.26,2026-06-18,2024-12-06,2026-06-18,12.36,12.002,12.423,12.019,12.1802,229144,12.1802,-0.01745727937827768,0.1520695727578961,90,0.2465753424657534,RUSFAR3M,14.7,0,2026-03-20,RUSFARCN1W,16.46,83.0,2026-03-20,12.127455799509503,-0.08145579950950399,-0.671664369313129,-0.006739301859259639,,True
2026-03-23,RFUD,CRM6,12.048,11.805,12.113,11.813,501610239348.0,209477691604.0,17552007.0,42017946,11.938,0.0,11.935,-1.98,48.0,333696,CNY-6.26,CNY,11.938,CNY-6.26,2026-06-18,2024-12-06,2026-06-18,12.011,11.7845,12.03,11.9105,11.8769,113622,11.8769,-0.025216345386116057,0.18555423075999866,87,0.23835616438356164,RUSFAR3M,14.7,3,2026-03-23,RUSFARCN1W,8.3,80.0,2026-03-23,12.059468652249143,-0.12146865224914194,-1.0072471329529724,-0.01012354189615972,-0.00900606487507094,False
2026-03-24,RFUD,CRM6,11.814,11.638,11.839,11.685,514849072320.0,139984484968.0,11934488.0,44155152,11.66,0.0,11.73,-1.08,1.0,268063,CNY-6.26,CNY,11.66,CNY-6.26,2026-06-18,2024-12-06,2026-06-18,11.798,11.6445,11.798,11.66,11.7231,140148,11.7231,-0.0130340828290616,0.19446611065079114,86,0.2356164383561644,RUSFAR3M,14.8,4,2026-03-24,RUSFARCN1W,9.19,79.0,2026-03-24,11.879085543094186,-0.21908554309418626,-1.8442963669164747,-0.01861515556244334,-0.02356240882411198,False
2026-03-25,RFUD,CRM6,11.694,11.657,11.856,11.808,567014913712.0,109172754813.0,9315089.0,48035828,11.804,0.0,11.72,1.05,6.0,261108,CNY-6.26,CNY,11.804,CNY-6.26,2026-06-18,2024-12-06,2026-06-18,11.6615,11.65,11.8395,11.83,11.7032,98355,11.7032,-0.0016989456112690426,0.19500130910432995,85,0.2328767123287671,RUSFAR3M,14.81,5,2026-03-25,RUSFARCN1W,12.59,78.0,2026-03-25,11.763860609233225,0.04013939076677531,0.3412093367994405,0.0034062853852549436,0.012274276158346975,False
2026-03-26,RFUD,CRM6,11.815,11.665,11.954,11.695,555748158330.0,173914242846.0,14712137.0,47560818,11.685,0.0,11.821,-0.96,8.0,356560,CNY-6.26,CNY,11.685,CNY-6.26,2026-06-18,2024-12-06,2026-06-18,11.849,11.6755,11.993,11.682,11.859,144927,11.859,0.013224764300918679,0.1978672405622717,84,0.23013698630136986,RUSFAR3M,14.72,6,2026-03-26,RUSFARCN1W,11.16,77.0,2026-03-26,11.956558421288028,-0.2715584212880273,-2.271208919152954,-0.022973981704165532,-0.010132489089871743,False
2026-03-27,RFUD,CRM6,11.697,11.633,11.859,11.83,553528623930.0,114974199723.0,9786675.0,46730994,11.845,0.0,11.748,1.15,1.0,240674,CNY-6.26,CNY,11.845,CNY-6.26,2026-06-18,2024-12-06,2026-06-18,11.6635,11.6295,11.8465,11.8235,11.7266,126728,11.7266,-0.011227307405838438,0.20369845345124415,83,0.2273972602739726,RUSFAR3M,14.7,7,2026-03-27,RUSFARCN1W,9.96,76.0,2026-03-27,11.85368032976548,-0.008680329765478945,-0.07322898478780455,-0.0007325581030571085,0.013599869619927318,False
2026-03-30,RFUD,CRM6,11.83,11.752,11.921,11.838,532701045936.0,94671144608.0,8003061.0,44794908,11.892,0.0,11.829,0.07,18.0,261288,CNY-6.26,CNY,11.892,CNY-6.26,2026-06-18,2024-12-06,2026-06-18,11.828,11.678,11.864,11.756,11.7404,76587,11.7404,0.0011761197929640588,0.20302429893317522,80,0.2191780821917808,RUSFAR3M,14.67,10,2026-03-30,RUSFARCN1W,5.65,73.0,2026-03-30,11.97481564732993,-0.08281564732993019,-0.6915818144423451,-0.006939843247631205,0.003960067525102584,False
2026-03-31,RFUD,CRM6,11.837,11.826,12.05,11.972,513903961752.0,138066883334.0,11560605.0,43105516,11.922,0.0,11.943,1.13,63.0,288789,CNY-6.26,CNY,11.922,CNY-6.26,2026-06-18,2024-12-06,2026-06-18,11.7275,11.708,11.8745,11.743,11.7926,138135,11.7926,0.004436330736621308,0.20295947582752757,79,0.21643835616438356,RUSFAR3M,14.57,11,2026-03-31,RUSFARCN1W,5.15,72.0,2026-03-31,12.035501124028263,-0.11350112402826262,-0.9430527475226057,-0.009475276459355225,0.0025195276618834583,False
2026-04-01,RFUD,CRM6,11.962,11.728,11.971,11.772,547672929024.0,113594027851.0,9622088.0,46539168,11.768,0.0,11.806,-1.67,1.0,270698,CNY-6.26,CNY,11.768,CNY-6.26,2026-06-18,2024-12-06,2026-06-18,11.777,11.6815,11.808,11.682,11.7069,62255,11.7069,-0.007293804543361926,0.20579132385050497,78,0.2136986301369863,RUSFAR3M,14.56,12,2026-04-01,RUSFARCN1W,4.3,71.0,2026-04-01,11.966413983462544,-0.1984139834625438,-1.6580905836681714,-0.01671990771596166,-0.013001449498598383,False
2026-04-02,RFUD,CRM6,11.78,11.665,11.811,11.719,554761519542.0,113121053386.0,9649633.0,47306346,11.727,0.0,11.723,-0.45,1.0,229741,CNY-6.26,CNY,11.727,CNY-6.26,2026-06-18,2024-12-06,2026-06-18,11.6685,11.58,11.6915,11.62,11.6333,110917,11.6333,-0.00630673635638912,0.2059373500702802,77,0.21095890410958903,RUSFAR3M,14.53,13,2026-04-02,RUSFARCN1W,5.37,70.0,2026-04-02,11.860286034075827,-0.13328603407582662,-1.1238011772471765,-0.011301635344164767,-0.0034901078202089764,False
2026-04-03,RFUD,CRM6,11.718,11.6,11.741,11.617,535468366960.0,96264632089.0,8245187.0,46041992,11.63,0.0,11.676,-0.87,10.0,206432,CNY-6.26,CNY,11.63,CNY-6.26,2026-06-18,2024-12-06,2026-06-18,11.62,11.5,11.6215,11.5005,11.5579,83801,11.5579,-0.006502489364416331,0.20664874919265963,76,0.20821917808219179,RUSFAR3M,14.51,14,2026-04-03,RUSFARCN1W,5.66,69.0,2026-04-03,11.772856476307808,-0.1428564763078075,-1.2134393772258916,-0.012208616571938505,-0.008305908948354368,False
2026-04-06,RFUD,CRM6,11.607,11.525,11.654,11.618,540546402396.0,85147750123.0,7341324.0,46510618,11.622,0.0,11.599,0.01,15.0,181156,CNY-6.26,CNY,11.622,CNY-6.26,2026-06-18,2024-12-06,2026-06-18,11.4755,11.409,11.5135,11.4775,11.4657,112271,11.4657,-0.008009216010216758,0.20172784045404013,73,0.2,RUSFAR3M,14.52,17,2026-04-06,RUSFARCN1W,5.66,66.0,2026-04-03,11.670682989621888,-0.048682989621887884,-0.4171391654214158,-0.004180116179106948,-0.0006881128776594636,False
2026-04-07,RFUD,CRM6,11.617,11.52,11.668,11.571,538253689194.0,96188232793.0,8290807.0,46565766,11.559,0.0,11.602,-0.41,1.0,181685,CNY-6.26,CNY,11.559,CNY-6.26,2026-06-18,2024-12-06,2026-06-18,11.4885,11.376,11.5115,11.3905,11.4583,93102,11.4583,-0.0006456116085358232,0.19324252570398504,72,0.19726027397260273,RUSFAR3M,14.5,18,2026-04-07,RUSFARCN1W,4.16,65.0,2026-04-07,11.694411411497708,-0.1354114114977083,-1.1579155780732544,-0.011646716240122108,-0.005435499340783689,False
2026-04-08,RFUD,CRM6,11.621,11.579,11.684,11.611,557622137400.0,101595942875.0,8741646.0,47922150,11.636,0.0,11.625,0.35,18.0,187630,CNY-6.26,CNY,11.636,CNY-6.26,2026-06-18,2024-12-06,2026-06-18,11.464,11.4255,11.5145,11.455,11.4589,90239,11.4589,5.236241775952166e-05,0.19261558581322558,71,0.19452054794520549,RUSFAR3M,14.51,19,2026-04-08,RUSFARCN1W,2.55,64.0,2026-04-08,11.728612604988827,-0.09261260498882784,-0.7896296698335367,-0.007927637542535847,0.006639386320825391,False
2026-04-09,RFUD,CRM6,11.613,11.452,11.617,11.454,558445330710.0,75567475409.0,6557780.0,48623886,11.485,0.0,11.523,-1.35,1.0,185247,CNY-6.26,CNY,11.485,CNY-6.26,2026-06-18,2024-12-06,2026-06-18,11.4375,11.274,11.4375,11.2955,11.3617,97782,11.3617,-0.008518670657043703,0.1946114232168752,70,0.1917808219178082,RUSFAR3M,14.49,20,2026-04-09,RUSFARCN1W,1.53,63.0,2026-04-09,11.647631382164125,-0.16263138216412543,-1.3962614099649553,-0.014061008363687559,-0.013061904491893817,False
2026-04-10,RFUD,CRM6,11.451,11.371,11.476,11.407,552811532174.0,97499235048.0,8539177.0,48462482,11.407,0.0,11.418,-0.41,83.0,209518,CNY-6.26,CNY,11.407,CNY-6.26,2026-06-18,2024-12-06,2026-06-18,11.29,11.207,11.296,11.2355,11.2451,127129,11.2451,-0.010315571771200016,0.19268593996763192,69,0.18904109589041096,RUSFAR3M,14.48,21,2026-04-10,RUSFARCN1W,1.57,62.0,2026-04-10,11.522915256258427,-0.11591525625842714,-1.0059542544623872,-0.010110481646691906,-0.006814634095300587,False
2026-04-13,RFUD,CRM6,11.375,11.266,11.376,11.31,535216565520.0,72741849691.0,6428050.0,47197228,11.34,0.0,11.316,-0.85,1.0,173175,CNY-6.26,CNY,11.34,CNY-6.26,2026-06-18,2024-12-06,2026-06-18,11.177,11.0985,11.1845,11.175,11.1363,78217,11.1363,-0.009722435328630485,0.19005868959844613,66,0.18082191780821918,RUSFAR3M,14.47,24,2026-04-13,RUSFARCN1W,3.21,59.0,2026-04-13,11.365365203380017,-0.025365203380017576,-0.2231798356332101,-0.0022342925299698897,-0.005890903746154752,False
2026-04-14,RFUD,CRM6,11.32,11.19,11.339,11.194,533106234348.0,92861476224.0,8249432.0,47552068,11.211,0.0,11.257,-1.03,14.0,198002,CNY-6.26,CNY,11.211,CNY-6.26,2026-06-18,2024-12-06,2026-06-18,11.151,11.04,11.1605,11.047,11.0873,92437,11.0873,-0.004409733742819721,0.18039792565441132,65,0.1780821917808219,RUSFAR3M,14.42,25,2026-04-14,RUSFARCN1W,2.28,58.0,2026-04-14,11.329608126819828,-0.11860812681982758,-1.0468864014727433,-0.010524048052286312,-0.011440859128149405,False
2026-04-15,RFUD,CRM6,11.19,11.15,11.338,11.268,506962862752.0,122456320506.0,10891322.0,44971424,11.273,0.0,11.243,0.66,1.0,296017,CNY-6.26,CNY,11.273,CNY-6.26,2026-06-18,2024-12-06,2026-06-18,11.0275,10.96,11.156,11.061,11.0537,124487,11.0537,-0.003035095595777193,0.16208695345836635,64,0.17534246575342466,RUSFAR3M,14.43,26,2026-04-15,RUSFARCN1W,1.3,57.0,2026-04-15,11.31113545851884,-0.03813545851884115,-0.3371496934034143,-0.0033771932368041693,0.005515046890937292,False
2026-04-16,RFUD,CRM6,11.275,11.228,11.428,11.33,478780557048.0,138381203232.0,12185852.0,42317532,11.314,0.0,11.359,0.55,5.0,274807,CNY-6.26,CNY,11.314,CNY-6.26,2026-06-18,2024-12-06,2026-06-18,11.09,11.05,11.2265,11.1235,11.1665,132668,11.1665,0.010153011132618683,0.14086152018537804,63,0.1726027397260274,RUSFAR3M,14.33,27,2026-04-16,RUSFARCN1W,1.28,56.0,2026-04-16,11.420875696159007,-0.1068756961590065,-0.9357924821382149,-0.009401985291674964,0.0036304108585700767,False
2026-04-17,RFUD,CRM6,11.329,11.26,11.381,11.301,478154916464.0,75460944541.0,6670257.0,42359578,11.288,0.0,11.313,-0.26,1.0,173015,CNY-6.26,CNY,11.288,CNY-6.26,2026-06-18,2024-12-06,2026-06-18,11.1365,11.074,11.193,11.111,11.1376,85624,11.1376,-0.0025914532461270845,0.13341630630958093,62,0.16986301369863013,RUSFAR3M,14.29,28,2026-04-17,RUSFARCN1W,0.94,55.0,2026-04-17,11.39304958295719,-0.10504958295718936,-0.9220497303402642,-0.00926326921051948,-0.0023006823704512236,False
2026-04-20,RFUD,CRM6,11.282,11.136,11.293,11.155,472427847940.0,69050282228.0,6163539.0,42245180,11.183,0.0,11.203,-1.29,10.0,184223,CNY-6.26,CNY,11.183,CNY-6.26,2026-06-18,2024-12-06,2026-06-18,11.0775,10.99,11.1,10.998,11.0329,52891,11.0329,-0.009445053413108973,0.11070866599013347,59,0.16164383561643836,RUSFAR1M,14.29,29,2026-04-20,RUSFARCN1W,0.88,52.0,2026-04-20,11.274664810356125,-0.09166481035612506,-0.8130158359291366,-0.008163388329269135,-0.009345446504461563,False
2026-04-21,RFUD,CRM6,11.16,11.063,11.188,11.1,492693818032.0,104950819935.0,9439366.0,44382832,11.101,0.0,11.118,-0.49,5.0,242885,CNY-6.26,CNY,11.101,CNY-6.26,2026-06-18,2024-12-06,2026-06-18,10.9655,10.8915,11.02,10.954,10.9487,96851,10.9487,-0.00766099026578404,0.1062438703582313,58,0.1589041095890411,RUSFAR1M,14.3,28,2026-04-21,RUSFARCN1W,0.62,51.0,2026-04-21,11.18930945979022,-0.08830945979021898,-0.7892306500912044,-0.007923615594642792,-0.007359573695540966,False
2026-04-22,RFUD,CRM6,11.101,11.088,11.22,11.125,484207612414.0,72082762545.0,6465905.0,43571278,11.113,0.0,11.148,0.23,102.0,183973,CNY-6.26,CNY,11.113,CNY-6.26,2026-06-18,2024-12-06,2026-06-18,10.9785,10.94,11.055,10.952,10.9842,64123,10.9842,0.0032371488495148704,0.10871852948182761,57,0.15616438356164383,RUSFAR1M,14.26,27,2026-04-22,RUSFARCN1W,0.48,50.0,2026-04-22,11.223135626549741,-0.11013562654974152,-0.9813267006165534,-0.009861734454172185,0.0010803998529991254,False
2026-04-23,RFUD,CRM6,11.122,11.075,11.293,11.27,468414190572.0,154228615626.0,13785567.0,41622018,11.254,0.0,11.188,1.3,5.0,305338,CNY-6.26,CNY,11.254,CNY-6.26,2026-06-18,2024-12-06,2026-06-18,10.9105,10.9105,11.1025,11.07,10.9978,121731,10.9978,0.0012373761928166083,0.09174425776480062,56,0.15342465753424658,RUSFAR1M,14.23,26,2026-04-23,RUSFARCN1W,0.37,49.0,2026-04-23,11.234168693478779,0.019831306521220782,0.17652669336123178,0.00176371068113708,0.012608026807577666,False
2026-04-24,RFUD,CRM6,11.272,11.132,11.323,11.14,449730801096.0,98698537164.0,8810892.0,40349076,11.146,0.0,11.202,-1.15,143.0,210824,CNY-6.26,CNY,11.146,CNY-6.26,2026-06-18,2024-12-06,2026-06-18,11.113,10.974,11.1455,10.98,11.0253,99841,11.0253,0.002497379051350279,0.0898628789132189,55,0.1506849315068493,RUSFAR1M,14.11,25,2026-04-24,RUSFARCN1W,0.4,48.0,2026-04-24,11.255439646871498,-0.10943964687149688,-0.9723267176144127,-0.00977084680929837,-0.009642931863742543,False
2026-04-27,RFUD,CRM6,11.138,11.091,11.158,11.113,458543870568.0,59947062540.0,5388276.0,41250798,11.116,0.0,11.125,-0.24,1.0,151362,CNY-6.26,CNY,11.116,CNY-6.26,2026-06-18,2024-12-06,2026-06-18,10.952,10.9225,10.9755,10.9395,10.951,107030,10.951,-0.006761855553431673,0.08928820537390181,52,0.14246575342465753,RUSFAR1M,14.35,22,2026-04-27,RUSFARCN1W,0.61,45.0,2026-04-27,11.167475393222958,-0.05147539322295813,-0.46094028784873126,-0.0046200589339128574,-0.0026951772670873453,False
2026-04-28,RFUD,CRM6,11.112,11.05,11.203,11.172,480215155368.0,94296552366.0,8466842.0,42964584,11.177,0.0,11.137,0.53,100.0,202577,CNY-6.26,CNY,11.177,CNY-6.26,2026-06-18,2024-12-06,2026-06-18,10.9145,10.895,11.0125,10.98,10.9538,72842,10.9538,0.0002556517306935291,0.08552586580607968,51,0.13972602739726028,RUSFAR1M,14.52,21,2026-04-28,RUSFARCN1W,0.57,44.0,2026-04-28,11.169403490624642,0.007596509375357385,0.06801177324942852,0.0006798865572408397,0.005472583523217001,False
2026-04-29,RFUD,CRM6,11.172,11.042,11.218,11.084,493328528638.0,92054189824.0,8284353.0,44536294,11.077,0.0,11.112,-0.79,1.0,224179,CNY-6.26,CNY,11.077,CNY-6.26,2026-06-18,2024-12-06,2026-06-18,11.0,10.884,11.0175,10.9115,10.9478,80686,10.9478,-0.0005479051895842524,0.08510615767290887,50,0.136986301369863,RUSFAR1M,14.49,20,2026-04-29,RUSFARCN1W,0.54,43.0,2026-04-29,11.159019691995162,-0.08201969199516235,-0.7350080406614798,-0.00737722534103177,-0.008987208868678653,False
2026-04-30,RFUD,CRM6,11.08,11.068,11.165,11.137,500142209634.0,93422359390.0,8404878.0,44924298,11.133,0.0,11.115,0.48,8.0,198602,CNY-6.26,CNY,11.133,CNY-6.26,2026-06-18,2024-12-06,2026-06-18,10.9465,10.917,11.007,10.9775,10.96,56096,10.96,0.0011137586851379666,0.08576278111888011,49,0.13424657534246576,RUSFAR1M,14.42,19,2026-04-30,RUSFARCN1W,0.0,42.0,2026-04-30,11.174234507257639,-0.04123450725763966,-0.36901415690585293,-0.003696966937683028,0.00504278421177462,False
2026-05-04,RFUD,CRM6,11.147,11.113,11.244,11.201,513380983698.0,85818424115.0,7670208.0,45890854,11.187,0.0,11.189,0.58,1.0,235900,CNY-6.26,CNY,11.187,CNY-6.26,2026-06-18,2024-12-06,2026-06-18,11.0135,10.97,11.079,11.0155,11.032,62728,11.032,0.006547858971131415,0.09100609448820045,45,0.1232876712328767,RUSFAR1M,14.37,15,2026-05-04,RUSFARCN1W,0.0,38.0,2026-04-30,11.22918933664842,-0.04218933664841984,-0.37571133038720417,-0.0037641889823717,0.004838719118223089,False
2026-05-05,RFUD,CRM6,11.202,11.145,11.237,11.224,505372608840.0,72365572854.0,6468174.0,45042122,11.22,0.0,11.189,0.21,1.0,229185,CNY-6.26,CNY,11.22,CNY-6.26,2026-06-18,2024-12-06,2026-06-18,11.05,10.983,11.07,11.0525,11.0289,62266,11.0289,-0.0002810402132649159,0.08871349232970879,44,0.12054794520547946,RUSFAR1M,14.31,14,2026-05-05,RUSFARCN1W,0.0,37.0,2026-04-30,11.22080350578389,-0.0008035057838888804,-0.007160857807328186,-7.161114208994352e-05,0.0029455102297570868,False
2026-05-06,RFUD,CRM6,11.227,11.03,11.263,11.074,504905993792.0,166628011793.0,14952883.0,45552688,11.084,0.0,11.139,-1.34,1.0,307240,CNY-6.26,CNY,11.084,CNY-6.26,2026-06-18,2024-12-06,2026-06-18,11.078,10.897,11.089,10.9455,10.9936,116870,10.9936,-0.0032058149830613836,0.0886827375052105,43,0.1178082191780822,RUSFAR1M,14.22,13,2026-05-06,RUSFARCN1W,0.13,36.0,2026-05-06,11.177607687357817,-0.09360768735781733,-0.8374572625561927,-0.008409836376134482,-0.012195273093818404,False
2026-05-07,RFUD,CRM6,11.079,11.06,11.159,11.105,496765863216.0,76788351797.0,6906578.0,44717424,11.109,0.0,11.117,0.28,1.0,168646,CNY-6.26,CNY,11.109,CNY-6.26,2026-06-18,2024-12-06,2026-06-18,10.9255,10.9185,11.007,10.95,10.969,84191,10.969,-0.0022401728654775077,0.08832768829785148,42,0.11506849315068493,RUSFAR1M,14.24,12,2026-05-07,RUSFARCN1W,0.21,35.0,2026-05-07,11.147521899271252,-0.03852189927125238,-0.3455646880027271,-0.0034616314186527567,0.002252963598853075,False
2026-05-08,RFUD,CRM6,11.107,11.006,11.12,11.035,484208310656.0,76876214735.0,6955569.0,43795976,11.056,0.0,11.052,-0.63,7.0,158396,CNY-6.26,CNY,11.056,CNY-6.26,2026-06-18,2024-12-06,2026-06-18,10.9695,10.885,10.9755,10.9245,10.9274,75374,10.9274,-0.0037997159397136215,0.08537855363686779,41,0.11232876712328767,RUSFAR1M,14.19,11,2026-05-08,RUSFARCN1W,0.24,34.0,2026-05-08,11.099979478171292,-0.043979478171292996,-0.3962122475792051,-0.003969992477868319,-0.004782323574270997,False
2026-05-11,RFUD,CRM6,11.039,10.918,11.066,10.942,486731395706.0,30257464778.0,2756016.0,44495054,10.939,0.0,10.979,-0.84,324.0,92481,CNY-6.26,CNY,10.939,CNY-6.26,2026-06-18,2024-12-06,2026-06-18,10.8975,10.802,10.9335,10.825,10.8533,15294,10.8533,-0.006804215281041248,0.08164272935757987,38,0.10410958904109589,RUSFAR1M,14.19,8,2026-05-08,RUSFARCN1W,0.24,31.0,2026-05-08,11.012075780432395,-0.07307578043239538,-0.6635967812920918,-0.006658083742021602,-0.010638881887660379,False
2026-05-12,RFUD,CRM6,10.943,10.922,11.037,10.975,484814610700.0,68630958712.0,6246838.0,44174452,10.975,0.0,10.986,0.3,1.0,158298,CNY-6.26,CNY,10.975,CNY-6.26,2026-06-18,2024-12-06,2026-06-18,10.8395,10.7995,10.899,10.849,10.8522,56380,10.8522,-0.00010135679905465267,0.07617813863202792,37,0.10136986301369863,RUSFAR1M,14.17,7,2026-05-12,RUSFARCN1W,0.34,30.0,2026-05-12,11.005413371914138,-0.030413371914137954,-0.2763492009464452,-0.002767317502946875,0.0032855738235810783,False
2026-05-13,RFUD,CRM6,10.975,10.88,10.979,10.937,450436013948.0,123817887386.0,11329437.0,41184604,10.937,0.0,10.929,-0.35,9.0,219119,CNY-6.26,CNY,10.937,CNY-6.26,2026-06-18,2024-12-06,2026-06-18,10.8425,10.761,10.8425,10.8155,10.7969,82650,10.7969,-0.00510876851926545,0.07659683610146804,36,0.09863013698630137,RUSFAR1M,14.22,6,2026-05-13,RUSFARCN1W,0.29,29.0,2026-05-13,10.946264253318619,-0.009264253318619353,-0.08463392719402582,-0.0008466976192250226,-0.00346842260814606,False
2026-05-14,RFUD,CRM6,10.941,10.875,10.956,10.89,444367799200.0,75618618964.0,6933809.0,40767688,10.9,0.0,10.906,-0.43,5.0,149283,CNY-6.26,CNY,10.9,CNY-6.26,2026-06-18,2024-12-06,2026-06-18,10.823,10.7565,10.8245,10.768,10.7829,77598,10.7829,-0.001297509890186621,0.07633080014094369,35,0.0958904109589041,RUSFAR1M,14.27,5,2026-05-14,RUSFARCN1W,0.27,28.0,2026-05-14,10.928632757230783,-0.028632757230782957,-0.2619976155007906,-0.0026234142990842336,-0.0033887471179907536,False
2026-05-15,RFUD,CRM6,10.88,10.794,10.896,10.805,445051273472.0,49025015262.0,4522122.0,41147492,10.816,0.0,10.841,-0.78,214.0,111840,CNY-6.26,CNY,10.816,CNY-6.26,2026-06-18,2024-12-06,2026-06-18,10.7605,10.686,10.774,10.711,10.7244,47137,10.7244,-0.0054400268067258395,0.064633358177897,34,0.09315068493150686,RUSFAR1M,14.26,4,2026-05-15,RUSFARCN1W,0.24,27.0,2026-05-15,10.8653762778957,-0.04937627789569987,-0.4544368886344964,-0.0045547259199983795,-0.007736269934489837,False
2026-05-18,RFUD,CRM6,10.8,10.681,10.81,10.685,430081579990.0,65657517847.0,6114752.0,40093370,10.727,0.0,10.738,-1.11,36.0,141887,CNY-6.26,CNY,10.727,CNY-6.26,2026-06-18,2024-12-06,2026-06-18,10.6675,10.585,10.671,10.6115,10.6247,68478,10.6247,-0.009340040075469958,0.06966811615448779,31,0.08493150684931507,RUSFAR1M,14.24,1,2026-05-18,RUSFARCN1W,0.24,24.0,2026-05-18,10.751786105020567,-0.024786105020567106,-0.23053011637753085,-0.0023079624613515184,-0.008262591685316067,False
2026-05-19,RFUD,CRM6,10.685,10.42,10.694,10.427,407827940004.0,114515177998.0,10858734.0,38963212,10.467,0.0,10.546,-2.42,33.0,245312,CNY-6.26,CNY,10.467,CNY-6.26,2026-06-18,2024-12-06,2026-06-18,10.554,10.3485,10.554,10.3505,10.4452,95430,10.4452,-0.017038936374865532,0.08371379506465025,30,0.0821917808219178,RUSFAR1M,14.27,0,2026-05-19,RUSFARCN1W,0.18,23.0,2026-05-19,10.566867144076486,-0.09986714407648556,-0.945096997197211,-0.009495913787935446,-0.024536476742545332,False
2026-05-20,RFUD,CRM6,10.424,10.367,10.605,10.573,396497723328.0,113372341463.0,10762512.0,37461992,10.584,0.0,10.534,1.4,38.0,286750,CNY-6.26,CNY,10.584,CNY-6.26,2026-06-18,2024-12-06,2026-06-18,10.3,10.29,10.483,10.46,10.4212,83705,10.4212,-0.0023003499006266637,0.08166940259579246,29,0.07945205479452055,RUSFAR1M,14.27,1,2026-05-20,RUSFARCN1W,0.22,22.0,2026-05-20,10.538183729037002,0.04581627096299812,0.43476439717743365,0.004338220271776845,0.011115975939907763,False
2026-05-21,RFUD,CRM6,10.574,10.455,10.615,10.545,408520871310.0,112547455012.0,10708830.0,38740718,10.545,0.0,10.51,-0.27,7.0,245448,CNY-6.26,CNY,10.545,CNY-6.26,2026-06-18,2024-12-06,2026-06-18,10.435,10.36,10.467,10.435,10.4042,94006,10.4042,-0.0016326220649842682,0.07894049630459875,28,0.07671232876712329,RUSFAR1M,14.23,2,2026-05-21,RUSFARCN1W,0.19,21.0,2026-05-21,10.516863134737836,0.02813686526216408,0.2675404719229093,0.002671832194570777,-0.0036916128819166616,False
2026-05-22,RFUD,CRM6,10.548,10.54,10.69,10.649,415138879680.0,137274507738.0,12947007.0,39016812,10.64,0.0,10.603,0.99,1.0,299318,CNY-6.26,CNY,10.64,CNY-6.26,2026-06-18,2024-12-06,2026-06-18,10.465,10.45,10.58,10.53,10.4916,89380,10.4916,0.00836536621544548,0.08728464738088941,27,0.07397260273972603,RUSFAR1M,14.2,3,2026-05-22,RUSFARCN1W,0.11,20.0,2026-05-22,10.60152307077901,0.038476929220990996,0.362937749265905,0.0036228071947622563,0.00896866998276069,False
2026-05-25,RFUD,CRM6,10.681,10.6,10.754,10.735,409060854620.0,133096208768.0,12480603.0,38176468,10.715,0.0,10.666,0.81,193.0,251149,CNY-6.26,CNY,10.715,CNY-6.26,2026-06-18,2024-12-06,2026-06-18,10.6295,10.5005,10.649,10.607,10.5476,110456,10.5476,0.005323408898353588,0.08990589268650451,24,0.06575342465753424,RUSFAR1M,14.21,6,2026-05-25,RUSFARCN1W,0.1,17.0,2026-05-25,10.64591397385067,0.06908602614933024,0.648944057964631,0.006468474815300043,0.007024145012041849,False
2026-05-26,RFUD,CRM6,10.735,10.551,10.748,10.565,398684104602.0,93278407379.0,8772489.0,37743454,10.563,0.0,10.632,-1.58,2.0,218186,CNY-6.26,CNY,10.563,CNY-6.26,2026-06-18,2024-12-06,2026-06-18,10.597,10.4645,10.63,10.469,10.5439,87632,10.5439,-0.0003508522426525218,0.08847402715299765,23,0.06301369863013699,RUSFAR1M,14.21,7,2026-05-26,RUSFARCN1W,0.11,16.0,2026-05-26,10.637999242948172,-0.07499924294817184,-0.7050126742384205,-0.007075096314233742,-0.014287300084515397,False
2026-05-27,RFUD,CRM6,10.567,10.5,10.592,10.57,392800948652.0,84862337829.0,8043234.0,37151324,10.573,0.0,10.55,0.05,60.0,217697,CNY-6.26,CNY,10.573,CNY-6.26,2026-06-18,2024-12-06,2026-06-18,10.446,10.4125,10.499,10.475,10.4605,73319,10.4605,-0.00794123500684396,0.09059135125745794,22,0.06027397260273973,RUSFAR2W,14.2,8,2026-05-27,RUSFARCN1W,0.37,15.0,2026-05-27,10.548062028344921,0.024937971655079494,0.23642230760556562,0.0023614326978645835,0.0009462529093644534,False
2026-05-28,RFUD,CRM6,10.549,10.495,10.598,10.587,401471599000.0,105305265332.0,9996548.0,38054180,10.55,0.0,10.534,0.16,1.0,206874,CNY-6.26,CNY,10.55,CNY-6.26,2026-06-18,2024-12-06,2026-06-18,10.4865,10.4185,10.492,10.46,10.4462,63847,10.4462,-0.0013679827261170452,0.09042712609575411,21,0.057534246575342465,RUSFAR2W,14.17,7,2026-05-28,RUSFARCN1W,0.35,14.0,2026-05-28,10.529591261198426,0.020408738801574344,0.19382270683934907,0.0019363511299144655,-0.0021777218283141053,False
2026-05-29,RFUD,CRM6,10.589,10.517,10.617,10.541,413372829360.0,94426643146.0,8950118.0,39171120,10.553,0.0,10.55,-0.43,189.0,168688,CNY-6.26,CNY,10.553,CNY-6.26,2026-06-18,2024-12-06,2026-06-18,10.512,10.4565,10.524,10.487,10.4836,73177,10.4836,0.0035738554412785284,0.09208165595176859,20,0.0547945205479452,RUSFAR2W,14.2,6,2026-05-29,RUSFARCN1W,0.64,13.0,2026-05-29,10.56178468587833,-0.008784685878328702,-0.08317425643105844,-0.0008320886540756317,0.0002843197668780384,False
2026-06-01,RFUD,CRM6,10.542,10.53,10.737,10.709,410159966460.0,106402838926.0,9991301.0,38350628,10.695,0.0,10.65,1.59,1.0,263489,CNY-6.26,CNY,10.695,CNY-6.26,2026-06-18,2024-12-06,2026-06-18,10.517,10.5075,10.6745,10.64,10.5918,65666,10.5918,0.010267985484428088,0.09756448357499768,17,0.04657534246575343,RUSFAR2W,14.18,3,2026-06-01,RUSFARCN1W,2.83,10.0,2026-06-01,10.647939701805406,0.04706029819459445,0.44196623490096554,0.004409924323350769,0.013366162845415808,False
2026-06-02,RFUD,CRM6,10.694,10.694,10.885,10.885,420284868252.0,142080903630.0,13141505.0,38703828,10.859,0.0,10.813,1.64,2500.0,313879,CNY-6.26,CNY,10.859,CNY-6.26,2026-06-18,2024-12-06,2026-06-18,10.68,10.6435,10.81,10.791,10.7452,102627,10.7452,0.014379026388608551,0.11361890050987389,16,0.043835616438356165,RUSFAR2W,14.18,2,2026-06-02,RUSFARCN1W,1.15,9.0,2026-06-02,10.806749839548571,0.05225016045142894,0.4834956043880403,0.004823305183081735,0.015217886700394256,False
2026-06-03,RFUD,CRM6,10.885,10.75,11.028,10.93,362944764000.0,259432853412.0,23813512.0,33236700,10.92,0.0,10.895,0.41,2.0,511018,CNY-6.26,CNY,10.92,CNY-6.26,2026-06-18,2024-12-06,2026-06-18,10.7875,10.7,10.967,10.86,10.8451,136711,10.8451,0.009254221845658606,0.11931688608909331,15,0.0410958904109589,RUSFAR2W,14.17,1,2026-06-03,RUSFARCN1W,1.15,8.0,2026-06-03,10.903284237094022,0.016715762905977982,0.15330942991570695,0.0015319203098298284,0.005601741081995737,False
2026-06-04,RFUD,CRM6,10.921,10.841,11.052,10.852,372031186494.0,121759359399.0,11102230.0,34197186,10.879,0.0,10.967,-0.71,4.0,270287,CNY-6.26,CNY,10.879,CNY-6.26,2026-06-18,2024-12-06,2026-06-18,10.9295,10.805,10.9945,10.8235,10.9298,60092,10.9298,0.007779638683944157,0.12282849590753027,14,0.038356164383561646,RUSFAR2W,14.12,0,2026-06-04,RUSFARCN1W,0.96,7.0,2026-06-04,10.985109511720905,-0.10610951172090566,-0.9659394984427675,-0.009706349553298119,-0.003761644877813719,False
2026-06-05,RFUD,CRM6,10.861,10.855,10.941,10.908,373502248976.0,75619155366.0,6938381.0,34216036,10.916,0.0,10.899,0.52,4.0,172680,CNY-6.26,CNY,10.916,CNY-6.26,2026-06-18,2024-12-06,2026-06-18,10.851,10.811,10.892,10.87,10.855,74533,10.855,-0.006867200429111264,0.124499045920948,13,0.03561643835616438,RUSFAR2W,14.15,1,2026-06-05,RUSFARCN1W,0.77,6.0,2026-06-05,10.906852732888238,0.009147267111762503,0.0838671552259991,0.000838320063782162,0.003395277407146402,False
2026-06-08,RFUD,CRM6,10.908,10.701,10.936,10.704,379964545534.0,82352308532.0,7618980.0,35335678,10.753,0.0,10.808,-1.87,50.0,215387,CNY-6.26,CNY,10.753,CNY-6.26,2026-06-18,2024-12-06,2026-06-18,10.8615,10.6945,10.88,10.7055,10.7754,67334,10.7754,-0.007360045059646936,0.12489726442500512,10,0.0273972602739726,RUSFAR1W,14.11,3,2026-06-08,RUSFARCN1W,0.59,3.0,2026-06-08,10.815387275370623,-0.062387275370623385,-0.5768381083559996,-0.00578508245126058,-0.015044817437702473,False
2026-06-09,RFUD,CRM6,10.713,10.563,10.757,10.607,361138215396.0,100977169060.0,9494628.0,34008684,10.619,0.0,10.634,-0.91,1788.0,268356,CNY-6.26,CNY,10.619,CNY-6.26,2026-06-18,2024-12-06,2026-06-18,10.659,10.5255,10.6695,10.5755,10.5866,114416,10.5866,-0.017676707808830017,0.13917872084963442,9,0.024657534246575342,RUSFAR1W,14.05,2,2026-06-09,RUSFARCN1W,0.5,2.0,2026-06-09,10.62203000030912,-0.003030000309120595,-0.028525623718182087,-0.0002852969304810735,-0.012539935986680906,False
2026-06-10,RFUD,CRM6,10.608,10.52,10.675,10.646,350667068010.0,97589075957.0,9191216.0,32972926,10.635,0.0,10.618,0.37,12.0,245155,CNY-6.26,CNY,10.635,CNY-6.26,2026-06-18,2024-12-06,2026-06-18,10.531,10.488,10.632,10.585,10.5832,94124,10.5832,-0.0003212122957449992,0.13844877499598054,8,0.021917808219178082,RUSFAR1W,13.96,1,2026-06-10,RUSFARCN1W,0.46,1.0,2026-06-10,10.614561048259098,0.0204389517409016,0.1925557886753481,0.0019237063765781463,0.001505599230492205,False
2026-06-11,RFUD,CRM6,10.646,10.585,10.688,10.654,329323489532.0,68495994465.0,6443198.0,31003906,10.622,0.0,10.632,0.08,4.0,151201,CNY-6.26,CNY,10.622,CNY-6.26,2026-06-18,2024-12-06,2026-06-18,10.592,10.5555,10.662,10.604,10.6064,108428,10.6064,0.0021897543389566287,0.1389018736045526,7,0.019178082191780823,RUSFAR1W,13.91,0,2026-06-11,RUSFARCN1W,0.44,0.0,2026-06-11,10.633834803093569,-0.01183480309356888,-0.111293840018334,-0.0011135581760155294,-0.0012231266519933115,False
2026-06-15,RFUD,CRM6,10.688,10.645,10.769,10.645,294258334950.0,101267869422.0,9459598.0,27591030,10.665,0.0,10.707,-0.08,10.0,235960,CNY-6.26,CNY,10.665,CNY-6.26,2026-06-18,2024-12-06,2026-06-18,10.6985,10.645,10.75,10.653,10.6916,114179,10.6916,0.00800079392334574,0.1411546727024426,3,0.00821917808219178,RUSFAR,13.82,2,2026-06-15,RUSFARCNY,0.25,2.0,2026-06-15,10.703531448095337,-0.038531448095337595,-0.35998818037007924,-0.00360637697077544,0.004040029923106481,False
2026-06-16,RFUD,CRM6,10.648,10.619,10.76,10.749,284728949308.0,96709662293.0,9054365.0,26543204,10.727,0.0,10.682,0.98,70.0,222452,CNY-6.26,CNY,10.727,CNY-6.26,2026-06-18,2024-12-06,2026-06-18,10.6545,10.62,10.756,10.73,10.672,123768,10.672,-0.0018348972550676912,0.13713279838484865,2,0.005479452054794521,RUSFAR,13.76,1,2026-06-16,RUSFARCNY,2.11,1.0,2026-06-16,10.67881471186155,0.04818528813845013,0.4512231875783749,0.004502082277640607,0.005796575691978223,False
2026-06-17,RFUD,CRM6,10.75,10.723,10.837,10.777,221351325520.0,145122680677.0,13464779.0,20514488,10.79,0.0,10.779,0.26,4.0,221195,CNY-6.26,CNY,10.79,CNY-6.26,2026-06-18,2024-12-06,2026-06-18,10.769,10.721,10.823,10.78,10.7689,115478,10.7689,0.009038861217091743,0.12423271601109347,1,0.0027397260273972603,RUSFAR,13.77,0,2026-06-17,RUSFARCNY,1.7,0.0,2026-06-17,10.77246170182701,0.017538298172988576,0.16280678138789836,0.0016267439481762744,0.00585585165475111,False
2026-06-18,RFUD,CRM6,10.785,10.777,10.878,10.809,0.0,54172453973.0,4995554.0,0,10.8104,0.0,10.845,0.3,200.0,51520,CNY-6.26,CNY,10.8104,CNY-6.26,2026-06-18,2024-12-06,2026-06-18,10.8215,10.7885,10.87,10.7895,10.8252,100474,10.8252,0.005214399078096399,0.12402649190019463,0,0.0,RUSFAR,13.72,1,2026-06-18,RUSFARCNY,3.55,1.0,2026-06-18,10.8252,-0.014800000000001035,-0.1367180283043365,-0.001368115726717203,0.0018888544716961775,False
2026-06-19,RFUD,CRU6,11.087,10.975,11.104,11.074,409305445972.0,79862078051.0,7227863.0,37051276,11.047,0.0,11.047,-0.16,1.0,172998,CNY-9.26,CNY,11.047,CNY-9.26,2026-09-17,2025-03-07,2026-09-17,10.79,10.7535,10.85,10.807,10.8033,93038,10.8033,-0.002025106455318504,0.12418256055880963,90,0.2465753424657534,RUSFAR3M,13.73,0,2026-06-19,RUSFARCN1W,3.68,83.0,2026-06-18,11.074359318704403,-0.027359318704402114,-0.24705102947303412,-0.002473567040808132,,True
2026-06-22,RFUD,CRU6,11.066,11.027,11.298,11.287,418974185296.0,107751208847.0,9660727.0,37298512,11.233,0.0,11.155,1.92,50.0,235006,CNY-9.26,CNY,11.233,CNY-9.26,2026-09-17,2025-03-07,2026-09-17,10.804,10.7855,10.9995,10.989,10.8943,81509,10.8943,0.008388073663542439,0.12419830918444583,87,0.23835616438356164,RUSFAR3M,13.91,3,2026-06-22,RUSFARCN1W,4.31,80.0,2026-06-22,11.146459439899848,0.08654056010015232,0.7763950568049606,0.00773396620193011,0.016696976769293936,False
2026-06-23,RFUD,CRU6,11.294,11.154,11.335,11.18,447083620048.0,109130064169.0,9725962.0,40036144,11.167,0.0,11.226,-0.95,70.0,243734,CNY-9.26,CNY,11.167,CNY-9.26,2026-09-17,2025-03-07,2026-09-17,11.07,10.928,11.0715,10.941,10.99,76535,10.99,0.00874605173884957,0.12603632765975334,86,0.2356164383561644,RUSFAR3M,13.95,4,2026-06-23,RUSFARCN1W,5.6,79.0,2026-06-23,11.208357899385973,-0.04135789938597334,-0.3689916021350375,-0.0036967405546148107,-0.005892874195777331,False
2026-06-24,RFUD,CRU6,11.178,11.17,11.234,11.206,454464759132.0,88025155602.0,7857149.0,40569966,11.202,0.0,11.205,0.23,5.0,217697,CNY-9.26,CNY,11.202,CNY-9.26,2026-09-17,2025-03-07,2026-09-17,10.9695,10.943,11.0065,10.97,10.9695,55655,10.9695,-0.0018670740185511292,0.1265340267982593,85,0.2328767123287671,RUSFAR3M,14.01,5,2026-06-24,RUSFARCN1W,2.46,78.0,2026-06-24,11.268553324858406,-0.06655332485840582,-0.5906110832487194,-0.005923620883310499,0.0031293333239856835,False
2026-06-25,RFUD,CRU6,11.208,11.201,11.459,11.439,498024165000.0,134192704314.0,11854772.0,43545000,11.437,0.0,11.327,2.08,5.0,256007,CNY-9.26,CNY,11.437,CNY-9.26,2026-09-17,2025-03-07,2026-09-17,11.0065,10.9805,11.18,11.1695,11.0599,82578,11.0599,0.008207260065014488,0.12266770884748472,84,0.23013698630136986,RUSFAR3M,14.04,6,2026-06-25,RUSFARCN1W,2.85,77.0,2026-06-25,11.34841723144392,0.08858276855607983,0.7805737729719422,0.007775430569963032,0.020761380011439012,False
2026-06-26,RFUD,CRU6,11.444,11.441,11.894,11.742,505150938120.0,224955979455.0,19299349.0,43020860,11.742,0.0,11.663,2.65,45.0,382769,CNY-9.26,CNY,11.742,CNY-9.26,2026-09-17,2025-03-07,2026-09-17,11.23,11.2175,11.628,11.489,11.3977,120434,11.3977,0.030085626197337678,0.15507115359157206,83,0.2273972602739726,RUSFAR3M,13.97,7,2026-06-26,RUSFARCN1W,2.15,76.0,2026-06-26,11.708205687881387,0.033794312118613945,0.2886378410108805,0.0028822208182797487,0.026318443842914707,False
2026-06-29,RFUD,CRU6,11.747,11.512,11.86,11.627,518030210280.0,172607519163.0,14768663.0,44638536,11.605,0.0,11.687,-0.98,5.0,358830,CNY-9.26,CNY,11.605,CNY-9.26,2026-09-17,2025-03-07,2026-09-17,11.542,11.285,11.6,11.37,11.4455,90779,11.4455,0.004185058990591628,0.1550453016095425,80,0.2191780821917808,RUSFAR3M,14.13,10,2026-06-29,RUSFARCN1W,1.4,73.0,2026-06-29,11.769341936990541,-0.16434193699054056,-1.3963562098066065,-0.014061969786535925,-0.011736117915593702,False
2026-06-30,RFUD,CRU6,11.627,11.597,11.928,11.928,542619993640.0,143649460354.0,12201260.0,45659710,11.884,0.0,11.773,2.59,2.0,334353,CNY-9.26,CNY,11.884,CNY-9.26,2026-09-17,2025-03-07,2026-09-17,11.43,11.4005,11.63,11.619,11.5153,74239,11.5153,0.006079946257734559,0.1536455494217684,79,0.21643835616438356,RUSFAR3M,14.11,11,2026-06-30,RUSFARCN1W,1.06,72.0,2026-06-30,11.845188973988407,0.0388110260115937,0.3276522316091475,0.0032711662132523483,0.023756917873960504,False
2026-07-01,RFUD,CRU6,11.93,11.631,11.962,11.686,584700162970.0,226788989420.0,19356958.0,50004290,11.693,0.0,11.716,-2.03,24.0,419611,CNY-9.26,CNY,11.693,CNY-9.26,2026-09-17,2025-03-07,2026-09-17,11.6645,11.412,11.675,11.47,11.4804,142272,11.4804,-0.0030353524176720548,0.15072035529232436,78,0.2136986301369863,RUSFAR3M,14.11,12,2026-07-01,RUSFARCN1W,1.09,71.0,2026-07-01,11.804310898473329,-0.11131089847332909,-0.9429682039950771,-0.00947442297563903,-0.016202585442179895,False
2026-07-02,RFUD,CRU6,11.697,11.604,11.753,11.69,570666375474.0,116204176770.0,9940582.0,48862606,11.679,0.0,11.69,0.03,1.0,256505,CNY-9.26,CNY,11.679,CNY-9.26,2026-09-17,2025-03-07,2026-09-17,11.4865,11.39,11.5215,11.462,11.4618,62876,11.4618,-0.0016214664744609308,0.14997280608506863,77,0.21095890410958903,RUSFAR3M,14.19,13,2026-07-02,RUSFARCN1W,1.59,70.0,2026-07-02,11.770549291188667,-0.09154929118866661,-0.7777826584286907,-0.007808231636903895,-0.0011980148617527497,False
2026-07-03,RFUD,CRU6,11.684,11.522,11.74,11.711,562703405648.0,147225801999.0,12675618.0,48028628,11.716,0.0,11.615,0.18,97.0,287863,CNY-9.26,CNY,11.716,CNY-9.26,2026-09-17,2025-03-07,2026-09-17,11.42,11.32,11.516,11.49,11.3908,78044,11.3908,-0.006213754972895558,0.1519797076577303,76,0.20821917808219179,RUSFAR3M,14.2,14,2026-07-03,RUSFARCN1W,1.64,69.0,2026-07-03,11.692625463441303,0.02337453655869659,0.19990836644670168,0.0019970881557349286,0.0031630716690584926,False
2026-07-06,RFUD,CRU6,11.701,11.348,11.78,11.369,559140086674.0,208103207079.0,17955633.0,49043074,11.401,0.0,11.589,-2.92,25.0,376188,CNY-9.26,CNY,11.401,CNY-9.26,2026-09-17,2025-03-07,2026-09-17,11.455,11.182,11.558,11.1825,11.413,98018,11.413,0.0019470445288343186,0.14828402529826978,73,0.2,RUSFAR3M,14.22,17,2026-07-06,RUSFARCN1W,1.35,66.0,2026-07-06,11.710584097210072,-0.3095840972100721,-2.6436264377609255,-0.026791985719880316,-0.02725435811390442,False
2026-07-07,RFUD,CRU6,11.372,11.302,11.525,11.44,567101903316.0,161740455499.0,14172731.0,49511254,11.454,0.0,11.412,0.63,20.0,332129,CNY-9.26,CNY,11.454,CNY-9.26,2026-09-17,2025-03-07,2026-09-17,11.1425,11.134,11.3265,11.2845,11.219,104475,11.219,-0.01714428700863513,0.1604839371112218,72,0.19726027397260273,RUSFAR3M,14.23,18,2026-07-07,RUSFARCN1W,1.02,65.0,2026-07-07,11.515187908852957,-0.061187908852955886,-0.5313670027556754,-0.005327837782942728,0.004637943120083143,False
2026-07-08,RFUD,CRU6,11.429,11.313,11.494,11.326,580810995490.0,139745812103.0,12274539.0,51114230,11.363,0.0,11.385,-1.0,3.0,277324,CNY-9.26,CNY,11.363,CNY-9.26,2026-09-17,2025-03-07,2026-09-17,11.23,11.139,11.305,11.2015,11.2163,75830,11.2163,-0.00024069212473509793,0.14309789645531473,71,0.19452054794520549,RUSFAR3M,14.23,19,2026-07-08,RUSFARCN1W,1.13,64.0,2026-07-08,11.505788645670728,-0.1427886456707288,-1.2410157188525772,-0.012487806283042602,-0.007976551035793644,False
2026-07-09,RFUD,CRU6,11.325,11.276,11.457,11.431,593160745092.0,165840702552.0,14597722.0,51863316,11.437,0.0,11.354,0.93,27.0,319298,CNY-9.26,CNY,11.437,CNY-9.26,2026-09-17,2025-03-07,2026-09-17,11.162,11.1175,11.2655,11.251,11.1787,69254,11.1787,-0.003357895541842293,0.1444014658537591,70,0.1917808219178082,RUSFAR3M,14.32,20,2026-07-09,RUSFARCN1W,1.48,63.0,2026-07-09,11.457388886040125,-0.020388886040125342,-0.17795403684837394,-0.0017811256314173292,0.006491250863207565,False
2026-07-10,RFUD,CRU6,11.433,11.427,11.579,11.484,612426886368.0,97959251427.0,8516886.0,53175904,11.517,0.0,11.502,0.46,68.0,223280,CNY-9.26,CNY,11.517,CNY-9.26,2026-09-17,2025-03-07,2026-09-17,11.301,11.2615,11.3865,11.317,11.3118,68886,11.3118,0.011836246762205072,0.14793313214423365,69,0.18904109589041096,RUSFAR3M,14.35,21,2026-07-10,RUSFARCN1W,1.87,62.0,2026-07-10,11.581844670461374,-0.06484467046137432,-0.5598820594335528,-0.005614552738808351,0.006970490887690861,False
2026-07-13,RFUD,CRU6,11.478,11.416,11.533,11.423,618970907940.0,70542478384.0,6149240.0,53795490,11.506,0.0,11.473,-0.53,60.0,154766,CNY-9.26,CNY,11.506,CNY-9.26,2026-09-17,2025-03-07,2026-09-17,11.2715,11.24,11.355,11.3285,11.2992,53245,11.2992,-0.0011145019065250672,0.14756361376538707,66,0.18082191780821918,RUSFAR3M,14.4,24,2026-07-13,RUSFARCN1W,1.79,59.0,2026-07-13,11.559800098617142,-0.053800098617141856,-0.4654068250157524,-0.004664932146444973,-0.0009555662456688374,False
2026-07-14,RFUD,CRU6,11.425,11.38,11.697,11.686,648173375160.0,104519552992.0,9023329.0,55599020,11.658,0.0,11.584,2.3,1.0,251811,CNY-9.26,CNY,11.658,CNY-9.26,2026-09-17,2025-03-07,2026-09-17,11.279,11.267,11.4915,11.4725,11.398,92997,11.398,0.008705974660877303,0.1479499787996493,65,0.1780821917808219,RUSFAR3M,14.36,25,2026-07-14,RUSFARCN1W,2.23,58.0,2026-07-14,11.646890928164577,0.011109071835422313,0.09538229475952499,0.0009533683475364958,0.013124001182256428,False
2026-07-15,RFUD,CRU6,11.686,11.592,11.752,11.638,651774377492.0,123929482708.0,10602713.0,56100394,11.618,0.0,11.688,-0.41,10.0,283844,CNY-9.26,CNY,11.618,CNY-9.26,2026-09-17,2025-03-07,2026-09-17,11.525,11.408,11.5595,11.44,11.506,80618,11.506,0.009430737028294,0.14815830456611007,64,0.17534246575342466,RUSFAR3M,14.33,26,2026-07-15,RUSFARCN1W,2.04,57.0,2026-07-15,11.756640471694439,-0.13864047169443872,-1.179252457606684,-0.011862607911856884,-0.003437020053017381,False
2026-07-16,RFUD,CRU6,11.626,11.6,11.79,11.779,682809000428.0,100745868837.0,8603928.0,58071866,11.758,0.0,11.709,1.21,1.0,226876,CNY-9.26,CNY,11.758,CNY-9.26,2026-09-17,2025-03-07,2026-09-17,11.463,11.455,11.591,11.5845,11.5226,88665,11.5226,0.0014416858059282944,0.14812045803572813,63,0.1726027397260274,RUSFAR3M,14.45,27,2026-07-16,RUSFARCN1W,3.63,56.0,2026-07-16,11.7398136440701,0.018186355929898923,0.1549117940137409,0.0015479192946770146,0.011978240409722396,False
2026-07-17,RFUD,CRU6,11.782,11.638,11.801,11.744,662623039808.0,105909797649.0,9042062.0,56499236,11.728,0.0,11.712,-0.3,1.0,220334,CNY-9.26,CNY,11.728,CNY-9.26,2026-09-17,2025-03-07,2026-09-17,11.56,11.5005,11.634,11.57,11.5577,71791,11.5577,0.003041557263933292,0.14687204698198295,62,0.16986301369863013,RUSFAR3M,14.47,28,2026-07-17,RUSFARCN1W,2.9,55.0,2026-07-17,11.787091973747717,-0.059091973747717574,-0.5013278413312425,-0.005025887051598929,-0.002554714835767413,False
