section,dataset,variable,source,original_field,unit,frequency,transformation,missing_value_treatment,economic_interpretation,important_limitations
raw,bank_rates_daily.csv,observation_date,People's Bank of China/CFETS loan prime rate publication,"calculated, configured, or same-named source series",ISO date,daily,"Direct field, documented selection hierarchy, or descriptive aggregation as indicated by the variable name.",Retained as NA and never replaced by zero; see rejection/source flags where applicable.,"Identifier, descriptive market measure, validation field, or summary statistic as named.",Missing source observations remain NA; zeros are retained only when the source explicitly reports zero.
raw,bank_rates_daily.csv,LPR_1Y,People's Bank of China/CFETS loan prime rate publication,"calculated, configured, or same-named source series","text, category, native source unit, or dimensionless as applicable",daily,"Direct field, documented selection hierarchy, or descriptive aggregation as indicated by the variable name.",Retained as NA and never replaced by zero; see rejection/source flags where applicable.,"Funding, repo, policy, or published lending-rate condition as identified by the source family.",Tenor matching and source family are proxies for marginal trader funding; inspect tenor distance and staleness.
raw,bank_rates_daily.csv,LPR_5Y,People's Bank of China/CFETS loan prime rate publication,"calculated, configured, or same-named source series","text, category, native source unit, or dimensionless as applicable",daily,"Direct field, documented selection hierarchy, or descriptive aggregation as indicated by the variable name.",Retained as NA and never replaced by zero; see rejection/source flags where applicable.,"Funding, repo, policy, or published lending-rate condition as identified by the source family.",Tenor matching and source family are proxies for marginal trader funding; inspect tenor distance and staleness.
raw,bank_rates_daily.csv,source,People's Bank of China/CFETS loan prime rate publication,"calculated, configured, or same-named source series","text, category, native source unit, or dimensionless as applicable",daily,"Direct field, documented selection hierarchy, or descriptive aggregation as indicated by the variable name.",Retained as NA and never replaced by zero; see rejection/source flags where applicable.,"Identifier, descriptive market measure, validation field, or summary statistic as named.",Missing source observations remain NA; zeros are retained only when the source explicitly reports zero.
raw,bank_rates_daily.csv,source_url,People's Bank of China/CFETS loan prime rate publication,"calculated, configured, or same-named source series","text, category, native source unit, or dimensionless as applicable",daily,"Direct field, documented selection hierarchy, or descriptive aggregation as indicated by the variable name.",Retained as NA and never replaced by zero; see rejection/source flags where applicable.,"Identifier, descriptive market measure, validation field, or summary statistic as named.",Missing source observations remain NA; zeros are retained only when the source explicitly reports zero.
raw,cbr_key_rate_daily.csv,observation_date,Bank of Russia,"calculated, configured, or same-named source series",ISO date,daily,"Direct field, documented selection hierarchy, or descriptive aggregation as indicated by the variable name.",Retained as NA and never replaced by zero; see rejection/source flags where applicable.,"Identifier, descriptive market measure, validation field, or summary statistic as named.",Missing source observations remain NA; zeros are retained only when the source explicitly reports zero.
raw,cbr_key_rate_daily.csv,rate_pct,Bank of Russia,"calculated, configured, or same-named source series",percent,daily,"Direct field, documented selection hierarchy, or descriptive aggregation as indicated by the variable name.",Retained as NA and never replaced by zero; see rejection/source flags where applicable.,"Funding, repo, policy, or published lending-rate condition as identified by the source family.",Tenor matching and source family are proxies for marginal trader funding; inspect tenor distance and staleness.
raw,cbr_key_rate_daily.csv,series,Bank of Russia,"calculated, configured, or same-named source series","text, category, native source unit, or dimensionless as applicable",daily,"Direct field, documented selection hierarchy, or descriptive aggregation as indicated by the variable name.",Retained as NA and never replaced by zero; see rejection/source flags where applicable.,"Identifier, descriptive market measure, validation field, or summary statistic as named.",Missing source observations remain NA; zeros are retained only when the source explicitly reports zero.
raw,cbr_key_rate_daily.csv,rate_type,Bank of Russia,"calculated, configured, or same-named source series","text, category, native source unit, or dimensionless as applicable",daily,"Direct field, documented selection hierarchy, or descriptive aggregation as indicated by the variable name.",Retained as NA and never replaced by zero; see rejection/source flags where applicable.,"Funding, repo, policy, or published lending-rate condition as identified by the source family.",Tenor matching and source family are proxies for marginal trader funding; inspect tenor distance and staleness.
raw,cbr_key_rate_daily.csv,currency,Bank of Russia,"calculated, configured, or same-named source series","text, category, native source unit, or dimensionless as applicable",daily,"Direct field, documented selection hierarchy, or descriptive aggregation as indicated by the variable name.",Retained as NA and never replaced by zero; see rejection/source flags where applicable.,"Identifier, descriptive market measure, validation field, or summary statistic as named.",Missing source observations remain NA; zeros are retained only when the source explicitly reports zero.
raw,cbr_key_rate_daily.csv,tenor_days,Bank of Russia,"calculated, configured, or same-named source series","text, category, native source unit, or dimensionless as applicable",daily,"Direct field, documented selection hierarchy, or descriptive aggregation as indicated by the variable name.",Retained as NA and never replaced by zero; see rejection/source flags where applicable.,"Identifier, descriptive market measure, validation field, or summary statistic as named.",Missing source observations remain NA; zeros are retained only when the source explicitly reports zero.
raw,cbr_key_rate_daily.csv,source,Bank of Russia,"calculated, configured, or same-named source series","text, category, native source unit, or dimensionless as applicable",daily,"Direct field, documented selection hierarchy, or descriptive aggregation as indicated by the variable name.",Retained as NA and never replaced by zero; see rejection/source flags where applicable.,"Identifier, descriptive market measure, validation field, or summary statistic as named.",Missing source observations remain NA; zeros are retained only when the source explicitly reports zero.
raw,cbr_key_rate_daily.csv,source_url,Bank of Russia,"calculated, configured, or same-named source series","text, category, native source unit, or dimensionless as applicable",daily,"Direct field, documented selection hierarchy, or descriptive aggregation as indicated by the variable name.",Retained as NA and never replaced by zero; see rejection/source flags where applicable.,"Identifier, descriptive market measure, validation field, or summary statistic as named.",Missing source observations remain NA; zeros are retained only when the source explicitly reports zero.
raw,china_repo_fixing_daily.csv,observation_date,CFETS/ChinaMoney repo fixings,"calculated, configured, or same-named source series",ISO date,daily,"Direct field, documented selection hierarchy, or descriptive aggregation as indicated by the variable name.",Retained as NA and never replaced by zero; see rejection/source flags where applicable.,"Identifier, descriptive market measure, validation field, or summary statistic as named.",Missing source observations remain NA; zeros are retained only when the source explicitly reports zero.
raw,china_repo_fixing_daily.csv,date,CFETS/ChinaMoney repo fixings,"calculated, configured, or same-named source series","text, category, native source unit, or dimensionless as applicable",daily,"Direct field, documented selection hierarchy, or descriptive aggregation as indicated by the variable name.",Retained as NA and never replaced by zero; see rejection/source flags where applicable.,"Identifier, descriptive market measure, validation field, or summary statistic as named.",Missing source observations remain NA; zeros are retained only when the source explicitly reports zero.
raw,china_repo_fixing_daily.csv,FDR007,CFETS/ChinaMoney repo fixings,"calculated, configured, or same-named source series","text, category, native source unit, or dimensionless as applicable",daily,"Direct field, documented selection hierarchy, or descriptive aggregation as indicated by the variable name.",Retained as NA and never replaced by zero; see rejection/source flags where applicable.,"Funding, repo, policy, or published lending-rate condition as identified by the source family.",Tenor matching and source family are proxies for marginal trader funding; inspect tenor distance and staleness.
raw,china_repo_fixing_daily.csv,FR001,CFETS/ChinaMoney repo fixings,"calculated, configured, or same-named source series","text, category, native source unit, or dimensionless as applicable",daily,"Direct field, documented selection hierarchy, or descriptive aggregation as indicated by the variable name.",Retained as NA and never replaced by zero; see rejection/source flags where applicable.,"Identifier, descriptive market measure, validation field, or summary statistic as named.",Missing source observations remain NA; zeros are retained only when the source explicitly reports zero.
raw,china_repo_fixing_daily.csv,FR014,CFETS/ChinaMoney repo fixings,"calculated, configured, or same-named source series","text, category, native source unit, or dimensionless as applicable",daily,"Direct field, documented selection hierarchy, or descriptive aggregation as indicated by the variable name.",Retained as NA and never replaced by zero; see rejection/source flags where applicable.,"Identifier, descriptive market measure, validation field, or summary statistic as named.",Missing source observations remain NA; zeros are retained only when the source explicitly reports zero.
raw,china_repo_fixing_daily.csv,FDR014,CFETS/ChinaMoney repo fixings,"calculated, configured, or same-named source series","text, category, native source unit, or dimensionless as applicable",daily,"Direct field, documented selection hierarchy, or descriptive aggregation as indicated by the variable name.",Retained as NA and never replaced by zero; see rejection/source flags where applicable.,"Funding, repo, policy, or published lending-rate condition as identified by the source family.",Tenor matching and source family are proxies for marginal trader funding; inspect tenor distance and staleness.
raw,china_repo_fixing_daily.csv,FDR001,CFETS/ChinaMoney repo fixings,"calculated, configured, or same-named source series","text, category, native source unit, or dimensionless as applicable",daily,"Direct field, documented selection hierarchy, or descriptive aggregation as indicated by the variable name.",Retained as NA and never replaced by zero; see rejection/source flags where applicable.,"Funding, repo, policy, or published lending-rate condition as identified by the source family.",Tenor matching and source family are proxies for marginal trader funding; inspect tenor distance and staleness.
raw,china_repo_fixing_daily.csv,FR007,CFETS/ChinaMoney repo fixings,"calculated, configured, or same-named source series","text, category, native source unit, or dimensionless as applicable",daily,"Direct field, documented selection hierarchy, or descriptive aggregation as indicated by the variable name.",Retained as NA and never replaced by zero; see rejection/source flags where applicable.,"Identifier, descriptive market measure, validation field, or summary statistic as named.",Missing source observations remain NA; zeros are retained only when the source explicitly reports zero.
raw,china_repo_fixing_daily.csv,source,CFETS/ChinaMoney repo fixings,"calculated, configured, or same-named source series","text, category, native source unit, or dimensionless as applicable",daily,"Direct field, documented selection hierarchy, or descriptive aggregation as indicated by the variable name.",Retained as NA and never replaced by zero; see rejection/source flags where applicable.,"Identifier, descriptive market measure, validation field, or summary statistic as named.",Missing source observations remain NA; zeros are retained only when the source explicitly reports zero.
raw,china_repo_fixing_daily.csv,source_url,CFETS/ChinaMoney repo fixings,"calculated, configured, or same-named source series","text, category, native source unit, or dimensionless as applicable",daily,"Direct field, documented selection hierarchy, or descriptive aggregation as indicated by the variable name.",Retained as NA and never replaced by zero; see rejection/source flags where applicable.,"Identifier, descriptive market measure, validation field, or summary statistic as named.",Missing source observations remain NA; zeros are retained only when the source explicitly reports zero.
raw,contracts.csv,secid,Moscow Exchange ISS security descriptions,SECID,"text, category, native source unit, or dimensionless as applicable",contract metadata/as listed,Renamed from the listed original field; numeric/date parsing only unless normalized prices are stated.,Retained as NA and never replaced by zero; see rejection/source flags where applicable.,"Identifier, descriptive market measure, validation field, or summary statistic as named.",Missing source observations remain NA; zeros are retained only when the source explicitly reports zero.
raw,contracts.csv,shortname,Moscow Exchange ISS security descriptions,SHORTNAME,"text, category, native source unit, or dimensionless as applicable",contract metadata/as listed,Renamed from the listed original field; numeric/date parsing only unless normalized prices are stated.,Retained as NA and never replaced by zero; see rejection/source flags where applicable.,"Identifier, descriptive market measure, validation field, or summary statistic as named.",Missing source observations remain NA; zeros are retained only when the source explicitly reports zero.
raw,contracts.csv,contract_name,Moscow Exchange ISS security descriptions,"calculated, configured, or same-named source series","text, category, native source unit, or dimensionless as applicable",contract metadata/as listed,"Direct field, documented selection hierarchy, or descriptive aggregation as indicated by the variable name.",Retained as NA and never replaced by zero; see rejection/source flags where applicable.,"Identifier, descriptive market measure, validation field, or summary statistic as named.",Missing source observations remain NA; zeros are retained only when the source explicitly reports zero.
raw,contracts.csv,asset_code,Moscow Exchange ISS security descriptions,"calculated, configured, or same-named source series","text, category, native source unit, or dimensionless as applicable",contract metadata/as listed,"Direct field, documented selection hierarchy, or descriptive aggregation as indicated by the variable name.",Retained as NA and never replaced by zero; see rejection/source flags where applicable.,"Identifier, descriptive market measure, validation field, or summary statistic as named.",Missing source observations remain NA; zeros are retained only when the source explicitly reports zero.
raw,contracts.csv,first_trade_date,Moscow Exchange ISS security descriptions,FRSTTRADE,ISO date,contract metadata/as listed,Renamed from the listed original field; numeric/date parsing only unless normalized prices are stated.,Retained as NA and never replaced by zero; see rejection/source flags where applicable.,"Identifier, descriptive market measure, validation field, or summary statistic as named.",Missing source observations remain NA; zeros are retained only when the source explicitly reports zero.
raw,contracts.csv,last_trade_date,Moscow Exchange ISS security descriptions,LSTTRADE,ISO date,contract metadata/as listed,Renamed from the listed original field; numeric/date parsing only unless normalized prices are stated.,Retained as NA and never replaced by zero; see rejection/source flags where applicable.,"Identifier, descriptive market measure, validation field, or summary statistic as named.",Missing source observations remain NA; zeros are retained only when the source explicitly reports zero.
raw,contracts.csv,expiry_date,Moscow Exchange ISS security descriptions,LSTDELDATE,ISO date,contract metadata/as listed,Renamed from the listed original field; numeric/date parsing only unless normalized prices are stated.,Retained as NA and never replaced by zero; see rejection/source flags where applicable.,"Identifier, descriptive market measure, validation field, or summary statistic as named.",Missing source observations remain NA; zeros are retained only when the source explicitly reports zero.
raw,contracts.csv,boardid,Moscow Exchange ISS security descriptions,BOARDID,"text, category, native source unit, or dimensionless as applicable",contract metadata/as listed,Renamed from the listed original field; numeric/date parsing only unless normalized prices are stated.,Retained as NA and never replaced by zero; see rejection/source flags where applicable.,"Identifier, descriptive market measure, validation field, or summary statistic as named.",Missing source observations remain NA; zeros are retained only when the source explicitly reports zero.
raw,contracts.csv,decimals,Moscow Exchange ISS security descriptions,"calculated, configured, or same-named source series","text, category, native source unit, or dimensionless as applicable",contract metadata/as listed,"Direct field, documented selection hierarchy, or descriptive aggregation as indicated by the variable name.",Retained as NA and never replaced by zero; see rejection/source flags where applicable.,"Identifier, descriptive market measure, validation field, or summary statistic as named.",Missing source observations remain NA; zeros are retained only when the source explicitly reports zero.
raw,contracts.csv,history_from,Moscow Exchange ISS security descriptions,"calculated, configured, or same-named source series","text, category, native source unit, or dimensionless as applicable",contract metadata/as listed,"Direct field, documented selection hierarchy, or descriptive aggregation as indicated by the variable name.",Retained as NA and never replaced by zero; see rejection/source flags where applicable.,"Identifier, descriptive market measure, validation field, or summary statistic as named.",Missing source observations remain NA; zeros are retained only when the source explicitly reports zero.
raw,contracts.csv,history_till,Moscow Exchange ISS security descriptions,"calculated, configured, or same-named source series","text, category, native source unit, or dimensionless as applicable",contract metadata/as listed,"Direct field, documented selection hierarchy, or descriptive aggregation as indicated by the variable name.",Retained as NA and never replaced by zero; see rejection/source flags where applicable.,"Identifier, descriptive market measure, validation field, or summary statistic as named.",Missing source observations remain NA; zeros are retained only when the source explicitly reports zero.
raw,contracts.csv,listed_from,Moscow Exchange ISS security descriptions,"calculated, configured, or same-named source series","text, category, native source unit, or dimensionless as applicable",contract metadata/as listed,"Direct field, documented selection hierarchy, or descriptive aggregation as indicated by the variable name.",Retained as NA and never replaced by zero; see rejection/source flags where applicable.,"Identifier, descriptive market measure, validation field, or summary statistic as named.",Missing source observations remain NA; zeros are retained only when the source explicitly reports zero.
raw,contracts.csv,listed_till,Moscow Exchange ISS security descriptions,"calculated, configured, or same-named source series","text, category, native source unit, or dimensionless as applicable",contract metadata/as listed,"Direct field, documented selection hierarchy, or descriptive aggregation as indicated by the variable name.",Retained as NA and never replaced by zero; see rejection/source flags where applicable.,"Identifier, descriptive market measure, validation field, or summary statistic as named.",Missing source observations remain NA; zeros are retained only when the source explicitly reports zero.
raw,funding_daily.csv,BOARDID,Moscow Exchange ISS RUSFAR history,BOARDID,"text, category, native source unit, or dimensionless as applicable",daily,Renamed from the listed original field; numeric/date parsing only unless normalized prices are stated.,Retained as NA and never replaced by zero; see rejection/source flags where applicable.,"Identifier, descriptive market measure, validation field, or summary statistic as named.",Missing source observations remain NA; zeros are retained only when the source explicitly reports zero.
raw,funding_daily.csv,SECID,Moscow Exchange ISS RUSFAR history,SECID,"text, category, native source unit, or dimensionless as applicable",daily,Renamed from the listed original field; numeric/date parsing only unless normalized prices are stated.,Retained as NA and never replaced by zero; see rejection/source flags where applicable.,"Identifier, descriptive market measure, validation field, or summary statistic as named.",Missing source observations remain NA; zeros are retained only when the source explicitly reports zero.
raw,funding_daily.csv,TRADEDATE,Moscow Exchange ISS RUSFAR history,TRADEDATE,ISO date,daily,Renamed from the listed original field; numeric/date parsing only unless normalized prices are stated.,Retained as NA and never replaced by zero; see rejection/source flags where applicable.,"Identifier, descriptive market measure, validation field, or summary statistic as named.",Missing source observations remain NA; zeros are retained only when the source explicitly reports zero.
raw,funding_daily.csv,SHORTNAME,Moscow Exchange ISS RUSFAR history,SHORTNAME,"text, category, native source unit, or dimensionless as applicable",daily,Renamed from the listed original field; numeric/date parsing only unless normalized prices are stated.,Retained as NA and never replaced by zero; see rejection/source flags where applicable.,"Identifier, descriptive market measure, validation field, or summary statistic as named.",Missing source observations remain NA; zeros are retained only when the source explicitly reports zero.
raw,funding_daily.csv,NAME,Moscow Exchange ISS RUSFAR history,"calculated, configured, or same-named source series","text, category, native source unit, or dimensionless as applicable",daily,"Direct field, documented selection hierarchy, or descriptive aggregation as indicated by the variable name.",Retained as NA and never replaced by zero; see rejection/source flags where applicable.,"Identifier, descriptive market measure, validation field, or summary statistic as named.",Missing source observations remain NA; zeros are retained only when the source explicitly reports zero.
raw,funding_daily.csv,CLOSE,Moscow Exchange ISS RUSFAR history,CLOSE,RUB per unit of underlying currency (normalized); raw field where named *_raw,daily,Renamed from the listed original field; numeric/date parsing only unless normalized prices are stated.,Retained as NA and never replaced by zero; see rejection/source flags where applicable.,"Exchange, reference, or selected analytical price as identified by the field name.",Missing source observations remain NA; zeros are retained only when the source explicitly reports zero.
raw,funding_daily.csv,OPEN,Moscow Exchange ISS RUSFAR history,OPEN,RUB per unit of underlying currency (normalized); raw field where named *_raw,daily,Renamed from the listed original field; numeric/date parsing only unless normalized prices are stated.,Retained as NA and never replaced by zero; see rejection/source flags where applicable.,"Exchange, reference, or selected analytical price as identified by the field name.",Missing source observations remain NA; zeros are retained only when the source explicitly reports zero.
raw,funding_daily.csv,HIGH,Moscow Exchange ISS RUSFAR history,HIGH,RUB per unit of underlying currency (normalized); raw field where named *_raw,daily,Renamed from the listed original field; numeric/date parsing only unless normalized prices are stated.,Retained as NA and never replaced by zero; see rejection/source flags where applicable.,"Exchange, reference, or selected analytical price as identified by the field name.",Missing source observations remain NA; zeros are retained only when the source explicitly reports zero.
raw,funding_daily.csv,LOW,Moscow Exchange ISS RUSFAR history,LOW,RUB per unit of underlying currency (normalized); raw field where named *_raw,daily,Renamed from the listed original field; numeric/date parsing only unless normalized prices are stated.,Retained as NA and never replaced by zero; see rejection/source flags where applicable.,"Exchange, reference, or selected analytical price as identified by the field name.",Missing source observations remain NA; zeros are retained only when the source explicitly reports zero.
raw,funding_daily.csv,VALUE,Moscow Exchange ISS RUSFAR history,"calculated, configured, or same-named source series","text, category, native source unit, or dimensionless as applicable",daily,"Direct field, documented selection hierarchy, or descriptive aggregation as indicated by the variable name.",Retained as NA and never replaced by zero; see rejection/source flags where applicable.,"Identifier, descriptive market measure, validation field, or summary statistic as named.",Missing source observations remain NA; zeros are retained only when the source explicitly reports zero.
raw,funding_daily.csv,DURATION,Moscow Exchange ISS RUSFAR history,"calculated, configured, or same-named source series",dimensionless,daily,"Direct field, documented selection hierarchy, or descriptive aggregation as indicated by the variable name.",Retained as NA and never replaced by zero; see rejection/source flags where applicable.,"Identifier, descriptive market measure, validation field, or summary statistic as named.",Missing source observations remain NA; zeros are retained only when the source explicitly reports zero.
raw,funding_daily.csv,YIELD,Moscow Exchange ISS RUSFAR history,"calculated, configured, or same-named source series","text, category, native source unit, or dimensionless as applicable",daily,"Direct field, documented selection hierarchy, or descriptive aggregation as indicated by the variable name.",Retained as NA and never replaced by zero; see rejection/source flags where applicable.,"Identifier, descriptive market measure, validation field, or summary statistic as named.",Missing source observations remain NA; zeros are retained only when the source explicitly reports zero.
raw,funding_daily.csv,DECIMALS,Moscow Exchange ISS RUSFAR history,"calculated, configured, or same-named source series","text, category, native source unit, or dimensionless as applicable",daily,"Direct field, documented selection hierarchy, or descriptive aggregation as indicated by the variable name.",Retained as NA and never replaced by zero; see rejection/source flags where applicable.,"Identifier, descriptive market measure, validation field, or summary statistic as named.",Missing source observations remain NA; zeros are retained only when the source explicitly reports zero.
raw,funding_daily.csv,CAPITALIZATION,Moscow Exchange ISS RUSFAR history,"calculated, configured, or same-named source series","text, category, native source unit, or dimensionless as applicable",daily,"Direct field, documented selection hierarchy, or descriptive aggregation as indicated by the variable name.",Retained as NA and never replaced by zero; see rejection/source flags where applicable.,"Identifier, descriptive market measure, validation field, or summary statistic as named.",Missing source observations remain NA; zeros are retained only when the source explicitly reports zero.
raw,funding_daily.csv,CURRENCYID,Moscow Exchange ISS RUSFAR history,"calculated, configured, or same-named source series","text, category, native source unit, or dimensionless as applicable",daily,"Direct field, documented selection hierarchy, or descriptive aggregation as indicated by the variable name.",Retained as NA and never replaced by zero; see rejection/source flags where applicable.,"Identifier, descriptive market measure, validation field, or summary statistic as named.",Missing source observations remain NA; zeros are retained only when the source explicitly reports zero.
raw,funding_daily.csv,DIVISOR,Moscow Exchange ISS RUSFAR history,"calculated, configured, or same-named source series","text, category, native source unit, or dimensionless as applicable",daily,"Direct field, documented selection hierarchy, or descriptive aggregation as indicated by the variable name.",Retained as NA and never replaced by zero; see rejection/source flags where applicable.,"Identifier, descriptive market measure, validation field, or summary statistic as named.",Missing source observations remain NA; zeros are retained only when the source explicitly reports zero.
raw,funding_daily.csv,TRADINGSESSION,Moscow Exchange ISS RUSFAR history,"calculated, configured, or same-named source series","text, category, native source unit, or dimensionless as applicable",daily,"Direct field, documented selection hierarchy, or descriptive aggregation as indicated by the variable name.",Retained as NA and never replaced by zero; see rejection/source flags where applicable.,"Identifier, descriptive market measure, validation field, or summary statistic as named.",Missing source observations remain NA; zeros are retained only when the source explicitly reports zero.
raw,funding_daily.csv,VOLUME,Moscow Exchange ISS RUSFAR history,"calculated, configured, or same-named source series","text, category, native source unit, or dimensionless as applicable",daily,"Direct field, documented selection hierarchy, or descriptive aggregation as indicated by the variable name.",Retained as NA and never replaced by zero; see rejection/source flags where applicable.,Trading flow or a transformation of trading flow.,Missing source observations remain NA; zeros are retained only when the source explicitly reports zero.
raw,funding_daily.csv,TRADE_SESSION_DATE,Moscow Exchange ISS RUSFAR history,"calculated, configured, or same-named source series",ISO date,daily,"Direct field, documented selection hierarchy, or descriptive aggregation as indicated by the variable name.",Retained as NA and never replaced by zero; see rejection/source flags where applicable.,"Identifier, descriptive market measure, validation field, or summary statistic as named.",Missing source observations remain NA; zeros are retained only when the source explicitly reports zero.
raw,funding_daily.csv,RECALC_DATE,Moscow Exchange ISS RUSFAR history,"calculated, configured, or same-named source series",ISO date,daily,"Direct field, documented selection hierarchy, or descriptive aggregation as indicated by the variable name.",Retained as NA and never replaced by zero; see rejection/source flags where applicable.,"Identifier, descriptive market measure, validation field, or summary statistic as named.",Missing source observations remain NA; zeros are retained only when the source explicitly reports zero.
raw,futures_daily.csv,BOARDID,Moscow Exchange ISS (original CNY/RUB core collector),BOARDID,"text, category, native source unit, or dimensionless as applicable",daily,Renamed from the listed original field; numeric/date parsing only unless normalized prices are stated.,Retained as NA and never replaced by zero; see rejection/source flags where applicable.,"Identifier, descriptive market measure, validation field, or summary statistic as named.",Missing source observations remain NA; zeros are retained only when the source explicitly reports zero.
raw,futures_daily.csv,TRADEDATE,Moscow Exchange ISS (original CNY/RUB core collector),TRADEDATE,ISO date,daily,Renamed from the listed original field; numeric/date parsing only unless normalized prices are stated.,Retained as NA and never replaced by zero; see rejection/source flags where applicable.,"Identifier, descriptive market measure, validation field, or summary statistic as named.",Missing source observations remain NA; zeros are retained only when the source explicitly reports zero.
raw,futures_daily.csv,SECID,Moscow Exchange ISS (original CNY/RUB core collector),SECID,"text, category, native source unit, or dimensionless as applicable",daily,Renamed from the listed original field; numeric/date parsing only unless normalized prices are stated.,Retained as NA and never replaced by zero; see rejection/source flags where applicable.,"Identifier, descriptive market measure, validation field, or summary statistic as named.",Missing source observations remain NA; zeros are retained only when the source explicitly reports zero.
raw,futures_daily.csv,OPEN,Moscow Exchange ISS (original CNY/RUB core collector),OPEN,RUB per unit of underlying currency (normalized); raw field where named *_raw,daily,Renamed from the listed original field; numeric/date parsing only unless normalized prices are stated.,Retained as NA and never replaced by zero; see rejection/source flags where applicable.,"Exchange, reference, or selected analytical price as identified by the field name.",Missing source observations remain NA; zeros are retained only when the source explicitly reports zero.
raw,futures_daily.csv,LOW,Moscow Exchange ISS (original CNY/RUB core collector),LOW,RUB per unit of underlying currency (normalized); raw field where named *_raw,daily,Renamed from the listed original field; numeric/date parsing only unless normalized prices are stated.,Retained as NA and never replaced by zero; see rejection/source flags where applicable.,"Exchange, reference, or selected analytical price as identified by the field name.",Missing source observations remain NA; zeros are retained only when the source explicitly reports zero.
raw,futures_daily.csv,HIGH,Moscow Exchange ISS (original CNY/RUB core collector),HIGH,RUB per unit of underlying currency (normalized); raw field where named *_raw,daily,Renamed from the listed original field; numeric/date parsing only unless normalized prices are stated.,Retained as NA and never replaced by zero; see rejection/source flags where applicable.,"Exchange, reference, or selected analytical price as identified by the field name.",Missing source observations remain NA; zeros are retained only when the source explicitly reports zero.
raw,futures_daily.csv,CLOSE,Moscow Exchange ISS (original CNY/RUB core collector),CLOSE,RUB per unit of underlying currency (normalized); raw field where named *_raw,daily,Renamed from the listed original field; numeric/date parsing only unless normalized prices are stated.,Retained as NA and never replaced by zero; see rejection/source flags where applicable.,"Exchange, reference, or selected analytical price as identified by the field name.",Missing source observations remain NA; zeros are retained only when the source explicitly reports zero.
raw,futures_daily.csv,OPENPOSITIONVALUE,Moscow Exchange ISS (original CNY/RUB core collector),"calculated, configured, or same-named source series","text, category, native source unit, or dimensionless as applicable",daily,"Direct field, documented selection hierarchy, or descriptive aggregation as indicated by the variable name.",Retained as NA and never replaced by zero; see rejection/source flags where applicable.,"Identifier, descriptive market measure, validation field, or summary statistic as named.",Missing source observations remain NA; zeros are retained only when the source explicitly reports zero.
raw,futures_daily.csv,VALUE,Moscow Exchange ISS (original CNY/RUB core collector),"calculated, configured, or same-named source series","text, category, native source unit, or dimensionless as applicable",daily,"Direct field, documented selection hierarchy, or descriptive aggregation as indicated by the variable name.",Retained as NA and never replaced by zero; see rejection/source flags where applicable.,"Identifier, descriptive market measure, validation field, or summary statistic as named.",Missing source observations remain NA; zeros are retained only when the source explicitly reports zero.
raw,futures_daily.csv,VOLUME,Moscow Exchange ISS (original CNY/RUB core collector),"calculated, configured, or same-named source series","text, category, native source unit, or dimensionless as applicable",daily,"Direct field, documented selection hierarchy, or descriptive aggregation as indicated by the variable name.",Retained as NA and never replaced by zero; see rejection/source flags where applicable.,Trading flow or a transformation of trading flow.,Missing source observations remain NA; zeros are retained only when the source explicitly reports zero.
raw,futures_daily.csv,OPENPOSITION,Moscow Exchange ISS (original CNY/RUB core collector),"calculated, configured, or same-named source series","text, category, native source unit, or dimensionless as applicable",daily,"Direct field, documented selection hierarchy, or descriptive aggregation as indicated by the variable name.",Retained as NA and never replaced by zero; see rejection/source flags where applicable.,"Identifier, descriptive market measure, validation field, or summary statistic as named.",Missing source observations remain NA; zeros are retained only when the source explicitly reports zero.
raw,futures_daily.csv,SETTLEPRICE,Moscow Exchange ISS (original CNY/RUB core collector),"calculated, configured, or same-named source series",RUB per unit of underlying currency (normalized); raw field where named *_raw,daily,"Direct field, documented selection hierarchy, or descriptive aggregation as indicated by the variable name.",Retained as NA and never replaced by zero; see rejection/source flags where applicable.,"Exchange, reference, or selected analytical price as identified by the field name.",Missing source observations remain NA; zeros are retained only when the source explicitly reports zero.
raw,futures_daily.csv,SWAPRATE,Moscow Exchange ISS (original CNY/RUB core collector),SWAPRATE,"text, category, native source unit, or dimensionless as applicable",daily,Renamed from the listed original field; numeric/date parsing only unless normalized prices are stated.,Retained as NA and never replaced by zero; see rejection/source flags where applicable.,"Funding, repo, policy, or published lending-rate condition as identified by the source family.",Tenor matching and source family are proxies for marginal trader funding; inspect tenor distance and staleness.
raw,futures_daily.csv,WAPRICE,Moscow Exchange ISS (original CNY/RUB core collector),WAPRICE,RUB per unit of underlying currency (normalized); raw field where named *_raw,daily,Renamed from the listed original field; numeric/date parsing only unless normalized prices are stated.,Retained as NA and never replaced by zero; see rejection/source flags where applicable.,"Exchange, reference, or selected analytical price as identified by the field name.",Missing source observations remain NA; zeros are retained only when the source explicitly reports zero.
raw,futures_daily.csv,CHANGE,Moscow Exchange ISS (original CNY/RUB core collector),CHANGE,percent,daily,Renamed from the listed original field; numeric/date parsing only unless normalized prices are stated.,Retained as NA and never replaced by zero; see rejection/source flags where applicable.,"Identifier, descriptive market measure, validation field, or summary statistic as named.",Missing source observations remain NA; zeros are retained only when the source explicitly reports zero.
raw,futures_daily.csv,QTY,Moscow Exchange ISS (original CNY/RUB core collector),QTY,contracts,daily,Renamed from the listed original field; numeric/date parsing only unless normalized prices are stated.,Retained as NA and never replaced by zero; see rejection/source flags where applicable.,"Identifier, descriptive market measure, validation field, or summary statistic as named.",Missing source observations remain NA; zeros are retained only when the source explicitly reports zero.
raw,futures_daily.csv,NUMTRADES,Moscow Exchange ISS (original CNY/RUB core collector),"calculated, configured, or same-named source series","text, category, native source unit, or dimensionless as applicable",daily,"Direct field, documented selection hierarchy, or descriptive aggregation as indicated by the variable name.",Retained as NA and never replaced by zero; see rejection/source flags where applicable.,"Identifier, descriptive market measure, validation field, or summary statistic as named.",Missing source observations remain NA; zeros are retained only when the source explicitly reports zero.
raw,futures_daily.csv,SHORTNAME,Moscow Exchange ISS (original CNY/RUB core collector),SHORTNAME,"text, category, native source unit, or dimensionless as applicable",daily,Renamed from the listed original field; numeric/date parsing only unless normalized prices are stated.,Retained as NA and never replaced by zero; see rejection/source flags where applicable.,"Identifier, descriptive market measure, validation field, or summary statistic as named.",Missing source observations remain NA; zeros are retained only when the source explicitly reports zero.
raw,futures_daily.csv,ASSETCODE,Moscow Exchange ISS (original CNY/RUB core collector),ASSETCODE,"text, category, native source unit, or dimensionless as applicable",daily,Renamed from the listed original field; numeric/date parsing only unless normalized prices are stated.,Retained as NA and never replaced by zero; see rejection/source flags where applicable.,"Identifier, descriptive market measure, validation field, or summary statistic as named.",Missing source observations remain NA; zeros are retained only when the source explicitly reports zero.
raw,fx_futures_contracts.csv,pair,Moscow Exchange ISS security descriptions,"calculated, configured, or same-named source series","text, category, native source unit, or dimensionless as applicable",contract metadata/as listed,"Direct field, documented selection hierarchy, or descriptive aggregation as indicated by the variable name.",Retained as NA and never replaced by zero; see rejection/source flags where applicable.,"Identifier, descriptive market measure, validation field, or summary statistic as named.",Missing source observations remain NA; zeros are retained only when the source explicitly reports zero.
raw,fx_futures_contracts.csv,root,Moscow Exchange ISS security descriptions,"calculated, configured, or same-named source series","text, category, native source unit, or dimensionless as applicable",contract metadata/as listed,"Direct field, documented selection hierarchy, or descriptive aggregation as indicated by the variable name.",Retained as NA and never replaced by zero; see rejection/source flags where applicable.,"Identifier, descriptive market measure, validation field, or summary statistic as named.",Missing source observations remain NA; zeros are retained only when the source explicitly reports zero.
raw,fx_futures_contracts.csv,secid,Moscow Exchange ISS security descriptions,SECID,"text, category, native source unit, or dimensionless as applicable",contract metadata/as listed,Renamed from the listed original field; numeric/date parsing only unless normalized prices are stated.,Retained as NA and never replaced by zero; see rejection/source flags where applicable.,"Identifier, descriptive market measure, validation field, or summary statistic as named.",Missing source observations remain NA; zeros are retained only when the source explicitly reports zero.
raw,fx_futures_contracts.csv,shortname,Moscow Exchange ISS security descriptions,SHORTNAME,"text, category, native source unit, or dimensionless as applicable",contract metadata/as listed,Renamed from the listed original field; numeric/date parsing only unless normalized prices are stated.,Retained as NA and never replaced by zero; see rejection/source flags where applicable.,"Identifier, descriptive market measure, validation field, or summary statistic as named.",Missing source observations remain NA; zeros are retained only when the source explicitly reports zero.
raw,fx_futures_contracts.csv,assetcode,Moscow Exchange ISS security descriptions,ASSETCODE,"text, category, native source unit, or dimensionless as applicable",contract metadata/as listed,Renamed from the listed original field; numeric/date parsing only unless normalized prices are stated.,Retained as NA and never replaced by zero; see rejection/source flags where applicable.,"Identifier, descriptive market measure, validation field, or summary statistic as named.",Missing source observations remain NA; zeros are retained only when the source explicitly reports zero.
raw,fx_futures_contracts.csv,first_trade_date,Moscow Exchange ISS security descriptions,FRSTTRADE,ISO date,contract metadata/as listed,Renamed from the listed original field; numeric/date parsing only unless normalized prices are stated.,Retained as NA and never replaced by zero; see rejection/source flags where applicable.,"Identifier, descriptive market measure, validation field, or summary statistic as named.",Missing source observations remain NA; zeros are retained only when the source explicitly reports zero.
raw,fx_futures_contracts.csv,last_trade_date,Moscow Exchange ISS security descriptions,LSTTRADE,ISO date,contract metadata/as listed,Renamed from the listed original field; numeric/date parsing only unless normalized prices are stated.,Retained as NA and never replaced by zero; see rejection/source flags where applicable.,"Identifier, descriptive market measure, validation field, or summary statistic as named.",Missing source observations remain NA; zeros are retained only when the source explicitly reports zero.
raw,fx_futures_contracts.csv,expiry_date,Moscow Exchange ISS security descriptions,LSTDELDATE,ISO date,contract metadata/as listed,Renamed from the listed original field; numeric/date parsing only unless normalized prices are stated.,Retained as NA and never replaced by zero; see rejection/source flags where applicable.,"Identifier, descriptive market measure, validation field, or summary statistic as named.",Missing source observations remain NA; zeros are retained only when the source explicitly reports zero.
raw,fx_futures_contracts.csv,boardid,Moscow Exchange ISS security descriptions,BOARDID,"text, category, native source unit, or dimensionless as applicable",contract metadata/as listed,Renamed from the listed original field; numeric/date parsing only unless normalized prices are stated.,Retained as NA and never replaced by zero; see rejection/source flags where applicable.,"Identifier, descriptive market measure, validation field, or summary statistic as named.",Missing source observations remain NA; zeros are retained only when the source explicitly reports zero.
raw,fx_futures_contracts.csv,source,Moscow Exchange ISS security descriptions,"calculated, configured, or same-named source series","text, category, native source unit, or dimensionless as applicable",contract metadata/as listed,"Direct field, documented selection hierarchy, or descriptive aggregation as indicated by the variable name.",Retained as NA and never replaced by zero; see rejection/source flags where applicable.,"Identifier, descriptive market measure, validation field, or summary statistic as named.",Missing source observations remain NA; zeros are retained only when the source explicitly reports zero.
raw,fx_futures_contracts.csv,source_url,Moscow Exchange ISS security descriptions,"calculated, configured, or same-named source series","text, category, native source unit, or dimensionless as applicable",contract metadata/as listed,"Direct field, documented selection hierarchy, or descriptive aggregation as indicated by the variable name.",Retained as NA and never replaced by zero; see rejection/source flags where applicable.,"Identifier, descriptive market measure, validation field, or summary statistic as named.",Missing source observations remain NA; zeros are retained only when the source explicitly reports zero.
raw,fx_futures_daily.csv,boardid,Moscow Exchange ISS,BOARDID,"text, category, native source unit, or dimensionless as applicable",daily,Renamed from the listed original field; numeric/date parsing only unless normalized prices are stated.,Retained as NA and never replaced by zero; see rejection/source flags where applicable.,"Identifier, descriptive market measure, validation field, or summary statistic as named.",Missing source observations remain NA; zeros are retained only when the source explicitly reports zero.
raw,fx_futures_daily.csv,tradedate,Moscow Exchange ISS,TRADEDATE,ISO date,daily,Renamed from the listed original field; numeric/date parsing only unless normalized prices are stated.,Retained as NA and never replaced by zero; see rejection/source flags where applicable.,"Identifier, descriptive market measure, validation field, or summary statistic as named.",Missing source observations remain NA; zeros are retained only when the source explicitly reports zero.
raw,fx_futures_daily.csv,secid,Moscow Exchange ISS,SECID,"text, category, native source unit, or dimensionless as applicable",daily,Renamed from the listed original field; numeric/date parsing only unless normalized prices are stated.,Retained as NA and never replaced by zero; see rejection/source flags where applicable.,"Identifier, descriptive market measure, validation field, or summary statistic as named.",Missing source observations remain NA; zeros are retained only when the source explicitly reports zero.
raw,fx_futures_daily.csv,open,Moscow Exchange ISS,OPEN,RUB per unit of underlying currency (normalized); raw field where named *_raw,daily,Renamed from the listed original field; numeric/date parsing only unless normalized prices are stated.,Retained as NA and never replaced by zero; see rejection/source flags where applicable.,"Exchange, reference, or selected analytical price as identified by the field name.",Missing source observations remain NA; zeros are retained only when the source explicitly reports zero.
raw,fx_futures_daily.csv,low,Moscow Exchange ISS,LOW,RUB per unit of underlying currency (normalized); raw field where named *_raw,daily,Renamed from the listed original field; numeric/date parsing only unless normalized prices are stated.,Retained as NA and never replaced by zero; see rejection/source flags where applicable.,"Exchange, reference, or selected analytical price as identified by the field name.",Missing source observations remain NA; zeros are retained only when the source explicitly reports zero.
raw,fx_futures_daily.csv,high,Moscow Exchange ISS,HIGH,RUB per unit of underlying currency (normalized); raw field where named *_raw,daily,Renamed from the listed original field; numeric/date parsing only unless normalized prices are stated.,Retained as NA and never replaced by zero; see rejection/source flags where applicable.,"Exchange, reference, or selected analytical price as identified by the field name.",Missing source observations remain NA; zeros are retained only when the source explicitly reports zero.
raw,fx_futures_daily.csv,close,Moscow Exchange ISS,CLOSE,RUB per unit of underlying currency (normalized); raw field where named *_raw,daily,Renamed from the listed original field; numeric/date parsing only unless normalized prices are stated.,Retained as NA and never replaced by zero; see rejection/source flags where applicable.,"Exchange, reference, or selected analytical price as identified by the field name.",Missing source observations remain NA; zeros are retained only when the source explicitly reports zero.
raw,fx_futures_daily.csv,openpositionvalue,Moscow Exchange ISS,"calculated, configured, or same-named source series","text, category, native source unit, or dimensionless as applicable",daily,"Direct field, documented selection hierarchy, or descriptive aggregation as indicated by the variable name.",Retained as NA and never replaced by zero; see rejection/source flags where applicable.,"Identifier, descriptive market measure, validation field, or summary statistic as named.",Missing source observations remain NA; zeros are retained only when the source explicitly reports zero.
raw,fx_futures_daily.csv,value,Moscow Exchange ISS,"calculated, configured, or same-named source series","text, category, native source unit, or dimensionless as applicable",daily,"Direct field, documented selection hierarchy, or descriptive aggregation as indicated by the variable name.",Retained as NA and never replaced by zero; see rejection/source flags where applicable.,"Identifier, descriptive market measure, validation field, or summary statistic as named.",Missing source observations remain NA; zeros are retained only when the source explicitly reports zero.
raw,fx_futures_daily.csv,volume,Moscow Exchange ISS,"calculated, configured, or same-named source series","text, category, native source unit, or dimensionless as applicable",daily,"Direct field, documented selection hierarchy, or descriptive aggregation as indicated by the variable name.",Retained as NA and never replaced by zero; see rejection/source flags where applicable.,Trading flow or a transformation of trading flow.,Missing source observations remain NA; zeros are retained only when the source explicitly reports zero.
raw,fx_futures_daily.csv,openposition,Moscow Exchange ISS,"calculated, configured, or same-named source series","text, category, native source unit, or dimensionless as applicable",daily,"Direct field, documented selection hierarchy, or descriptive aggregation as indicated by the variable name.",Retained as NA and never replaced by zero; see rejection/source flags where applicable.,"Identifier, descriptive market measure, validation field, or summary statistic as named.",Missing source observations remain NA; zeros are retained only when the source explicitly reports zero.
raw,fx_futures_daily.csv,settleprice,Moscow Exchange ISS,"calculated, configured, or same-named source series",RUB per unit of underlying currency (normalized); raw field where named *_raw,daily,"Direct field, documented selection hierarchy, or descriptive aggregation as indicated by the variable name.",Retained as NA and never replaced by zero; see rejection/source flags where applicable.,"Exchange, reference, or selected analytical price as identified by the field name.",Missing source observations remain NA; zeros are retained only when the source explicitly reports zero.
raw,fx_futures_daily.csv,swaprate,Moscow Exchange ISS,SWAPRATE,"text, category, native source unit, or dimensionless as applicable",daily,Renamed from the listed original field; numeric/date parsing only unless normalized prices are stated.,Retained as NA and never replaced by zero; see rejection/source flags where applicable.,"Funding, repo, policy, or published lending-rate condition as identified by the source family.",Tenor matching and source family are proxies for marginal trader funding; inspect tenor distance and staleness.
raw,fx_futures_daily.csv,waprice,Moscow Exchange ISS,WAPRICE,RUB per unit of underlying currency (normalized); raw field where named *_raw,daily,Renamed from the listed original field; numeric/date parsing only unless normalized prices are stated.,Retained as NA and never replaced by zero; see rejection/source flags where applicable.,"Exchange, reference, or selected analytical price as identified by the field name.",Missing source observations remain NA; zeros are retained only when the source explicitly reports zero.
raw,fx_futures_daily.csv,change,Moscow Exchange ISS,CHANGE,percent,daily,Renamed from the listed original field; numeric/date parsing only unless normalized prices are stated.,Retained as NA and never replaced by zero; see rejection/source flags where applicable.,"Identifier, descriptive market measure, validation field, or summary statistic as named.",Missing source observations remain NA; zeros are retained only when the source explicitly reports zero.
raw,fx_futures_daily.csv,qty,Moscow Exchange ISS,QTY,contracts,daily,Renamed from the listed original field; numeric/date parsing only unless normalized prices are stated.,Retained as NA and never replaced by zero; see rejection/source flags where applicable.,"Identifier, descriptive market measure, validation field, or summary statistic as named.",Missing source observations remain NA; zeros are retained only when the source explicitly reports zero.
raw,fx_futures_daily.csv,numtrades,Moscow Exchange ISS,"calculated, configured, or same-named source series","text, category, native source unit, or dimensionless as applicable",daily,"Direct field, documented selection hierarchy, or descriptive aggregation as indicated by the variable name.",Retained as NA and never replaced by zero; see rejection/source flags where applicable.,"Identifier, descriptive market measure, validation field, or summary statistic as named.",Missing source observations remain NA; zeros are retained only when the source explicitly reports zero.
raw,fx_futures_daily.csv,shortname,Moscow Exchange ISS,SHORTNAME,"text, category, native source unit, or dimensionless as applicable",daily,Renamed from the listed original field; numeric/date parsing only unless normalized prices are stated.,Retained as NA and never replaced by zero; see rejection/source flags where applicable.,"Identifier, descriptive market measure, validation field, or summary statistic as named.",Missing source observations remain NA; zeros are retained only when the source explicitly reports zero.
raw,fx_futures_daily.csv,assetcode,Moscow Exchange ISS,ASSETCODE,"text, category, native source unit, or dimensionless as applicable",daily,Renamed from the listed original field; numeric/date parsing only unless normalized prices are stated.,Retained as NA and never replaced by zero; see rejection/source flags where applicable.,"Identifier, descriptive market measure, validation field, or summary statistic as named.",Missing source observations remain NA; zeros are retained only when the source explicitly reports zero.
raw,fx_futures_daily.csv,pair,Moscow Exchange ISS,"calculated, configured, or same-named source series","text, category, native source unit, or dimensionless as applicable",daily,"Direct field, documented selection hierarchy, or descriptive aggregation as indicated by the variable name.",Retained as NA and never replaced by zero; see rejection/source flags where applicable.,"Identifier, descriptive market measure, validation field, or summary statistic as named.",Missing source observations remain NA; zeros are retained only when the source explicitly reports zero.
raw,fx_futures_daily.csv,root,Moscow Exchange ISS,"calculated, configured, or same-named source series","text, category, native source unit, or dimensionless as applicable",daily,"Direct field, documented selection hierarchy, or descriptive aggregation as indicated by the variable name.",Retained as NA and never replaced by zero; see rejection/source flags where applicable.,"Identifier, descriptive market measure, validation field, or summary statistic as named.",Missing source observations remain NA; zeros are retained only when the source explicitly reports zero.
raw,fx_futures_daily.csv,source,Moscow Exchange ISS,"calculated, configured, or same-named source series","text, category, native source unit, or dimensionless as applicable",daily,"Direct field, documented selection hierarchy, or descriptive aggregation as indicated by the variable name.",Retained as NA and never replaced by zero; see rejection/source flags where applicable.,"Identifier, descriptive market measure, validation field, or summary statistic as named.",Missing source observations remain NA; zeros are retained only when the source explicitly reports zero.
raw,fx_futures_daily.csv,source_url,Moscow Exchange ISS,"calculated, configured, or same-named source series","text, category, native source unit, or dimensionless as applicable",daily,"Direct field, documented selection hierarchy, or descriptive aggregation as indicated by the variable name.",Retained as NA and never replaced by zero; see rejection/source flags where applicable.,"Identifier, descriptive market measure, validation field, or summary statistic as named.",Missing source observations remain NA; zeros are retained only when the source explicitly reports zero.
raw,official_fx_daily.csv,trade_date,Bank of Russia daily official exchange rates,TRADEDATE or observation date,ISO date,daily,Renamed from the listed original field; numeric/date parsing only unless normalized prices are stated.,Retained as NA and never replaced by zero; see rejection/source flags where applicable.,"Identifier, descriptive market measure, validation field, or summary statistic as named.",Missing source observations remain NA; zeros are retained only when the source explicitly reports zero.
raw,official_fx_daily.csv,pair,Bank of Russia daily official exchange rates,"calculated, configured, or same-named source series","text, category, native source unit, or dimensionless as applicable",daily,"Direct field, documented selection hierarchy, or descriptive aggregation as indicated by the variable name.",Retained as NA and never replaced by zero; see rejection/source flags where applicable.,"Identifier, descriptive market measure, validation field, or summary statistic as named.",Missing source observations remain NA; zeros are retained only when the source explicitly reports zero.
raw,official_fx_daily.csv,currency_id,Bank of Russia daily official exchange rates,"calculated, configured, or same-named source series","text, category, native source unit, or dimensionless as applicable",daily,"Direct field, documented selection hierarchy, or descriptive aggregation as indicated by the variable name.",Retained as NA and never replaced by zero; see rejection/source flags where applicable.,"Identifier, descriptive market measure, validation field, or summary statistic as named.",Missing source observations remain NA; zeros are retained only when the source explicitly reports zero.
raw,official_fx_daily.csv,nominal,Bank of Russia daily official exchange rates,"calculated, configured, or same-named source series","text, category, native source unit, or dimensionless as applicable",daily,"Direct field, documented selection hierarchy, or descriptive aggregation as indicated by the variable name.",Retained as NA and never replaced by zero; see rejection/source flags where applicable.,"Identifier, descriptive market measure, validation field, or summary statistic as named.",Missing source observations remain NA; zeros are retained only when the source explicitly reports zero.
raw,official_fx_daily.csv,rub_per_nominal,Bank of Russia daily official exchange rates,"calculated, configured, or same-named source series","text, category, native source unit, or dimensionless as applicable",daily,"Direct field, documented selection hierarchy, or descriptive aggregation as indicated by the variable name.",Retained as NA and never replaced by zero; see rejection/source flags where applicable.,"Identifier, descriptive market measure, validation field, or summary statistic as named.",Missing source observations remain NA; zeros are retained only when the source explicitly reports zero.
raw,official_fx_daily.csv,rub_per_unit,Bank of Russia daily official exchange rates,"calculated, configured, or same-named source series","text, category, native source unit, or dimensionless as applicable",daily,"Direct field, documented selection hierarchy, or descriptive aggregation as indicated by the variable name.",Retained as NA and never replaced by zero; see rejection/source flags where applicable.,"Identifier, descriptive market measure, validation field, or summary statistic as named.",Missing source observations remain NA; zeros are retained only when the source explicitly reports zero.
raw,official_fx_daily.csv,source,Bank of Russia daily official exchange rates,"calculated, configured, or same-named source series","text, category, native source unit, or dimensionless as applicable",daily,"Direct field, documented selection hierarchy, or descriptive aggregation as indicated by the variable name.",Retained as NA and never replaced by zero; see rejection/source flags where applicable.,"Identifier, descriptive market measure, validation field, or summary statistic as named.",Missing source observations remain NA; zeros are retained only when the source explicitly reports zero.
raw,official_fx_daily.csv,source_url,Bank of Russia daily official exchange rates,"calculated, configured, or same-named source series","text, category, native source unit, or dimensionless as applicable",daily,"Direct field, documented selection hierarchy, or descriptive aggregation as indicated by the variable name.",Retained as NA and never replaced by zero; see rejection/source flags where applicable.,"Identifier, descriptive market measure, validation field, or summary statistic as named.",Missing source observations remain NA; zeros are retained only when the source explicitly reports zero.
raw,option_contracts.csv,secid,Moscow Exchange ISS exact security descriptions; series-code derivation where recorded,SECID,"text, category, native source unit, or dimensionless as applicable",contract metadata/as listed,Renamed from the listed original field; numeric/date parsing only unless normalized prices are stated.,Retained as NA and never replaced by zero; see rejection/source flags where applicable.,"Identifier, descriptive market measure, validation field, or summary statistic as named.",Missing source observations remain NA; zeros are retained only when the source explicitly reports zero.
raw,option_contracts.csv,shortname,Moscow Exchange ISS exact security descriptions; series-code derivation where recorded,SHORTNAME,"text, category, native source unit, or dimensionless as applicable",contract metadata/as listed,Renamed from the listed original field; numeric/date parsing only unless normalized prices are stated.,Retained as NA and never replaced by zero; see rejection/source flags where applicable.,"Identifier, descriptive market measure, validation field, or summary statistic as named.",Missing source observations remain NA; zeros are retained only when the source explicitly reports zero.
raw,option_contracts.csv,name,Moscow Exchange ISS exact security descriptions; series-code derivation where recorded,"calculated, configured, or same-named source series","text, category, native source unit, or dimensionless as applicable",contract metadata/as listed,"Direct field, documented selection hierarchy, or descriptive aggregation as indicated by the variable name.",Retained as NA and never replaced by zero; see rejection/source flags where applicable.,"Identifier, descriptive market measure, validation field, or summary statistic as named.",Missing source observations remain NA; zeros are retained only when the source explicitly reports zero.
raw,option_contracts.csv,assetcode,Moscow Exchange ISS exact security descriptions; series-code derivation where recorded,ASSETCODE,"text, category, native source unit, or dimensionless as applicable",contract metadata/as listed,Renamed from the listed original field; numeric/date parsing only unless normalized prices are stated.,Retained as NA and never replaced by zero; see rejection/source flags where applicable.,"Identifier, descriptive market measure, validation field, or summary statistic as named.",Missing source observations remain NA; zeros are retained only when the source explicitly reports zero.
raw,option_contracts.csv,option_type_original,Moscow Exchange ISS exact security descriptions; series-code derivation where recorded,"calculated, configured, or same-named source series","text, category, native source unit, or dimensionless as applicable",contract metadata/as listed,"Direct field, documented selection hierarchy, or descriptive aggregation as indicated by the variable name.",Retained as NA and never replaced by zero; see rejection/source flags where applicable.,"Identifier, descriptive market measure, validation field, or summary statistic as named.",Missing source observations remain NA; zeros are retained only when the source explicitly reports zero.
raw,option_contracts.csv,option_type,Moscow Exchange ISS exact security descriptions; series-code derivation where recorded,OPTIONTYPE,"text, category, native source unit, or dimensionless as applicable",contract metadata/as listed,Renamed from the listed original field; numeric/date parsing only unless normalized prices are stated.,Retained as NA and never replaced by zero; see rejection/source flags where applicable.,"Identifier, descriptive market measure, validation field, or summary statistic as named.",Missing source observations remain NA; zeros are retained only when the source explicitly reports zero.
raw,option_contracts.csv,strike,Moscow Exchange ISS exact security descriptions; series-code derivation where recorded,STRIKE,RUB per unit of underlying currency (normalized); raw field where named *_raw,contract metadata/as listed,Renamed from the listed original field; numeric/date parsing only unless normalized prices are stated.,Retained as NA and never replaced by zero; see rejection/source flags where applicable.,"Exchange, reference, or selected analytical price as identified by the field name.",Missing source observations remain NA; zeros are retained only when the source explicitly reports zero.
raw,option_contracts.csv,first_trade_date,Moscow Exchange ISS exact security descriptions; series-code derivation where recorded,FRSTTRADE,ISO date,contract metadata/as listed,Renamed from the listed original field; numeric/date parsing only unless normalized prices are stated.,Retained as NA and never replaced by zero; see rejection/source flags where applicable.,"Identifier, descriptive market measure, validation field, or summary statistic as named.",Missing source observations remain NA; zeros are retained only when the source explicitly reports zero.
raw,option_contracts.csv,last_trade_date,Moscow Exchange ISS exact security descriptions; series-code derivation where recorded,LSTTRADE,ISO date,contract metadata/as listed,Renamed from the listed original field; numeric/date parsing only unless normalized prices are stated.,Retained as NA and never replaced by zero; see rejection/source flags where applicable.,"Identifier, descriptive market measure, validation field, or summary statistic as named.",Missing source observations remain NA; zeros are retained only when the source explicitly reports zero.
raw,option_contracts.csv,option_expiration_date,Moscow Exchange ISS exact security descriptions; series-code derivation where recorded,LSTDELDATE,ISO date,contract metadata/as listed,Renamed from the listed original field; numeric/date parsing only unless normalized prices are stated.,Retained as NA and never replaced by zero; see rejection/source flags where applicable.,"Identifier, descriptive market measure, validation field, or summary statistic as named.",Missing source observations remain NA; zeros are retained only when the source explicitly reports zero.
raw,option_contracts.csv,underlying_futures_secid,Moscow Exchange ISS exact security descriptions; series-code derivation where recorded,UNDERLYINGASSET,"text, category, native source unit, or dimensionless as applicable",contract metadata/as listed,Renamed from the listed original field; numeric/date parsing only unless normalized prices are stated.,Retained as NA and never replaced by zero; see rejection/source flags where applicable.,"Identifier, descriptive market measure, validation field, or summary statistic as named.",Missing source observations remain NA; zeros are retained only when the source explicitly reports zero.
raw,option_contracts.csv,futures_expiration_date,Moscow Exchange ISS exact security descriptions; series-code derivation where recorded,underlying futures LSTDELDATE,ISO date,contract metadata/as listed,Renamed from the listed original field; numeric/date parsing only unless normalized prices are stated.,Retained as NA and never replaced by zero; see rejection/source flags where applicable.,"Identifier, descriptive market measure, validation field, or summary statistic as named.",Missing source observations remain NA; zeros are retained only when the source explicitly reports zero.
raw,option_contracts.csv,exercise_style,Moscow Exchange ISS exact security descriptions; series-code derivation where recorded,"calculated, configured, or same-named source series","text, category, native source unit, or dimensionless as applicable",contract metadata/as listed,"Direct field, documented selection hierarchy, or descriptive aggregation as indicated by the variable name.",Retained as NA and never replaced by zero; see rejection/source flags where applicable.,"Identifier, descriptive market measure, validation field, or summary statistic as named.",Missing source observations remain NA; zeros are retained only when the source explicitly reports zero.
raw,option_contracts.csv,margin_style,Moscow Exchange ISS exact security descriptions; series-code derivation where recorded,"calculated, configured, or same-named source series","text, category, native source unit, or dimensionless as applicable",contract metadata/as listed,"Direct field, documented selection hierarchy, or descriptive aggregation as indicated by the variable name.",Retained as NA and never replaced by zero; see rejection/source flags where applicable.,"Identifier, descriptive market measure, validation field, or summary statistic as named.",Missing source observations remain NA; zeros are retained only when the source explicitly reports zero.
raw,option_contracts.csv,settlement_type,Moscow Exchange ISS exact security descriptions; series-code derivation where recorded,"calculated, configured, or same-named source series","text, category, native source unit, or dimensionless as applicable",contract metadata/as listed,"Direct field, documented selection hierarchy, or descriptive aggregation as indicated by the variable name.",Retained as NA and never replaced by zero; see rejection/source flags where applicable.,"Identifier, descriptive market measure, validation field, or summary statistic as named.",Missing source observations remain NA; zeros are retained only when the source explicitly reports zero.
raw,option_contracts.csv,delivery_type,Moscow Exchange ISS exact security descriptions; series-code derivation where recorded,"calculated, configured, or same-named source series","text, category, native source unit, or dimensionless as applicable",contract metadata/as listed,"Direct field, documented selection hierarchy, or descriptive aggregation as indicated by the variable name.",Retained as NA and never replaced by zero; see rejection/source flags where applicable.,"Identifier, descriptive market measure, validation field, or summary statistic as named.",Missing source observations remain NA; zeros are retained only when the source explicitly reports zero.
raw,option_contracts.csv,quotation_unit,Moscow Exchange ISS exact security descriptions; series-code derivation where recorded,"calculated, configured, or same-named source series","text, category, native source unit, or dimensionless as applicable",contract metadata/as listed,"Direct field, documented selection hierarchy, or descriptive aggregation as indicated by the variable name.",Retained as NA and never replaced by zero; see rejection/source flags where applicable.,"Identifier, descriptive market measure, validation field, or summary statistic as named.",Missing source observations remain NA; zeros are retained only when the source explicitly reports zero.
raw,option_contracts.csv,face_currency,Moscow Exchange ISS exact security descriptions; series-code derivation where recorded,"calculated, configured, or same-named source series","text, category, native source unit, or dimensionless as applicable",contract metadata/as listed,"Direct field, documented selection hierarchy, or descriptive aggregation as indicated by the variable name.",Retained as NA and never replaced by zero; see rejection/source flags where applicable.,"Identifier, descriptive market measure, validation field, or summary statistic as named.",Missing source observations remain NA; zeros are retained only when the source explicitly reports zero.
raw,option_contracts.csv,series_name,Moscow Exchange ISS exact security descriptions; series-code derivation where recorded,"calculated, configured, or same-named source series","text, category, native source unit, or dimensionless as applicable",contract metadata/as listed,"Direct field, documented selection hierarchy, or descriptive aggregation as indicated by the variable name.",Retained as NA and never replaced by zero; see rejection/source flags where applicable.,"Identifier, descriptive market measure, validation field, or summary statistic as named.",Missing source observations remain NA; zeros are retained only when the source explicitly reports zero.
raw,option_contracts.csv,source,Moscow Exchange ISS exact security descriptions; series-code derivation where recorded,"calculated, configured, or same-named source series","text, category, native source unit, or dimensionless as applicable",contract metadata/as listed,"Direct field, documented selection hierarchy, or descriptive aggregation as indicated by the variable name.",Retained as NA and never replaced by zero; see rejection/source flags where applicable.,"Identifier, descriptive market measure, validation field, or summary statistic as named.",Missing source observations remain NA; zeros are retained only when the source explicitly reports zero.
raw,option_contracts.csv,source_url,Moscow Exchange ISS exact security descriptions; series-code derivation where recorded,"calculated, configured, or same-named source series","text, category, native source unit, or dimensionless as applicable",contract metadata/as listed,"Direct field, documented selection hierarchy, or descriptive aggregation as indicated by the variable name.",Retained as NA and never replaced by zero; see rejection/source flags where applicable.,"Identifier, descriptive market measure, validation field, or summary statistic as named.",Missing source observations remain NA; zeros are retained only when the source explicitly reports zero.
raw,option_contracts.csv,exercise_style_original,Moscow Exchange ISS exact security descriptions; series-code derivation where recorded,"calculated, configured, or same-named source series","text, category, native source unit, or dimensionless as applicable",contract metadata/as listed,"Direct field, documented selection hierarchy, or descriptive aggregation as indicated by the variable name.",Retained as NA and never replaced by zero; see rejection/source flags where applicable.,"Identifier, descriptive market measure, validation field, or summary statistic as named.",Missing source observations remain NA; zeros are retained only when the source explicitly reports zero.
raw,option_contracts.csv,margin_style_original,Moscow Exchange ISS exact security descriptions; series-code derivation where recorded,"calculated, configured, or same-named source series","text, category, native source unit, or dimensionless as applicable",contract metadata/as listed,"Direct field, documented selection hierarchy, or descriptive aggregation as indicated by the variable name.",Retained as NA and never replaced by zero; see rejection/source flags where applicable.,"Identifier, descriptive market measure, validation field, or summary statistic as named.",Missing source observations remain NA; zeros are retained only when the source explicitly reports zero.
raw,option_contracts.csv,premium_style,Moscow Exchange ISS exact security descriptions; series-code derivation where recorded,"calculated, configured, or same-named source series","text, category, native source unit, or dimensionless as applicable",contract metadata/as listed,"Direct field, documented selection hierarchy, or descriptive aggregation as indicated by the variable name.",Retained as NA and never replaced by zero; see rejection/source flags where applicable.,"Identifier, descriptive market measure, validation field, or summary statistic as named.",Missing source observations remain NA; zeros are retained only when the source explicitly reports zero.
raw,option_contracts.csv,metadata_resolution_method,Moscow Exchange ISS exact security descriptions; series-code derivation where recorded,"calculated, configured, or same-named source series","text, category, native source unit, or dimensionless as applicable",contract metadata/as listed,"Direct field, documented selection hierarchy, or descriptive aggregation as indicated by the variable name.",Retained as NA and never replaced by zero; see rejection/source flags where applicable.,"Identifier, descriptive market measure, validation field, or summary statistic as named.",Missing source observations remain NA; zeros are retained only when the source explicitly reports zero.
raw,option_contracts.csv,series_code,Moscow Exchange ISS exact security descriptions; series-code derivation where recorded,"calculated, configured, or same-named source series","text, category, native source unit, or dimensionless as applicable",contract metadata/as listed,"Direct field, documented selection hierarchy, or descriptive aggregation as indicated by the variable name.",Retained as NA and never replaced by zero; see rejection/source flags where applicable.,"Identifier, descriptive market measure, validation field, or summary statistic as named.",Missing source observations remain NA; zeros are retained only when the source explicitly reports zero.
raw,option_contracts_resolved.csv,secid,Moscow Exchange ISS exact security descriptions; series-code derivation where recorded,SECID,"text, category, native source unit, or dimensionless as applicable",contract metadata/as listed,Renamed from the listed original field; numeric/date parsing only unless normalized prices are stated.,Retained as NA and never replaced by zero; see rejection/source flags where applicable.,"Identifier, descriptive market measure, validation field, or summary statistic as named.",Missing source observations remain NA; zeros are retained only when the source explicitly reports zero.
raw,option_contracts_resolved.csv,shortname,Moscow Exchange ISS exact security descriptions; series-code derivation where recorded,SHORTNAME,"text, category, native source unit, or dimensionless as applicable",contract metadata/as listed,Renamed from the listed original field; numeric/date parsing only unless normalized prices are stated.,Retained as NA and never replaced by zero; see rejection/source flags where applicable.,"Identifier, descriptive market measure, validation field, or summary statistic as named.",Missing source observations remain NA; zeros are retained only when the source explicitly reports zero.
raw,option_contracts_resolved.csv,name,Moscow Exchange ISS exact security descriptions; series-code derivation where recorded,"calculated, configured, or same-named source series","text, category, native source unit, or dimensionless as applicable",contract metadata/as listed,"Direct field, documented selection hierarchy, or descriptive aggregation as indicated by the variable name.",Retained as NA and never replaced by zero; see rejection/source flags where applicable.,"Identifier, descriptive market measure, validation field, or summary statistic as named.",Missing source observations remain NA; zeros are retained only when the source explicitly reports zero.
raw,option_contracts_resolved.csv,assetcode,Moscow Exchange ISS exact security descriptions; series-code derivation where recorded,ASSETCODE,"text, category, native source unit, or dimensionless as applicable",contract metadata/as listed,Renamed from the listed original field; numeric/date parsing only unless normalized prices are stated.,Retained as NA and never replaced by zero; see rejection/source flags where applicable.,"Identifier, descriptive market measure, validation field, or summary statistic as named.",Missing source observations remain NA; zeros are retained only when the source explicitly reports zero.
raw,option_contracts_resolved.csv,option_type_original,Moscow Exchange ISS exact security descriptions; series-code derivation where recorded,"calculated, configured, or same-named source series","text, category, native source unit, or dimensionless as applicable",contract metadata/as listed,"Direct field, documented selection hierarchy, or descriptive aggregation as indicated by the variable name.",Retained as NA and never replaced by zero; see rejection/source flags where applicable.,"Identifier, descriptive market measure, validation field, or summary statistic as named.",Missing source observations remain NA; zeros are retained only when the source explicitly reports zero.
raw,option_contracts_resolved.csv,option_type,Moscow Exchange ISS exact security descriptions; series-code derivation where recorded,OPTIONTYPE,"text, category, native source unit, or dimensionless as applicable",contract metadata/as listed,Renamed from the listed original field; numeric/date parsing only unless normalized prices are stated.,Retained as NA and never replaced by zero; see rejection/source flags where applicable.,"Identifier, descriptive market measure, validation field, or summary statistic as named.",Missing source observations remain NA; zeros are retained only when the source explicitly reports zero.
raw,option_contracts_resolved.csv,strike,Moscow Exchange ISS exact security descriptions; series-code derivation where recorded,STRIKE,RUB per unit of underlying currency (normalized); raw field where named *_raw,contract metadata/as listed,Renamed from the listed original field; numeric/date parsing only unless normalized prices are stated.,Retained as NA and never replaced by zero; see rejection/source flags where applicable.,"Exchange, reference, or selected analytical price as identified by the field name.",Missing source observations remain NA; zeros are retained only when the source explicitly reports zero.
raw,option_contracts_resolved.csv,first_trade_date,Moscow Exchange ISS exact security descriptions; series-code derivation where recorded,FRSTTRADE,ISO date,contract metadata/as listed,Renamed from the listed original field; numeric/date parsing only unless normalized prices are stated.,Retained as NA and never replaced by zero; see rejection/source flags where applicable.,"Identifier, descriptive market measure, validation field, or summary statistic as named.",Missing source observations remain NA; zeros are retained only when the source explicitly reports zero.
raw,option_contracts_resolved.csv,last_trade_date,Moscow Exchange ISS exact security descriptions; series-code derivation where recorded,LSTTRADE,ISO date,contract metadata/as listed,Renamed from the listed original field; numeric/date parsing only unless normalized prices are stated.,Retained as NA and never replaced by zero; see rejection/source flags where applicable.,"Identifier, descriptive market measure, validation field, or summary statistic as named.",Missing source observations remain NA; zeros are retained only when the source explicitly reports zero.
raw,option_contracts_resolved.csv,option_expiration_date,Moscow Exchange ISS exact security descriptions; series-code derivation where recorded,LSTDELDATE,ISO date,contract metadata/as listed,Renamed from the listed original field; numeric/date parsing only unless normalized prices are stated.,Retained as NA and never replaced by zero; see rejection/source flags where applicable.,"Identifier, descriptive market measure, validation field, or summary statistic as named.",Missing source observations remain NA; zeros are retained only when the source explicitly reports zero.
raw,option_contracts_resolved.csv,underlying_futures_secid,Moscow Exchange ISS exact security descriptions; series-code derivation where recorded,UNDERLYINGASSET,"text, category, native source unit, or dimensionless as applicable",contract metadata/as listed,Renamed from the listed original field; numeric/date parsing only unless normalized prices are stated.,Retained as NA and never replaced by zero; see rejection/source flags where applicable.,"Identifier, descriptive market measure, validation field, or summary statistic as named.",Missing source observations remain NA; zeros are retained only when the source explicitly reports zero.
raw,option_contracts_resolved.csv,futures_expiration_date,Moscow Exchange ISS exact security descriptions; series-code derivation where recorded,underlying futures LSTDELDATE,ISO date,contract metadata/as listed,Renamed from the listed original field; numeric/date parsing only unless normalized prices are stated.,Retained as NA and never replaced by zero; see rejection/source flags where applicable.,"Identifier, descriptive market measure, validation field, or summary statistic as named.",Missing source observations remain NA; zeros are retained only when the source explicitly reports zero.
raw,option_contracts_resolved.csv,exercise_style,Moscow Exchange ISS exact security descriptions; series-code derivation where recorded,"calculated, configured, or same-named source series","text, category, native source unit, or dimensionless as applicable",contract metadata/as listed,"Direct field, documented selection hierarchy, or descriptive aggregation as indicated by the variable name.",Retained as NA and never replaced by zero; see rejection/source flags where applicable.,"Identifier, descriptive market measure, validation field, or summary statistic as named.",Missing source observations remain NA; zeros are retained only when the source explicitly reports zero.
raw,option_contracts_resolved.csv,margin_style,Moscow Exchange ISS exact security descriptions; series-code derivation where recorded,"calculated, configured, or same-named source series","text, category, native source unit, or dimensionless as applicable",contract metadata/as listed,"Direct field, documented selection hierarchy, or descriptive aggregation as indicated by the variable name.",Retained as NA and never replaced by zero; see rejection/source flags where applicable.,"Identifier, descriptive market measure, validation field, or summary statistic as named.",Missing source observations remain NA; zeros are retained only when the source explicitly reports zero.
raw,option_contracts_resolved.csv,settlement_type,Moscow Exchange ISS exact security descriptions; series-code derivation where recorded,"calculated, configured, or same-named source series","text, category, native source unit, or dimensionless as applicable",contract metadata/as listed,"Direct field, documented selection hierarchy, or descriptive aggregation as indicated by the variable name.",Retained as NA and never replaced by zero; see rejection/source flags where applicable.,"Identifier, descriptive market measure, validation field, or summary statistic as named.",Missing source observations remain NA; zeros are retained only when the source explicitly reports zero.
raw,option_contracts_resolved.csv,delivery_type,Moscow Exchange ISS exact security descriptions; series-code derivation where recorded,"calculated, configured, or same-named source series","text, category, native source unit, or dimensionless as applicable",contract metadata/as listed,"Direct field, documented selection hierarchy, or descriptive aggregation as indicated by the variable name.",Retained as NA and never replaced by zero; see rejection/source flags where applicable.,"Identifier, descriptive market measure, validation field, or summary statistic as named.",Missing source observations remain NA; zeros are retained only when the source explicitly reports zero.
raw,option_contracts_resolved.csv,quotation_unit,Moscow Exchange ISS exact security descriptions; series-code derivation where recorded,"calculated, configured, or same-named source series","text, category, native source unit, or dimensionless as applicable",contract metadata/as listed,"Direct field, documented selection hierarchy, or descriptive aggregation as indicated by the variable name.",Retained as NA and never replaced by zero; see rejection/source flags where applicable.,"Identifier, descriptive market measure, validation field, or summary statistic as named.",Missing source observations remain NA; zeros are retained only when the source explicitly reports zero.
raw,option_contracts_resolved.csv,face_currency,Moscow Exchange ISS exact security descriptions; series-code derivation where recorded,"calculated, configured, or same-named source series","text, category, native source unit, or dimensionless as applicable",contract metadata/as listed,"Direct field, documented selection hierarchy, or descriptive aggregation as indicated by the variable name.",Retained as NA and never replaced by zero; see rejection/source flags where applicable.,"Identifier, descriptive market measure, validation field, or summary statistic as named.",Missing source observations remain NA; zeros are retained only when the source explicitly reports zero.
raw,option_contracts_resolved.csv,series_name,Moscow Exchange ISS exact security descriptions; series-code derivation where recorded,"calculated, configured, or same-named source series","text, category, native source unit, or dimensionless as applicable",contract metadata/as listed,"Direct field, documented selection hierarchy, or descriptive aggregation as indicated by the variable name.",Retained as NA and never replaced by zero; see rejection/source flags where applicable.,"Identifier, descriptive market measure, validation field, or summary statistic as named.",Missing source observations remain NA; zeros are retained only when the source explicitly reports zero.
raw,option_contracts_resolved.csv,source,Moscow Exchange ISS exact security descriptions; series-code derivation where recorded,"calculated, configured, or same-named source series","text, category, native source unit, or dimensionless as applicable",contract metadata/as listed,"Direct field, documented selection hierarchy, or descriptive aggregation as indicated by the variable name.",Retained as NA and never replaced by zero; see rejection/source flags where applicable.,"Identifier, descriptive market measure, validation field, or summary statistic as named.",Missing source observations remain NA; zeros are retained only when the source explicitly reports zero.
raw,option_contracts_resolved.csv,source_url,Moscow Exchange ISS exact security descriptions; series-code derivation where recorded,"calculated, configured, or same-named source series","text, category, native source unit, or dimensionless as applicable",contract metadata/as listed,"Direct field, documented selection hierarchy, or descriptive aggregation as indicated by the variable name.",Retained as NA and never replaced by zero; see rejection/source flags where applicable.,"Identifier, descriptive market measure, validation field, or summary statistic as named.",Missing source observations remain NA; zeros are retained only when the source explicitly reports zero.
raw,option_contracts_resolved.csv,exercise_style_original,Moscow Exchange ISS exact security descriptions; series-code derivation where recorded,"calculated, configured, or same-named source series","text, category, native source unit, or dimensionless as applicable",contract metadata/as listed,"Direct field, documented selection hierarchy, or descriptive aggregation as indicated by the variable name.",Retained as NA and never replaced by zero; see rejection/source flags where applicable.,"Identifier, descriptive market measure, validation field, or summary statistic as named.",Missing source observations remain NA; zeros are retained only when the source explicitly reports zero.
raw,option_contracts_resolved.csv,margin_style_original,Moscow Exchange ISS exact security descriptions; series-code derivation where recorded,"calculated, configured, or same-named source series","text, category, native source unit, or dimensionless as applicable",contract metadata/as listed,"Direct field, documented selection hierarchy, or descriptive aggregation as indicated by the variable name.",Retained as NA and never replaced by zero; see rejection/source flags where applicable.,"Identifier, descriptive market measure, validation field, or summary statistic as named.",Missing source observations remain NA; zeros are retained only when the source explicitly reports zero.
raw,option_contracts_resolved.csv,premium_style,Moscow Exchange ISS exact security descriptions; series-code derivation where recorded,"calculated, configured, or same-named source series","text, category, native source unit, or dimensionless as applicable",contract metadata/as listed,"Direct field, documented selection hierarchy, or descriptive aggregation as indicated by the variable name.",Retained as NA and never replaced by zero; see rejection/source flags where applicable.,"Identifier, descriptive market measure, validation field, or summary statistic as named.",Missing source observations remain NA; zeros are retained only when the source explicitly reports zero.
raw,option_contracts_resolved.csv,metadata_resolution_method,Moscow Exchange ISS exact security descriptions; series-code derivation where recorded,"calculated, configured, or same-named source series","text, category, native source unit, or dimensionless as applicable",contract metadata/as listed,"Direct field, documented selection hierarchy, or descriptive aggregation as indicated by the variable name.",Retained as NA and never replaced by zero; see rejection/source flags where applicable.,"Identifier, descriptive market measure, validation field, or summary statistic as named.",Missing source observations remain NA; zeros are retained only when the source explicitly reports zero.
raw,option_contracts_resolved.csv,series_code,Moscow Exchange ISS exact security descriptions; series-code derivation where recorded,"calculated, configured, or same-named source series","text, category, native source unit, or dimensionless as applicable",contract metadata/as listed,"Direct field, documented selection hierarchy, or descriptive aggregation as indicated by the variable name.",Retained as NA and never replaced by zero; see rejection/source flags where applicable.,"Identifier, descriptive market measure, validation field, or summary statistic as named.",Missing source observations remain NA; zeros are retained only when the source explicitly reports zero.
raw,options_daily.csv,boardid,Moscow Exchange ISS options history,BOARDID,"text, category, native source unit, or dimensionless as applicable",daily,Renamed from the listed original field; numeric/date parsing only unless normalized prices are stated.,Retained as NA and never replaced by zero; see rejection/source flags where applicable.,"Identifier, descriptive market measure, validation field, or summary statistic as named.",Missing source observations remain NA; zeros are retained only when the source explicitly reports zero.
raw,options_daily.csv,tradedate,Moscow Exchange ISS options history,TRADEDATE,ISO date,daily,Renamed from the listed original field; numeric/date parsing only unless normalized prices are stated.,Retained as NA and never replaced by zero; see rejection/source flags where applicable.,"Identifier, descriptive market measure, validation field, or summary statistic as named.",Missing source observations remain NA; zeros are retained only when the source explicitly reports zero.
raw,options_daily.csv,secid,Moscow Exchange ISS options history,SECID,"text, category, native source unit, or dimensionless as applicable",daily,Renamed from the listed original field; numeric/date parsing only unless normalized prices are stated.,Retained as NA and never replaced by zero; see rejection/source flags where applicable.,"Identifier, descriptive market measure, validation field, or summary statistic as named.",Missing source observations remain NA; zeros are retained only when the source explicitly reports zero.
raw,options_daily.csv,open,Moscow Exchange ISS options history,OPEN,RUB per unit of underlying currency (normalized); raw field where named *_raw,daily,Renamed from the listed original field; numeric/date parsing only unless normalized prices are stated.,Retained as NA and never replaced by zero; see rejection/source flags where applicable.,"Exchange, reference, or selected analytical price as identified by the field name.",Missing source observations remain NA; zeros are retained only when the source explicitly reports zero.
raw,options_daily.csv,low,Moscow Exchange ISS options history,LOW,RUB per unit of underlying currency (normalized); raw field where named *_raw,daily,Renamed from the listed original field; numeric/date parsing only unless normalized prices are stated.,Retained as NA and never replaced by zero; see rejection/source flags where applicable.,"Exchange, reference, or selected analytical price as identified by the field name.",Missing source observations remain NA; zeros are retained only when the source explicitly reports zero.
raw,options_daily.csv,high,Moscow Exchange ISS options history,HIGH,RUB per unit of underlying currency (normalized); raw field where named *_raw,daily,Renamed from the listed original field; numeric/date parsing only unless normalized prices are stated.,Retained as NA and never replaced by zero; see rejection/source flags where applicable.,"Exchange, reference, or selected analytical price as identified by the field name.",Missing source observations remain NA; zeros are retained only when the source explicitly reports zero.
raw,options_daily.csv,close,Moscow Exchange ISS options history,CLOSE,RUB per unit of underlying currency (normalized); raw field where named *_raw,daily,Renamed from the listed original field; numeric/date parsing only unless normalized prices are stated.,Retained as NA and never replaced by zero; see rejection/source flags where applicable.,"Exchange, reference, or selected analytical price as identified by the field name.",Missing source observations remain NA; zeros are retained only when the source explicitly reports zero.
raw,options_daily.csv,openpositionvalue,Moscow Exchange ISS options history,"calculated, configured, or same-named source series","text, category, native source unit, or dimensionless as applicable",daily,"Direct field, documented selection hierarchy, or descriptive aggregation as indicated by the variable name.",Retained as NA and never replaced by zero; see rejection/source flags where applicable.,"Identifier, descriptive market measure, validation field, or summary statistic as named.",Missing source observations remain NA; zeros are retained only when the source explicitly reports zero.
raw,options_daily.csv,value,Moscow Exchange ISS options history,"calculated, configured, or same-named source series","text, category, native source unit, or dimensionless as applicable",daily,"Direct field, documented selection hierarchy, or descriptive aggregation as indicated by the variable name.",Retained as NA and never replaced by zero; see rejection/source flags where applicable.,"Identifier, descriptive market measure, validation field, or summary statistic as named.",Missing source observations remain NA; zeros are retained only when the source explicitly reports zero.
raw,options_daily.csv,volume,Moscow Exchange ISS options history,"calculated, configured, or same-named source series","text, category, native source unit, or dimensionless as applicable",daily,"Direct field, documented selection hierarchy, or descriptive aggregation as indicated by the variable name.",Retained as NA and never replaced by zero; see rejection/source flags where applicable.,Trading flow or a transformation of trading flow.,Missing source observations remain NA; zeros are retained only when the source explicitly reports zero.
raw,options_daily.csv,openposition,Moscow Exchange ISS options history,"calculated, configured, or same-named source series","text, category, native source unit, or dimensionless as applicable",daily,"Direct field, documented selection hierarchy, or descriptive aggregation as indicated by the variable name.",Retained as NA and never replaced by zero; see rejection/source flags where applicable.,"Identifier, descriptive market measure, validation field, or summary statistic as named.",Missing source observations remain NA; zeros are retained only when the source explicitly reports zero.
raw,options_daily.csv,settleprice,Moscow Exchange ISS options history,"calculated, configured, or same-named source series",RUB per unit of underlying currency (normalized); raw field where named *_raw,daily,"Direct field, documented selection hierarchy, or descriptive aggregation as indicated by the variable name.",Retained as NA and never replaced by zero; see rejection/source flags where applicable.,"Exchange, reference, or selected analytical price as identified by the field name.",Missing source observations remain NA; zeros are retained only when the source explicitly reports zero.
raw,options_daily.csv,waprice,Moscow Exchange ISS options history,WAPRICE,RUB per unit of underlying currency (normalized); raw field where named *_raw,daily,Renamed from the listed original field; numeric/date parsing only unless normalized prices are stated.,Retained as NA and never replaced by zero; see rejection/source flags where applicable.,"Exchange, reference, or selected analytical price as identified by the field name.",Missing source observations remain NA; zeros are retained only when the source explicitly reports zero.
raw,options_daily.csv,change,Moscow Exchange ISS options history,CHANGE,percent,daily,Renamed from the listed original field; numeric/date parsing only unless normalized prices are stated.,Retained as NA and never replaced by zero; see rejection/source flags where applicable.,"Identifier, descriptive market measure, validation field, or summary statistic as named.",Missing source observations remain NA; zeros are retained only when the source explicitly reports zero.
raw,options_daily.csv,qty,Moscow Exchange ISS options history,QTY,contracts,daily,Renamed from the listed original field; numeric/date parsing only unless normalized prices are stated.,Retained as NA and never replaced by zero; see rejection/source flags where applicable.,"Identifier, descriptive market measure, validation field, or summary statistic as named.",Missing source observations remain NA; zeros are retained only when the source explicitly reports zero.
raw,options_daily.csv,numtrades,Moscow Exchange ISS options history,"calculated, configured, or same-named source series","text, category, native source unit, or dimensionless as applicable",daily,"Direct field, documented selection hierarchy, or descriptive aggregation as indicated by the variable name.",Retained as NA and never replaced by zero; see rejection/source flags where applicable.,"Identifier, descriptive market measure, validation field, or summary statistic as named.",Missing source observations remain NA; zeros are retained only when the source explicitly reports zero.
raw,options_daily.csv,theor_price,Moscow Exchange ISS options history,"calculated, configured, or same-named source series",RUB per unit of underlying currency (normalized); raw field where named *_raw,daily,"Direct field, documented selection hierarchy, or descriptive aggregation as indicated by the variable name.",Retained as NA and never replaced by zero; see rejection/source flags where applicable.,"Exchange, reference, or selected analytical price as identified by the field name.",Missing source observations remain NA; zeros are retained only when the source explicitly reports zero.
raw,options_daily.csv,observation_frequency,Moscow Exchange ISS options history,"calculated, configured, or same-named source series","text, category, native source unit, or dimensionless as applicable",daily,"Direct field, documented selection hierarchy, or descriptive aggregation as indicated by the variable name.",Retained as NA and never replaced by zero; see rejection/source flags where applicable.,"Identifier, descriptive market measure, validation field, or summary statistic as named.",Missing source observations remain NA; zeros are retained only when the source explicitly reports zero.
raw,options_daily.csv,source,Moscow Exchange ISS options history,"calculated, configured, or same-named source series","text, category, native source unit, or dimensionless as applicable",daily,"Direct field, documented selection hierarchy, or descriptive aggregation as indicated by the variable name.",Retained as NA and never replaced by zero; see rejection/source flags where applicable.,"Identifier, descriptive market measure, validation field, or summary statistic as named.",Missing source observations remain NA; zeros are retained only when the source explicitly reports zero.
raw,policy_rates_daily.csv,observation_date,Bank of Russia and People's Bank of China,"calculated, configured, or same-named source series",ISO date,daily,"Direct field, documented selection hierarchy, or descriptive aggregation as indicated by the variable name.",Retained as NA and never replaced by zero; see rejection/source flags where applicable.,"Identifier, descriptive market measure, validation field, or summary statistic as named.",Missing source observations remain NA; zeros are retained only when the source explicitly reports zero.
raw,policy_rates_daily.csv,series,Bank of Russia and People's Bank of China,"calculated, configured, or same-named source series","text, category, native source unit, or dimensionless as applicable",daily,"Direct field, documented selection hierarchy, or descriptive aggregation as indicated by the variable name.",Retained as NA and never replaced by zero; see rejection/source flags where applicable.,"Identifier, descriptive market measure, validation field, or summary statistic as named.",Missing source observations remain NA; zeros are retained only when the source explicitly reports zero.
raw,policy_rates_daily.csv,rate_pct,Bank of Russia and People's Bank of China,"calculated, configured, or same-named source series",percent,daily,"Direct field, documented selection hierarchy, or descriptive aggregation as indicated by the variable name.",Retained as NA and never replaced by zero; see rejection/source flags where applicable.,"Funding, repo, policy, or published lending-rate condition as identified by the source family.",Tenor matching and source family are proxies for marginal trader funding; inspect tenor distance and staleness.
raw,policy_rates_daily.csv,rate_type,Bank of Russia and People's Bank of China,"calculated, configured, or same-named source series","text, category, native source unit, or dimensionless as applicable",daily,"Direct field, documented selection hierarchy, or descriptive aggregation as indicated by the variable name.",Retained as NA and never replaced by zero; see rejection/source flags where applicable.,"Funding, repo, policy, or published lending-rate condition as identified by the source family.",Tenor matching and source family are proxies for marginal trader funding; inspect tenor distance and staleness.
raw,policy_rates_daily.csv,currency,Bank of Russia and People's Bank of China,"calculated, configured, or same-named source series","text, category, native source unit, or dimensionless as applicable",daily,"Direct field, documented selection hierarchy, or descriptive aggregation as indicated by the variable name.",Retained as NA and never replaced by zero; see rejection/source flags where applicable.,"Identifier, descriptive market measure, validation field, or summary statistic as named.",Missing source observations remain NA; zeros are retained only when the source explicitly reports zero.
raw,policy_rates_daily.csv,tenor_days,Bank of Russia and People's Bank of China,"calculated, configured, or same-named source series","text, category, native source unit, or dimensionless as applicable",daily,"Direct field, documented selection hierarchy, or descriptive aggregation as indicated by the variable name.",Retained as NA and never replaced by zero; see rejection/source flags where applicable.,"Identifier, descriptive market measure, validation field, or summary statistic as named.",Missing source observations remain NA; zeros are retained only when the source explicitly reports zero.
raw,policy_rates_daily.csv,source,Bank of Russia and People's Bank of China,"calculated, configured, or same-named source series","text, category, native source unit, or dimensionless as applicable",daily,"Direct field, documented selection hierarchy, or descriptive aggregation as indicated by the variable name.",Retained as NA and never replaced by zero; see rejection/source flags where applicable.,"Identifier, descriptive market measure, validation field, or summary statistic as named.",Missing source observations remain NA; zeros are retained only when the source explicitly reports zero.
raw,policy_rates_daily.csv,source_url,Bank of Russia and People's Bank of China,"calculated, configured, or same-named source series","text, category, native source unit, or dimensionless as applicable",daily,"Direct field, documented selection hierarchy, or descriptive aggregation as indicated by the variable name.",Retained as NA and never replaced by zero; see rejection/source flags where applicable.,"Identifier, descriptive market measure, validation field, or summary statistic as named.",Missing source observations remain NA; zeros are retained only when the source explicitly reports zero.
raw,ruonia_daily.csv,rate_date,Bank of Russia RUONIA statistics,"calculated, configured, or same-named source series",ISO date,daily,"Direct field, documented selection hierarchy, or descriptive aggregation as indicated by the variable name.",Retained as NA and never replaced by zero; see rejection/source flags where applicable.,"Funding, repo, policy, or published lending-rate condition as identified by the source family.",Tenor matching and source family are proxies for marginal trader funding; inspect tenor distance and staleness.
raw,ruonia_daily.csv,rate_pct,Bank of Russia RUONIA statistics,"calculated, configured, or same-named source series",percent,daily,"Direct field, documented selection hierarchy, or descriptive aggregation as indicated by the variable name.",Retained as NA and never replaced by zero; see rejection/source flags where applicable.,"Funding, repo, policy, or published lending-rate condition as identified by the source family.",Tenor matching and source family are proxies for marginal trader funding; inspect tenor distance and staleness.
raw,ruonia_daily.csv,publication_date,Bank of Russia RUONIA statistics,"calculated, configured, or same-named source series",ISO date,daily,"Direct field, documented selection hierarchy, or descriptive aggregation as indicated by the variable name.",Retained as NA and never replaced by zero; see rejection/source flags where applicable.,"Identifier, descriptive market measure, validation field, or summary statistic as named.",Missing source observations remain NA; zeros are retained only when the source explicitly reports zero.
raw,ruonia_daily.csv,transaction_volume_billion_rub,Bank of Russia RUONIA statistics,"calculated, configured, or same-named source series","text, category, native source unit, or dimensionless as applicable",daily,"Direct field, documented selection hierarchy, or descriptive aggregation as indicated by the variable name.",Retained as NA and never replaced by zero; see rejection/source flags where applicable.,Trading flow or a transformation of trading flow.,Missing source observations remain NA; zeros are retained only when the source explicitly reports zero.
raw,ruonia_daily.csv,number_of_transactions,Bank of Russia RUONIA statistics,"calculated, configured, or same-named source series","text, category, native source unit, or dimensionless as applicable",daily,"Direct field, documented selection hierarchy, or descriptive aggregation as indicated by the variable name.",Retained as NA and never replaced by zero; see rejection/source flags where applicable.,"Identifier, descriptive market measure, validation field, or summary statistic as named.",Missing source observations remain NA; zeros are retained only when the source explicitly reports zero.
raw,ruonia_daily.csv,number_of_participants,Bank of Russia RUONIA statistics,"calculated, configured, or same-named source series","text, category, native source unit, or dimensionless as applicable",daily,"Direct field, documented selection hierarchy, or descriptive aggregation as indicated by the variable name.",Retained as NA and never replaced by zero; see rejection/source flags where applicable.,"Identifier, descriptive market measure, validation field, or summary statistic as named.",Missing source observations remain NA; zeros are retained only when the source explicitly reports zero.
raw,ruonia_daily.csv,minimum_rate_pct,Bank of Russia RUONIA statistics,"calculated, configured, or same-named source series",percent,daily,"Direct field, documented selection hierarchy, or descriptive aggregation as indicated by the variable name.",Retained as NA and never replaced by zero; see rejection/source flags where applicable.,"Funding, repo, policy, or published lending-rate condition as identified by the source family.",Tenor matching and source family are proxies for marginal trader funding; inspect tenor distance and staleness.
raw,ruonia_daily.csv,rate_25th_percentile_pct,Bank of Russia RUONIA statistics,"calculated, configured, or same-named source series",percent,daily,"Direct field, documented selection hierarchy, or descriptive aggregation as indicated by the variable name.",Retained as NA and never replaced by zero; see rejection/source flags where applicable.,"Funding, repo, policy, or published lending-rate condition as identified by the source family.",Tenor matching and source family are proxies for marginal trader funding; inspect tenor distance and staleness.
raw,ruonia_daily.csv,rate_75th_percentile_pct,Bank of Russia RUONIA statistics,"calculated, configured, or same-named source series",percent,daily,"Direct field, documented selection hierarchy, or descriptive aggregation as indicated by the variable name.",Retained as NA and never replaced by zero; see rejection/source flags where applicable.,"Funding, repo, policy, or published lending-rate condition as identified by the source family.",Tenor matching and source family are proxies for marginal trader funding; inspect tenor distance and staleness.
raw,ruonia_daily.csv,maximum_rate_pct,Bank of Russia RUONIA statistics,"calculated, configured, or same-named source series",percent,daily,"Direct field, documented selection hierarchy, or descriptive aggregation as indicated by the variable name.",Retained as NA and never replaced by zero; see rejection/source flags where applicable.,"Funding, repo, policy, or published lending-rate condition as identified by the source family.",Tenor matching and source family are proxies for marginal trader funding; inspect tenor distance and staleness.
raw,ruonia_daily.csv,series,Bank of Russia RUONIA statistics,"calculated, configured, or same-named source series","text, category, native source unit, or dimensionless as applicable",daily,"Direct field, documented selection hierarchy, or descriptive aggregation as indicated by the variable name.",Retained as NA and never replaced by zero; see rejection/source flags where applicable.,"Identifier, descriptive market measure, validation field, or summary statistic as named.",Missing source observations remain NA; zeros are retained only when the source explicitly reports zero.
raw,ruonia_daily.csv,rate_type,Bank of Russia RUONIA statistics,"calculated, configured, or same-named source series","text, category, native source unit, or dimensionless as applicable",daily,"Direct field, documented selection hierarchy, or descriptive aggregation as indicated by the variable name.",Retained as NA and never replaced by zero; see rejection/source flags where applicable.,"Funding, repo, policy, or published lending-rate condition as identified by the source family.",Tenor matching and source family are proxies for marginal trader funding; inspect tenor distance and staleness.
raw,ruonia_daily.csv,currency,Bank of Russia RUONIA statistics,"calculated, configured, or same-named source series","text, category, native source unit, or dimensionless as applicable",daily,"Direct field, documented selection hierarchy, or descriptive aggregation as indicated by the variable name.",Retained as NA and never replaced by zero; see rejection/source flags where applicable.,"Identifier, descriptive market measure, validation field, or summary statistic as named.",Missing source observations remain NA; zeros are retained only when the source explicitly reports zero.
raw,ruonia_daily.csv,tenor_days,Bank of Russia RUONIA statistics,"calculated, configured, or same-named source series","text, category, native source unit, or dimensionless as applicable",daily,"Direct field, documented selection hierarchy, or descriptive aggregation as indicated by the variable name.",Retained as NA and never replaced by zero; see rejection/source flags where applicable.,"Identifier, descriptive market measure, validation field, or summary statistic as named.",Missing source observations remain NA; zeros are retained only when the source explicitly reports zero.
raw,ruonia_daily.csv,source,Bank of Russia RUONIA statistics,"calculated, configured, or same-named source series","text, category, native source unit, or dimensionless as applicable",daily,"Direct field, documented selection hierarchy, or descriptive aggregation as indicated by the variable name.",Retained as NA and never replaced by zero; see rejection/source flags where applicable.,"Identifier, descriptive market measure, validation field, or summary statistic as named.",Missing source observations remain NA; zeros are retained only when the source explicitly reports zero.
raw,ruonia_daily.csv,source_url,Bank of Russia RUONIA statistics,"calculated, configured, or same-named source series","text, category, native source unit, or dimensionless as applicable",daily,"Direct field, documented selection hierarchy, or descriptive aggregation as indicated by the variable name.",Retained as NA and never replaced by zero; see rejection/source flags where applicable.,"Identifier, descriptive market measure, validation field, or summary statistic as named.",Missing source observations remain NA; zeros are retained only when the source explicitly reports zero.
raw,shibor_daily.csv,observation_date,CFETS/ChinaMoney Shibor,"calculated, configured, or same-named source series",ISO date,daily,"Direct field, documented selection hierarchy, or descriptive aggregation as indicated by the variable name.",Retained as NA and never replaced by zero; see rejection/source flags where applicable.,"Identifier, descriptive market measure, validation field, or summary statistic as named.",Missing source observations remain NA; zeros are retained only when the source explicitly reports zero.
raw,shibor_daily.csv,O/N,CFETS/ChinaMoney Shibor,"calculated, configured, or same-named source series","text, category, native source unit, or dimensionless as applicable",daily,"Direct field, documented selection hierarchy, or descriptive aggregation as indicated by the variable name.",Retained as NA and never replaced by zero; see rejection/source flags where applicable.,"Identifier, descriptive market measure, validation field, or summary statistic as named.",Missing source observations remain NA; zeros are retained only when the source explicitly reports zero.
raw,shibor_daily.csv,1W,CFETS/ChinaMoney Shibor,"calculated, configured, or same-named source series","text, category, native source unit, or dimensionless as applicable",daily,"Direct field, documented selection hierarchy, or descriptive aggregation as indicated by the variable name.",Retained as NA and never replaced by zero; see rejection/source flags where applicable.,"Identifier, descriptive market measure, validation field, or summary statistic as named.",Missing source observations remain NA; zeros are retained only when the source explicitly reports zero.
raw,shibor_daily.csv,2W,CFETS/ChinaMoney Shibor,"calculated, configured, or same-named source series","text, category, native source unit, or dimensionless as applicable",daily,"Direct field, documented selection hierarchy, or descriptive aggregation as indicated by the variable name.",Retained as NA and never replaced by zero; see rejection/source flags where applicable.,"Identifier, descriptive market measure, validation field, or summary statistic as named.",Missing source observations remain NA; zeros are retained only when the source explicitly reports zero.
raw,shibor_daily.csv,1M,CFETS/ChinaMoney Shibor,"calculated, configured, or same-named source series","text, category, native source unit, or dimensionless as applicable",daily,"Direct field, documented selection hierarchy, or descriptive aggregation as indicated by the variable name.",Retained as NA and never replaced by zero; see rejection/source flags where applicable.,"Identifier, descriptive market measure, validation field, or summary statistic as named.",Missing source observations remain NA; zeros are retained only when the source explicitly reports zero.
raw,shibor_daily.csv,3M,CFETS/ChinaMoney Shibor,"calculated, configured, or same-named source series","text, category, native source unit, or dimensionless as applicable",daily,"Direct field, documented selection hierarchy, or descriptive aggregation as indicated by the variable name.",Retained as NA and never replaced by zero; see rejection/source flags where applicable.,"Identifier, descriptive market measure, validation field, or summary statistic as named.",Missing source observations remain NA; zeros are retained only when the source explicitly reports zero.
raw,shibor_daily.csv,6M,CFETS/ChinaMoney Shibor,"calculated, configured, or same-named source series","text, category, native source unit, or dimensionless as applicable",daily,"Direct field, documented selection hierarchy, or descriptive aggregation as indicated by the variable name.",Retained as NA and never replaced by zero; see rejection/source flags where applicable.,"Identifier, descriptive market measure, validation field, or summary statistic as named.",Missing source observations remain NA; zeros are retained only when the source explicitly reports zero.
raw,shibor_daily.csv,9M,CFETS/ChinaMoney Shibor,"calculated, configured, or same-named source series","text, category, native source unit, or dimensionless as applicable",daily,"Direct field, documented selection hierarchy, or descriptive aggregation as indicated by the variable name.",Retained as NA and never replaced by zero; see rejection/source flags where applicable.,"Identifier, descriptive market measure, validation field, or summary statistic as named.",Missing source observations remain NA; zeros are retained only when the source explicitly reports zero.
raw,shibor_daily.csv,1Y,CFETS/ChinaMoney Shibor,"calculated, configured, or same-named source series","text, category, native source unit, or dimensionless as applicable",daily,"Direct field, documented selection hierarchy, or descriptive aggregation as indicated by the variable name.",Retained as NA and never replaced by zero; see rejection/source flags where applicable.,"Identifier, descriptive market measure, validation field, or summary statistic as named.",Missing source observations remain NA; zeros are retained only when the source explicitly reports zero.
raw,shibor_daily.csv,source,CFETS/ChinaMoney Shibor,"calculated, configured, or same-named source series","text, category, native source unit, or dimensionless as applicable",daily,"Direct field, documented selection hierarchy, or descriptive aggregation as indicated by the variable name.",Retained as NA and never replaced by zero; see rejection/source flags where applicable.,"Identifier, descriptive market measure, validation field, or summary statistic as named.",Missing source observations remain NA; zeros are retained only when the source explicitly reports zero.
raw,shibor_daily.csv,source_url,CFETS/ChinaMoney Shibor,"calculated, configured, or same-named source series","text, category, native source unit, or dimensionless as applicable",daily,"Direct field, documented selection hierarchy, or descriptive aggregation as indicated by the variable name.",Retained as NA and never replaced by zero; see rejection/source flags where applicable.,"Identifier, descriptive market measure, validation field, or summary statistic as named.",Missing source observations remain NA; zeros are retained only when the source explicitly reports zero.
raw,spot_daily.csv,BOARDID,Moscow Exchange ISS (original CNY/RUB core collector),BOARDID,"text, category, native source unit, or dimensionless as applicable",daily,Renamed from the listed original field; numeric/date parsing only unless normalized prices are stated.,Retained as NA and never replaced by zero; see rejection/source flags where applicable.,"Identifier, descriptive market measure, validation field, or summary statistic as named.",Missing source observations remain NA; zeros are retained only when the source explicitly reports zero.
raw,spot_daily.csv,TRADEDATE,Moscow Exchange ISS (original CNY/RUB core collector),TRADEDATE,ISO date,daily,Renamed from the listed original field; numeric/date parsing only unless normalized prices are stated.,Retained as NA and never replaced by zero; see rejection/source flags where applicable.,"Identifier, descriptive market measure, validation field, or summary statistic as named.",Missing source observations remain NA; zeros are retained only when the source explicitly reports zero.
raw,spot_daily.csv,SHORTNAME,Moscow Exchange ISS (original CNY/RUB core collector),SHORTNAME,"text, category, native source unit, or dimensionless as applicable",daily,Renamed from the listed original field; numeric/date parsing only unless normalized prices are stated.,Retained as NA and never replaced by zero; see rejection/source flags where applicable.,"Identifier, descriptive market measure, validation field, or summary statistic as named.",Missing source observations remain NA; zeros are retained only when the source explicitly reports zero.
raw,spot_daily.csv,SECID,Moscow Exchange ISS (original CNY/RUB core collector),SECID,"text, category, native source unit, or dimensionless as applicable",daily,Renamed from the listed original field; numeric/date parsing only unless normalized prices are stated.,Retained as NA and never replaced by zero; see rejection/source flags where applicable.,"Identifier, descriptive market measure, validation field, or summary statistic as named.",Missing source observations remain NA; zeros are retained only when the source explicitly reports zero.
raw,spot_daily.csv,OPEN,Moscow Exchange ISS (original CNY/RUB core collector),OPEN,RUB per unit of underlying currency (normalized); raw field where named *_raw,daily,Renamed from the listed original field; numeric/date parsing only unless normalized prices are stated.,Retained as NA and never replaced by zero; see rejection/source flags where applicable.,"Exchange, reference, or selected analytical price as identified by the field name.",Missing source observations remain NA; zeros are retained only when the source explicitly reports zero.
raw,spot_daily.csv,LOW,Moscow Exchange ISS (original CNY/RUB core collector),LOW,RUB per unit of underlying currency (normalized); raw field where named *_raw,daily,Renamed from the listed original field; numeric/date parsing only unless normalized prices are stated.,Retained as NA and never replaced by zero; see rejection/source flags where applicable.,"Exchange, reference, or selected analytical price as identified by the field name.",Missing source observations remain NA; zeros are retained only when the source explicitly reports zero.
raw,spot_daily.csv,HIGH,Moscow Exchange ISS (original CNY/RUB core collector),HIGH,RUB per unit of underlying currency (normalized); raw field where named *_raw,daily,Renamed from the listed original field; numeric/date parsing only unless normalized prices are stated.,Retained as NA and never replaced by zero; see rejection/source flags where applicable.,"Exchange, reference, or selected analytical price as identified by the field name.",Missing source observations remain NA; zeros are retained only when the source explicitly reports zero.
raw,spot_daily.csv,CLOSE,Moscow Exchange ISS (original CNY/RUB core collector),CLOSE,RUB per unit of underlying currency (normalized); raw field where named *_raw,daily,Renamed from the listed original field; numeric/date parsing only unless normalized prices are stated.,Retained as NA and never replaced by zero; see rejection/source flags where applicable.,"Exchange, reference, or selected analytical price as identified by the field name.",Missing source observations remain NA; zeros are retained only when the source explicitly reports zero.
raw,spot_daily.csv,NUMTRADES,Moscow Exchange ISS (original CNY/RUB core collector),"calculated, configured, or same-named source series","text, category, native source unit, or dimensionless as applicable",daily,"Direct field, documented selection hierarchy, or descriptive aggregation as indicated by the variable name.",Retained as NA and never replaced by zero; see rejection/source flags where applicable.,"Identifier, descriptive market measure, validation field, or summary statistic as named.",Missing source observations remain NA; zeros are retained only when the source explicitly reports zero.
raw,spot_daily.csv,WAPRICE,Moscow Exchange ISS (original CNY/RUB core collector),WAPRICE,RUB per unit of underlying currency (normalized); raw field where named *_raw,daily,Renamed from the listed original field; numeric/date parsing only unless normalized prices are stated.,Retained as NA and never replaced by zero; see rejection/source flags where applicable.,"Exchange, reference, or selected analytical price as identified by the field name.",Missing source observations remain NA; zeros are retained only when the source explicitly reports zero.
raw,spot_market_daily.csv,boardid,Moscow Exchange ISS,BOARDID,"text, category, native source unit, or dimensionless as applicable",daily,Renamed from the listed original field; numeric/date parsing only unless normalized prices are stated.,Retained as NA and never replaced by zero; see rejection/source flags where applicable.,"Identifier, descriptive market measure, validation field, or summary statistic as named.",Missing source observations remain NA; zeros are retained only when the source explicitly reports zero.
raw,spot_market_daily.csv,trade_date,Moscow Exchange ISS,TRADEDATE or observation date,ISO date,daily,Renamed from the listed original field; numeric/date parsing only unless normalized prices are stated.,Retained as NA and never replaced by zero; see rejection/source flags where applicable.,"Identifier, descriptive market measure, validation field, or summary statistic as named.",Missing source observations remain NA; zeros are retained only when the source explicitly reports zero.
raw,spot_market_daily.csv,shortname,Moscow Exchange ISS,SHORTNAME,"text, category, native source unit, or dimensionless as applicable",daily,Renamed from the listed original field; numeric/date parsing only unless normalized prices are stated.,Retained as NA and never replaced by zero; see rejection/source flags where applicable.,"Identifier, descriptive market measure, validation field, or summary statistic as named.",Missing source observations remain NA; zeros are retained only when the source explicitly reports zero.
raw,spot_market_daily.csv,secid,Moscow Exchange ISS,SECID,"text, category, native source unit, or dimensionless as applicable",daily,Renamed from the listed original field; numeric/date parsing only unless normalized prices are stated.,Retained as NA and never replaced by zero; see rejection/source flags where applicable.,"Identifier, descriptive market measure, validation field, or summary statistic as named.",Missing source observations remain NA; zeros are retained only when the source explicitly reports zero.
raw,spot_market_daily.csv,open,Moscow Exchange ISS,OPEN,RUB per unit of underlying currency (normalized); raw field where named *_raw,daily,Renamed from the listed original field; numeric/date parsing only unless normalized prices are stated.,Retained as NA and never replaced by zero; see rejection/source flags where applicable.,"Exchange, reference, or selected analytical price as identified by the field name.",Missing source observations remain NA; zeros are retained only when the source explicitly reports zero.
raw,spot_market_daily.csv,low,Moscow Exchange ISS,LOW,RUB per unit of underlying currency (normalized); raw field where named *_raw,daily,Renamed from the listed original field; numeric/date parsing only unless normalized prices are stated.,Retained as NA and never replaced by zero; see rejection/source flags where applicable.,"Exchange, reference, or selected analytical price as identified by the field name.",Missing source observations remain NA; zeros are retained only when the source explicitly reports zero.
raw,spot_market_daily.csv,high,Moscow Exchange ISS,HIGH,RUB per unit of underlying currency (normalized); raw field where named *_raw,daily,Renamed from the listed original field; numeric/date parsing only unless normalized prices are stated.,Retained as NA and never replaced by zero; see rejection/source flags where applicable.,"Exchange, reference, or selected analytical price as identified by the field name.",Missing source observations remain NA; zeros are retained only when the source explicitly reports zero.
raw,spot_market_daily.csv,close,Moscow Exchange ISS,CLOSE,RUB per unit of underlying currency (normalized); raw field where named *_raw,daily,Renamed from the listed original field; numeric/date parsing only unless normalized prices are stated.,Retained as NA and never replaced by zero; see rejection/source flags where applicable.,"Exchange, reference, or selected analytical price as identified by the field name.",Missing source observations remain NA; zeros are retained only when the source explicitly reports zero.
raw,spot_market_daily.csv,num_trades,Moscow Exchange ISS,NUMTRADES,count,daily,Renamed from the listed original field; numeric/date parsing only unless normalized prices are stated.,Retained as NA and never replaced by zero; see rejection/source flags where applicable.,"Identifier, descriptive market measure, validation field, or summary statistic as named.",Missing source observations remain NA; zeros are retained only when the source explicitly reports zero.
raw,spot_market_daily.csv,waprice,Moscow Exchange ISS,WAPRICE,RUB per unit of underlying currency (normalized); raw field where named *_raw,daily,Renamed from the listed original field; numeric/date parsing only unless normalized prices are stated.,Retained as NA and never replaced by zero; see rejection/source flags where applicable.,"Exchange, reference, or selected analytical price as identified by the field name.",Missing source observations remain NA; zeros are retained only when the source explicitly reports zero.
raw,spot_market_daily.csv,pair,Moscow Exchange ISS,"calculated, configured, or same-named source series","text, category, native source unit, or dimensionless as applicable",daily,"Direct field, documented selection hierarchy, or descriptive aggregation as indicated by the variable name.",Retained as NA and never replaced by zero; see rejection/source flags where applicable.,"Identifier, descriptive market measure, validation field, or summary statistic as named.",Missing source observations remain NA; zeros are retained only when the source explicitly reports zero.
raw,spot_market_daily.csv,base_currency,Moscow Exchange ISS,"calculated, configured, or same-named source series","text, category, native source unit, or dimensionless as applicable",daily,"Direct field, documented selection hierarchy, or descriptive aggregation as indicated by the variable name.",Retained as NA and never replaced by zero; see rejection/source flags where applicable.,"Identifier, descriptive market measure, validation field, or summary statistic as named.",Missing source observations remain NA; zeros are retained only when the source explicitly reports zero.
raw,spot_market_daily.csv,quote_currency,Moscow Exchange ISS,"calculated, configured, or same-named source series","text, category, native source unit, or dimensionless as applicable",daily,"Direct field, documented selection hierarchy, or descriptive aggregation as indicated by the variable name.",Retained as NA and never replaced by zero; see rejection/source flags where applicable.,"Identifier, descriptive market measure, validation field, or summary statistic as named.",Missing source observations remain NA; zeros are retained only when the source explicitly reports zero.
raw,spot_market_daily.csv,quote_convention,Moscow Exchange ISS,"calculated, configured, or same-named source series","text, category, native source unit, or dimensionless as applicable",daily,"Direct field, documented selection hierarchy, or descriptive aggregation as indicated by the variable name.",Retained as NA and never replaced by zero; see rejection/source flags where applicable.,"Identifier, descriptive market measure, validation field, or summary statistic as named.",Missing source observations remain NA; zeros are retained only when the source explicitly reports zero.
raw,spot_market_daily.csv,source,Moscow Exchange ISS,"calculated, configured, or same-named source series","text, category, native source unit, or dimensionless as applicable",daily,"Direct field, documented selection hierarchy, or descriptive aggregation as indicated by the variable name.",Retained as NA and never replaced by zero; see rejection/source flags where applicable.,"Identifier, descriptive market measure, validation field, or summary statistic as named.",Missing source observations remain NA; zeros are retained only when the source explicitly reports zero.
raw,spot_market_daily.csv,source_url,Moscow Exchange ISS,"calculated, configured, or same-named source series","text, category, native source unit, or dimensionless as applicable",daily,"Direct field, documented selection hierarchy, or descriptive aggregation as indicated by the variable name.",Retained as NA and never replaced by zero; see rejection/source flags where applicable.,"Identifier, descriptive market measure, validation field, or summary statistic as named.",Missing source observations remain NA; zeros are retained only when the source explicitly reports zero.
raw,spot_market_daily.csv,volume_base_currency,Moscow Exchange ISS,"calculated, configured, or same-named source series","text, category, native source unit, or dimensionless as applicable",daily,"Direct field, documented selection hierarchy, or descriptive aggregation as indicated by the variable name.",Retained as NA and never replaced by zero; see rejection/source flags where applicable.,Trading flow or a transformation of trading flow.,Missing source observations remain NA; zeros are retained only when the source explicitly reports zero.
raw,spot_market_daily.csv,turnover_rub,Moscow Exchange ISS,VALUE,RUB,daily,Renamed from the listed original field; numeric/date parsing only unless normalized prices are stated.,Retained as NA and never replaced by zero; see rejection/source flags where applicable.,"Identifier, descriptive market measure, validation field, or summary statistic as named.",Missing source observations remain NA; zeros are retained only when the source explicitly reports zero.
raw,spot_market_daily.csv,bid,Moscow Exchange ISS,"calculated, configured, or same-named source series",RUB per unit of underlying currency (normalized); raw field where named *_raw,daily,"Direct field, documented selection hierarchy, or descriptive aggregation as indicated by the variable name.",Retained as NA and never replaced by zero; see rejection/source flags where applicable.,"Exchange, reference, or selected analytical price as identified by the field name.",Historical free MOEX endpoints do not supply these quotes consistently; missing is not zero.
raw,spot_market_daily.csv,ask,Moscow Exchange ISS,"calculated, configured, or same-named source series",RUB per unit of underlying currency (normalized); raw field where named *_raw,daily,"Direct field, documented selection hierarchy, or descriptive aggregation as indicated by the variable name.",Retained as NA and never replaced by zero; see rejection/source flags where applicable.,"Exchange, reference, or selected analytical price as identified by the field name.",Historical free MOEX endpoints do not supply these quotes consistently; missing is not zero.
processed,contract_daily.csv,boardid,Calculated from documented raw inputs,BOARDID,"text, category, native source unit, or dimensionless as applicable",daily,Renamed from the listed original field; numeric/date parsing only unless normalized prices are stated.,Retained as NA and never replaced by zero; see rejection/source flags where applicable.,"Identifier, descriptive market measure, validation field, or summary statistic as named.",Missing source observations remain NA; zeros are retained only when the source explicitly reports zero.
processed,contract_daily.csv,trade_date,Calculated from documented raw inputs,TRADEDATE or observation date,ISO date,daily,Renamed from the listed original field; numeric/date parsing only unless normalized prices are stated.,Retained as NA and never replaced by zero; see rejection/source flags where applicable.,"Identifier, descriptive market measure, validation field, or summary statistic as named.",Missing source observations remain NA; zeros are retained only when the source explicitly reports zero.
processed,contract_daily.csv,secid,Calculated from documented raw inputs,SECID,"text, category, native source unit, or dimensionless as applicable",daily,Renamed from the listed original field; numeric/date parsing only unless normalized prices are stated.,Retained as NA and never replaced by zero; see rejection/source flags where applicable.,"Identifier, descriptive market measure, validation field, or summary statistic as named.",Missing source observations remain NA; zeros are retained only when the source explicitly reports zero.
processed,contract_daily.csv,futures_open,Calculated from documented raw inputs,OPEN,"text, category, native source unit, or dimensionless as applicable",daily,Renamed from the listed original field; numeric/date parsing only unless normalized prices are stated.,Retained as NA and never replaced by zero; see rejection/source flags where applicable.,"Identifier, descriptive market measure, validation field, or summary statistic as named.",Missing source observations remain NA; zeros are retained only when the source explicitly reports zero.
processed,contract_daily.csv,futures_low,Calculated from documented raw inputs,LOW,"text, category, native source unit, or dimensionless as applicable",daily,Renamed from the listed original field; numeric/date parsing only unless normalized prices are stated.,Retained as NA and never replaced by zero; see rejection/source flags where applicable.,"Identifier, descriptive market measure, validation field, or summary statistic as named.",Missing source observations remain NA; zeros are retained only when the source explicitly reports zero.
processed,contract_daily.csv,futures_high,Calculated from documented raw inputs,HIGH,"text, category, native source unit, or dimensionless as applicable",daily,Renamed from the listed original field; numeric/date parsing only unless normalized prices are stated.,Retained as NA and never replaced by zero; see rejection/source flags where applicable.,"Identifier, descriptive market measure, validation field, or summary statistic as named.",Missing source observations remain NA; zeros are retained only when the source explicitly reports zero.
processed,contract_daily.csv,futures_close,Calculated from documented raw inputs,CLOSE,"text, category, native source unit, or dimensionless as applicable",daily,Renamed from the listed original field; numeric/date parsing only unless normalized prices are stated.,Retained as NA and never replaced by zero; see rejection/source flags where applicable.,"Identifier, descriptive market measure, validation field, or summary statistic as named.",Missing source observations remain NA; zeros are retained only when the source explicitly reports zero.
processed,contract_daily.csv,open_interest_value_rub,Calculated from documented raw inputs,OPENPOSITIONVALUE,RUB,daily,Renamed from the listed original field; numeric/date parsing only unless normalized prices are stated.,Retained as NA and never replaced by zero; see rejection/source flags where applicable.,Outstanding-position stock or a transformation of that stock; not daily trading flow.,Missing source observations remain NA; zeros are retained only when the source explicitly reports zero.
processed,contract_daily.csv,turnover_rub,Calculated from documented raw inputs,VALUE,RUB,daily,Renamed from the listed original field; numeric/date parsing only unless normalized prices are stated.,Retained as NA and never replaced by zero; see rejection/source flags where applicable.,"Identifier, descriptive market measure, validation field, or summary statistic as named.",Missing source observations remain NA; zeros are retained only when the source explicitly reports zero.
processed,contract_daily.csv,volume_contracts,Calculated from documented raw inputs,VOLUME,contracts,daily,Renamed from the listed original field; numeric/date parsing only unless normalized prices are stated.,Retained as NA and never replaced by zero; see rejection/source flags where applicable.,Trading flow or a transformation of trading flow.,Missing source observations remain NA; zeros are retained only when the source explicitly reports zero.
processed,contract_daily.csv,open_interest_contracts,Calculated from documented raw inputs,OPENPOSITION,contracts,daily,Renamed from the listed original field; numeric/date parsing only unless normalized prices are stated.,Retained as NA and never replaced by zero; see rejection/source flags where applicable.,Outstanding-position stock or a transformation of that stock; not daily trading flow.,Missing source observations remain NA; zeros are retained only when the source explicitly reports zero.
processed,contract_daily.csv,futures_settle_price,Calculated from documented raw inputs,SETTLEPRICE,RUB per unit of underlying currency (normalized); raw field where named *_raw,daily,Renamed from the listed original field; numeric/date parsing only unless normalized prices are stated.,Retained as NA and never replaced by zero; see rejection/source flags where applicable.,"Exchange, reference, or selected analytical price as identified by the field name.",Missing source observations remain NA; zeros are retained only when the source explicitly reports zero.
processed,contract_daily.csv,swaprate,Calculated from documented raw inputs,SWAPRATE,"text, category, native source unit, or dimensionless as applicable",daily,Renamed from the listed original field; numeric/date parsing only unless normalized prices are stated.,Retained as NA and never replaced by zero; see rejection/source flags where applicable.,"Funding, repo, policy, or published lending-rate condition as identified by the source family.",Tenor matching and source family are proxies for marginal trader funding; inspect tenor distance and staleness.
processed,contract_daily.csv,futures_wap_price,Calculated from documented raw inputs,WAPRICE,RUB per unit of underlying currency (normalized); raw field where named *_raw,daily,Renamed from the listed original field; numeric/date parsing only unless normalized prices are stated.,Retained as NA and never replaced by zero; see rejection/source flags where applicable.,"Exchange, reference, or selected analytical price as identified by the field name.",Missing source observations remain NA; zeros are retained only when the source explicitly reports zero.
processed,contract_daily.csv,change,Calculated from documented raw inputs,CHANGE,percent,daily,Renamed from the listed original field; numeric/date parsing only unless normalized prices are stated.,Retained as NA and never replaced by zero; see rejection/source flags where applicable.,"Identifier, descriptive market measure, validation field, or summary statistic as named.",Missing source observations remain NA; zeros are retained only when the source explicitly reports zero.
processed,contract_daily.csv,qty,Calculated from documented raw inputs,QTY,contracts,daily,Renamed from the listed original field; numeric/date parsing only unless normalized prices are stated.,Retained as NA and never replaced by zero; see rejection/source flags where applicable.,"Identifier, descriptive market measure, validation field, or summary statistic as named.",Missing source observations remain NA; zeros are retained only when the source explicitly reports zero.
processed,contract_daily.csv,futures_num_trades,Calculated from documented raw inputs,NUMTRADES,count,daily,Renamed from the listed original field; numeric/date parsing only unless normalized prices are stated.,Retained as NA and never replaced by zero; see rejection/source flags where applicable.,"Identifier, descriptive market measure, validation field, or summary statistic as named.",Missing source observations remain NA; zeros are retained only when the source explicitly reports zero.
processed,contract_daily.csv,shortname,Calculated from documented raw inputs,SHORTNAME,"text, category, native source unit, or dimensionless as applicable",daily,Renamed from the listed original field; numeric/date parsing only unless normalized prices are stated.,Retained as NA and never replaced by zero; see rejection/source flags where applicable.,"Identifier, descriptive market measure, validation field, or summary statistic as named.",Missing source observations remain NA; zeros are retained only when the source explicitly reports zero.
processed,contract_daily.csv,assetcode,Calculated from documented raw inputs,ASSETCODE,"text, category, native source unit, or dimensionless as applicable",daily,Renamed from the listed original field; numeric/date parsing only unless normalized prices are stated.,Retained as NA and never replaced by zero; see rejection/source flags where applicable.,"Identifier, descriptive market measure, validation field, or summary statistic as named.",Missing source observations remain NA; zeros are retained only when the source explicitly reports zero.
processed,contract_daily.csv,futures_price,Calculated from documented raw inputs,"calculated, configured, or same-named source series",RUB per unit of underlying currency (normalized); raw field where named *_raw,daily,"Direct field, documented selection hierarchy, or descriptive aggregation as indicated by the variable name.",Retained as NA and never replaced by zero; see rejection/source flags where applicable.,"Exchange, reference, or selected analytical price as identified by the field name.",Missing source observations remain NA; zeros are retained only when the source explicitly reports zero.
processed,contract_daily.csv,shortname_meta,Calculated from documented raw inputs,"calculated, configured, or same-named source series","text, category, native source unit, or dimensionless as applicable",daily,"Direct field, documented selection hierarchy, or descriptive aggregation as indicated by the variable name.",Retained as NA and never replaced by zero; see rejection/source flags where applicable.,"Identifier, descriptive market measure, validation field, or summary statistic as named.",Missing source observations remain NA; zeros are retained only when the source explicitly reports zero.
processed,contract_daily.csv,expiry_date,Calculated from documented raw inputs,LSTDELDATE,ISO date,daily,Renamed from the listed original field; numeric/date parsing only unless normalized prices are stated.,Retained as NA and never replaced by zero; see rejection/source flags where applicable.,"Identifier, descriptive market measure, validation field, or summary statistic as named.",Missing source observations remain NA; zeros are retained only when the source explicitly reports zero.
processed,contract_daily.csv,first_trade_date,Calculated from documented raw inputs,FRSTTRADE,ISO date,daily,Renamed from the listed original field; numeric/date parsing only unless normalized prices are stated.,Retained as NA and never replaced by zero; see rejection/source flags where applicable.,"Identifier, descriptive market measure, validation field, or summary statistic as named.",Missing source observations remain NA; zeros are retained only when the source explicitly reports zero.
processed,contract_daily.csv,last_trade_date,Calculated from documented raw inputs,LSTTRADE,ISO date,daily,Renamed from the listed original field; numeric/date parsing only unless normalized prices are stated.,Retained as NA and never replaced by zero; see rejection/source flags where applicable.,"Identifier, descriptive market measure, validation field, or summary statistic as named.",Missing source observations remain NA; zeros are retained only when the source explicitly reports zero.
processed,contract_daily.csv,spot_open,Calculated from documented raw inputs,"calculated, configured, or same-named source series","text, category, native source unit, or dimensionless as applicable",daily,"Direct field, documented selection hierarchy, or descriptive aggregation as indicated by the variable name.",Retained as NA and never replaced by zero; see rejection/source flags where applicable.,"Identifier, descriptive market measure, validation field, or summary statistic as named.",Missing source observations remain NA; zeros are retained only when the source explicitly reports zero.
processed,contract_daily.csv,spot_low,Calculated from documented raw inputs,"calculated, configured, or same-named source series","text, category, native source unit, or dimensionless as applicable",daily,"Direct field, documented selection hierarchy, or descriptive aggregation as indicated by the variable name.",Retained as NA and never replaced by zero; see rejection/source flags where applicable.,"Identifier, descriptive market measure, validation field, or summary statistic as named.",Missing source observations remain NA; zeros are retained only when the source explicitly reports zero.
processed,contract_daily.csv,spot_high,Calculated from documented raw inputs,"calculated, configured, or same-named source series","text, category, native source unit, or dimensionless as applicable",daily,"Direct field, documented selection hierarchy, or descriptive aggregation as indicated by the variable name.",Retained as NA and never replaced by zero; see rejection/source flags where applicable.,"Identifier, descriptive market measure, validation field, or summary statistic as named.",Missing source observations remain NA; zeros are retained only when the source explicitly reports zero.
processed,contract_daily.csv,spot_close,Calculated from documented raw inputs,"calculated, configured, or same-named source series","text, category, native source unit, or dimensionless as applicable",daily,"Direct field, documented selection hierarchy, or descriptive aggregation as indicated by the variable name.",Retained as NA and never replaced by zero; see rejection/source flags where applicable.,"Identifier, descriptive market measure, validation field, or summary statistic as named.",Missing source observations remain NA; zeros are retained only when the source explicitly reports zero.
processed,contract_daily.csv,spot_wap_price,Calculated from documented raw inputs,"calculated, configured, or same-named source series",RUB per unit of underlying currency (normalized); raw field where named *_raw,daily,"Direct field, documented selection hierarchy, or descriptive aggregation as indicated by the variable name.",Retained as NA and never replaced by zero; see rejection/source flags where applicable.,"Exchange, reference, or selected analytical price as identified by the field name.",Missing source observations remain NA; zeros are retained only when the source explicitly reports zero.
processed,contract_daily.csv,spot_num_trades,Calculated from documented raw inputs,"calculated, configured, or same-named source series",count,daily,"Direct field, documented selection hierarchy, or descriptive aggregation as indicated by the variable name.",Retained as NA and never replaced by zero; see rejection/source flags where applicable.,"Identifier, descriptive market measure, validation field, or summary statistic as named.",Missing source observations remain NA; zeros are retained only when the source explicitly reports zero.
processed,contract_daily.csv,spot_price,Calculated from documented raw inputs,"calculated, configured, or same-named source series",RUB per unit of underlying currency (normalized); raw field where named *_raw,daily,"Direct field, documented selection hierarchy, or descriptive aggregation as indicated by the variable name.",Retained as NA and never replaced by zero; see rejection/source flags where applicable.,"Exchange, reference, or selected analytical price as identified by the field name.",Missing source observations remain NA; zeros are retained only when the source explicitly reports zero.
processed,contract_daily.csv,spot_log_return,Calculated from documented raw inputs,"calculated, configured, or same-named source series",decimal log value,daily,Natural log of the current price divided by the previous comparable price; roll/source changes are left missing.,Retained as NA and never replaced by zero; see rejection/source flags where applicable.,"Identifier, descriptive market measure, validation field, or summary statistic as named.",Missing source observations remain NA; zeros are retained only when the source explicitly reports zero.
processed,contract_daily.csv,spot_volatility_20d_ann,Calculated from documented raw inputs,"calculated, configured, or same-named source series",annualized decimal,daily,"Direct field, documented selection hierarchy, or descriptive aggregation as indicated by the variable name.",Retained as NA and never replaced by zero; see rejection/source flags where applicable.,"Identifier, descriptive market measure, validation field, or summary statistic as named.",Missing source observations remain NA; zeros are retained only when the source explicitly reports zero.
processed,contract_daily.csv,days_to_maturity,Calculated from documented raw inputs,"calculated, configured, or same-named source series",calendar days,daily,"Direct field, documented selection hierarchy, or descriptive aggregation as indicated by the variable name.",Retained as NA and never replaced by zero; see rejection/source flags where applicable.,"Identifier, descriptive market measure, validation field, or summary statistic as named.",Missing source observations remain NA; zeros are retained only when the source explicitly reports zero.
processed,contract_daily.csv,ttm_years,Calculated from documented raw inputs,"calculated, configured, or same-named source series",Actual/365 years,daily,"Direct field, documented selection hierarchy, or descriptive aggregation as indicated by the variable name.",Retained as NA and never replaced by zero; see rejection/source flags where applicable.,"Identifier, descriptive market measure, validation field, or summary statistic as named.",Missing source observations remain NA; zeros are retained only when the source explicitly reports zero.
processed,contract_daily.csv,rub_rate_tenor,Calculated from documented raw inputs,"calculated, configured, or same-named source series","text, category, native source unit, or dimensionless as applicable",daily,"Direct field, documented selection hierarchy, or descriptive aggregation as indicated by the variable name.",Retained as NA and never replaced by zero; see rejection/source flags where applicable.,"Funding, repo, policy, or published lending-rate condition as identified by the source family.",Tenor matching and source family are proxies for marginal trader funding; inspect tenor distance and staleness.
processed,contract_daily.csv,rub_rate_pct,Calculated from documented raw inputs,"calculated, configured, or same-named source series",percent,daily,"Direct field, documented selection hierarchy, or descriptive aggregation as indicated by the variable name.",Retained as NA and never replaced by zero; see rejection/source flags where applicable.,"Funding, repo, policy, or published lending-rate condition as identified by the source family.",Tenor matching and source family are proxies for marginal trader funding; inspect tenor distance and staleness.
processed,contract_daily.csv,rub_tenor_distance_days,Calculated from documented raw inputs,"calculated, configured, or same-named source series",calendar days,daily,"Direct field, documented selection hierarchy, or descriptive aggregation as indicated by the variable name.",Retained as NA and never replaced by zero; see rejection/source flags where applicable.,"Identifier, descriptive market measure, validation field, or summary statistic as named.",Missing source observations remain NA; zeros are retained only when the source explicitly reports zero.
processed,contract_daily.csv,rub_rate_observation_date,Calculated from documented raw inputs,"calculated, configured, or same-named source series",ISO date,daily,"Direct field, documented selection hierarchy, or descriptive aggregation as indicated by the variable name.",Retained as NA and never replaced by zero; see rejection/source flags where applicable.,"Funding, repo, policy, or published lending-rate condition as identified by the source family.",Tenor matching and source family are proxies for marginal trader funding; inspect tenor distance and staleness.
processed,contract_daily.csv,cny_rate_tenor,Calculated from documented raw inputs,"calculated, configured, or same-named source series","text, category, native source unit, or dimensionless as applicable",daily,"Direct field, documented selection hierarchy, or descriptive aggregation as indicated by the variable name.",Retained as NA and never replaced by zero; see rejection/source flags where applicable.,"Funding, repo, policy, or published lending-rate condition as identified by the source family.",Tenor matching and source family are proxies for marginal trader funding; inspect tenor distance and staleness.
processed,contract_daily.csv,cny_rate_pct,Calculated from documented raw inputs,"calculated, configured, or same-named source series",percent,daily,"Direct field, documented selection hierarchy, or descriptive aggregation as indicated by the variable name.",Retained as NA and never replaced by zero; see rejection/source flags where applicable.,"Funding, repo, policy, or published lending-rate condition as identified by the source family.",Tenor matching and source family are proxies for marginal trader funding; inspect tenor distance and staleness.
processed,contract_daily.csv,cny_tenor_distance_days,Calculated from documented raw inputs,"calculated, configured, or same-named source series",calendar days,daily,"Direct field, documented selection hierarchy, or descriptive aggregation as indicated by the variable name.",Retained as NA and never replaced by zero; see rejection/source flags where applicable.,"Identifier, descriptive market measure, validation field, or summary statistic as named.",Missing source observations remain NA; zeros are retained only when the source explicitly reports zero.
processed,contract_daily.csv,cny_rate_observation_date,Calculated from documented raw inputs,"calculated, configured, or same-named source series",ISO date,daily,"Direct field, documented selection hierarchy, or descriptive aggregation as indicated by the variable name.",Retained as NA and never replaced by zero; see rejection/source flags where applicable.,"Funding, repo, policy, or published lending-rate condition as identified by the source family.",Tenor matching and source family are proxies for marginal trader funding; inspect tenor distance and staleness.
processed,contract_daily.csv,theoretical_futures_price,Calculated from documented raw inputs,"calculated, configured, or same-named source series",RUB per unit of underlying currency (normalized); raw field where named *_raw,daily,spot_price * exp(((rub_rate_pct-cny_rate_pct)/100) * ttm_years).,Retained as NA and never replaced by zero; see rejection/source flags where applicable.,"Exchange, reference, or selected analytical price as identified by the field name.",Missing source observations remain NA; zeros are retained only when the source explicitly reports zero.
processed,contract_daily.csv,basis_rub_per_cny,Calculated from documented raw inputs,"calculated, configured, or same-named source series","text, category, native source unit, or dimensionless as applicable",daily,Observed futures_price minus theoretical_futures_price.,Retained as NA and never replaced by zero; see rejection/source flags where applicable.,Deviation of observed futures pricing from the simple cost-of-carry benchmark.,"Not executable arbitrage evidence without spreads, margin, funding access, controls, sanctions, settlement, and convertibility costs."
processed,contract_daily.csv,basis_pct,Calculated from documented raw inputs,"calculated, configured, or same-named source series",percent,daily,100 * basis / theoretical_futures_price.,Retained as NA and never replaced by zero; see rejection/source flags where applicable.,Deviation of observed futures pricing from the simple cost-of-carry benchmark.,"Not executable arbitrage evidence without spreads, margin, funding access, controls, sanctions, settlement, and convertibility costs."
processed,contract_daily.csv,log_basis,Calculated from documented raw inputs,"calculated, configured, or same-named source series",decimal log value,daily,ln(futures_price / theoretical_futures_price).,Retained as NA and never replaced by zero; see rejection/source flags where applicable.,Deviation of observed futures pricing from the simple cost-of-carry benchmark.,"Not executable arbitrage evidence without spreads, margin, funding access, controls, sanctions, settlement, and convertibility costs."
processed,contract_daily.csv,futures_log_return,Calculated from documented raw inputs,"calculated, configured, or same-named source series",decimal log value,daily,Natural log of the current price divided by the previous comparable price; roll/source changes are left missing.,Retained as NA and never replaced by zero; see rejection/source flags where applicable.,"Identifier, descriptive market measure, validation field, or summary statistic as named.",Missing source observations remain NA; zeros are retained only when the source explicitly reports zero.
processed,currency_market_share_daily.csv,trade_date,MOEX market data plus documented calculations,TRADEDATE or observation date,ISO date,daily,Renamed from the listed original field; numeric/date parsing only unless normalized prices are stated.,Retained as NA and never replaced by zero; see rejection/source flags where applicable.,"Identifier, descriptive market measure, validation field, or summary statistic as named.",Missing source observations remain NA; zeros are retained only when the source explicitly reports zero.
processed,currency_market_share_daily.csv,pair,MOEX market data plus documented calculations,"calculated, configured, or same-named source series","text, category, native source unit, or dimensionless as applicable",daily,"Direct field, documented selection hierarchy, or descriptive aggregation as indicated by the variable name.",Retained as NA and never replaced by zero; see rejection/source flags where applicable.,"Identifier, descriptive market measure, validation field, or summary statistic as named.",Missing source observations remain NA; zeros are retained only when the source explicitly reports zero.
processed,currency_market_share_daily.csv,spot_num_trades,MOEX market data plus documented calculations,"calculated, configured, or same-named source series",count,daily,"Direct field, documented selection hierarchy, or descriptive aggregation as indicated by the variable name.",Retained as NA and never replaced by zero; see rejection/source flags where applicable.,"Identifier, descriptive market measure, validation field, or summary statistic as named.",Missing source observations remain NA; zeros are retained only when the source explicitly reports zero.
processed,currency_market_share_daily.csv,futures_volume_contracts,MOEX market data plus documented calculations,"calculated, configured, or same-named source series",contracts,daily,"Direct field, documented selection hierarchy, or descriptive aggregation as indicated by the variable name.",Retained as NA and never replaced by zero; see rejection/source flags where applicable.,Trading flow or a transformation of trading flow.,Missing source observations remain NA; zeros are retained only when the source explicitly reports zero.
processed,currency_market_share_daily.csv,futures_turnover_rub,MOEX market data plus documented calculations,"calculated, configured, or same-named source series",RUB,daily,"Direct field, documented selection hierarchy, or descriptive aggregation as indicated by the variable name.",Retained as NA and never replaced by zero; see rejection/source flags where applicable.,"Identifier, descriptive market measure, validation field, or summary statistic as named.",Missing source observations remain NA; zeros are retained only when the source explicitly reports zero.
processed,currency_market_share_daily.csv,futures_open_interest_contracts,MOEX market data plus documented calculations,"calculated, configured, or same-named source series",contracts,daily,"Direct field, documented selection hierarchy, or descriptive aggregation as indicated by the variable name.",Retained as NA and never replaced by zero; see rejection/source flags where applicable.,Outstanding-position stock or a transformation of that stock; not daily trading flow.,Missing source observations remain NA; zeros are retained only when the source explicitly reports zero.
processed,currency_market_share_daily.csv,futures_num_trades,MOEX market data plus documented calculations,NUMTRADES,count,daily,Renamed from the listed original field; numeric/date parsing only unless normalized prices are stated.,Retained as NA and never replaced by zero; see rejection/source flags where applicable.,"Identifier, descriptive market measure, validation field, or summary statistic as named.",Missing source observations remain NA; zeros are retained only when the source explicitly reports zero.
processed,currency_market_share_daily.csv,total_spot_num_trades_three_pairs,MOEX market data plus documented calculations,"calculated, configured, or same-named source series",count,daily,"Direct field, documented selection hierarchy, or descriptive aggregation as indicated by the variable name.",Retained as NA and never replaced by zero; see rejection/source flags where applicable.,"Identifier, descriptive market measure, validation field, or summary statistic as named.",Missing source observations remain NA; zeros are retained only when the source explicitly reports zero.
processed,currency_market_share_daily.csv,share_spot_num_trades,MOEX market data plus documented calculations,"calculated, configured, or same-named source series",fraction of total,daily,Pair value divided by the available three-pair total on the same date.,Retained as NA and never replaced by zero; see rejection/source flags where applicable.,"Identifier, descriptive market measure, validation field, or summary statistic as named.",Share uses only available observations; missing spot volume prevents a true three-pair spot-volume share.
processed,currency_market_share_daily.csv,total_futures_volume_contracts_three_pairs,MOEX market data plus documented calculations,"calculated, configured, or same-named source series",contracts,daily,"Direct field, documented selection hierarchy, or descriptive aggregation as indicated by the variable name.",Retained as NA and never replaced by zero; see rejection/source flags where applicable.,Trading flow or a transformation of trading flow.,Missing source observations remain NA; zeros are retained only when the source explicitly reports zero.
processed,currency_market_share_daily.csv,share_futures_volume_contracts,MOEX market data plus documented calculations,"calculated, configured, or same-named source series",fraction of total,daily,Pair value divided by the available three-pair total on the same date.,Retained as NA and never replaced by zero; see rejection/source flags where applicable.,Trading flow or a transformation of trading flow.,Share uses only available observations; missing spot volume prevents a true three-pair spot-volume share.
processed,currency_market_share_daily.csv,total_futures_turnover_rub_three_pairs,MOEX market data plus documented calculations,"calculated, configured, or same-named source series",RUB,daily,"Direct field, documented selection hierarchy, or descriptive aggregation as indicated by the variable name.",Retained as NA and never replaced by zero; see rejection/source flags where applicable.,"Identifier, descriptive market measure, validation field, or summary statistic as named.",Missing source observations remain NA; zeros are retained only when the source explicitly reports zero.
processed,currency_market_share_daily.csv,share_futures_turnover_rub,MOEX market data plus documented calculations,"calculated, configured, or same-named source series",fraction of total,daily,Pair value divided by the available three-pair total on the same date.,Retained as NA and never replaced by zero; see rejection/source flags where applicable.,"Identifier, descriptive market measure, validation field, or summary statistic as named.",Share uses only available observations; missing spot volume prevents a true three-pair spot-volume share.
processed,currency_market_share_daily.csv,total_futures_open_interest_contracts_three_pairs,MOEX market data plus documented calculations,"calculated, configured, or same-named source series",contracts,daily,"Direct field, documented selection hierarchy, or descriptive aggregation as indicated by the variable name.",Retained as NA and never replaced by zero; see rejection/source flags where applicable.,Outstanding-position stock or a transformation of that stock; not daily trading flow.,Missing source observations remain NA; zeros are retained only when the source explicitly reports zero.
processed,currency_market_share_daily.csv,share_futures_open_interest_contracts,MOEX market data plus documented calculations,"calculated, configured, or same-named source series",fraction of total,daily,Pair value divided by the available three-pair total on the same date.,Retained as NA and never replaced by zero; see rejection/source flags where applicable.,Outstanding-position stock or a transformation of that stock; not daily trading flow.,Share uses only available observations; missing spot volume prevents a true three-pair spot-volume share.
processed,currency_market_share_daily.csv,total_futures_num_trades_three_pairs,MOEX market data plus documented calculations,"calculated, configured, or same-named source series",count,daily,"Direct field, documented selection hierarchy, or descriptive aggregation as indicated by the variable name.",Retained as NA and never replaced by zero; see rejection/source flags where applicable.,"Identifier, descriptive market measure, validation field, or summary statistic as named.",Missing source observations remain NA; zeros are retained only when the source explicitly reports zero.
processed,currency_market_share_daily.csv,share_futures_num_trades,MOEX market data plus documented calculations,"calculated, configured, or same-named source series",fraction of total,daily,Pair value divided by the available three-pair total on the same date.,Retained as NA and never replaced by zero; see rejection/source flags where applicable.,"Identifier, descriptive market measure, validation field, or summary statistic as named.",Share uses only available observations; missing spot volume prevents a true three-pair spot-volume share.
processed,currency_market_share_daily.csv,market_regime,config/research_config.json,"calculated, configured, or same-named source series","text, category, native source unit, or dimensionless as applicable",daily,"Direct field, documented selection hierarchy, or descriptive aggregation as indicated by the variable name.",Retained as NA and never replaced by zero; see rejection/source flags where applicable.,Configurable event/regime classification for before-and-after analysis.,Missing source observations remain NA; zeros are retained only when the source explicitly reports zero.
processed,currency_market_share_daily.csv,on_or_after_russia_full_scale_invasion_2022,config/research_config.json,"calculated, configured, or same-named source series",boolean,daily,1 when trade_date is on or after the configured event date; otherwise 0.,Retained as NA and never replaced by zero; see rejection/source flags where applicable.,Configurable event/regime classification for before-and-after analysis.,Missing source observations remain NA; zeros are retained only when the source explicitly reports zero.
processed,currency_market_share_daily.csv,days_from_russia_full_scale_invasion_2022,config/research_config.json,"calculated, configured, or same-named source series",calendar days,daily,Calendar-day difference between trade_date and the configured event date.,Retained as NA and never replaced by zero; see rejection/source flags where applicable.,Configurable event/regime classification for before-and-after analysis.,Missing source observations remain NA; zeros are retained only when the source explicitly reports zero.
processed,currency_market_share_daily.csv,on_or_after_moex_ncc_nsd_designation_2024,config/research_config.json,"calculated, configured, or same-named source series",boolean,daily,1 when trade_date is on or after the configured event date; otherwise 0.,Retained as NA and never replaced by zero; see rejection/source flags where applicable.,Configurable event/regime classification for before-and-after analysis.,Missing source observations remain NA; zeros are retained only when the source explicitly reports zero.
processed,currency_market_share_daily.csv,days_from_moex_ncc_nsd_designation_2024,config/research_config.json,"calculated, configured, or same-named source series",calendar days,daily,Calendar-day difference between trade_date and the configured event date.,Retained as NA and never replaced by zero; see rejection/source flags where applicable.,Configurable event/regime classification for before-and-after analysis.,Missing source observations remain NA; zeros are retained only when the source explicitly reports zero.
processed,currency_market_share_daily.csv,on_or_after_usd_eur_moex_suspension_2024,config/research_config.json,"calculated, configured, or same-named source series",boolean,daily,1 when trade_date is on or after the configured event date; otherwise 0.,Retained as NA and never replaced by zero; see rejection/source flags where applicable.,Configurable event/regime classification for before-and-after analysis.,Missing source observations remain NA; zeros are retained only when the source explicitly reports zero.
processed,currency_market_share_daily.csv,days_from_usd_eur_moex_suspension_2024,config/research_config.json,"calculated, configured, or same-named source series",calendar days,daily,Calendar-day difference between trade_date and the configured event date.,Retained as NA and never replaced by zero; see rejection/source flags where applicable.,Configurable event/regime classification for before-and-after analysis.,Missing source observations remain NA; zeros are retained only when the source explicitly reports zero.
processed,currency_market_share_daily.csv,on_or_after_usdrub_rub_settled_reintroduction_2026,config/research_config.json,"calculated, configured, or same-named source series",boolean,daily,1 when trade_date is on or after the configured event date; otherwise 0.,Retained as NA and never replaced by zero; see rejection/source flags where applicable.,Configurable event/regime classification for before-and-after analysis.,Missing source observations remain NA; zeros are retained only when the source explicitly reports zero.
processed,currency_market_share_daily.csv,days_from_usdrub_rub_settled_reintroduction_2026,config/research_config.json,"calculated, configured, or same-named source series",calendar days,daily,Calendar-day difference between trade_date and the configured event date.,Retained as NA and never replaced by zero; see rejection/source flags where applicable.,Configurable event/regime classification for before-and-after analysis.,Missing source observations remain NA; zeros are retained only when the source explicitly reports zero.
processed,funding_curve_daily.csv,trade_date,Calculated from documented raw inputs,TRADEDATE or observation date,ISO date,daily,Renamed from the listed original field; numeric/date parsing only unless normalized prices are stated.,Retained as NA and never replaced by zero; see rejection/source flags where applicable.,"Identifier, descriptive market measure, validation field, or summary statistic as named.",Missing source observations remain NA; zeros are retained only when the source explicitly reports zero.
processed,funding_curve_daily.csv,RUSFAR_observation_date,"MOEX, Bank of Russia, CFETS/ChinaMoney, or PBOC according to series name","calculated, configured, or same-named source series",ISO date,daily,"Direct field, documented selection hierarchy, or descriptive aggregation as indicated by the variable name.",Retained as NA and never replaced by zero; see rejection/source flags where applicable.,"Funding, repo, policy, or published lending-rate condition as identified by the source family.",Tenor matching and source family are proxies for marginal trader funding; inspect tenor distance and staleness.
processed,funding_curve_daily.csv,RUSFAR,"MOEX, Bank of Russia, CFETS/ChinaMoney, or PBOC according to series name","calculated, configured, or same-named source series","text, category, native source unit, or dimensionless as applicable",daily,"Direct field, documented selection hierarchy, or descriptive aggregation as indicated by the variable name.",Retained as NA and never replaced by zero; see rejection/source flags where applicable.,"Funding, repo, policy, or published lending-rate condition as identified by the source family.",Tenor matching and source family are proxies for marginal trader funding; inspect tenor distance and staleness.
processed,funding_curve_daily.csv,RUSFAR1W_observation_date,"MOEX, Bank of Russia, CFETS/ChinaMoney, or PBOC according to series name","calculated, configured, or same-named source series",ISO date,daily,"Direct field, documented selection hierarchy, or descriptive aggregation as indicated by the variable name.",Retained as NA and never replaced by zero; see rejection/source flags where applicable.,"Funding, repo, policy, or published lending-rate condition as identified by the source family.",Tenor matching and source family are proxies for marginal trader funding; inspect tenor distance and staleness.
processed,funding_curve_daily.csv,RUSFAR1W,"MOEX, Bank of Russia, CFETS/ChinaMoney, or PBOC according to series name","calculated, configured, or same-named source series","text, category, native source unit, or dimensionless as applicable",daily,"Direct field, documented selection hierarchy, or descriptive aggregation as indicated by the variable name.",Retained as NA and never replaced by zero; see rejection/source flags where applicable.,"Funding, repo, policy, or published lending-rate condition as identified by the source family.",Tenor matching and source family are proxies for marginal trader funding; inspect tenor distance and staleness.
processed,funding_curve_daily.csv,RUSFAR2W_observation_date,"MOEX, Bank of Russia, CFETS/ChinaMoney, or PBOC according to series name","calculated, configured, or same-named source series",ISO date,daily,"Direct field, documented selection hierarchy, or descriptive aggregation as indicated by the variable name.",Retained as NA and never replaced by zero; see rejection/source flags where applicable.,"Funding, repo, policy, or published lending-rate condition as identified by the source family.",Tenor matching and source family are proxies for marginal trader funding; inspect tenor distance and staleness.
processed,funding_curve_daily.csv,RUSFAR2W,"MOEX, Bank of Russia, CFETS/ChinaMoney, or PBOC according to series name","calculated, configured, or same-named source series","text, category, native source unit, or dimensionless as applicable",daily,"Direct field, documented selection hierarchy, or descriptive aggregation as indicated by the variable name.",Retained as NA and never replaced by zero; see rejection/source flags where applicable.,"Funding, repo, policy, or published lending-rate condition as identified by the source family.",Tenor matching and source family are proxies for marginal trader funding; inspect tenor distance and staleness.
processed,funding_curve_daily.csv,RUSFAR1M_observation_date,"MOEX, Bank of Russia, CFETS/ChinaMoney, or PBOC according to series name","calculated, configured, or same-named source series",ISO date,daily,"Direct field, documented selection hierarchy, or descriptive aggregation as indicated by the variable name.",Retained as NA and never replaced by zero; see rejection/source flags where applicable.,"Funding, repo, policy, or published lending-rate condition as identified by the source family.",Tenor matching and source family are proxies for marginal trader funding; inspect tenor distance and staleness.
processed,funding_curve_daily.csv,RUSFAR1M,"MOEX, Bank of Russia, CFETS/ChinaMoney, or PBOC according to series name","calculated, configured, or same-named source series","text, category, native source unit, or dimensionless as applicable",daily,"Direct field, documented selection hierarchy, or descriptive aggregation as indicated by the variable name.",Retained as NA and never replaced by zero; see rejection/source flags where applicable.,"Funding, repo, policy, or published lending-rate condition as identified by the source family.",Tenor matching and source family are proxies for marginal trader funding; inspect tenor distance and staleness.
processed,funding_curve_daily.csv,RUSFAR3M_observation_date,"MOEX, Bank of Russia, CFETS/ChinaMoney, or PBOC according to series name","calculated, configured, or same-named source series",ISO date,daily,"Direct field, documented selection hierarchy, or descriptive aggregation as indicated by the variable name.",Retained as NA and never replaced by zero; see rejection/source flags where applicable.,"Funding, repo, policy, or published lending-rate condition as identified by the source family.",Tenor matching and source family are proxies for marginal trader funding; inspect tenor distance and staleness.
processed,funding_curve_daily.csv,RUSFAR3M,"MOEX, Bank of Russia, CFETS/ChinaMoney, or PBOC according to series name","calculated, configured, or same-named source series","text, category, native source unit, or dimensionless as applicable",daily,"Direct field, documented selection hierarchy, or descriptive aggregation as indicated by the variable name.",Retained as NA and never replaced by zero; see rejection/source flags where applicable.,"Funding, repo, policy, or published lending-rate condition as identified by the source family.",Tenor matching and source family are proxies for marginal trader funding; inspect tenor distance and staleness.
processed,funding_curve_daily.csv,RUSFARCNY_observation_date,"MOEX, Bank of Russia, CFETS/ChinaMoney, or PBOC according to series name","calculated, configured, or same-named source series",ISO date,daily,"Direct field, documented selection hierarchy, or descriptive aggregation as indicated by the variable name.",Retained as NA and never replaced by zero; see rejection/source flags where applicable.,"Funding, repo, policy, or published lending-rate condition as identified by the source family.",Tenor matching and source family are proxies for marginal trader funding; inspect tenor distance and staleness.
processed,funding_curve_daily.csv,RUSFARCNY,"MOEX, Bank of Russia, CFETS/ChinaMoney, or PBOC according to series name","calculated, configured, or same-named source series","text, category, native source unit, or dimensionless as applicable",daily,"Direct field, documented selection hierarchy, or descriptive aggregation as indicated by the variable name.",Retained as NA and never replaced by zero; see rejection/source flags where applicable.,"Funding, repo, policy, or published lending-rate condition as identified by the source family.",Tenor matching and source family are proxies for marginal trader funding; inspect tenor distance and staleness.
processed,funding_curve_daily.csv,RUSFARCN1W_observation_date,"MOEX, Bank of Russia, CFETS/ChinaMoney, or PBOC according to series name","calculated, configured, or same-named source series",ISO date,daily,"Direct field, documented selection hierarchy, or descriptive aggregation as indicated by the variable name.",Retained as NA and never replaced by zero; see rejection/source flags where applicable.,"Funding, repo, policy, or published lending-rate condition as identified by the source family.",Tenor matching and source family are proxies for marginal trader funding; inspect tenor distance and staleness.
processed,funding_curve_daily.csv,RUSFARCN1W,"MOEX, Bank of Russia, CFETS/ChinaMoney, or PBOC according to series name","calculated, configured, or same-named source series","text, category, native source unit, or dimensionless as applicable",daily,"Direct field, documented selection hierarchy, or descriptive aggregation as indicated by the variable name.",Retained as NA and never replaced by zero; see rejection/source flags where applicable.,"Funding, repo, policy, or published lending-rate condition as identified by the source family.",Tenor matching and source family are proxies for marginal trader funding; inspect tenor distance and staleness.
processed,funding_curve_daily.csv,CBR_KEY_RATE_observation_date,"MOEX, Bank of Russia, CFETS/ChinaMoney, or PBOC according to series name","calculated, configured, or same-named source series",ISO date,daily,"Direct field, documented selection hierarchy, or descriptive aggregation as indicated by the variable name.",Retained as NA and never replaced by zero; see rejection/source flags where applicable.,"Funding, repo, policy, or published lending-rate condition as identified by the source family.",Tenor matching and source family are proxies for marginal trader funding; inspect tenor distance and staleness.
processed,funding_curve_daily.csv,CBR_KEY_RATE,"MOEX, Bank of Russia, CFETS/ChinaMoney, or PBOC according to series name","calculated, configured, or same-named source series","text, category, native source unit, or dimensionless as applicable",daily,"Direct field, documented selection hierarchy, or descriptive aggregation as indicated by the variable name.",Retained as NA and never replaced by zero; see rejection/source flags where applicable.,"Funding, repo, policy, or published lending-rate condition as identified by the source family.",Tenor matching and source family are proxies for marginal trader funding; inspect tenor distance and staleness.
processed,funding_curve_daily.csv,RUONIA_observation_date,"MOEX, Bank of Russia, CFETS/ChinaMoney, or PBOC according to series name","calculated, configured, or same-named source series",ISO date,daily,"Direct field, documented selection hierarchy, or descriptive aggregation as indicated by the variable name.",Retained as NA and never replaced by zero; see rejection/source flags where applicable.,"Funding, repo, policy, or published lending-rate condition as identified by the source family.",Tenor matching and source family are proxies for marginal trader funding; inspect tenor distance and staleness.
processed,funding_curve_daily.csv,RUONIA,"MOEX, Bank of Russia, CFETS/ChinaMoney, or PBOC according to series name","calculated, configured, or same-named source series","text, category, native source unit, or dimensionless as applicable",daily,"Direct field, documented selection hierarchy, or descriptive aggregation as indicated by the variable name.",Retained as NA and never replaced by zero; see rejection/source flags where applicable.,"Funding, repo, policy, or published lending-rate condition as identified by the source family.",Tenor matching and source family are proxies for marginal trader funding; inspect tenor distance and staleness.
processed,funding_curve_daily.csv,SHIBOR_ON_observation_date,"MOEX, Bank of Russia, CFETS/ChinaMoney, or PBOC according to series name","calculated, configured, or same-named source series",ISO date,daily,"Direct field, documented selection hierarchy, or descriptive aggregation as indicated by the variable name.",Retained as NA and never replaced by zero; see rejection/source flags where applicable.,"Funding, repo, policy, or published lending-rate condition as identified by the source family.",Tenor matching and source family are proxies for marginal trader funding; inspect tenor distance and staleness.
processed,funding_curve_daily.csv,SHIBOR_ON,"MOEX, Bank of Russia, CFETS/ChinaMoney, or PBOC according to series name","calculated, configured, or same-named source series","text, category, native source unit, or dimensionless as applicable",daily,"Direct field, documented selection hierarchy, or descriptive aggregation as indicated by the variable name.",Retained as NA and never replaced by zero; see rejection/source flags where applicable.,"Funding, repo, policy, or published lending-rate condition as identified by the source family.",Tenor matching and source family are proxies for marginal trader funding; inspect tenor distance and staleness.
processed,funding_curve_daily.csv,SHIBOR_1W_observation_date,"MOEX, Bank of Russia, CFETS/ChinaMoney, or PBOC according to series name","calculated, configured, or same-named source series",ISO date,daily,"Direct field, documented selection hierarchy, or descriptive aggregation as indicated by the variable name.",Retained as NA and never replaced by zero; see rejection/source flags where applicable.,"Funding, repo, policy, or published lending-rate condition as identified by the source family.",Tenor matching and source family are proxies for marginal trader funding; inspect tenor distance and staleness.
processed,funding_curve_daily.csv,SHIBOR_1W,"MOEX, Bank of Russia, CFETS/ChinaMoney, or PBOC according to series name","calculated, configured, or same-named source series","text, category, native source unit, or dimensionless as applicable",daily,"Direct field, documented selection hierarchy, or descriptive aggregation as indicated by the variable name.",Retained as NA and never replaced by zero; see rejection/source flags where applicable.,"Funding, repo, policy, or published lending-rate condition as identified by the source family.",Tenor matching and source family are proxies for marginal trader funding; inspect tenor distance and staleness.
processed,funding_curve_daily.csv,SHIBOR_2W_observation_date,"MOEX, Bank of Russia, CFETS/ChinaMoney, or PBOC according to series name","calculated, configured, or same-named source series",ISO date,daily,"Direct field, documented selection hierarchy, or descriptive aggregation as indicated by the variable name.",Retained as NA and never replaced by zero; see rejection/source flags where applicable.,"Funding, repo, policy, or published lending-rate condition as identified by the source family.",Tenor matching and source family are proxies for marginal trader funding; inspect tenor distance and staleness.
processed,funding_curve_daily.csv,SHIBOR_2W,"MOEX, Bank of Russia, CFETS/ChinaMoney, or PBOC according to series name","calculated, configured, or same-named source series","text, category, native source unit, or dimensionless as applicable",daily,"Direct field, documented selection hierarchy, or descriptive aggregation as indicated by the variable name.",Retained as NA and never replaced by zero; see rejection/source flags where applicable.,"Funding, repo, policy, or published lending-rate condition as identified by the source family.",Tenor matching and source family are proxies for marginal trader funding; inspect tenor distance and staleness.
processed,funding_curve_daily.csv,SHIBOR_1M_observation_date,"MOEX, Bank of Russia, CFETS/ChinaMoney, or PBOC according to series name","calculated, configured, or same-named source series",ISO date,daily,"Direct field, documented selection hierarchy, or descriptive aggregation as indicated by the variable name.",Retained as NA and never replaced by zero; see rejection/source flags where applicable.,"Funding, repo, policy, or published lending-rate condition as identified by the source family.",Tenor matching and source family are proxies for marginal trader funding; inspect tenor distance and staleness.
processed,funding_curve_daily.csv,SHIBOR_1M,"MOEX, Bank of Russia, CFETS/ChinaMoney, or PBOC according to series name","calculated, configured, or same-named source series","text, category, native source unit, or dimensionless as applicable",daily,"Direct field, documented selection hierarchy, or descriptive aggregation as indicated by the variable name.",Retained as NA and never replaced by zero; see rejection/source flags where applicable.,"Funding, repo, policy, or published lending-rate condition as identified by the source family.",Tenor matching and source family are proxies for marginal trader funding; inspect tenor distance and staleness.
processed,funding_curve_daily.csv,SHIBOR_3M_observation_date,"MOEX, Bank of Russia, CFETS/ChinaMoney, or PBOC according to series name","calculated, configured, or same-named source series",ISO date,daily,"Direct field, documented selection hierarchy, or descriptive aggregation as indicated by the variable name.",Retained as NA and never replaced by zero; see rejection/source flags where applicable.,"Funding, repo, policy, or published lending-rate condition as identified by the source family.",Tenor matching and source family are proxies for marginal trader funding; inspect tenor distance and staleness.
processed,funding_curve_daily.csv,SHIBOR_3M,"MOEX, Bank of Russia, CFETS/ChinaMoney, or PBOC according to series name","calculated, configured, or same-named source series","text, category, native source unit, or dimensionless as applicable",daily,"Direct field, documented selection hierarchy, or descriptive aggregation as indicated by the variable name.",Retained as NA and never replaced by zero; see rejection/source flags where applicable.,"Funding, repo, policy, or published lending-rate condition as identified by the source family.",Tenor matching and source family are proxies for marginal trader funding; inspect tenor distance and staleness.
processed,funding_curve_daily.csv,SHIBOR_6M_observation_date,"MOEX, Bank of Russia, CFETS/ChinaMoney, or PBOC according to series name","calculated, configured, or same-named source series",ISO date,daily,"Direct field, documented selection hierarchy, or descriptive aggregation as indicated by the variable name.",Retained as NA and never replaced by zero; see rejection/source flags where applicable.,"Funding, repo, policy, or published lending-rate condition as identified by the source family.",Tenor matching and source family are proxies for marginal trader funding; inspect tenor distance and staleness.
processed,funding_curve_daily.csv,SHIBOR_6M,"MOEX, Bank of Russia, CFETS/ChinaMoney, or PBOC according to series name","calculated, configured, or same-named source series","text, category, native source unit, or dimensionless as applicable",daily,"Direct field, documented selection hierarchy, or descriptive aggregation as indicated by the variable name.",Retained as NA and never replaced by zero; see rejection/source flags where applicable.,"Funding, repo, policy, or published lending-rate condition as identified by the source family.",Tenor matching and source family are proxies for marginal trader funding; inspect tenor distance and staleness.
processed,funding_curve_daily.csv,SHIBOR_9M_observation_date,"MOEX, Bank of Russia, CFETS/ChinaMoney, or PBOC according to series name","calculated, configured, or same-named source series",ISO date,daily,"Direct field, documented selection hierarchy, or descriptive aggregation as indicated by the variable name.",Retained as NA and never replaced by zero; see rejection/source flags where applicable.,"Funding, repo, policy, or published lending-rate condition as identified by the source family.",Tenor matching and source family are proxies for marginal trader funding; inspect tenor distance and staleness.
processed,funding_curve_daily.csv,SHIBOR_9M,"MOEX, Bank of Russia, CFETS/ChinaMoney, or PBOC according to series name","calculated, configured, or same-named source series","text, category, native source unit, or dimensionless as applicable",daily,"Direct field, documented selection hierarchy, or descriptive aggregation as indicated by the variable name.",Retained as NA and never replaced by zero; see rejection/source flags where applicable.,"Funding, repo, policy, or published lending-rate condition as identified by the source family.",Tenor matching and source family are proxies for marginal trader funding; inspect tenor distance and staleness.
processed,funding_curve_daily.csv,SHIBOR_1Y_observation_date,"MOEX, Bank of Russia, CFETS/ChinaMoney, or PBOC according to series name","calculated, configured, or same-named source series",ISO date,daily,"Direct field, documented selection hierarchy, or descriptive aggregation as indicated by the variable name.",Retained as NA and never replaced by zero; see rejection/source flags where applicable.,"Funding, repo, policy, or published lending-rate condition as identified by the source family.",Tenor matching and source family are proxies for marginal trader funding; inspect tenor distance and staleness.
processed,funding_curve_daily.csv,SHIBOR_1Y,"MOEX, Bank of Russia, CFETS/ChinaMoney, or PBOC according to series name","calculated, configured, or same-named source series","text, category, native source unit, or dimensionless as applicable",daily,"Direct field, documented selection hierarchy, or descriptive aggregation as indicated by the variable name.",Retained as NA and never replaced by zero; see rejection/source flags where applicable.,"Funding, repo, policy, or published lending-rate condition as identified by the source family.",Tenor matching and source family are proxies for marginal trader funding; inspect tenor distance and staleness.
processed,funding_curve_daily.csv,FR001_observation_date,"MOEX, Bank of Russia, CFETS/ChinaMoney, or PBOC according to series name","calculated, configured, or same-named source series",ISO date,daily,"Direct field, documented selection hierarchy, or descriptive aggregation as indicated by the variable name.",Retained as NA and never replaced by zero; see rejection/source flags where applicable.,"Identifier, descriptive market measure, validation field, or summary statistic as named.",Missing source observations remain NA; zeros are retained only when the source explicitly reports zero.
processed,funding_curve_daily.csv,FR001,"MOEX, Bank of Russia, CFETS/ChinaMoney, or PBOC according to series name","calculated, configured, or same-named source series","text, category, native source unit, or dimensionless as applicable",daily,"Direct field, documented selection hierarchy, or descriptive aggregation as indicated by the variable name.",Retained as NA and never replaced by zero; see rejection/source flags where applicable.,"Identifier, descriptive market measure, validation field, or summary statistic as named.",Missing source observations remain NA; zeros are retained only when the source explicitly reports zero.
processed,funding_curve_daily.csv,FR007_observation_date,"MOEX, Bank of Russia, CFETS/ChinaMoney, or PBOC according to series name","calculated, configured, or same-named source series",ISO date,daily,"Direct field, documented selection hierarchy, or descriptive aggregation as indicated by the variable name.",Retained as NA and never replaced by zero; see rejection/source flags where applicable.,"Identifier, descriptive market measure, validation field, or summary statistic as named.",Missing source observations remain NA; zeros are retained only when the source explicitly reports zero.
processed,funding_curve_daily.csv,FR007,"MOEX, Bank of Russia, CFETS/ChinaMoney, or PBOC according to series name","calculated, configured, or same-named source series","text, category, native source unit, or dimensionless as applicable",daily,"Direct field, documented selection hierarchy, or descriptive aggregation as indicated by the variable name.",Retained as NA and never replaced by zero; see rejection/source flags where applicable.,"Identifier, descriptive market measure, validation field, or summary statistic as named.",Missing source observations remain NA; zeros are retained only when the source explicitly reports zero.
processed,funding_curve_daily.csv,FR014_observation_date,"MOEX, Bank of Russia, CFETS/ChinaMoney, or PBOC according to series name","calculated, configured, or same-named source series",ISO date,daily,"Direct field, documented selection hierarchy, or descriptive aggregation as indicated by the variable name.",Retained as NA and never replaced by zero; see rejection/source flags where applicable.,"Identifier, descriptive market measure, validation field, or summary statistic as named.",Missing source observations remain NA; zeros are retained only when the source explicitly reports zero.
processed,funding_curve_daily.csv,FR014,"MOEX, Bank of Russia, CFETS/ChinaMoney, or PBOC according to series name","calculated, configured, or same-named source series","text, category, native source unit, or dimensionless as applicable",daily,"Direct field, documented selection hierarchy, or descriptive aggregation as indicated by the variable name.",Retained as NA and never replaced by zero; see rejection/source flags where applicable.,"Identifier, descriptive market measure, validation field, or summary statistic as named.",Missing source observations remain NA; zeros are retained only when the source explicitly reports zero.
processed,funding_curve_daily.csv,FDR001_observation_date,"MOEX, Bank of Russia, CFETS/ChinaMoney, or PBOC according to series name","calculated, configured, or same-named source series",ISO date,daily,"Direct field, documented selection hierarchy, or descriptive aggregation as indicated by the variable name.",Retained as NA and never replaced by zero; see rejection/source flags where applicable.,"Funding, repo, policy, or published lending-rate condition as identified by the source family.",Tenor matching and source family are proxies for marginal trader funding; inspect tenor distance and staleness.
processed,funding_curve_daily.csv,FDR001,"MOEX, Bank of Russia, CFETS/ChinaMoney, or PBOC according to series name","calculated, configured, or same-named source series","text, category, native source unit, or dimensionless as applicable",daily,"Direct field, documented selection hierarchy, or descriptive aggregation as indicated by the variable name.",Retained as NA and never replaced by zero; see rejection/source flags where applicable.,"Funding, repo, policy, or published lending-rate condition as identified by the source family.",Tenor matching and source family are proxies for marginal trader funding; inspect tenor distance and staleness.
processed,funding_curve_daily.csv,FDR007_observation_date,"MOEX, Bank of Russia, CFETS/ChinaMoney, or PBOC according to series name","calculated, configured, or same-named source series",ISO date,daily,"Direct field, documented selection hierarchy, or descriptive aggregation as indicated by the variable name.",Retained as NA and never replaced by zero; see rejection/source flags where applicable.,"Funding, repo, policy, or published lending-rate condition as identified by the source family.",Tenor matching and source family are proxies for marginal trader funding; inspect tenor distance and staleness.
processed,funding_curve_daily.csv,FDR007,"MOEX, Bank of Russia, CFETS/ChinaMoney, or PBOC according to series name","calculated, configured, or same-named source series","text, category, native source unit, or dimensionless as applicable",daily,"Direct field, documented selection hierarchy, or descriptive aggregation as indicated by the variable name.",Retained as NA and never replaced by zero; see rejection/source flags where applicable.,"Funding, repo, policy, or published lending-rate condition as identified by the source family.",Tenor matching and source family are proxies for marginal trader funding; inspect tenor distance and staleness.
processed,funding_curve_daily.csv,FDR014_observation_date,"MOEX, Bank of Russia, CFETS/ChinaMoney, or PBOC according to series name","calculated, configured, or same-named source series",ISO date,daily,"Direct field, documented selection hierarchy, or descriptive aggregation as indicated by the variable name.",Retained as NA and never replaced by zero; see rejection/source flags where applicable.,"Funding, repo, policy, or published lending-rate condition as identified by the source family.",Tenor matching and source family are proxies for marginal trader funding; inspect tenor distance and staleness.
processed,funding_curve_daily.csv,FDR014,"MOEX, Bank of Russia, CFETS/ChinaMoney, or PBOC according to series name","calculated, configured, or same-named source series","text, category, native source unit, or dimensionless as applicable",daily,"Direct field, documented selection hierarchy, or descriptive aggregation as indicated by the variable name.",Retained as NA and never replaced by zero; see rejection/source flags where applicable.,"Funding, repo, policy, or published lending-rate condition as identified by the source family.",Tenor matching and source family are proxies for marginal trader funding; inspect tenor distance and staleness.
processed,funding_curve_daily.csv,LPR_1Y_observation_date,"MOEX, Bank of Russia, CFETS/ChinaMoney, or PBOC according to series name","calculated, configured, or same-named source series",ISO date,daily,"Direct field, documented selection hierarchy, or descriptive aggregation as indicated by the variable name.",Retained as NA and never replaced by zero; see rejection/source flags where applicable.,"Funding, repo, policy, or published lending-rate condition as identified by the source family.",Tenor matching and source family are proxies for marginal trader funding; inspect tenor distance and staleness.
processed,funding_curve_daily.csv,LPR_1Y,"MOEX, Bank of Russia, CFETS/ChinaMoney, or PBOC according to series name","calculated, configured, or same-named source series","text, category, native source unit, or dimensionless as applicable",daily,"Direct field, documented selection hierarchy, or descriptive aggregation as indicated by the variable name.",Retained as NA and never replaced by zero; see rejection/source flags where applicable.,"Funding, repo, policy, or published lending-rate condition as identified by the source family.",Tenor matching and source family are proxies for marginal trader funding; inspect tenor distance and staleness.
processed,funding_curve_daily.csv,LPR_5Y_observation_date,"MOEX, Bank of Russia, CFETS/ChinaMoney, or PBOC according to series name","calculated, configured, or same-named source series",ISO date,daily,"Direct field, documented selection hierarchy, or descriptive aggregation as indicated by the variable name.",Retained as NA and never replaced by zero; see rejection/source flags where applicable.,"Funding, repo, policy, or published lending-rate condition as identified by the source family.",Tenor matching and source family are proxies for marginal trader funding; inspect tenor distance and staleness.
processed,funding_curve_daily.csv,LPR_5Y,"MOEX, Bank of Russia, CFETS/ChinaMoney, or PBOC according to series name","calculated, configured, or same-named source series","text, category, native source unit, or dimensionless as applicable",daily,"Direct field, documented selection hierarchy, or descriptive aggregation as indicated by the variable name.",Retained as NA and never replaced by zero; see rejection/source flags where applicable.,"Funding, repo, policy, or published lending-rate condition as identified by the source family.",Tenor matching and source family are proxies for marginal trader funding; inspect tenor distance and staleness.
processed,funding_curve_daily.csv,PBOC_7D_REVERSE_REPO_observation_date,"MOEX, Bank of Russia, CFETS/ChinaMoney, or PBOC according to series name","calculated, configured, or same-named source series",ISO date,daily,"Direct field, documented selection hierarchy, or descriptive aggregation as indicated by the variable name.",Retained as NA and never replaced by zero; see rejection/source flags where applicable.,"Funding, repo, policy, or published lending-rate condition as identified by the source family.",Tenor matching and source family are proxies for marginal trader funding; inspect tenor distance and staleness.
processed,funding_curve_daily.csv,PBOC_7D_REVERSE_REPO,"MOEX, Bank of Russia, CFETS/ChinaMoney, or PBOC according to series name","calculated, configured, or same-named source series","text, category, native source unit, or dimensionless as applicable",daily,"Direct field, documented selection hierarchy, or descriptive aggregation as indicated by the variable name.",Retained as NA and never replaced by zero; see rejection/source flags where applicable.,"Funding, repo, policy, or published lending-rate condition as identified by the source family.",Tenor matching and source family are proxies for marginal trader funding; inspect tenor distance and staleness.
processed,funding_curve_daily.csv,RUSFAR_staleness_days,"MOEX, Bank of Russia, CFETS/ChinaMoney, or PBOC according to series name","calculated, configured, or same-named source series",calendar days,daily,trade_date minus the backward as-of matched source observation date.,Retained as NA and never replaced by zero; see rejection/source flags where applicable.,"Funding, repo, policy, or published lending-rate condition as identified by the source family.",Tenor matching and source family are proxies for marginal trader funding; inspect tenor distance and staleness.
processed,funding_curve_daily.csv,RUSFAR1W_staleness_days,"MOEX, Bank of Russia, CFETS/ChinaMoney, or PBOC according to series name","calculated, configured, or same-named source series",calendar days,daily,trade_date minus the backward as-of matched source observation date.,Retained as NA and never replaced by zero; see rejection/source flags where applicable.,"Funding, repo, policy, or published lending-rate condition as identified by the source family.",Tenor matching and source family are proxies for marginal trader funding; inspect tenor distance and staleness.
processed,funding_curve_daily.csv,RUSFAR2W_staleness_days,"MOEX, Bank of Russia, CFETS/ChinaMoney, or PBOC according to series name","calculated, configured, or same-named source series",calendar days,daily,trade_date minus the backward as-of matched source observation date.,Retained as NA and never replaced by zero; see rejection/source flags where applicable.,"Funding, repo, policy, or published lending-rate condition as identified by the source family.",Tenor matching and source family are proxies for marginal trader funding; inspect tenor distance and staleness.
processed,funding_curve_daily.csv,RUSFAR1M_staleness_days,"MOEX, Bank of Russia, CFETS/ChinaMoney, or PBOC according to series name","calculated, configured, or same-named source series",calendar days,daily,trade_date minus the backward as-of matched source observation date.,Retained as NA and never replaced by zero; see rejection/source flags where applicable.,"Funding, repo, policy, or published lending-rate condition as identified by the source family.",Tenor matching and source family are proxies for marginal trader funding; inspect tenor distance and staleness.
processed,funding_curve_daily.csv,RUSFAR3M_staleness_days,"MOEX, Bank of Russia, CFETS/ChinaMoney, or PBOC according to series name","calculated, configured, or same-named source series",calendar days,daily,trade_date minus the backward as-of matched source observation date.,Retained as NA and never replaced by zero; see rejection/source flags where applicable.,"Funding, repo, policy, or published lending-rate condition as identified by the source family.",Tenor matching and source family are proxies for marginal trader funding; inspect tenor distance and staleness.
processed,funding_curve_daily.csv,RUSFARCNY_staleness_days,"MOEX, Bank of Russia, CFETS/ChinaMoney, or PBOC according to series name","calculated, configured, or same-named source series",calendar days,daily,trade_date minus the backward as-of matched source observation date.,Retained as NA and never replaced by zero; see rejection/source flags where applicable.,"Funding, repo, policy, or published lending-rate condition as identified by the source family.",Tenor matching and source family are proxies for marginal trader funding; inspect tenor distance and staleness.
processed,funding_curve_daily.csv,RUSFARCN1W_staleness_days,"MOEX, Bank of Russia, CFETS/ChinaMoney, or PBOC according to series name","calculated, configured, or same-named source series",calendar days,daily,trade_date minus the backward as-of matched source observation date.,Retained as NA and never replaced by zero; see rejection/source flags where applicable.,"Funding, repo, policy, or published lending-rate condition as identified by the source family.",Tenor matching and source family are proxies for marginal trader funding; inspect tenor distance and staleness.
processed,funding_curve_daily.csv,CBR_KEY_RATE_staleness_days,"MOEX, Bank of Russia, CFETS/ChinaMoney, or PBOC according to series name","calculated, configured, or same-named source series",calendar days,daily,trade_date minus the backward as-of matched source observation date.,Retained as NA and never replaced by zero; see rejection/source flags where applicable.,"Funding, repo, policy, or published lending-rate condition as identified by the source family.",Tenor matching and source family are proxies for marginal trader funding; inspect tenor distance and staleness.
processed,funding_curve_daily.csv,RUONIA_staleness_days,"MOEX, Bank of Russia, CFETS/ChinaMoney, or PBOC according to series name","calculated, configured, or same-named source series",calendar days,daily,trade_date minus the backward as-of matched source observation date.,Retained as NA and never replaced by zero; see rejection/source flags where applicable.,"Funding, repo, policy, or published lending-rate condition as identified by the source family.",Tenor matching and source family are proxies for marginal trader funding; inspect tenor distance and staleness.
processed,funding_curve_daily.csv,SHIBOR_ON_staleness_days,"MOEX, Bank of Russia, CFETS/ChinaMoney, or PBOC according to series name","calculated, configured, or same-named source series",calendar days,daily,trade_date minus the backward as-of matched source observation date.,Retained as NA and never replaced by zero; see rejection/source flags where applicable.,"Funding, repo, policy, or published lending-rate condition as identified by the source family.",Tenor matching and source family are proxies for marginal trader funding; inspect tenor distance and staleness.
processed,funding_curve_daily.csv,SHIBOR_1W_staleness_days,"MOEX, Bank of Russia, CFETS/ChinaMoney, or PBOC according to series name","calculated, configured, or same-named source series",calendar days,daily,trade_date minus the backward as-of matched source observation date.,Retained as NA and never replaced by zero; see rejection/source flags where applicable.,"Funding, repo, policy, or published lending-rate condition as identified by the source family.",Tenor matching and source family are proxies for marginal trader funding; inspect tenor distance and staleness.
processed,funding_curve_daily.csv,SHIBOR_2W_staleness_days,"MOEX, Bank of Russia, CFETS/ChinaMoney, or PBOC according to series name","calculated, configured, or same-named source series",calendar days,daily,trade_date minus the backward as-of matched source observation date.,Retained as NA and never replaced by zero; see rejection/source flags where applicable.,"Funding, repo, policy, or published lending-rate condition as identified by the source family.",Tenor matching and source family are proxies for marginal trader funding; inspect tenor distance and staleness.
processed,funding_curve_daily.csv,SHIBOR_1M_staleness_days,"MOEX, Bank of Russia, CFETS/ChinaMoney, or PBOC according to series name","calculated, configured, or same-named source series",calendar days,daily,trade_date minus the backward as-of matched source observation date.,Retained as NA and never replaced by zero; see rejection/source flags where applicable.,"Funding, repo, policy, or published lending-rate condition as identified by the source family.",Tenor matching and source family are proxies for marginal trader funding; inspect tenor distance and staleness.
processed,funding_curve_daily.csv,SHIBOR_3M_staleness_days,"MOEX, Bank of Russia, CFETS/ChinaMoney, or PBOC according to series name","calculated, configured, or same-named source series",calendar days,daily,trade_date minus the backward as-of matched source observation date.,Retained as NA and never replaced by zero; see rejection/source flags where applicable.,"Funding, repo, policy, or published lending-rate condition as identified by the source family.",Tenor matching and source family are proxies for marginal trader funding; inspect tenor distance and staleness.
processed,funding_curve_daily.csv,SHIBOR_6M_staleness_days,"MOEX, Bank of Russia, CFETS/ChinaMoney, or PBOC according to series name","calculated, configured, or same-named source series",calendar days,daily,trade_date minus the backward as-of matched source observation date.,Retained as NA and never replaced by zero; see rejection/source flags where applicable.,"Funding, repo, policy, or published lending-rate condition as identified by the source family.",Tenor matching and source family are proxies for marginal trader funding; inspect tenor distance and staleness.
processed,funding_curve_daily.csv,SHIBOR_9M_staleness_days,"MOEX, Bank of Russia, CFETS/ChinaMoney, or PBOC according to series name","calculated, configured, or same-named source series",calendar days,daily,trade_date minus the backward as-of matched source observation date.,Retained as NA and never replaced by zero; see rejection/source flags where applicable.,"Funding, repo, policy, or published lending-rate condition as identified by the source family.",Tenor matching and source family are proxies for marginal trader funding; inspect tenor distance and staleness.
processed,funding_curve_daily.csv,SHIBOR_1Y_staleness_days,"MOEX, Bank of Russia, CFETS/ChinaMoney, or PBOC according to series name","calculated, configured, or same-named source series",calendar days,daily,trade_date minus the backward as-of matched source observation date.,Retained as NA and never replaced by zero; see rejection/source flags where applicable.,"Funding, repo, policy, or published lending-rate condition as identified by the source family.",Tenor matching and source family are proxies for marginal trader funding; inspect tenor distance and staleness.
processed,funding_curve_daily.csv,FR001_staleness_days,"MOEX, Bank of Russia, CFETS/ChinaMoney, or PBOC according to series name","calculated, configured, or same-named source series",calendar days,daily,trade_date minus the backward as-of matched source observation date.,Retained as NA and never replaced by zero; see rejection/source flags where applicable.,"Identifier, descriptive market measure, validation field, or summary statistic as named.",Missing source observations remain NA; zeros are retained only when the source explicitly reports zero.
processed,funding_curve_daily.csv,FR007_staleness_days,"MOEX, Bank of Russia, CFETS/ChinaMoney, or PBOC according to series name","calculated, configured, or same-named source series",calendar days,daily,trade_date minus the backward as-of matched source observation date.,Retained as NA and never replaced by zero; see rejection/source flags where applicable.,"Identifier, descriptive market measure, validation field, or summary statistic as named.",Missing source observations remain NA; zeros are retained only when the source explicitly reports zero.
processed,funding_curve_daily.csv,FR014_staleness_days,"MOEX, Bank of Russia, CFETS/ChinaMoney, or PBOC according to series name","calculated, configured, or same-named source series",calendar days,daily,trade_date minus the backward as-of matched source observation date.,Retained as NA and never replaced by zero; see rejection/source flags where applicable.,"Identifier, descriptive market measure, validation field, or summary statistic as named.",Missing source observations remain NA; zeros are retained only when the source explicitly reports zero.
processed,funding_curve_daily.csv,FDR001_staleness_days,"MOEX, Bank of Russia, CFETS/ChinaMoney, or PBOC according to series name","calculated, configured, or same-named source series",calendar days,daily,trade_date minus the backward as-of matched source observation date.,Retained as NA and never replaced by zero; see rejection/source flags where applicable.,"Funding, repo, policy, or published lending-rate condition as identified by the source family.",Tenor matching and source family are proxies for marginal trader funding; inspect tenor distance and staleness.
processed,funding_curve_daily.csv,FDR007_staleness_days,"MOEX, Bank of Russia, CFETS/ChinaMoney, or PBOC according to series name","calculated, configured, or same-named source series",calendar days,daily,trade_date minus the backward as-of matched source observation date.,Retained as NA and never replaced by zero; see rejection/source flags where applicable.,"Funding, repo, policy, or published lending-rate condition as identified by the source family.",Tenor matching and source family are proxies for marginal trader funding; inspect tenor distance and staleness.
processed,funding_curve_daily.csv,FDR014_staleness_days,"MOEX, Bank of Russia, CFETS/ChinaMoney, or PBOC according to series name","calculated, configured, or same-named source series",calendar days,daily,trade_date minus the backward as-of matched source observation date.,Retained as NA and never replaced by zero; see rejection/source flags where applicable.,"Funding, repo, policy, or published lending-rate condition as identified by the source family.",Tenor matching and source family are proxies for marginal trader funding; inspect tenor distance and staleness.
processed,funding_curve_daily.csv,LPR_1Y_staleness_days,"MOEX, Bank of Russia, CFETS/ChinaMoney, or PBOC according to series name","calculated, configured, or same-named source series",calendar days,daily,trade_date minus the backward as-of matched source observation date.,Retained as NA and never replaced by zero; see rejection/source flags where applicable.,"Funding, repo, policy, or published lending-rate condition as identified by the source family.",Tenor matching and source family are proxies for marginal trader funding; inspect tenor distance and staleness.
processed,funding_curve_daily.csv,LPR_5Y_staleness_days,"MOEX, Bank of Russia, CFETS/ChinaMoney, or PBOC according to series name","calculated, configured, or same-named source series",calendar days,daily,trade_date minus the backward as-of matched source observation date.,Retained as NA and never replaced by zero; see rejection/source flags where applicable.,"Funding, repo, policy, or published lending-rate condition as identified by the source family.",Tenor matching and source family are proxies for marginal trader funding; inspect tenor distance and staleness.
processed,funding_curve_daily.csv,PBOC_7D_REVERSE_REPO_staleness_days,"MOEX, Bank of Russia, CFETS/ChinaMoney, or PBOC according to series name","calculated, configured, or same-named source series",calendar days,daily,trade_date minus the backward as-of matched source observation date.,Retained as NA and never replaced by zero; see rejection/source flags where applicable.,"Funding, repo, policy, or published lending-rate condition as identified by the source family.",Tenor matching and source family are proxies for marginal trader funding; inspect tenor distance and staleness.
processed,futures_pricing_panel.csv,boardid,MOEX market data plus documented calculations,BOARDID,"text, category, native source unit, or dimensionless as applicable",daily,Renamed from the listed original field; numeric/date parsing only unless normalized prices are stated.,Retained as NA and never replaced by zero; see rejection/source flags where applicable.,"Identifier, descriptive market measure, validation field, or summary statistic as named.",Missing source observations remain NA; zeros are retained only when the source explicitly reports zero.
processed,futures_pricing_panel.csv,trade_date,MOEX market data plus documented calculations,TRADEDATE or observation date,ISO date,daily,Renamed from the listed original field; numeric/date parsing only unless normalized prices are stated.,Retained as NA and never replaced by zero; see rejection/source flags where applicable.,"Identifier, descriptive market measure, validation field, or summary statistic as named.",Missing source observations remain NA; zeros are retained only when the source explicitly reports zero.
processed,futures_pricing_panel.csv,secid,MOEX market data plus documented calculations,SECID,"text, category, native source unit, or dimensionless as applicable",daily,Renamed from the listed original field; numeric/date parsing only unless normalized prices are stated.,Retained as NA and never replaced by zero; see rejection/source flags where applicable.,"Identifier, descriptive market measure, validation field, or summary statistic as named.",Missing source observations remain NA; zeros are retained only when the source explicitly reports zero.
processed,futures_pricing_panel.csv,futures_open_raw,MOEX market data plus documented calculations,OPEN,"text, category, native source unit, or dimensionless as applicable",daily,Renamed from the listed original field; numeric/date parsing only unless normalized prices are stated.,Retained as NA and never replaced by zero; see rejection/source flags where applicable.,"Identifier, descriptive market measure, validation field, or summary statistic as named.",Missing source observations remain NA; zeros are retained only when the source explicitly reports zero.
processed,futures_pricing_panel.csv,futures_low_raw,MOEX market data plus documented calculations,LOW,"text, category, native source unit, or dimensionless as applicable",daily,Renamed from the listed original field; numeric/date parsing only unless normalized prices are stated.,Retained as NA and never replaced by zero; see rejection/source flags where applicable.,"Identifier, descriptive market measure, validation field, or summary statistic as named.",Missing source observations remain NA; zeros are retained only when the source explicitly reports zero.
processed,futures_pricing_panel.csv,futures_high_raw,MOEX market data plus documented calculations,HIGH,"text, category, native source unit, or dimensionless as applicable",daily,Renamed from the listed original field; numeric/date parsing only unless normalized prices are stated.,Retained as NA and never replaced by zero; see rejection/source flags where applicable.,"Identifier, descriptive market measure, validation field, or summary statistic as named.",Missing source observations remain NA; zeros are retained only when the source explicitly reports zero.
processed,futures_pricing_panel.csv,futures_close_raw,MOEX market data plus documented calculations,CLOSE,"text, category, native source unit, or dimensionless as applicable",daily,Renamed from the listed original field; numeric/date parsing only unless normalized prices are stated.,Retained as NA and never replaced by zero; see rejection/source flags where applicable.,"Identifier, descriptive market measure, validation field, or summary statistic as named.",Missing source observations remain NA; zeros are retained only when the source explicitly reports zero.
processed,futures_pricing_panel.csv,open_interest_value_rub,MOEX market data plus documented calculations,OPENPOSITIONVALUE,RUB,daily,Renamed from the listed original field; numeric/date parsing only unless normalized prices are stated.,Retained as NA and never replaced by zero; see rejection/source flags where applicable.,Outstanding-position stock or a transformation of that stock; not daily trading flow.,Missing source observations remain NA; zeros are retained only when the source explicitly reports zero.
processed,futures_pricing_panel.csv,turnover_rub,MOEX market data plus documented calculations,VALUE,RUB,daily,Renamed from the listed original field; numeric/date parsing only unless normalized prices are stated.,Retained as NA and never replaced by zero; see rejection/source flags where applicable.,"Identifier, descriptive market measure, validation field, or summary statistic as named.",Missing source observations remain NA; zeros are retained only when the source explicitly reports zero.
processed,futures_pricing_panel.csv,volume_contracts,MOEX market data plus documented calculations,VOLUME,contracts,daily,Renamed from the listed original field; numeric/date parsing only unless normalized prices are stated.,Retained as NA and never replaced by zero; see rejection/source flags where applicable.,Trading flow or a transformation of trading flow.,Missing source observations remain NA; zeros are retained only when the source explicitly reports zero.
processed,futures_pricing_panel.csv,open_interest_contracts,MOEX market data plus documented calculations,OPENPOSITION,contracts,daily,Renamed from the listed original field; numeric/date parsing only unless normalized prices are stated.,Retained as NA and never replaced by zero; see rejection/source flags where applicable.,Outstanding-position stock or a transformation of that stock; not daily trading flow.,Missing source observations remain NA; zeros are retained only when the source explicitly reports zero.
processed,futures_pricing_panel.csv,futures_settle_price_raw,MOEX market data plus documented calculations,SETTLEPRICE,RUB per unit of underlying currency (normalized); raw field where named *_raw,daily,Renamed from the listed original field; numeric/date parsing only unless normalized prices are stated.,Retained as NA and never replaced by zero; see rejection/source flags where applicable.,"Exchange, reference, or selected analytical price as identified by the field name.",Missing source observations remain NA; zeros are retained only when the source explicitly reports zero.
processed,futures_pricing_panel.csv,swaprate,MOEX market data plus documented calculations,SWAPRATE,"text, category, native source unit, or dimensionless as applicable",daily,Renamed from the listed original field; numeric/date parsing only unless normalized prices are stated.,Retained as NA and never replaced by zero; see rejection/source flags where applicable.,"Funding, repo, policy, or published lending-rate condition as identified by the source family.",Tenor matching and source family are proxies for marginal trader funding; inspect tenor distance and staleness.
processed,futures_pricing_panel.csv,futures_wap_price_raw,MOEX market data plus documented calculations,WAPRICE,RUB per unit of underlying currency (normalized); raw field where named *_raw,daily,Renamed from the listed original field; numeric/date parsing only unless normalized prices are stated.,Retained as NA and never replaced by zero; see rejection/source flags where applicable.,"Exchange, reference, or selected analytical price as identified by the field name.",Missing source observations remain NA; zeros are retained only when the source explicitly reports zero.
processed,futures_pricing_panel.csv,change,MOEX market data plus documented calculations,CHANGE,percent,daily,Renamed from the listed original field; numeric/date parsing only unless normalized prices are stated.,Retained as NA and never replaced by zero; see rejection/source flags where applicable.,"Identifier, descriptive market measure, validation field, or summary statistic as named.",Missing source observations remain NA; zeros are retained only when the source explicitly reports zero.
processed,futures_pricing_panel.csv,qty,MOEX market data plus documented calculations,QTY,contracts,daily,Renamed from the listed original field; numeric/date parsing only unless normalized prices are stated.,Retained as NA and never replaced by zero; see rejection/source flags where applicable.,"Identifier, descriptive market measure, validation field, or summary statistic as named.",Missing source observations remain NA; zeros are retained only when the source explicitly reports zero.
processed,futures_pricing_panel.csv,futures_num_trades,MOEX market data plus documented calculations,NUMTRADES,count,daily,Renamed from the listed original field; numeric/date parsing only unless normalized prices are stated.,Retained as NA and never replaced by zero; see rejection/source flags where applicable.,"Identifier, descriptive market measure, validation field, or summary statistic as named.",Missing source observations remain NA; zeros are retained only when the source explicitly reports zero.
processed,futures_pricing_panel.csv,shortname,MOEX market data plus documented calculations,SHORTNAME,"text, category, native source unit, or dimensionless as applicable",daily,Renamed from the listed original field; numeric/date parsing only unless normalized prices are stated.,Retained as NA and never replaced by zero; see rejection/source flags where applicable.,"Identifier, descriptive market measure, validation field, or summary statistic as named.",Missing source observations remain NA; zeros are retained only when the source explicitly reports zero.
processed,futures_pricing_panel.csv,assetcode,MOEX market data plus documented calculations,ASSETCODE,"text, category, native source unit, or dimensionless as applicable",daily,Renamed from the listed original field; numeric/date parsing only unless normalized prices are stated.,Retained as NA and never replaced by zero; see rejection/source flags where applicable.,"Identifier, descriptive market measure, validation field, or summary statistic as named.",Missing source observations remain NA; zeros are retained only when the source explicitly reports zero.
processed,futures_pricing_panel.csv,pair,MOEX market data plus documented calculations,"calculated, configured, or same-named source series","text, category, native source unit, or dimensionless as applicable",daily,"Direct field, documented selection hierarchy, or descriptive aggregation as indicated by the variable name.",Retained as NA and never replaced by zero; see rejection/source flags where applicable.,"Identifier, descriptive market measure, validation field, or summary statistic as named.",Missing source observations remain NA; zeros are retained only when the source explicitly reports zero.
processed,futures_pricing_panel.csv,root,MOEX market data plus documented calculations,"calculated, configured, or same-named source series","text, category, native source unit, or dimensionless as applicable",daily,"Direct field, documented selection hierarchy, or descriptive aggregation as indicated by the variable name.",Retained as NA and never replaced by zero; see rejection/source flags where applicable.,"Identifier, descriptive market measure, validation field, or summary statistic as named.",Missing source observations remain NA; zeros are retained only when the source explicitly reports zero.
processed,futures_pricing_panel.csv,source,MOEX market data plus documented calculations,"calculated, configured, or same-named source series","text, category, native source unit, or dimensionless as applicable",daily,"Direct field, documented selection hierarchy, or descriptive aggregation as indicated by the variable name.",Retained as NA and never replaced by zero; see rejection/source flags where applicable.,"Identifier, descriptive market measure, validation field, or summary statistic as named.",Missing source observations remain NA; zeros are retained only when the source explicitly reports zero.
processed,futures_pricing_panel.csv,source_url,MOEX market data plus documented calculations,"calculated, configured, or same-named source series","text, category, native source unit, or dimensionless as applicable",daily,"Direct field, documented selection hierarchy, or descriptive aggregation as indicated by the variable name.",Retained as NA and never replaced by zero; see rejection/source flags where applicable.,"Identifier, descriptive market measure, validation field, or summary statistic as named.",Missing source observations remain NA; zeros are retained only when the source explicitly reports zero.
processed,futures_pricing_panel.csv,raw_price_divisor,MOEX market data plus documented calculations,"calculated, configured, or same-named source series",RUB per unit of underlying currency (normalized); raw field where named *_raw,daily,"Direct field, documented selection hierarchy, or descriptive aggregation as indicated by the variable name.",Retained as NA and never replaced by zero; see rejection/source flags where applicable.,"Exchange, reference, or selected analytical price as identified by the field name.",Missing source observations remain NA; zeros are retained only when the source explicitly reports zero.
processed,futures_pricing_panel.csv,futures_open,MOEX market data plus documented calculations,OPEN,"text, category, native source unit, or dimensionless as applicable",daily,Renamed from the listed original field; numeric/date parsing only unless normalized prices are stated.,Retained as NA and never replaced by zero; see rejection/source flags where applicable.,"Identifier, descriptive market measure, validation field, or summary statistic as named.",Missing source observations remain NA; zeros are retained only when the source explicitly reports zero.
processed,futures_pricing_panel.csv,futures_low,MOEX market data plus documented calculations,LOW,"text, category, native source unit, or dimensionless as applicable",daily,Renamed from the listed original field; numeric/date parsing only unless normalized prices are stated.,Retained as NA and never replaced by zero; see rejection/source flags where applicable.,"Identifier, descriptive market measure, validation field, or summary statistic as named.",Missing source observations remain NA; zeros are retained only when the source explicitly reports zero.
processed,futures_pricing_panel.csv,futures_high,MOEX market data plus documented calculations,HIGH,"text, category, native source unit, or dimensionless as applicable",daily,Renamed from the listed original field; numeric/date parsing only unless normalized prices are stated.,Retained as NA and never replaced by zero; see rejection/source flags where applicable.,"Identifier, descriptive market measure, validation field, or summary statistic as named.",Missing source observations remain NA; zeros are retained only when the source explicitly reports zero.
processed,futures_pricing_panel.csv,futures_close,MOEX market data plus documented calculations,CLOSE,"text, category, native source unit, or dimensionless as applicable",daily,Renamed from the listed original field; numeric/date parsing only unless normalized prices are stated.,Retained as NA and never replaced by zero; see rejection/source flags where applicable.,"Identifier, descriptive market measure, validation field, or summary statistic as named.",Missing source observations remain NA; zeros are retained only when the source explicitly reports zero.
processed,futures_pricing_panel.csv,futures_settle_price,MOEX market data plus documented calculations,SETTLEPRICE,RUB per unit of underlying currency (normalized); raw field where named *_raw,daily,Renamed from the listed original field; numeric/date parsing only unless normalized prices are stated.,Retained as NA and never replaced by zero; see rejection/source flags where applicable.,"Exchange, reference, or selected analytical price as identified by the field name.",Missing source observations remain NA; zeros are retained only when the source explicitly reports zero.
processed,futures_pricing_panel.csv,futures_wap_price,MOEX market data plus documented calculations,WAPRICE,RUB per unit of underlying currency (normalized); raw field where named *_raw,daily,Renamed from the listed original field; numeric/date parsing only unless normalized prices are stated.,Retained as NA and never replaced by zero; see rejection/source flags where applicable.,"Exchange, reference, or selected analytical price as identified by the field name.",Missing source observations remain NA; zeros are retained only when the source explicitly reports zero.
processed,futures_pricing_panel.csv,futures_price,MOEX market data plus documented calculations,"calculated, configured, or same-named source series",RUB per unit of underlying currency (normalized); raw field where named *_raw,daily,"Direct field, documented selection hierarchy, or descriptive aggregation as indicated by the variable name.",Retained as NA and never replaced by zero; see rejection/source flags where applicable.,"Exchange, reference, or selected analytical price as identified by the field name.",Missing source observations remain NA; zeros are retained only when the source explicitly reports zero.
processed,futures_pricing_panel.csv,underlying_currency,MOEX market data plus documented calculations,"calculated, configured, or same-named source series","text, category, native source unit, or dimensionless as applicable",daily,"Direct field, documented selection hierarchy, or descriptive aggregation as indicated by the variable name.",Retained as NA and never replaced by zero; see rejection/source flags where applicable.,"Identifier, descriptive market measure, validation field, or summary statistic as named.",Missing source observations remain NA; zeros are retained only when the source explicitly reports zero.
processed,futures_pricing_panel.csv,quote_currency,MOEX market data plus documented calculations,"calculated, configured, or same-named source series","text, category, native source unit, or dimensionless as applicable",daily,"Direct field, documented selection hierarchy, or descriptive aggregation as indicated by the variable name.",Retained as NA and never replaced by zero; see rejection/source flags where applicable.,"Identifier, descriptive market measure, validation field, or summary statistic as named.",Missing source observations remain NA; zeros are retained only when the source explicitly reports zero.
processed,futures_pricing_panel.csv,quote_convention,MOEX market data plus documented calculations,"calculated, configured, or same-named source series","text, category, native source unit, or dimensionless as applicable",daily,"Direct field, documented selection hierarchy, or descriptive aggregation as indicated by the variable name.",Retained as NA and never replaced by zero; see rejection/source flags where applicable.,"Identifier, descriptive market measure, validation field, or summary statistic as named.",Missing source observations remain NA; zeros are retained only when the source explicitly reports zero.
processed,futures_pricing_panel.csv,shortname_meta,MOEX market data plus documented calculations,"calculated, configured, or same-named source series","text, category, native source unit, or dimensionless as applicable",daily,"Direct field, documented selection hierarchy, or descriptive aggregation as indicated by the variable name.",Retained as NA and never replaced by zero; see rejection/source flags where applicable.,"Identifier, descriptive market measure, validation field, or summary statistic as named.",Missing source observations remain NA; zeros are retained only when the source explicitly reports zero.
processed,futures_pricing_panel.csv,expiry_date,MOEX market data plus documented calculations,LSTDELDATE,ISO date,daily,Renamed from the listed original field; numeric/date parsing only unless normalized prices are stated.,Retained as NA and never replaced by zero; see rejection/source flags where applicable.,"Identifier, descriptive market measure, validation field, or summary statistic as named.",Missing source observations remain NA; zeros are retained only when the source explicitly reports zero.
processed,futures_pricing_panel.csv,first_trade_date,MOEX market data plus documented calculations,FRSTTRADE,ISO date,daily,Renamed from the listed original field; numeric/date parsing only unless normalized prices are stated.,Retained as NA and never replaced by zero; see rejection/source flags where applicable.,"Identifier, descriptive market measure, validation field, or summary statistic as named.",Missing source observations remain NA; zeros are retained only when the source explicitly reports zero.
processed,futures_pricing_panel.csv,last_trade_date,MOEX market data plus documented calculations,LSTTRADE,ISO date,daily,Renamed from the listed original field; numeric/date parsing only unless normalized prices are stated.,Retained as NA and never replaced by zero; see rejection/source flags where applicable.,"Identifier, descriptive market measure, validation field, or summary statistic as named.",Missing source observations remain NA; zeros are retained only when the source explicitly reports zero.
processed,futures_pricing_panel.csv,days_to_maturity,MOEX market data plus documented calculations,"calculated, configured, or same-named source series",calendar days,daily,"Direct field, documented selection hierarchy, or descriptive aggregation as indicated by the variable name.",Retained as NA and never replaced by zero; see rejection/source flags where applicable.,"Identifier, descriptive market measure, validation field, or summary statistic as named.",Missing source observations remain NA; zeros are retained only when the source explicitly reports zero.
processed,futures_pricing_panel.csv,ttm_years,MOEX market data plus documented calculations,"calculated, configured, or same-named source series",Actual/365 years,daily,"Direct field, documented selection hierarchy, or descriptive aggregation as indicated by the variable name.",Retained as NA and never replaced by zero; see rejection/source flags where applicable.,"Identifier, descriptive market measure, validation field, or summary statistic as named.",Missing source observations remain NA; zeros are retained only when the source explicitly reports zero.
processed,futures_pricing_panel.csv,is_post_expiry_reference_row,MOEX market data plus documented calculations,"calculated, configured, or same-named source series",boolean,daily,"Direct field, documented selection hierarchy, or descriptive aggregation as indicated by the variable name.",Retained as NA and never replaced by zero; see rejection/source flags where applicable.,"Identifier, descriptive market measure, validation field, or summary statistic as named.",Missing source observations remain NA; zeros are retained only when the source explicitly reports zero.
processed,futures_pricing_panel.csv,spot_price,MOEX market data plus documented calculations,"calculated, configured, or same-named source series",RUB per unit of underlying currency (normalized); raw field where named *_raw,daily,"Direct field, documented selection hierarchy, or descriptive aggregation as indicated by the variable name.",Retained as NA and never replaced by zero; see rejection/source flags where applicable.,"Exchange, reference, or selected analytical price as identified by the field name.",Missing source observations remain NA; zeros are retained only when the source explicitly reports zero.
processed,futures_pricing_panel.csv,spot_log_return,MOEX market data plus documented calculations,"calculated, configured, or same-named source series",decimal log value,daily,Natural log of the current price divided by the previous comparable price; roll/source changes are left missing.,Retained as NA and never replaced by zero; see rejection/source flags where applicable.,"Identifier, descriptive market measure, validation field, or summary statistic as named.",Missing source observations remain NA; zeros are retained only when the source explicitly reports zero.
processed,futures_pricing_panel.csv,futures_log_return,MOEX market data plus documented calculations,"calculated, configured, or same-named source series",decimal log value,daily,Natural log of the current price divided by the previous comparable price; roll/source changes are left missing.,Retained as NA and never replaced by zero; see rejection/source flags where applicable.,"Identifier, descriptive market measure, validation field, or summary statistic as named.",Missing source observations remain NA; zeros are retained only when the source explicitly reports zero.
processed,futures_pricing_panel.csv,futures_absolute_return,MOEX market data plus documented calculations,"calculated, configured, or same-named source series","text, category, native source unit, or dimensionless as applicable",daily,Absolute value of the corresponding log return.,Retained as NA and never replaced by zero; see rejection/source flags where applicable.,"Identifier, descriptive market measure, validation field, or summary statistic as named.",Missing source observations remain NA; zeros are retained only when the source explicitly reports zero.
processed,futures_pricing_panel.csv,change_volume_contracts,MOEX market data plus documented calculations,"calculated, configured, or same-named source series",contracts,daily,First difference within the documented pair or contract grouping.,Retained as NA and never replaced by zero; see rejection/source flags where applicable.,Trading flow or a transformation of trading flow.,Missing source observations remain NA; zeros are retained only when the source explicitly reports zero.
processed,futures_pricing_panel.csv,change_turnover_rub,MOEX market data plus documented calculations,"calculated, configured, or same-named source series",RUB,daily,First difference within the documented pair or contract grouping.,Retained as NA and never replaced by zero; see rejection/source flags where applicable.,"Identifier, descriptive market measure, validation field, or summary statistic as named.",Missing source observations remain NA; zeros are retained only when the source explicitly reports zero.
processed,futures_pricing_panel.csv,change_open_interest_contracts,MOEX market data plus documented calculations,"calculated, configured, or same-named source series",contracts,daily,First difference within the documented pair or contract grouping.,Retained as NA and never replaced by zero; see rejection/source flags where applicable.,Outstanding-position stock or a transformation of that stock; not daily trading flow.,Missing source observations remain NA; zeros are retained only when the source explicitly reports zero.
processed,futures_pricing_panel.csv,pct_change_open_interest,MOEX market data plus documented calculations,"calculated, configured, or same-named source series","text, category, native source unit, or dimensionless as applicable",daily,100 times the first difference divided by the lagged value where the lag is nonzero.,Retained as NA and never replaced by zero; see rejection/source flags where applicable.,Outstanding-position stock or a transformation of that stock; not daily trading flow.,Missing source observations remain NA; zeros are retained only when the source explicitly reports zero.
processed,futures_pricing_panel.csv,RUSFAR_observation_date,"MOEX, Bank of Russia, CFETS/ChinaMoney, or PBOC according to series name","calculated, configured, or same-named source series",ISO date,daily,"Direct field, documented selection hierarchy, or descriptive aggregation as indicated by the variable name.",Retained as NA and never replaced by zero; see rejection/source flags where applicable.,"Funding, repo, policy, or published lending-rate condition as identified by the source family.",Tenor matching and source family are proxies for marginal trader funding; inspect tenor distance and staleness.
processed,futures_pricing_panel.csv,RUSFAR,"MOEX, Bank of Russia, CFETS/ChinaMoney, or PBOC according to series name","calculated, configured, or same-named source series","text, category, native source unit, or dimensionless as applicable",daily,"Direct field, documented selection hierarchy, or descriptive aggregation as indicated by the variable name.",Retained as NA and never replaced by zero; see rejection/source flags where applicable.,"Funding, repo, policy, or published lending-rate condition as identified by the source family.",Tenor matching and source family are proxies for marginal trader funding; inspect tenor distance and staleness.
processed,futures_pricing_panel.csv,RUSFAR1W_observation_date,"MOEX, Bank of Russia, CFETS/ChinaMoney, or PBOC according to series name","calculated, configured, or same-named source series",ISO date,daily,"Direct field, documented selection hierarchy, or descriptive aggregation as indicated by the variable name.",Retained as NA and never replaced by zero; see rejection/source flags where applicable.,"Funding, repo, policy, or published lending-rate condition as identified by the source family.",Tenor matching and source family are proxies for marginal trader funding; inspect tenor distance and staleness.
processed,futures_pricing_panel.csv,RUSFAR1W,"MOEX, Bank of Russia, CFETS/ChinaMoney, or PBOC according to series name","calculated, configured, or same-named source series","text, category, native source unit, or dimensionless as applicable",daily,"Direct field, documented selection hierarchy, or descriptive aggregation as indicated by the variable name.",Retained as NA and never replaced by zero; see rejection/source flags where applicable.,"Funding, repo, policy, or published lending-rate condition as identified by the source family.",Tenor matching and source family are proxies for marginal trader funding; inspect tenor distance and staleness.
processed,futures_pricing_panel.csv,RUSFAR2W_observation_date,"MOEX, Bank of Russia, CFETS/ChinaMoney, or PBOC according to series name","calculated, configured, or same-named source series",ISO date,daily,"Direct field, documented selection hierarchy, or descriptive aggregation as indicated by the variable name.",Retained as NA and never replaced by zero; see rejection/source flags where applicable.,"Funding, repo, policy, or published lending-rate condition as identified by the source family.",Tenor matching and source family are proxies for marginal trader funding; inspect tenor distance and staleness.
processed,futures_pricing_panel.csv,RUSFAR2W,"MOEX, Bank of Russia, CFETS/ChinaMoney, or PBOC according to series name","calculated, configured, or same-named source series","text, category, native source unit, or dimensionless as applicable",daily,"Direct field, documented selection hierarchy, or descriptive aggregation as indicated by the variable name.",Retained as NA and never replaced by zero; see rejection/source flags where applicable.,"Funding, repo, policy, or published lending-rate condition as identified by the source family.",Tenor matching and source family are proxies for marginal trader funding; inspect tenor distance and staleness.
processed,futures_pricing_panel.csv,RUSFAR1M_observation_date,"MOEX, Bank of Russia, CFETS/ChinaMoney, or PBOC according to series name","calculated, configured, or same-named source series",ISO date,daily,"Direct field, documented selection hierarchy, or descriptive aggregation as indicated by the variable name.",Retained as NA and never replaced by zero; see rejection/source flags where applicable.,"Funding, repo, policy, or published lending-rate condition as identified by the source family.",Tenor matching and source family are proxies for marginal trader funding; inspect tenor distance and staleness.
processed,futures_pricing_panel.csv,RUSFAR1M,"MOEX, Bank of Russia, CFETS/ChinaMoney, or PBOC according to series name","calculated, configured, or same-named source series","text, category, native source unit, or dimensionless as applicable",daily,"Direct field, documented selection hierarchy, or descriptive aggregation as indicated by the variable name.",Retained as NA and never replaced by zero; see rejection/source flags where applicable.,"Funding, repo, policy, or published lending-rate condition as identified by the source family.",Tenor matching and source family are proxies for marginal trader funding; inspect tenor distance and staleness.
processed,futures_pricing_panel.csv,RUSFAR3M_observation_date,"MOEX, Bank of Russia, CFETS/ChinaMoney, or PBOC according to series name","calculated, configured, or same-named source series",ISO date,daily,"Direct field, documented selection hierarchy, or descriptive aggregation as indicated by the variable name.",Retained as NA and never replaced by zero; see rejection/source flags where applicable.,"Funding, repo, policy, or published lending-rate condition as identified by the source family.",Tenor matching and source family are proxies for marginal trader funding; inspect tenor distance and staleness.
processed,futures_pricing_panel.csv,RUSFAR3M,"MOEX, Bank of Russia, CFETS/ChinaMoney, or PBOC according to series name","calculated, configured, or same-named source series","text, category, native source unit, or dimensionless as applicable",daily,"Direct field, documented selection hierarchy, or descriptive aggregation as indicated by the variable name.",Retained as NA and never replaced by zero; see rejection/source flags where applicable.,"Funding, repo, policy, or published lending-rate condition as identified by the source family.",Tenor matching and source family are proxies for marginal trader funding; inspect tenor distance and staleness.
processed,futures_pricing_panel.csv,RUSFARCNY_observation_date,"MOEX, Bank of Russia, CFETS/ChinaMoney, or PBOC according to series name","calculated, configured, or same-named source series",ISO date,daily,"Direct field, documented selection hierarchy, or descriptive aggregation as indicated by the variable name.",Retained as NA and never replaced by zero; see rejection/source flags where applicable.,"Funding, repo, policy, or published lending-rate condition as identified by the source family.",Tenor matching and source family are proxies for marginal trader funding; inspect tenor distance and staleness.
processed,futures_pricing_panel.csv,RUSFARCNY,"MOEX, Bank of Russia, CFETS/ChinaMoney, or PBOC according to series name","calculated, configured, or same-named source series","text, category, native source unit, or dimensionless as applicable",daily,"Direct field, documented selection hierarchy, or descriptive aggregation as indicated by the variable name.",Retained as NA and never replaced by zero; see rejection/source flags where applicable.,"Funding, repo, policy, or published lending-rate condition as identified by the source family.",Tenor matching and source family are proxies for marginal trader funding; inspect tenor distance and staleness.
processed,futures_pricing_panel.csv,RUSFARCN1W_observation_date,"MOEX, Bank of Russia, CFETS/ChinaMoney, or PBOC according to series name","calculated, configured, or same-named source series",ISO date,daily,"Direct field, documented selection hierarchy, or descriptive aggregation as indicated by the variable name.",Retained as NA and never replaced by zero; see rejection/source flags where applicable.,"Funding, repo, policy, or published lending-rate condition as identified by the source family.",Tenor matching and source family are proxies for marginal trader funding; inspect tenor distance and staleness.
processed,futures_pricing_panel.csv,RUSFARCN1W,"MOEX, Bank of Russia, CFETS/ChinaMoney, or PBOC according to series name","calculated, configured, or same-named source series","text, category, native source unit, or dimensionless as applicable",daily,"Direct field, documented selection hierarchy, or descriptive aggregation as indicated by the variable name.",Retained as NA and never replaced by zero; see rejection/source flags where applicable.,"Funding, repo, policy, or published lending-rate condition as identified by the source family.",Tenor matching and source family are proxies for marginal trader funding; inspect tenor distance and staleness.
processed,futures_pricing_panel.csv,CBR_KEY_RATE_observation_date,"MOEX, Bank of Russia, CFETS/ChinaMoney, or PBOC according to series name","calculated, configured, or same-named source series",ISO date,daily,"Direct field, documented selection hierarchy, or descriptive aggregation as indicated by the variable name.",Retained as NA and never replaced by zero; see rejection/source flags where applicable.,"Funding, repo, policy, or published lending-rate condition as identified by the source family.",Tenor matching and source family are proxies for marginal trader funding; inspect tenor distance and staleness.
processed,futures_pricing_panel.csv,CBR_KEY_RATE,"MOEX, Bank of Russia, CFETS/ChinaMoney, or PBOC according to series name","calculated, configured, or same-named source series","text, category, native source unit, or dimensionless as applicable",daily,"Direct field, documented selection hierarchy, or descriptive aggregation as indicated by the variable name.",Retained as NA and never replaced by zero; see rejection/source flags where applicable.,"Funding, repo, policy, or published lending-rate condition as identified by the source family.",Tenor matching and source family are proxies for marginal trader funding; inspect tenor distance and staleness.
processed,futures_pricing_panel.csv,RUONIA_observation_date,"MOEX, Bank of Russia, CFETS/ChinaMoney, or PBOC according to series name","calculated, configured, or same-named source series",ISO date,daily,"Direct field, documented selection hierarchy, or descriptive aggregation as indicated by the variable name.",Retained as NA and never replaced by zero; see rejection/source flags where applicable.,"Funding, repo, policy, or published lending-rate condition as identified by the source family.",Tenor matching and source family are proxies for marginal trader funding; inspect tenor distance and staleness.
processed,futures_pricing_panel.csv,RUONIA,"MOEX, Bank of Russia, CFETS/ChinaMoney, or PBOC according to series name","calculated, configured, or same-named source series","text, category, native source unit, or dimensionless as applicable",daily,"Direct field, documented selection hierarchy, or descriptive aggregation as indicated by the variable name.",Retained as NA and never replaced by zero; see rejection/source flags where applicable.,"Funding, repo, policy, or published lending-rate condition as identified by the source family.",Tenor matching and source family are proxies for marginal trader funding; inspect tenor distance and staleness.
processed,futures_pricing_panel.csv,SHIBOR_ON_observation_date,"MOEX, Bank of Russia, CFETS/ChinaMoney, or PBOC according to series name","calculated, configured, or same-named source series",ISO date,daily,"Direct field, documented selection hierarchy, or descriptive aggregation as indicated by the variable name.",Retained as NA and never replaced by zero; see rejection/source flags where applicable.,"Funding, repo, policy, or published lending-rate condition as identified by the source family.",Tenor matching and source family are proxies for marginal trader funding; inspect tenor distance and staleness.
processed,futures_pricing_panel.csv,SHIBOR_ON,"MOEX, Bank of Russia, CFETS/ChinaMoney, or PBOC according to series name","calculated, configured, or same-named source series","text, category, native source unit, or dimensionless as applicable",daily,"Direct field, documented selection hierarchy, or descriptive aggregation as indicated by the variable name.",Retained as NA and never replaced by zero; see rejection/source flags where applicable.,"Funding, repo, policy, or published lending-rate condition as identified by the source family.",Tenor matching and source family are proxies for marginal trader funding; inspect tenor distance and staleness.
processed,futures_pricing_panel.csv,SHIBOR_1W_observation_date,"MOEX, Bank of Russia, CFETS/ChinaMoney, or PBOC according to series name","calculated, configured, or same-named source series",ISO date,daily,"Direct field, documented selection hierarchy, or descriptive aggregation as indicated by the variable name.",Retained as NA and never replaced by zero; see rejection/source flags where applicable.,"Funding, repo, policy, or published lending-rate condition as identified by the source family.",Tenor matching and source family are proxies for marginal trader funding; inspect tenor distance and staleness.
processed,futures_pricing_panel.csv,SHIBOR_1W,"MOEX, Bank of Russia, CFETS/ChinaMoney, or PBOC according to series name","calculated, configured, or same-named source series","text, category, native source unit, or dimensionless as applicable",daily,"Direct field, documented selection hierarchy, or descriptive aggregation as indicated by the variable name.",Retained as NA and never replaced by zero; see rejection/source flags where applicable.,"Funding, repo, policy, or published lending-rate condition as identified by the source family.",Tenor matching and source family are proxies for marginal trader funding; inspect tenor distance and staleness.
processed,futures_pricing_panel.csv,SHIBOR_2W_observation_date,"MOEX, Bank of Russia, CFETS/ChinaMoney, or PBOC according to series name","calculated, configured, or same-named source series",ISO date,daily,"Direct field, documented selection hierarchy, or descriptive aggregation as indicated by the variable name.",Retained as NA and never replaced by zero; see rejection/source flags where applicable.,"Funding, repo, policy, or published lending-rate condition as identified by the source family.",Tenor matching and source family are proxies for marginal trader funding; inspect tenor distance and staleness.
processed,futures_pricing_panel.csv,SHIBOR_2W,"MOEX, Bank of Russia, CFETS/ChinaMoney, or PBOC according to series name","calculated, configured, or same-named source series","text, category, native source unit, or dimensionless as applicable",daily,"Direct field, documented selection hierarchy, or descriptive aggregation as indicated by the variable name.",Retained as NA and never replaced by zero; see rejection/source flags where applicable.,"Funding, repo, policy, or published lending-rate condition as identified by the source family.",Tenor matching and source family are proxies for marginal trader funding; inspect tenor distance and staleness.
processed,futures_pricing_panel.csv,SHIBOR_1M_observation_date,"MOEX, Bank of Russia, CFETS/ChinaMoney, or PBOC according to series name","calculated, configured, or same-named source series",ISO date,daily,"Direct field, documented selection hierarchy, or descriptive aggregation as indicated by the variable name.",Retained as NA and never replaced by zero; see rejection/source flags where applicable.,"Funding, repo, policy, or published lending-rate condition as identified by the source family.",Tenor matching and source family are proxies for marginal trader funding; inspect tenor distance and staleness.
processed,futures_pricing_panel.csv,SHIBOR_1M,"MOEX, Bank of Russia, CFETS/ChinaMoney, or PBOC according to series name","calculated, configured, or same-named source series","text, category, native source unit, or dimensionless as applicable",daily,"Direct field, documented selection hierarchy, or descriptive aggregation as indicated by the variable name.",Retained as NA and never replaced by zero; see rejection/source flags where applicable.,"Funding, repo, policy, or published lending-rate condition as identified by the source family.",Tenor matching and source family are proxies for marginal trader funding; inspect tenor distance and staleness.
processed,futures_pricing_panel.csv,SHIBOR_3M_observation_date,"MOEX, Bank of Russia, CFETS/ChinaMoney, or PBOC according to series name","calculated, configured, or same-named source series",ISO date,daily,"Direct field, documented selection hierarchy, or descriptive aggregation as indicated by the variable name.",Retained as NA and never replaced by zero; see rejection/source flags where applicable.,"Funding, repo, policy, or published lending-rate condition as identified by the source family.",Tenor matching and source family are proxies for marginal trader funding; inspect tenor distance and staleness.
processed,futures_pricing_panel.csv,SHIBOR_3M,"MOEX, Bank of Russia, CFETS/ChinaMoney, or PBOC according to series name","calculated, configured, or same-named source series","text, category, native source unit, or dimensionless as applicable",daily,"Direct field, documented selection hierarchy, or descriptive aggregation as indicated by the variable name.",Retained as NA and never replaced by zero; see rejection/source flags where applicable.,"Funding, repo, policy, or published lending-rate condition as identified by the source family.",Tenor matching and source family are proxies for marginal trader funding; inspect tenor distance and staleness.
processed,futures_pricing_panel.csv,SHIBOR_6M_observation_date,"MOEX, Bank of Russia, CFETS/ChinaMoney, or PBOC according to series name","calculated, configured, or same-named source series",ISO date,daily,"Direct field, documented selection hierarchy, or descriptive aggregation as indicated by the variable name.",Retained as NA and never replaced by zero; see rejection/source flags where applicable.,"Funding, repo, policy, or published lending-rate condition as identified by the source family.",Tenor matching and source family are proxies for marginal trader funding; inspect tenor distance and staleness.
processed,futures_pricing_panel.csv,SHIBOR_6M,"MOEX, Bank of Russia, CFETS/ChinaMoney, or PBOC according to series name","calculated, configured, or same-named source series","text, category, native source unit, or dimensionless as applicable",daily,"Direct field, documented selection hierarchy, or descriptive aggregation as indicated by the variable name.",Retained as NA and never replaced by zero; see rejection/source flags where applicable.,"Funding, repo, policy, or published lending-rate condition as identified by the source family.",Tenor matching and source family are proxies for marginal trader funding; inspect tenor distance and staleness.
processed,futures_pricing_panel.csv,SHIBOR_9M_observation_date,"MOEX, Bank of Russia, CFETS/ChinaMoney, or PBOC according to series name","calculated, configured, or same-named source series",ISO date,daily,"Direct field, documented selection hierarchy, or descriptive aggregation as indicated by the variable name.",Retained as NA and never replaced by zero; see rejection/source flags where applicable.,"Funding, repo, policy, or published lending-rate condition as identified by the source family.",Tenor matching and source family are proxies for marginal trader funding; inspect tenor distance and staleness.
processed,futures_pricing_panel.csv,SHIBOR_9M,"MOEX, Bank of Russia, CFETS/ChinaMoney, or PBOC according to series name","calculated, configured, or same-named source series","text, category, native source unit, or dimensionless as applicable",daily,"Direct field, documented selection hierarchy, or descriptive aggregation as indicated by the variable name.",Retained as NA and never replaced by zero; see rejection/source flags where applicable.,"Funding, repo, policy, or published lending-rate condition as identified by the source family.",Tenor matching and source family are proxies for marginal trader funding; inspect tenor distance and staleness.
processed,futures_pricing_panel.csv,SHIBOR_1Y_observation_date,"MOEX, Bank of Russia, CFETS/ChinaMoney, or PBOC according to series name","calculated, configured, or same-named source series",ISO date,daily,"Direct field, documented selection hierarchy, or descriptive aggregation as indicated by the variable name.",Retained as NA and never replaced by zero; see rejection/source flags where applicable.,"Funding, repo, policy, or published lending-rate condition as identified by the source family.",Tenor matching and source family are proxies for marginal trader funding; inspect tenor distance and staleness.
processed,futures_pricing_panel.csv,SHIBOR_1Y,"MOEX, Bank of Russia, CFETS/ChinaMoney, or PBOC according to series name","calculated, configured, or same-named source series","text, category, native source unit, or dimensionless as applicable",daily,"Direct field, documented selection hierarchy, or descriptive aggregation as indicated by the variable name.",Retained as NA and never replaced by zero; see rejection/source flags where applicable.,"Funding, repo, policy, or published lending-rate condition as identified by the source family.",Tenor matching and source family are proxies for marginal trader funding; inspect tenor distance and staleness.
processed,futures_pricing_panel.csv,FR001_observation_date,"MOEX, Bank of Russia, CFETS/ChinaMoney, or PBOC according to series name","calculated, configured, or same-named source series",ISO date,daily,"Direct field, documented selection hierarchy, or descriptive aggregation as indicated by the variable name.",Retained as NA and never replaced by zero; see rejection/source flags where applicable.,"Identifier, descriptive market measure, validation field, or summary statistic as named.",Missing source observations remain NA; zeros are retained only when the source explicitly reports zero.
processed,futures_pricing_panel.csv,FR001,"MOEX, Bank of Russia, CFETS/ChinaMoney, or PBOC according to series name","calculated, configured, or same-named source series","text, category, native source unit, or dimensionless as applicable",daily,"Direct field, documented selection hierarchy, or descriptive aggregation as indicated by the variable name.",Retained as NA and never replaced by zero; see rejection/source flags where applicable.,"Identifier, descriptive market measure, validation field, or summary statistic as named.",Missing source observations remain NA; zeros are retained only when the source explicitly reports zero.
processed,futures_pricing_panel.csv,FR007_observation_date,"MOEX, Bank of Russia, CFETS/ChinaMoney, or PBOC according to series name","calculated, configured, or same-named source series",ISO date,daily,"Direct field, documented selection hierarchy, or descriptive aggregation as indicated by the variable name.",Retained as NA and never replaced by zero; see rejection/source flags where applicable.,"Identifier, descriptive market measure, validation field, or summary statistic as named.",Missing source observations remain NA; zeros are retained only when the source explicitly reports zero.
processed,futures_pricing_panel.csv,FR007,"MOEX, Bank of Russia, CFETS/ChinaMoney, or PBOC according to series name","calculated, configured, or same-named source series","text, category, native source unit, or dimensionless as applicable",daily,"Direct field, documented selection hierarchy, or descriptive aggregation as indicated by the variable name.",Retained as NA and never replaced by zero; see rejection/source flags where applicable.,"Identifier, descriptive market measure, validation field, or summary statistic as named.",Missing source observations remain NA; zeros are retained only when the source explicitly reports zero.
processed,futures_pricing_panel.csv,FR014_observation_date,"MOEX, Bank of Russia, CFETS/ChinaMoney, or PBOC according to series name","calculated, configured, or same-named source series",ISO date,daily,"Direct field, documented selection hierarchy, or descriptive aggregation as indicated by the variable name.",Retained as NA and never replaced by zero; see rejection/source flags where applicable.,"Identifier, descriptive market measure, validation field, or summary statistic as named.",Missing source observations remain NA; zeros are retained only when the source explicitly reports zero.
processed,futures_pricing_panel.csv,FR014,"MOEX, Bank of Russia, CFETS/ChinaMoney, or PBOC according to series name","calculated, configured, or same-named source series","text, category, native source unit, or dimensionless as applicable",daily,"Direct field, documented selection hierarchy, or descriptive aggregation as indicated by the variable name.",Retained as NA and never replaced by zero; see rejection/source flags where applicable.,"Identifier, descriptive market measure, validation field, or summary statistic as named.",Missing source observations remain NA; zeros are retained only when the source explicitly reports zero.
processed,futures_pricing_panel.csv,FDR001_observation_date,"MOEX, Bank of Russia, CFETS/ChinaMoney, or PBOC according to series name","calculated, configured, or same-named source series",ISO date,daily,"Direct field, documented selection hierarchy, or descriptive aggregation as indicated by the variable name.",Retained as NA and never replaced by zero; see rejection/source flags where applicable.,"Funding, repo, policy, or published lending-rate condition as identified by the source family.",Tenor matching and source family are proxies for marginal trader funding; inspect tenor distance and staleness.
processed,futures_pricing_panel.csv,FDR001,"MOEX, Bank of Russia, CFETS/ChinaMoney, or PBOC according to series name","calculated, configured, or same-named source series","text, category, native source unit, or dimensionless as applicable",daily,"Direct field, documented selection hierarchy, or descriptive aggregation as indicated by the variable name.",Retained as NA and never replaced by zero; see rejection/source flags where applicable.,"Funding, repo, policy, or published lending-rate condition as identified by the source family.",Tenor matching and source family are proxies for marginal trader funding; inspect tenor distance and staleness.
processed,futures_pricing_panel.csv,FDR007_observation_date,"MOEX, Bank of Russia, CFETS/ChinaMoney, or PBOC according to series name","calculated, configured, or same-named source series",ISO date,daily,"Direct field, documented selection hierarchy, or descriptive aggregation as indicated by the variable name.",Retained as NA and never replaced by zero; see rejection/source flags where applicable.,"Funding, repo, policy, or published lending-rate condition as identified by the source family.",Tenor matching and source family are proxies for marginal trader funding; inspect tenor distance and staleness.
processed,futures_pricing_panel.csv,FDR007,"MOEX, Bank of Russia, CFETS/ChinaMoney, or PBOC according to series name","calculated, configured, or same-named source series","text, category, native source unit, or dimensionless as applicable",daily,"Direct field, documented selection hierarchy, or descriptive aggregation as indicated by the variable name.",Retained as NA and never replaced by zero; see rejection/source flags where applicable.,"Funding, repo, policy, or published lending-rate condition as identified by the source family.",Tenor matching and source family are proxies for marginal trader funding; inspect tenor distance and staleness.
processed,futures_pricing_panel.csv,FDR014_observation_date,"MOEX, Bank of Russia, CFETS/ChinaMoney, or PBOC according to series name","calculated, configured, or same-named source series",ISO date,daily,"Direct field, documented selection hierarchy, or descriptive aggregation as indicated by the variable name.",Retained as NA and never replaced by zero; see rejection/source flags where applicable.,"Funding, repo, policy, or published lending-rate condition as identified by the source family.",Tenor matching and source family are proxies for marginal trader funding; inspect tenor distance and staleness.
processed,futures_pricing_panel.csv,FDR014,"MOEX, Bank of Russia, CFETS/ChinaMoney, or PBOC according to series name","calculated, configured, or same-named source series","text, category, native source unit, or dimensionless as applicable",daily,"Direct field, documented selection hierarchy, or descriptive aggregation as indicated by the variable name.",Retained as NA and never replaced by zero; see rejection/source flags where applicable.,"Funding, repo, policy, or published lending-rate condition as identified by the source family.",Tenor matching and source family are proxies for marginal trader funding; inspect tenor distance and staleness.
processed,futures_pricing_panel.csv,LPR_1Y_observation_date,"MOEX, Bank of Russia, CFETS/ChinaMoney, or PBOC according to series name","calculated, configured, or same-named source series",ISO date,daily,"Direct field, documented selection hierarchy, or descriptive aggregation as indicated by the variable name.",Retained as NA and never replaced by zero; see rejection/source flags where applicable.,"Funding, repo, policy, or published lending-rate condition as identified by the source family.",Tenor matching and source family are proxies for marginal trader funding; inspect tenor distance and staleness.
processed,futures_pricing_panel.csv,LPR_1Y,"MOEX, Bank of Russia, CFETS/ChinaMoney, or PBOC according to series name","calculated, configured, or same-named source series","text, category, native source unit, or dimensionless as applicable",daily,"Direct field, documented selection hierarchy, or descriptive aggregation as indicated by the variable name.",Retained as NA and never replaced by zero; see rejection/source flags where applicable.,"Funding, repo, policy, or published lending-rate condition as identified by the source family.",Tenor matching and source family are proxies for marginal trader funding; inspect tenor distance and staleness.
processed,futures_pricing_panel.csv,LPR_5Y_observation_date,"MOEX, Bank of Russia, CFETS/ChinaMoney, or PBOC according to series name","calculated, configured, or same-named source series",ISO date,daily,"Direct field, documented selection hierarchy, or descriptive aggregation as indicated by the variable name.",Retained as NA and never replaced by zero; see rejection/source flags where applicable.,"Funding, repo, policy, or published lending-rate condition as identified by the source family.",Tenor matching and source family are proxies for marginal trader funding; inspect tenor distance and staleness.
processed,futures_pricing_panel.csv,LPR_5Y,"MOEX, Bank of Russia, CFETS/ChinaMoney, or PBOC according to series name","calculated, configured, or same-named source series","text, category, native source unit, or dimensionless as applicable",daily,"Direct field, documented selection hierarchy, or descriptive aggregation as indicated by the variable name.",Retained as NA and never replaced by zero; see rejection/source flags where applicable.,"Funding, repo, policy, or published lending-rate condition as identified by the source family.",Tenor matching and source family are proxies for marginal trader funding; inspect tenor distance and staleness.
processed,futures_pricing_panel.csv,PBOC_7D_REVERSE_REPO_observation_date,"MOEX, Bank of Russia, CFETS/ChinaMoney, or PBOC according to series name","calculated, configured, or same-named source series",ISO date,daily,"Direct field, documented selection hierarchy, or descriptive aggregation as indicated by the variable name.",Retained as NA and never replaced by zero; see rejection/source flags where applicable.,"Funding, repo, policy, or published lending-rate condition as identified by the source family.",Tenor matching and source family are proxies for marginal trader funding; inspect tenor distance and staleness.
processed,futures_pricing_panel.csv,PBOC_7D_REVERSE_REPO,"MOEX, Bank of Russia, CFETS/ChinaMoney, or PBOC according to series name","calculated, configured, or same-named source series","text, category, native source unit, or dimensionless as applicable",daily,"Direct field, documented selection hierarchy, or descriptive aggregation as indicated by the variable name.",Retained as NA and never replaced by zero; see rejection/source flags where applicable.,"Funding, repo, policy, or published lending-rate condition as identified by the source family.",Tenor matching and source family are proxies for marginal trader funding; inspect tenor distance and staleness.
processed,futures_pricing_panel.csv,RUSFAR_staleness_days,"MOEX, Bank of Russia, CFETS/ChinaMoney, or PBOC according to series name","calculated, configured, or same-named source series",calendar days,daily,trade_date minus the backward as-of matched source observation date.,Retained as NA and never replaced by zero; see rejection/source flags where applicable.,"Funding, repo, policy, or published lending-rate condition as identified by the source family.",Tenor matching and source family are proxies for marginal trader funding; inspect tenor distance and staleness.
processed,futures_pricing_panel.csv,RUSFAR1W_staleness_days,"MOEX, Bank of Russia, CFETS/ChinaMoney, or PBOC according to series name","calculated, configured, or same-named source series",calendar days,daily,trade_date minus the backward as-of matched source observation date.,Retained as NA and never replaced by zero; see rejection/source flags where applicable.,"Funding, repo, policy, or published lending-rate condition as identified by the source family.",Tenor matching and source family are proxies for marginal trader funding; inspect tenor distance and staleness.
processed,futures_pricing_panel.csv,RUSFAR2W_staleness_days,"MOEX, Bank of Russia, CFETS/ChinaMoney, or PBOC according to series name","calculated, configured, or same-named source series",calendar days,daily,trade_date minus the backward as-of matched source observation date.,Retained as NA and never replaced by zero; see rejection/source flags where applicable.,"Funding, repo, policy, or published lending-rate condition as identified by the source family.",Tenor matching and source family are proxies for marginal trader funding; inspect tenor distance and staleness.
processed,futures_pricing_panel.csv,RUSFAR1M_staleness_days,"MOEX, Bank of Russia, CFETS/ChinaMoney, or PBOC according to series name","calculated, configured, or same-named source series",calendar days,daily,trade_date minus the backward as-of matched source observation date.,Retained as NA and never replaced by zero; see rejection/source flags where applicable.,"Funding, repo, policy, or published lending-rate condition as identified by the source family.",Tenor matching and source family are proxies for marginal trader funding; inspect tenor distance and staleness.
processed,futures_pricing_panel.csv,RUSFAR3M_staleness_days,"MOEX, Bank of Russia, CFETS/ChinaMoney, or PBOC according to series name","calculated, configured, or same-named source series",calendar days,daily,trade_date minus the backward as-of matched source observation date.,Retained as NA and never replaced by zero; see rejection/source flags where applicable.,"Funding, repo, policy, or published lending-rate condition as identified by the source family.",Tenor matching and source family are proxies for marginal trader funding; inspect tenor distance and staleness.
processed,futures_pricing_panel.csv,RUSFARCNY_staleness_days,"MOEX, Bank of Russia, CFETS/ChinaMoney, or PBOC according to series name","calculated, configured, or same-named source series",calendar days,daily,trade_date minus the backward as-of matched source observation date.,Retained as NA and never replaced by zero; see rejection/source flags where applicable.,"Funding, repo, policy, or published lending-rate condition as identified by the source family.",Tenor matching and source family are proxies for marginal trader funding; inspect tenor distance and staleness.
processed,futures_pricing_panel.csv,RUSFARCN1W_staleness_days,"MOEX, Bank of Russia, CFETS/ChinaMoney, or PBOC according to series name","calculated, configured, or same-named source series",calendar days,daily,trade_date minus the backward as-of matched source observation date.,Retained as NA and never replaced by zero; see rejection/source flags where applicable.,"Funding, repo, policy, or published lending-rate condition as identified by the source family.",Tenor matching and source family are proxies for marginal trader funding; inspect tenor distance and staleness.
processed,futures_pricing_panel.csv,CBR_KEY_RATE_staleness_days,"MOEX, Bank of Russia, CFETS/ChinaMoney, or PBOC according to series name","calculated, configured, or same-named source series",calendar days,daily,trade_date minus the backward as-of matched source observation date.,Retained as NA and never replaced by zero; see rejection/source flags where applicable.,"Funding, repo, policy, or published lending-rate condition as identified by the source family.",Tenor matching and source family are proxies for marginal trader funding; inspect tenor distance and staleness.
processed,futures_pricing_panel.csv,RUONIA_staleness_days,"MOEX, Bank of Russia, CFETS/ChinaMoney, or PBOC according to series name","calculated, configured, or same-named source series",calendar days,daily,trade_date minus the backward as-of matched source observation date.,Retained as NA and never replaced by zero; see rejection/source flags where applicable.,"Funding, repo, policy, or published lending-rate condition as identified by the source family.",Tenor matching and source family are proxies for marginal trader funding; inspect tenor distance and staleness.
processed,futures_pricing_panel.csv,SHIBOR_ON_staleness_days,"MOEX, Bank of Russia, CFETS/ChinaMoney, or PBOC according to series name","calculated, configured, or same-named source series",calendar days,daily,trade_date minus the backward as-of matched source observation date.,Retained as NA and never replaced by zero; see rejection/source flags where applicable.,"Funding, repo, policy, or published lending-rate condition as identified by the source family.",Tenor matching and source family are proxies for marginal trader funding; inspect tenor distance and staleness.
processed,futures_pricing_panel.csv,SHIBOR_1W_staleness_days,"MOEX, Bank of Russia, CFETS/ChinaMoney, or PBOC according to series name","calculated, configured, or same-named source series",calendar days,daily,trade_date minus the backward as-of matched source observation date.,Retained as NA and never replaced by zero; see rejection/source flags where applicable.,"Funding, repo, policy, or published lending-rate condition as identified by the source family.",Tenor matching and source family are proxies for marginal trader funding; inspect tenor distance and staleness.
processed,futures_pricing_panel.csv,SHIBOR_2W_staleness_days,"MOEX, Bank of Russia, CFETS/ChinaMoney, or PBOC according to series name","calculated, configured, or same-named source series",calendar days,daily,trade_date minus the backward as-of matched source observation date.,Retained as NA and never replaced by zero; see rejection/source flags where applicable.,"Funding, repo, policy, or published lending-rate condition as identified by the source family.",Tenor matching and source family are proxies for marginal trader funding; inspect tenor distance and staleness.
processed,futures_pricing_panel.csv,SHIBOR_1M_staleness_days,"MOEX, Bank of Russia, CFETS/ChinaMoney, or PBOC according to series name","calculated, configured, or same-named source series",calendar days,daily,trade_date minus the backward as-of matched source observation date.,Retained as NA and never replaced by zero; see rejection/source flags where applicable.,"Funding, repo, policy, or published lending-rate condition as identified by the source family.",Tenor matching and source family are proxies for marginal trader funding; inspect tenor distance and staleness.
processed,futures_pricing_panel.csv,SHIBOR_3M_staleness_days,"MOEX, Bank of Russia, CFETS/ChinaMoney, or PBOC according to series name","calculated, configured, or same-named source series",calendar days,daily,trade_date minus the backward as-of matched source observation date.,Retained as NA and never replaced by zero; see rejection/source flags where applicable.,"Funding, repo, policy, or published lending-rate condition as identified by the source family.",Tenor matching and source family are proxies for marginal trader funding; inspect tenor distance and staleness.
processed,futures_pricing_panel.csv,SHIBOR_6M_staleness_days,"MOEX, Bank of Russia, CFETS/ChinaMoney, or PBOC according to series name","calculated, configured, or same-named source series",calendar days,daily,trade_date minus the backward as-of matched source observation date.,Retained as NA and never replaced by zero; see rejection/source flags where applicable.,"Funding, repo, policy, or published lending-rate condition as identified by the source family.",Tenor matching and source family are proxies for marginal trader funding; inspect tenor distance and staleness.
processed,futures_pricing_panel.csv,SHIBOR_9M_staleness_days,"MOEX, Bank of Russia, CFETS/ChinaMoney, or PBOC according to series name","calculated, configured, or same-named source series",calendar days,daily,trade_date minus the backward as-of matched source observation date.,Retained as NA and never replaced by zero; see rejection/source flags where applicable.,"Funding, repo, policy, or published lending-rate condition as identified by the source family.",Tenor matching and source family are proxies for marginal trader funding; inspect tenor distance and staleness.
processed,futures_pricing_panel.csv,SHIBOR_1Y_staleness_days,"MOEX, Bank of Russia, CFETS/ChinaMoney, or PBOC according to series name","calculated, configured, or same-named source series",calendar days,daily,trade_date minus the backward as-of matched source observation date.,Retained as NA and never replaced by zero; see rejection/source flags where applicable.,"Funding, repo, policy, or published lending-rate condition as identified by the source family.",Tenor matching and source family are proxies for marginal trader funding; inspect tenor distance and staleness.
processed,futures_pricing_panel.csv,FR001_staleness_days,"MOEX, Bank of Russia, CFETS/ChinaMoney, or PBOC according to series name","calculated, configured, or same-named source series",calendar days,daily,trade_date minus the backward as-of matched source observation date.,Retained as NA and never replaced by zero; see rejection/source flags where applicable.,"Identifier, descriptive market measure, validation field, or summary statistic as named.",Missing source observations remain NA; zeros are retained only when the source explicitly reports zero.
processed,futures_pricing_panel.csv,FR007_staleness_days,"MOEX, Bank of Russia, CFETS/ChinaMoney, or PBOC according to series name","calculated, configured, or same-named source series",calendar days,daily,trade_date minus the backward as-of matched source observation date.,Retained as NA and never replaced by zero; see rejection/source flags where applicable.,"Identifier, descriptive market measure, validation field, or summary statistic as named.",Missing source observations remain NA; zeros are retained only when the source explicitly reports zero.
processed,futures_pricing_panel.csv,FR014_staleness_days,"MOEX, Bank of Russia, CFETS/ChinaMoney, or PBOC according to series name","calculated, configured, or same-named source series",calendar days,daily,trade_date minus the backward as-of matched source observation date.,Retained as NA and never replaced by zero; see rejection/source flags where applicable.,"Identifier, descriptive market measure, validation field, or summary statistic as named.",Missing source observations remain NA; zeros are retained only when the source explicitly reports zero.
processed,futures_pricing_panel.csv,FDR001_staleness_days,"MOEX, Bank of Russia, CFETS/ChinaMoney, or PBOC according to series name","calculated, configured, or same-named source series",calendar days,daily,trade_date minus the backward as-of matched source observation date.,Retained as NA and never replaced by zero; see rejection/source flags where applicable.,"Funding, repo, policy, or published lending-rate condition as identified by the source family.",Tenor matching and source family are proxies for marginal trader funding; inspect tenor distance and staleness.
processed,futures_pricing_panel.csv,FDR007_staleness_days,"MOEX, Bank of Russia, CFETS/ChinaMoney, or PBOC according to series name","calculated, configured, or same-named source series",calendar days,daily,trade_date minus the backward as-of matched source observation date.,Retained as NA and never replaced by zero; see rejection/source flags where applicable.,"Funding, repo, policy, or published lending-rate condition as identified by the source family.",Tenor matching and source family are proxies for marginal trader funding; inspect tenor distance and staleness.
processed,futures_pricing_panel.csv,FDR014_staleness_days,"MOEX, Bank of Russia, CFETS/ChinaMoney, or PBOC according to series name","calculated, configured, or same-named source series",calendar days,daily,trade_date minus the backward as-of matched source observation date.,Retained as NA and never replaced by zero; see rejection/source flags where applicable.,"Funding, repo, policy, or published lending-rate condition as identified by the source family.",Tenor matching and source family are proxies for marginal trader funding; inspect tenor distance and staleness.
processed,futures_pricing_panel.csv,LPR_1Y_staleness_days,"MOEX, Bank of Russia, CFETS/ChinaMoney, or PBOC according to series name","calculated, configured, or same-named source series",calendar days,daily,trade_date minus the backward as-of matched source observation date.,Retained as NA and never replaced by zero; see rejection/source flags where applicable.,"Funding, repo, policy, or published lending-rate condition as identified by the source family.",Tenor matching and source family are proxies for marginal trader funding; inspect tenor distance and staleness.
processed,futures_pricing_panel.csv,LPR_5Y_staleness_days,"MOEX, Bank of Russia, CFETS/ChinaMoney, or PBOC according to series name","calculated, configured, or same-named source series",calendar days,daily,trade_date minus the backward as-of matched source observation date.,Retained as NA and never replaced by zero; see rejection/source flags where applicable.,"Funding, repo, policy, or published lending-rate condition as identified by the source family.",Tenor matching and source family are proxies for marginal trader funding; inspect tenor distance and staleness.
processed,futures_pricing_panel.csv,PBOC_7D_REVERSE_REPO_staleness_days,"MOEX, Bank of Russia, CFETS/ChinaMoney, or PBOC according to series name","calculated, configured, or same-named source series",calendar days,daily,trade_date minus the backward as-of matched source observation date.,Retained as NA and never replaced by zero; see rejection/source flags where applicable.,"Funding, repo, policy, or published lending-rate condition as identified by the source family.",Tenor matching and source family are proxies for marginal trader funding; inspect tenor distance and staleness.
processed,futures_pricing_panel.csv,rub_rate_tenor,MOEX market data plus documented calculations,"calculated, configured, or same-named source series","text, category, native source unit, or dimensionless as applicable",daily,"Direct field, documented selection hierarchy, or descriptive aggregation as indicated by the variable name.",Retained as NA and never replaced by zero; see rejection/source flags where applicable.,"Funding, repo, policy, or published lending-rate condition as identified by the source family.",Tenor matching and source family are proxies for marginal trader funding; inspect tenor distance and staleness.
processed,futures_pricing_panel.csv,rub_rate_pct,MOEX market data plus documented calculations,"calculated, configured, or same-named source series",percent,daily,"Direct field, documented selection hierarchy, or descriptive aggregation as indicated by the variable name.",Retained as NA and never replaced by zero; see rejection/source flags where applicable.,"Funding, repo, policy, or published lending-rate condition as identified by the source family.",Tenor matching and source family are proxies for marginal trader funding; inspect tenor distance and staleness.
processed,futures_pricing_panel.csv,rub_tenor_distance_days,MOEX market data plus documented calculations,"calculated, configured, or same-named source series",calendar days,daily,"Direct field, documented selection hierarchy, or descriptive aggregation as indicated by the variable name.",Retained as NA and never replaced by zero; see rejection/source flags where applicable.,"Identifier, descriptive market measure, validation field, or summary statistic as named.",Missing source observations remain NA; zeros are retained only when the source explicitly reports zero.
processed,futures_pricing_panel.csv,rub_rate_observation_date,MOEX market data plus documented calculations,"calculated, configured, or same-named source series",ISO date,daily,"Direct field, documented selection hierarchy, or descriptive aggregation as indicated by the variable name.",Retained as NA and never replaced by zero; see rejection/source flags where applicable.,"Funding, repo, policy, or published lending-rate condition as identified by the source family.",Tenor matching and source family are proxies for marginal trader funding; inspect tenor distance and staleness.
processed,futures_pricing_panel.csv,rub_rate_staleness_days,MOEX market data plus documented calculations,"calculated, configured, or same-named source series",calendar days,daily,trade_date minus the backward as-of matched source observation date.,Retained as NA and never replaced by zero; see rejection/source flags where applicable.,"Funding, repo, policy, or published lending-rate condition as identified by the source family.",Tenor matching and source family are proxies for marginal trader funding; inspect tenor distance and staleness.
processed,futures_pricing_panel.csv,rub_rate_matching_method,MOEX market data plus documented calculations,"calculated, configured, or same-named source series","text, category, native source unit, or dimensionless as applicable",daily,"Direct field, documented selection hierarchy, or descriptive aggregation as indicated by the variable name.",Retained as NA and never replaced by zero; see rejection/source flags where applicable.,"Funding, repo, policy, or published lending-rate condition as identified by the source family.",Tenor matching and source family are proxies for marginal trader funding; inspect tenor distance and staleness.
processed,futures_pricing_panel.csv,rub_rate_source_family,MOEX market data plus documented calculations,"calculated, configured, or same-named source series","text, category, native source unit, or dimensionless as applicable",daily,"Direct field, documented selection hierarchy, or descriptive aggregation as indicated by the variable name.",Retained as NA and never replaced by zero; see rejection/source flags where applicable.,"Funding, repo, policy, or published lending-rate condition as identified by the source family.",Tenor matching and source family are proxies for marginal trader funding; inspect tenor distance and staleness.
processed,futures_pricing_panel.csv,cny_rate_tenor,MOEX market data plus documented calculations,"calculated, configured, or same-named source series","text, category, native source unit, or dimensionless as applicable",daily,"Direct field, documented selection hierarchy, or descriptive aggregation as indicated by the variable name.",Retained as NA and never replaced by zero; see rejection/source flags where applicable.,"Funding, repo, policy, or published lending-rate condition as identified by the source family.",Tenor matching and source family are proxies for marginal trader funding; inspect tenor distance and staleness.
processed,futures_pricing_panel.csv,cny_rate_pct,MOEX market data plus documented calculations,"calculated, configured, or same-named source series",percent,daily,"Direct field, documented selection hierarchy, or descriptive aggregation as indicated by the variable name.",Retained as NA and never replaced by zero; see rejection/source flags where applicable.,"Funding, repo, policy, or published lending-rate condition as identified by the source family.",Tenor matching and source family are proxies for marginal trader funding; inspect tenor distance and staleness.
processed,futures_pricing_panel.csv,cny_tenor_distance_days,MOEX market data plus documented calculations,"calculated, configured, or same-named source series",calendar days,daily,"Direct field, documented selection hierarchy, or descriptive aggregation as indicated by the variable name.",Retained as NA and never replaced by zero; see rejection/source flags where applicable.,"Identifier, descriptive market measure, validation field, or summary statistic as named.",Missing source observations remain NA; zeros are retained only when the source explicitly reports zero.
processed,futures_pricing_panel.csv,cny_rate_observation_date,MOEX market data plus documented calculations,"calculated, configured, or same-named source series",ISO date,daily,"Direct field, documented selection hierarchy, or descriptive aggregation as indicated by the variable name.",Retained as NA and never replaced by zero; see rejection/source flags where applicable.,"Funding, repo, policy, or published lending-rate condition as identified by the source family.",Tenor matching and source family are proxies for marginal trader funding; inspect tenor distance and staleness.
processed,futures_pricing_panel.csv,cny_rate_staleness_days,MOEX market data plus documented calculations,"calculated, configured, or same-named source series",calendar days,daily,trade_date minus the backward as-of matched source observation date.,Retained as NA and never replaced by zero; see rejection/source flags where applicable.,"Funding, repo, policy, or published lending-rate condition as identified by the source family.",Tenor matching and source family are proxies for marginal trader funding; inspect tenor distance and staleness.
processed,futures_pricing_panel.csv,cny_rate_matching_method,MOEX market data plus documented calculations,"calculated, configured, or same-named source series","text, category, native source unit, or dimensionless as applicable",daily,"Direct field, documented selection hierarchy, or descriptive aggregation as indicated by the variable name.",Retained as NA and never replaced by zero; see rejection/source flags where applicable.,"Funding, repo, policy, or published lending-rate condition as identified by the source family.",Tenor matching and source family are proxies for marginal trader funding; inspect tenor distance and staleness.
processed,futures_pricing_panel.csv,cny_rate_source_family,MOEX market data plus documented calculations,"calculated, configured, or same-named source series","text, category, native source unit, or dimensionless as applicable",daily,"Direct field, documented selection hierarchy, or descriptive aggregation as indicated by the variable name.",Retained as NA and never replaced by zero; see rejection/source flags where applicable.,"Funding, repo, policy, or published lending-rate condition as identified by the source family.",Tenor matching and source family are proxies for marginal trader funding; inspect tenor distance and staleness.
processed,futures_pricing_panel.csv,observed_funding_differential_pct,MOEX market data plus documented calculations,"calculated, configured, or same-named source series",percent,daily,"Direct field, documented selection hierarchy, or descriptive aggregation as indicated by the variable name.",Retained as NA and never replaced by zero; see rejection/source flags where applicable.,"Funding, repo, policy, or published lending-rate condition as identified by the source family.",Missing source observations remain NA; zeros are retained only when the source explicitly reports zero.
processed,futures_pricing_panel.csv,theoretical_futures_price,MOEX market data plus documented calculations,"calculated, configured, or same-named source series",RUB per unit of underlying currency (normalized); raw field where named *_raw,daily,spot_price * exp(((rub_rate_pct-cny_rate_pct)/100) * ttm_years).,Retained as NA and never replaced by zero; see rejection/source flags where applicable.,"Exchange, reference, or selected analytical price as identified by the field name.",Missing source observations remain NA; zeros are retained only when the source explicitly reports zero.
processed,futures_pricing_panel.csv,basis_rub_per_unit,MOEX market data plus documented calculations,"calculated, configured, or same-named source series","text, category, native source unit, or dimensionless as applicable",daily,Observed futures_price minus theoretical_futures_price.,Retained as NA and never replaced by zero; see rejection/source flags where applicable.,Deviation of observed futures pricing from the simple cost-of-carry benchmark.,"Not executable arbitrage evidence without spreads, margin, funding access, controls, sanctions, settlement, and convertibility costs."
processed,futures_pricing_panel.csv,basis_rub_per_cny,MOEX market data plus documented calculations,"calculated, configured, or same-named source series","text, category, native source unit, or dimensionless as applicable",daily,Observed futures_price minus theoretical_futures_price.,Retained as NA and never replaced by zero; see rejection/source flags where applicable.,Deviation of observed futures pricing from the simple cost-of-carry benchmark.,"Not executable arbitrage evidence without spreads, margin, funding access, controls, sanctions, settlement, and convertibility costs."
processed,futures_pricing_panel.csv,basis_pct,MOEX market data plus documented calculations,"calculated, configured, or same-named source series",percent,daily,100 * basis / theoretical_futures_price.,Retained as NA and never replaced by zero; see rejection/source flags where applicable.,Deviation of observed futures pricing from the simple cost-of-carry benchmark.,"Not executable arbitrage evidence without spreads, margin, funding access, controls, sanctions, settlement, and convertibility costs."
processed,futures_pricing_panel.csv,log_basis,MOEX market data plus documented calculations,"calculated, configured, or same-named source series",decimal log value,daily,ln(futures_price / theoretical_futures_price).,Retained as NA and never replaced by zero; see rejection/source flags where applicable.,Deviation of observed futures pricing from the simple cost-of-carry benchmark.,"Not executable arbitrage evidence without spreads, margin, funding access, controls, sanctions, settlement, and convertibility costs."
processed,futures_pricing_panel.csv,implied_funding_differential_pct,MOEX market data plus documented calculations,"calculated, configured, or same-named source series",percent,daily,"Direct field, documented selection hierarchy, or descriptive aggregation as indicated by the variable name.",Retained as NA and never replaced by zero; see rejection/source flags where applicable.,"Funding, repo, policy, or published lending-rate condition as identified by the source family.",Missing source observations remain NA; zeros are retained only when the source explicitly reports zero.
processed,futures_pricing_panel.csv,excess_implied_funding_differential_pct,MOEX market data plus documented calculations,"calculated, configured, or same-named source series",percent,daily,"Direct field, documented selection hierarchy, or descriptive aggregation as indicated by the variable name.",Retained as NA and never replaced by zero; see rejection/source flags where applicable.,"Funding, repo, policy, or published lending-rate condition as identified by the source family.",Missing source observations remain NA; zeros are retained only when the source explicitly reports zero.
processed,futures_pricing_panel.csv,annualized_log_basis_pct,MOEX market data plus documented calculations,"calculated, configured, or same-named source series",percent,daily,"Direct field, documented selection hierarchy, or descriptive aggregation as indicated by the variable name.",Retained as NA and never replaced by zero; see rejection/source flags where applicable.,Deviation of observed futures pricing from the simple cost-of-carry benchmark.,"Not executable arbitrage evidence without spreads, margin, funding access, controls, sanctions, settlement, and convertibility costs."
processed,futures_pricing_panel.csv,absolute_basis_pct,MOEX market data plus documented calculations,"calculated, configured, or same-named source series",percent,daily,"Direct field, documented selection hierarchy, or descriptive aggregation as indicated by the variable name.",Retained as NA and never replaced by zero; see rejection/source flags where applicable.,Deviation of observed futures pricing from the simple cost-of-carry benchmark.,"Not executable arbitrage evidence without spreads, margin, funding access, controls, sanctions, settlement, and convertibility costs."
processed,futures_pricing_panel.csv,basis_convergence_change,MOEX market data plus documented calculations,"calculated, configured, or same-named source series","text, category, native source unit, or dimensionless as applicable",daily,First difference within the documented pair or contract grouping.,Retained as NA and never replaced by zero; see rejection/source flags where applicable.,Deviation of observed futures pricing from the simple cost-of-carry benchmark.,"Not executable arbitrage evidence without spreads, margin, funding access, controls, sanctions, settlement, and convertibility costs."
processed,futures_pricing_panel.csv,market_regime,config/research_config.json,"calculated, configured, or same-named source series","text, category, native source unit, or dimensionless as applicable",daily,"Direct field, documented selection hierarchy, or descriptive aggregation as indicated by the variable name.",Retained as NA and never replaced by zero; see rejection/source flags where applicable.,Configurable event/regime classification for before-and-after analysis.,Missing source observations remain NA; zeros are retained only when the source explicitly reports zero.
processed,futures_pricing_panel.csv,on_or_after_russia_full_scale_invasion_2022,config/research_config.json,"calculated, configured, or same-named source series",boolean,daily,1 when trade_date is on or after the configured event date; otherwise 0.,Retained as NA and never replaced by zero; see rejection/source flags where applicable.,Configurable event/regime classification for before-and-after analysis.,Missing source observations remain NA; zeros are retained only when the source explicitly reports zero.
processed,futures_pricing_panel.csv,days_from_russia_full_scale_invasion_2022,config/research_config.json,"calculated, configured, or same-named source series",calendar days,daily,Calendar-day difference between trade_date and the configured event date.,Retained as NA and never replaced by zero; see rejection/source flags where applicable.,Configurable event/regime classification for before-and-after analysis.,Missing source observations remain NA; zeros are retained only when the source explicitly reports zero.
processed,futures_pricing_panel.csv,on_or_after_moex_ncc_nsd_designation_2024,config/research_config.json,"calculated, configured, or same-named source series",boolean,daily,1 when trade_date is on or after the configured event date; otherwise 0.,Retained as NA and never replaced by zero; see rejection/source flags where applicable.,Configurable event/regime classification for before-and-after analysis.,Missing source observations remain NA; zeros are retained only when the source explicitly reports zero.
processed,futures_pricing_panel.csv,days_from_moex_ncc_nsd_designation_2024,config/research_config.json,"calculated, configured, or same-named source series",calendar days,daily,Calendar-day difference between trade_date and the configured event date.,Retained as NA and never replaced by zero; see rejection/source flags where applicable.,Configurable event/regime classification for before-and-after analysis.,Missing source observations remain NA; zeros are retained only when the source explicitly reports zero.
processed,futures_pricing_panel.csv,on_or_after_usd_eur_moex_suspension_2024,config/research_config.json,"calculated, configured, or same-named source series",boolean,daily,1 when trade_date is on or after the configured event date; otherwise 0.,Retained as NA and never replaced by zero; see rejection/source flags where applicable.,Configurable event/regime classification for before-and-after analysis.,Missing source observations remain NA; zeros are retained only when the source explicitly reports zero.
processed,futures_pricing_panel.csv,days_from_usd_eur_moex_suspension_2024,config/research_config.json,"calculated, configured, or same-named source series",calendar days,daily,Calendar-day difference between trade_date and the configured event date.,Retained as NA and never replaced by zero; see rejection/source flags where applicable.,Configurable event/regime classification for before-and-after analysis.,Missing source observations remain NA; zeros are retained only when the source explicitly reports zero.
processed,futures_pricing_panel.csv,on_or_after_usdrub_rub_settled_reintroduction_2026,config/research_config.json,"calculated, configured, or same-named source series",boolean,daily,1 when trade_date is on or after the configured event date; otherwise 0.,Retained as NA and never replaced by zero; see rejection/source flags where applicable.,Configurable event/regime classification for before-and-after analysis.,Missing source observations remain NA; zeros are retained only when the source explicitly reports zero.
processed,futures_pricing_panel.csv,days_from_usdrub_rub_settled_reintroduction_2026,config/research_config.json,"calculated, configured, or same-named source series",calendar days,daily,Calendar-day difference between trade_date and the configured event date.,Retained as NA and never replaced by zero; see rejection/source flags where applicable.,Configurable event/regime classification for before-and-after analysis.,Missing source observations remain NA; zeros are retained only when the source explicitly reports zero.
processed,fx_nearby_daily.csv,pair,MOEX market data plus documented calculations,"calculated, configured, or same-named source series","text, category, native source unit, or dimensionless as applicable",daily,"Direct field, documented selection hierarchy, or descriptive aggregation as indicated by the variable name.",Retained as NA and never replaced by zero; see rejection/source flags where applicable.,"Identifier, descriptive market measure, validation field, or summary statistic as named.",Missing source observations remain NA; zeros are retained only when the source explicitly reports zero.
processed,fx_nearby_daily.csv,trade_date,MOEX market data plus documented calculations,TRADEDATE or observation date,ISO date,daily,Renamed from the listed original field; numeric/date parsing only unless normalized prices are stated.,Retained as NA and never replaced by zero; see rejection/source flags where applicable.,"Identifier, descriptive market measure, validation field, or summary statistic as named.",Missing source observations remain NA; zeros are retained only when the source explicitly reports zero.
processed,fx_nearby_daily.csv,boardid,MOEX market data plus documented calculations,BOARDID,"text, category, native source unit, or dimensionless as applicable",daily,Renamed from the listed original field; numeric/date parsing only unless normalized prices are stated.,Retained as NA and never replaced by zero; see rejection/source flags where applicable.,"Identifier, descriptive market measure, validation field, or summary statistic as named.",Missing source observations remain NA; zeros are retained only when the source explicitly reports zero.
processed,fx_nearby_daily.csv,secid,MOEX market data plus documented calculations,SECID,"text, category, native source unit, or dimensionless as applicable",daily,Renamed from the listed original field; numeric/date parsing only unless normalized prices are stated.,Retained as NA and never replaced by zero; see rejection/source flags where applicable.,"Identifier, descriptive market measure, validation field, or summary statistic as named.",Missing source observations remain NA; zeros are retained only when the source explicitly reports zero.
processed,fx_nearby_daily.csv,futures_open_raw,MOEX market data plus documented calculations,OPEN,"text, category, native source unit, or dimensionless as applicable",daily,Renamed from the listed original field; numeric/date parsing only unless normalized prices are stated.,Retained as NA and never replaced by zero; see rejection/source flags where applicable.,"Identifier, descriptive market measure, validation field, or summary statistic as named.",Missing source observations remain NA; zeros are retained only when the source explicitly reports zero.
processed,fx_nearby_daily.csv,futures_low_raw,MOEX market data plus documented calculations,LOW,"text, category, native source unit, or dimensionless as applicable",daily,Renamed from the listed original field; numeric/date parsing only unless normalized prices are stated.,Retained as NA and never replaced by zero; see rejection/source flags where applicable.,"Identifier, descriptive market measure, validation field, or summary statistic as named.",Missing source observations remain NA; zeros are retained only when the source explicitly reports zero.
processed,fx_nearby_daily.csv,futures_high_raw,MOEX market data plus documented calculations,HIGH,"text, category, native source unit, or dimensionless as applicable",daily,Renamed from the listed original field; numeric/date parsing only unless normalized prices are stated.,Retained as NA and never replaced by zero; see rejection/source flags where applicable.,"Identifier, descriptive market measure, validation field, or summary statistic as named.",Missing source observations remain NA; zeros are retained only when the source explicitly reports zero.
processed,fx_nearby_daily.csv,futures_close_raw,MOEX market data plus documented calculations,CLOSE,"text, category, native source unit, or dimensionless as applicable",daily,Renamed from the listed original field; numeric/date parsing only unless normalized prices are stated.,Retained as NA and never replaced by zero; see rejection/source flags where applicable.,"Identifier, descriptive market measure, validation field, or summary statistic as named.",Missing source observations remain NA; zeros are retained only when the source explicitly reports zero.
processed,fx_nearby_daily.csv,open_interest_value_rub,MOEX market data plus documented calculations,OPENPOSITIONVALUE,RUB,daily,Renamed from the listed original field; numeric/date parsing only unless normalized prices are stated.,Retained as NA and never replaced by zero; see rejection/source flags where applicable.,Outstanding-position stock or a transformation of that stock; not daily trading flow.,Missing source observations remain NA; zeros are retained only when the source explicitly reports zero.
processed,fx_nearby_daily.csv,turnover_rub,MOEX market data plus documented calculations,VALUE,RUB,daily,Renamed from the listed original field; numeric/date parsing only unless normalized prices are stated.,Retained as NA and never replaced by zero; see rejection/source flags where applicable.,"Identifier, descriptive market measure, validation field, or summary statistic as named.",Missing source observations remain NA; zeros are retained only when the source explicitly reports zero.
processed,fx_nearby_daily.csv,volume_contracts,MOEX market data plus documented calculations,VOLUME,contracts,daily,Renamed from the listed original field; numeric/date parsing only unless normalized prices are stated.,Retained as NA and never replaced by zero; see rejection/source flags where applicable.,Trading flow or a transformation of trading flow.,Missing source observations remain NA; zeros are retained only when the source explicitly reports zero.
processed,fx_nearby_daily.csv,open_interest_contracts,MOEX market data plus documented calculations,OPENPOSITION,contracts,daily,Renamed from the listed original field; numeric/date parsing only unless normalized prices are stated.,Retained as NA and never replaced by zero; see rejection/source flags where applicable.,Outstanding-position stock or a transformation of that stock; not daily trading flow.,Missing source observations remain NA; zeros are retained only when the source explicitly reports zero.
processed,fx_nearby_daily.csv,futures_settle_price_raw,MOEX market data plus documented calculations,SETTLEPRICE,RUB per unit of underlying currency (normalized); raw field where named *_raw,daily,Renamed from the listed original field; numeric/date parsing only unless normalized prices are stated.,Retained as NA and never replaced by zero; see rejection/source flags where applicable.,"Exchange, reference, or selected analytical price as identified by the field name.",Missing source observations remain NA; zeros are retained only when the source explicitly reports zero.
processed,fx_nearby_daily.csv,swaprate,MOEX market data plus documented calculations,SWAPRATE,"text, category, native source unit, or dimensionless as applicable",daily,Renamed from the listed original field; numeric/date parsing only unless normalized prices are stated.,Retained as NA and never replaced by zero; see rejection/source flags where applicable.,"Funding, repo, policy, or published lending-rate condition as identified by the source family.",Tenor matching and source family are proxies for marginal trader funding; inspect tenor distance and staleness.
processed,fx_nearby_daily.csv,futures_wap_price_raw,MOEX market data plus documented calculations,WAPRICE,RUB per unit of underlying currency (normalized); raw field where named *_raw,daily,Renamed from the listed original field; numeric/date parsing only unless normalized prices are stated.,Retained as NA and never replaced by zero; see rejection/source flags where applicable.,"Exchange, reference, or selected analytical price as identified by the field name.",Missing source observations remain NA; zeros are retained only when the source explicitly reports zero.
processed,fx_nearby_daily.csv,change,MOEX market data plus documented calculations,CHANGE,percent,daily,Renamed from the listed original field; numeric/date parsing only unless normalized prices are stated.,Retained as NA and never replaced by zero; see rejection/source flags where applicable.,"Identifier, descriptive market measure, validation field, or summary statistic as named.",Missing source observations remain NA; zeros are retained only when the source explicitly reports zero.
processed,fx_nearby_daily.csv,qty,MOEX market data plus documented calculations,QTY,contracts,daily,Renamed from the listed original field; numeric/date parsing only unless normalized prices are stated.,Retained as NA and never replaced by zero; see rejection/source flags where applicable.,"Identifier, descriptive market measure, validation field, or summary statistic as named.",Missing source observations remain NA; zeros are retained only when the source explicitly reports zero.
processed,fx_nearby_daily.csv,futures_num_trades,MOEX market data plus documented calculations,NUMTRADES,count,daily,Renamed from the listed original field; numeric/date parsing only unless normalized prices are stated.,Retained as NA and never replaced by zero; see rejection/source flags where applicable.,"Identifier, descriptive market measure, validation field, or summary statistic as named.",Missing source observations remain NA; zeros are retained only when the source explicitly reports zero.
processed,fx_nearby_daily.csv,shortname,MOEX market data plus documented calculations,SHORTNAME,"text, category, native source unit, or dimensionless as applicable",daily,Renamed from the listed original field; numeric/date parsing only unless normalized prices are stated.,Retained as NA and never replaced by zero; see rejection/source flags where applicable.,"Identifier, descriptive market measure, validation field, or summary statistic as named.",Missing source observations remain NA; zeros are retained only when the source explicitly reports zero.
processed,fx_nearby_daily.csv,assetcode,MOEX market data plus documented calculations,ASSETCODE,"text, category, native source unit, or dimensionless as applicable",daily,Renamed from the listed original field; numeric/date parsing only unless normalized prices are stated.,Retained as NA and never replaced by zero; see rejection/source flags where applicable.,"Identifier, descriptive market measure, validation field, or summary statistic as named.",Missing source observations remain NA; zeros are retained only when the source explicitly reports zero.
processed,fx_nearby_daily.csv,root,MOEX market data plus documented calculations,"calculated, configured, or same-named source series","text, category, native source unit, or dimensionless as applicable",daily,"Direct field, documented selection hierarchy, or descriptive aggregation as indicated by the variable name.",Retained as NA and never replaced by zero; see rejection/source flags where applicable.,"Identifier, descriptive market measure, validation field, or summary statistic as named.",Missing source observations remain NA; zeros are retained only when the source explicitly reports zero.
processed,fx_nearby_daily.csv,source,MOEX market data plus documented calculations,"calculated, configured, or same-named source series","text, category, native source unit, or dimensionless as applicable",daily,"Direct field, documented selection hierarchy, or descriptive aggregation as indicated by the variable name.",Retained as NA and never replaced by zero; see rejection/source flags where applicable.,"Identifier, descriptive market measure, validation field, or summary statistic as named.",Missing source observations remain NA; zeros are retained only when the source explicitly reports zero.
processed,fx_nearby_daily.csv,source_url,MOEX market data plus documented calculations,"calculated, configured, or same-named source series","text, category, native source unit, or dimensionless as applicable",daily,"Direct field, documented selection hierarchy, or descriptive aggregation as indicated by the variable name.",Retained as NA and never replaced by zero; see rejection/source flags where applicable.,"Identifier, descriptive market measure, validation field, or summary statistic as named.",Missing source observations remain NA; zeros are retained only when the source explicitly reports zero.
processed,fx_nearby_daily.csv,raw_price_divisor,MOEX market data plus documented calculations,"calculated, configured, or same-named source series",RUB per unit of underlying currency (normalized); raw field where named *_raw,daily,"Direct field, documented selection hierarchy, or descriptive aggregation as indicated by the variable name.",Retained as NA and never replaced by zero; see rejection/source flags where applicable.,"Exchange, reference, or selected analytical price as identified by the field name.",Missing source observations remain NA; zeros are retained only when the source explicitly reports zero.
processed,fx_nearby_daily.csv,futures_open,MOEX market data plus documented calculations,OPEN,"text, category, native source unit, or dimensionless as applicable",daily,Renamed from the listed original field; numeric/date parsing only unless normalized prices are stated.,Retained as NA and never replaced by zero; see rejection/source flags where applicable.,"Identifier, descriptive market measure, validation field, or summary statistic as named.",Missing source observations remain NA; zeros are retained only when the source explicitly reports zero.
processed,fx_nearby_daily.csv,futures_low,MOEX market data plus documented calculations,LOW,"text, category, native source unit, or dimensionless as applicable",daily,Renamed from the listed original field; numeric/date parsing only unless normalized prices are stated.,Retained as NA and never replaced by zero; see rejection/source flags where applicable.,"Identifier, descriptive market measure, validation field, or summary statistic as named.",Missing source observations remain NA; zeros are retained only when the source explicitly reports zero.
processed,fx_nearby_daily.csv,futures_high,MOEX market data plus documented calculations,HIGH,"text, category, native source unit, or dimensionless as applicable",daily,Renamed from the listed original field; numeric/date parsing only unless normalized prices are stated.,Retained as NA and never replaced by zero; see rejection/source flags where applicable.,"Identifier, descriptive market measure, validation field, or summary statistic as named.",Missing source observations remain NA; zeros are retained only when the source explicitly reports zero.
processed,fx_nearby_daily.csv,futures_close,MOEX market data plus documented calculations,CLOSE,"text, category, native source unit, or dimensionless as applicable",daily,Renamed from the listed original field; numeric/date parsing only unless normalized prices are stated.,Retained as NA and never replaced by zero; see rejection/source flags where applicable.,"Identifier, descriptive market measure, validation field, or summary statistic as named.",Missing source observations remain NA; zeros are retained only when the source explicitly reports zero.
processed,fx_nearby_daily.csv,futures_settle_price,MOEX market data plus documented calculations,SETTLEPRICE,RUB per unit of underlying currency (normalized); raw field where named *_raw,daily,Renamed from the listed original field; numeric/date parsing only unless normalized prices are stated.,Retained as NA and never replaced by zero; see rejection/source flags where applicable.,"Exchange, reference, or selected analytical price as identified by the field name.",Missing source observations remain NA; zeros are retained only when the source explicitly reports zero.
processed,fx_nearby_daily.csv,futures_wap_price,MOEX market data plus documented calculations,WAPRICE,RUB per unit of underlying currency (normalized); raw field where named *_raw,daily,Renamed from the listed original field; numeric/date parsing only unless normalized prices are stated.,Retained as NA and never replaced by zero; see rejection/source flags where applicable.,"Exchange, reference, or selected analytical price as identified by the field name.",Missing source observations remain NA; zeros are retained only when the source explicitly reports zero.
processed,fx_nearby_daily.csv,futures_price,MOEX market data plus documented calculations,"calculated, configured, or same-named source series",RUB per unit of underlying currency (normalized); raw field where named *_raw,daily,"Direct field, documented selection hierarchy, or descriptive aggregation as indicated by the variable name.",Retained as NA and never replaced by zero; see rejection/source flags where applicable.,"Exchange, reference, or selected analytical price as identified by the field name.",Missing source observations remain NA; zeros are retained only when the source explicitly reports zero.
processed,fx_nearby_daily.csv,underlying_currency,MOEX market data plus documented calculations,"calculated, configured, or same-named source series","text, category, native source unit, or dimensionless as applicable",daily,"Direct field, documented selection hierarchy, or descriptive aggregation as indicated by the variable name.",Retained as NA and never replaced by zero; see rejection/source flags where applicable.,"Identifier, descriptive market measure, validation field, or summary statistic as named.",Missing source observations remain NA; zeros are retained only when the source explicitly reports zero.
processed,fx_nearby_daily.csv,quote_currency,MOEX market data plus documented calculations,"calculated, configured, or same-named source series","text, category, native source unit, or dimensionless as applicable",daily,"Direct field, documented selection hierarchy, or descriptive aggregation as indicated by the variable name.",Retained as NA and never replaced by zero; see rejection/source flags where applicable.,"Identifier, descriptive market measure, validation field, or summary statistic as named.",Missing source observations remain NA; zeros are retained only when the source explicitly reports zero.
processed,fx_nearby_daily.csv,quote_convention,MOEX market data plus documented calculations,"calculated, configured, or same-named source series","text, category, native source unit, or dimensionless as applicable",daily,"Direct field, documented selection hierarchy, or descriptive aggregation as indicated by the variable name.",Retained as NA and never replaced by zero; see rejection/source flags where applicable.,"Identifier, descriptive market measure, validation field, or summary statistic as named.",Missing source observations remain NA; zeros are retained only when the source explicitly reports zero.
processed,fx_nearby_daily.csv,shortname_meta,MOEX market data plus documented calculations,"calculated, configured, or same-named source series","text, category, native source unit, or dimensionless as applicable",daily,"Direct field, documented selection hierarchy, or descriptive aggregation as indicated by the variable name.",Retained as NA and never replaced by zero; see rejection/source flags where applicable.,"Identifier, descriptive market measure, validation field, or summary statistic as named.",Missing source observations remain NA; zeros are retained only when the source explicitly reports zero.
processed,fx_nearby_daily.csv,expiry_date,MOEX market data plus documented calculations,LSTDELDATE,ISO date,daily,Renamed from the listed original field; numeric/date parsing only unless normalized prices are stated.,Retained as NA and never replaced by zero; see rejection/source flags where applicable.,"Identifier, descriptive market measure, validation field, or summary statistic as named.",Missing source observations remain NA; zeros are retained only when the source explicitly reports zero.
processed,fx_nearby_daily.csv,first_trade_date,MOEX market data plus documented calculations,FRSTTRADE,ISO date,daily,Renamed from the listed original field; numeric/date parsing only unless normalized prices are stated.,Retained as NA and never replaced by zero; see rejection/source flags where applicable.,"Identifier, descriptive market measure, validation field, or summary statistic as named.",Missing source observations remain NA; zeros are retained only when the source explicitly reports zero.
processed,fx_nearby_daily.csv,last_trade_date,MOEX market data plus documented calculations,LSTTRADE,ISO date,daily,Renamed from the listed original field; numeric/date parsing only unless normalized prices are stated.,Retained as NA and never replaced by zero; see rejection/source flags where applicable.,"Identifier, descriptive market measure, validation field, or summary statistic as named.",Missing source observations remain NA; zeros are retained only when the source explicitly reports zero.
processed,fx_nearby_daily.csv,days_to_maturity,MOEX market data plus documented calculations,"calculated, configured, or same-named source series",calendar days,daily,"Direct field, documented selection hierarchy, or descriptive aggregation as indicated by the variable name.",Retained as NA and never replaced by zero; see rejection/source flags where applicable.,"Identifier, descriptive market measure, validation field, or summary statistic as named.",Missing source observations remain NA; zeros are retained only when the source explicitly reports zero.
processed,fx_nearby_daily.csv,ttm_years,MOEX market data plus documented calculations,"calculated, configured, or same-named source series",Actual/365 years,daily,"Direct field, documented selection hierarchy, or descriptive aggregation as indicated by the variable name.",Retained as NA and never replaced by zero; see rejection/source flags where applicable.,"Identifier, descriptive market measure, validation field, or summary statistic as named.",Missing source observations remain NA; zeros are retained only when the source explicitly reports zero.
processed,fx_nearby_daily.csv,is_post_expiry_reference_row,MOEX market data plus documented calculations,"calculated, configured, or same-named source series",boolean,daily,"Direct field, documented selection hierarchy, or descriptive aggregation as indicated by the variable name.",Retained as NA and never replaced by zero; see rejection/source flags where applicable.,"Identifier, descriptive market measure, validation field, or summary statistic as named.",Missing source observations remain NA; zeros are retained only when the source explicitly reports zero.
processed,fx_nearby_daily.csv,spot_price,MOEX market data plus documented calculations,"calculated, configured, or same-named source series",RUB per unit of underlying currency (normalized); raw field where named *_raw,daily,"Direct field, documented selection hierarchy, or descriptive aggregation as indicated by the variable name.",Retained as NA and never replaced by zero; see rejection/source flags where applicable.,"Exchange, reference, or selected analytical price as identified by the field name.",Missing source observations remain NA; zeros are retained only when the source explicitly reports zero.
processed,fx_nearby_daily.csv,spot_log_return,MOEX market data plus documented calculations,"calculated, configured, or same-named source series",decimal log value,daily,Natural log of the current price divided by the previous comparable price; roll/source changes are left missing.,Retained as NA and never replaced by zero; see rejection/source flags where applicable.,"Identifier, descriptive market measure, validation field, or summary statistic as named.",Missing source observations remain NA; zeros are retained only when the source explicitly reports zero.
processed,fx_nearby_daily.csv,futures_log_return,MOEX market data plus documented calculations,"calculated, configured, or same-named source series",decimal log value,daily,Natural log of the current price divided by the previous comparable price; roll/source changes are left missing.,Retained as NA and never replaced by zero; see rejection/source flags where applicable.,"Identifier, descriptive market measure, validation field, or summary statistic as named.",Missing source observations remain NA; zeros are retained only when the source explicitly reports zero.
processed,fx_nearby_daily.csv,futures_absolute_return,MOEX market data plus documented calculations,"calculated, configured, or same-named source series","text, category, native source unit, or dimensionless as applicable",daily,Absolute value of the corresponding log return.,Retained as NA and never replaced by zero; see rejection/source flags where applicable.,"Identifier, descriptive market measure, validation field, or summary statistic as named.",Missing source observations remain NA; zeros are retained only when the source explicitly reports zero.
processed,fx_nearby_daily.csv,change_volume_contracts,MOEX market data plus documented calculations,"calculated, configured, or same-named source series",contracts,daily,First difference within the documented pair or contract grouping.,Retained as NA and never replaced by zero; see rejection/source flags where applicable.,Trading flow or a transformation of trading flow.,Missing source observations remain NA; zeros are retained only when the source explicitly reports zero.
processed,fx_nearby_daily.csv,change_turnover_rub,MOEX market data plus documented calculations,"calculated, configured, or same-named source series",RUB,daily,First difference within the documented pair or contract grouping.,Retained as NA and never replaced by zero; see rejection/source flags where applicable.,"Identifier, descriptive market measure, validation field, or summary statistic as named.",Missing source observations remain NA; zeros are retained only when the source explicitly reports zero.
processed,fx_nearby_daily.csv,change_open_interest_contracts,MOEX market data plus documented calculations,"calculated, configured, or same-named source series",contracts,daily,First difference within the documented pair or contract grouping.,Retained as NA and never replaced by zero; see rejection/source flags where applicable.,Outstanding-position stock or a transformation of that stock; not daily trading flow.,Missing source observations remain NA; zeros are retained only when the source explicitly reports zero.
processed,fx_nearby_daily.csv,pct_change_open_interest,MOEX market data plus documented calculations,"calculated, configured, or same-named source series","text, category, native source unit, or dimensionless as applicable",daily,100 times the first difference divided by the lagged value where the lag is nonzero.,Retained as NA and never replaced by zero; see rejection/source flags where applicable.,Outstanding-position stock or a transformation of that stock; not daily trading flow.,Missing source observations remain NA; zeros are retained only when the source explicitly reports zero.
processed,fx_nearby_daily.csv,RUSFAR_observation_date,"MOEX, Bank of Russia, CFETS/ChinaMoney, or PBOC according to series name","calculated, configured, or same-named source series",ISO date,daily,"Direct field, documented selection hierarchy, or descriptive aggregation as indicated by the variable name.",Retained as NA and never replaced by zero; see rejection/source flags where applicable.,"Funding, repo, policy, or published lending-rate condition as identified by the source family.",Tenor matching and source family are proxies for marginal trader funding; inspect tenor distance and staleness.
processed,fx_nearby_daily.csv,RUSFAR,"MOEX, Bank of Russia, CFETS/ChinaMoney, or PBOC according to series name","calculated, configured, or same-named source series","text, category, native source unit, or dimensionless as applicable",daily,"Direct field, documented selection hierarchy, or descriptive aggregation as indicated by the variable name.",Retained as NA and never replaced by zero; see rejection/source flags where applicable.,"Funding, repo, policy, or published lending-rate condition as identified by the source family.",Tenor matching and source family are proxies for marginal trader funding; inspect tenor distance and staleness.
processed,fx_nearby_daily.csv,RUSFAR1W_observation_date,"MOEX, Bank of Russia, CFETS/ChinaMoney, or PBOC according to series name","calculated, configured, or same-named source series",ISO date,daily,"Direct field, documented selection hierarchy, or descriptive aggregation as indicated by the variable name.",Retained as NA and never replaced by zero; see rejection/source flags where applicable.,"Funding, repo, policy, or published lending-rate condition as identified by the source family.",Tenor matching and source family are proxies for marginal trader funding; inspect tenor distance and staleness.
processed,fx_nearby_daily.csv,RUSFAR1W,"MOEX, Bank of Russia, CFETS/ChinaMoney, or PBOC according to series name","calculated, configured, or same-named source series","text, category, native source unit, or dimensionless as applicable",daily,"Direct field, documented selection hierarchy, or descriptive aggregation as indicated by the variable name.",Retained as NA and never replaced by zero; see rejection/source flags where applicable.,"Funding, repo, policy, or published lending-rate condition as identified by the source family.",Tenor matching and source family are proxies for marginal trader funding; inspect tenor distance and staleness.
processed,fx_nearby_daily.csv,RUSFAR2W_observation_date,"MOEX, Bank of Russia, CFETS/ChinaMoney, or PBOC according to series name","calculated, configured, or same-named source series",ISO date,daily,"Direct field, documented selection hierarchy, or descriptive aggregation as indicated by the variable name.",Retained as NA and never replaced by zero; see rejection/source flags where applicable.,"Funding, repo, policy, or published lending-rate condition as identified by the source family.",Tenor matching and source family are proxies for marginal trader funding; inspect tenor distance and staleness.
processed,fx_nearby_daily.csv,RUSFAR2W,"MOEX, Bank of Russia, CFETS/ChinaMoney, or PBOC according to series name","calculated, configured, or same-named source series","text, category, native source unit, or dimensionless as applicable",daily,"Direct field, documented selection hierarchy, or descriptive aggregation as indicated by the variable name.",Retained as NA and never replaced by zero; see rejection/source flags where applicable.,"Funding, repo, policy, or published lending-rate condition as identified by the source family.",Tenor matching and source family are proxies for marginal trader funding; inspect tenor distance and staleness.
processed,fx_nearby_daily.csv,RUSFAR1M_observation_date,"MOEX, Bank of Russia, CFETS/ChinaMoney, or PBOC according to series name","calculated, configured, or same-named source series",ISO date,daily,"Direct field, documented selection hierarchy, or descriptive aggregation as indicated by the variable name.",Retained as NA and never replaced by zero; see rejection/source flags where applicable.,"Funding, repo, policy, or published lending-rate condition as identified by the source family.",Tenor matching and source family are proxies for marginal trader funding; inspect tenor distance and staleness.
processed,fx_nearby_daily.csv,RUSFAR1M,"MOEX, Bank of Russia, CFETS/ChinaMoney, or PBOC according to series name","calculated, configured, or same-named source series","text, category, native source unit, or dimensionless as applicable",daily,"Direct field, documented selection hierarchy, or descriptive aggregation as indicated by the variable name.",Retained as NA and never replaced by zero; see rejection/source flags where applicable.,"Funding, repo, policy, or published lending-rate condition as identified by the source family.",Tenor matching and source family are proxies for marginal trader funding; inspect tenor distance and staleness.
processed,fx_nearby_daily.csv,RUSFAR3M_observation_date,"MOEX, Bank of Russia, CFETS/ChinaMoney, or PBOC according to series name","calculated, configured, or same-named source series",ISO date,daily,"Direct field, documented selection hierarchy, or descriptive aggregation as indicated by the variable name.",Retained as NA and never replaced by zero; see rejection/source flags where applicable.,"Funding, repo, policy, or published lending-rate condition as identified by the source family.",Tenor matching and source family are proxies for marginal trader funding; inspect tenor distance and staleness.
processed,fx_nearby_daily.csv,RUSFAR3M,"MOEX, Bank of Russia, CFETS/ChinaMoney, or PBOC according to series name","calculated, configured, or same-named source series","text, category, native source unit, or dimensionless as applicable",daily,"Direct field, documented selection hierarchy, or descriptive aggregation as indicated by the variable name.",Retained as NA and never replaced by zero; see rejection/source flags where applicable.,"Funding, repo, policy, or published lending-rate condition as identified by the source family.",Tenor matching and source family are proxies for marginal trader funding; inspect tenor distance and staleness.
processed,fx_nearby_daily.csv,RUSFARCNY_observation_date,"MOEX, Bank of Russia, CFETS/ChinaMoney, or PBOC according to series name","calculated, configured, or same-named source series",ISO date,daily,"Direct field, documented selection hierarchy, or descriptive aggregation as indicated by the variable name.",Retained as NA and never replaced by zero; see rejection/source flags where applicable.,"Funding, repo, policy, or published lending-rate condition as identified by the source family.",Tenor matching and source family are proxies for marginal trader funding; inspect tenor distance and staleness.
processed,fx_nearby_daily.csv,RUSFARCNY,"MOEX, Bank of Russia, CFETS/ChinaMoney, or PBOC according to series name","calculated, configured, or same-named source series","text, category, native source unit, or dimensionless as applicable",daily,"Direct field, documented selection hierarchy, or descriptive aggregation as indicated by the variable name.",Retained as NA and never replaced by zero; see rejection/source flags where applicable.,"Funding, repo, policy, or published lending-rate condition as identified by the source family.",Tenor matching and source family are proxies for marginal trader funding; inspect tenor distance and staleness.
processed,fx_nearby_daily.csv,RUSFARCN1W_observation_date,"MOEX, Bank of Russia, CFETS/ChinaMoney, or PBOC according to series name","calculated, configured, or same-named source series",ISO date,daily,"Direct field, documented selection hierarchy, or descriptive aggregation as indicated by the variable name.",Retained as NA and never replaced by zero; see rejection/source flags where applicable.,"Funding, repo, policy, or published lending-rate condition as identified by the source family.",Tenor matching and source family are proxies for marginal trader funding; inspect tenor distance and staleness.
processed,fx_nearby_daily.csv,RUSFARCN1W,"MOEX, Bank of Russia, CFETS/ChinaMoney, or PBOC according to series name","calculated, configured, or same-named source series","text, category, native source unit, or dimensionless as applicable",daily,"Direct field, documented selection hierarchy, or descriptive aggregation as indicated by the variable name.",Retained as NA and never replaced by zero; see rejection/source flags where applicable.,"Funding, repo, policy, or published lending-rate condition as identified by the source family.",Tenor matching and source family are proxies for marginal trader funding; inspect tenor distance and staleness.
processed,fx_nearby_daily.csv,CBR_KEY_RATE_observation_date,"MOEX, Bank of Russia, CFETS/ChinaMoney, or PBOC according to series name","calculated, configured, or same-named source series",ISO date,daily,"Direct field, documented selection hierarchy, or descriptive aggregation as indicated by the variable name.",Retained as NA and never replaced by zero; see rejection/source flags where applicable.,"Funding, repo, policy, or published lending-rate condition as identified by the source family.",Tenor matching and source family are proxies for marginal trader funding; inspect tenor distance and staleness.
processed,fx_nearby_daily.csv,CBR_KEY_RATE,"MOEX, Bank of Russia, CFETS/ChinaMoney, or PBOC according to series name","calculated, configured, or same-named source series","text, category, native source unit, or dimensionless as applicable",daily,"Direct field, documented selection hierarchy, or descriptive aggregation as indicated by the variable name.",Retained as NA and never replaced by zero; see rejection/source flags where applicable.,"Funding, repo, policy, or published lending-rate condition as identified by the source family.",Tenor matching and source family are proxies for marginal trader funding; inspect tenor distance and staleness.
processed,fx_nearby_daily.csv,RUONIA_observation_date,"MOEX, Bank of Russia, CFETS/ChinaMoney, or PBOC according to series name","calculated, configured, or same-named source series",ISO date,daily,"Direct field, documented selection hierarchy, or descriptive aggregation as indicated by the variable name.",Retained as NA and never replaced by zero; see rejection/source flags where applicable.,"Funding, repo, policy, or published lending-rate condition as identified by the source family.",Tenor matching and source family are proxies for marginal trader funding; inspect tenor distance and staleness.
processed,fx_nearby_daily.csv,RUONIA,"MOEX, Bank of Russia, CFETS/ChinaMoney, or PBOC according to series name","calculated, configured, or same-named source series","text, category, native source unit, or dimensionless as applicable",daily,"Direct field, documented selection hierarchy, or descriptive aggregation as indicated by the variable name.",Retained as NA and never replaced by zero; see rejection/source flags where applicable.,"Funding, repo, policy, or published lending-rate condition as identified by the source family.",Tenor matching and source family are proxies for marginal trader funding; inspect tenor distance and staleness.
processed,fx_nearby_daily.csv,SHIBOR_ON_observation_date,"MOEX, Bank of Russia, CFETS/ChinaMoney, or PBOC according to series name","calculated, configured, or same-named source series",ISO date,daily,"Direct field, documented selection hierarchy, or descriptive aggregation as indicated by the variable name.",Retained as NA and never replaced by zero; see rejection/source flags where applicable.,"Funding, repo, policy, or published lending-rate condition as identified by the source family.",Tenor matching and source family are proxies for marginal trader funding; inspect tenor distance and staleness.
processed,fx_nearby_daily.csv,SHIBOR_ON,"MOEX, Bank of Russia, CFETS/ChinaMoney, or PBOC according to series name","calculated, configured, or same-named source series","text, category, native source unit, or dimensionless as applicable",daily,"Direct field, documented selection hierarchy, or descriptive aggregation as indicated by the variable name.",Retained as NA and never replaced by zero; see rejection/source flags where applicable.,"Funding, repo, policy, or published lending-rate condition as identified by the source family.",Tenor matching and source family are proxies for marginal trader funding; inspect tenor distance and staleness.
processed,fx_nearby_daily.csv,SHIBOR_1W_observation_date,"MOEX, Bank of Russia, CFETS/ChinaMoney, or PBOC according to series name","calculated, configured, or same-named source series",ISO date,daily,"Direct field, documented selection hierarchy, or descriptive aggregation as indicated by the variable name.",Retained as NA and never replaced by zero; see rejection/source flags where applicable.,"Funding, repo, policy, or published lending-rate condition as identified by the source family.",Tenor matching and source family are proxies for marginal trader funding; inspect tenor distance and staleness.
processed,fx_nearby_daily.csv,SHIBOR_1W,"MOEX, Bank of Russia, CFETS/ChinaMoney, or PBOC according to series name","calculated, configured, or same-named source series","text, category, native source unit, or dimensionless as applicable",daily,"Direct field, documented selection hierarchy, or descriptive aggregation as indicated by the variable name.",Retained as NA and never replaced by zero; see rejection/source flags where applicable.,"Funding, repo, policy, or published lending-rate condition as identified by the source family.",Tenor matching and source family are proxies for marginal trader funding; inspect tenor distance and staleness.
processed,fx_nearby_daily.csv,SHIBOR_2W_observation_date,"MOEX, Bank of Russia, CFETS/ChinaMoney, or PBOC according to series name","calculated, configured, or same-named source series",ISO date,daily,"Direct field, documented selection hierarchy, or descriptive aggregation as indicated by the variable name.",Retained as NA and never replaced by zero; see rejection/source flags where applicable.,"Funding, repo, policy, or published lending-rate condition as identified by the source family.",Tenor matching and source family are proxies for marginal trader funding; inspect tenor distance and staleness.
processed,fx_nearby_daily.csv,SHIBOR_2W,"MOEX, Bank of Russia, CFETS/ChinaMoney, or PBOC according to series name","calculated, configured, or same-named source series","text, category, native source unit, or dimensionless as applicable",daily,"Direct field, documented selection hierarchy, or descriptive aggregation as indicated by the variable name.",Retained as NA and never replaced by zero; see rejection/source flags where applicable.,"Funding, repo, policy, or published lending-rate condition as identified by the source family.",Tenor matching and source family are proxies for marginal trader funding; inspect tenor distance and staleness.
processed,fx_nearby_daily.csv,SHIBOR_1M_observation_date,"MOEX, Bank of Russia, CFETS/ChinaMoney, or PBOC according to series name","calculated, configured, or same-named source series",ISO date,daily,"Direct field, documented selection hierarchy, or descriptive aggregation as indicated by the variable name.",Retained as NA and never replaced by zero; see rejection/source flags where applicable.,"Funding, repo, policy, or published lending-rate condition as identified by the source family.",Tenor matching and source family are proxies for marginal trader funding; inspect tenor distance and staleness.
processed,fx_nearby_daily.csv,SHIBOR_1M,"MOEX, Bank of Russia, CFETS/ChinaMoney, or PBOC according to series name","calculated, configured, or same-named source series","text, category, native source unit, or dimensionless as applicable",daily,"Direct field, documented selection hierarchy, or descriptive aggregation as indicated by the variable name.",Retained as NA and never replaced by zero; see rejection/source flags where applicable.,"Funding, repo, policy, or published lending-rate condition as identified by the source family.",Tenor matching and source family are proxies for marginal trader funding; inspect tenor distance and staleness.
processed,fx_nearby_daily.csv,SHIBOR_3M_observation_date,"MOEX, Bank of Russia, CFETS/ChinaMoney, or PBOC according to series name","calculated, configured, or same-named source series",ISO date,daily,"Direct field, documented selection hierarchy, or descriptive aggregation as indicated by the variable name.",Retained as NA and never replaced by zero; see rejection/source flags where applicable.,"Funding, repo, policy, or published lending-rate condition as identified by the source family.",Tenor matching and source family are proxies for marginal trader funding; inspect tenor distance and staleness.
processed,fx_nearby_daily.csv,SHIBOR_3M,"MOEX, Bank of Russia, CFETS/ChinaMoney, or PBOC according to series name","calculated, configured, or same-named source series","text, category, native source unit, or dimensionless as applicable",daily,"Direct field, documented selection hierarchy, or descriptive aggregation as indicated by the variable name.",Retained as NA and never replaced by zero; see rejection/source flags where applicable.,"Funding, repo, policy, or published lending-rate condition as identified by the source family.",Tenor matching and source family are proxies for marginal trader funding; inspect tenor distance and staleness.
processed,fx_nearby_daily.csv,SHIBOR_6M_observation_date,"MOEX, Bank of Russia, CFETS/ChinaMoney, or PBOC according to series name","calculated, configured, or same-named source series",ISO date,daily,"Direct field, documented selection hierarchy, or descriptive aggregation as indicated by the variable name.",Retained as NA and never replaced by zero; see rejection/source flags where applicable.,"Funding, repo, policy, or published lending-rate condition as identified by the source family.",Tenor matching and source family are proxies for marginal trader funding; inspect tenor distance and staleness.
processed,fx_nearby_daily.csv,SHIBOR_6M,"MOEX, Bank of Russia, CFETS/ChinaMoney, or PBOC according to series name","calculated, configured, or same-named source series","text, category, native source unit, or dimensionless as applicable",daily,"Direct field, documented selection hierarchy, or descriptive aggregation as indicated by the variable name.",Retained as NA and never replaced by zero; see rejection/source flags where applicable.,"Funding, repo, policy, or published lending-rate condition as identified by the source family.",Tenor matching and source family are proxies for marginal trader funding; inspect tenor distance and staleness.
processed,fx_nearby_daily.csv,SHIBOR_9M_observation_date,"MOEX, Bank of Russia, CFETS/ChinaMoney, or PBOC according to series name","calculated, configured, or same-named source series",ISO date,daily,"Direct field, documented selection hierarchy, or descriptive aggregation as indicated by the variable name.",Retained as NA and never replaced by zero; see rejection/source flags where applicable.,"Funding, repo, policy, or published lending-rate condition as identified by the source family.",Tenor matching and source family are proxies for marginal trader funding; inspect tenor distance and staleness.
processed,fx_nearby_daily.csv,SHIBOR_9M,"MOEX, Bank of Russia, CFETS/ChinaMoney, or PBOC according to series name","calculated, configured, or same-named source series","text, category, native source unit, or dimensionless as applicable",daily,"Direct field, documented selection hierarchy, or descriptive aggregation as indicated by the variable name.",Retained as NA and never replaced by zero; see rejection/source flags where applicable.,"Funding, repo, policy, or published lending-rate condition as identified by the source family.",Tenor matching and source family are proxies for marginal trader funding; inspect tenor distance and staleness.
processed,fx_nearby_daily.csv,SHIBOR_1Y_observation_date,"MOEX, Bank of Russia, CFETS/ChinaMoney, or PBOC according to series name","calculated, configured, or same-named source series",ISO date,daily,"Direct field, documented selection hierarchy, or descriptive aggregation as indicated by the variable name.",Retained as NA and never replaced by zero; see rejection/source flags where applicable.,"Funding, repo, policy, or published lending-rate condition as identified by the source family.",Tenor matching and source family are proxies for marginal trader funding; inspect tenor distance and staleness.
processed,fx_nearby_daily.csv,SHIBOR_1Y,"MOEX, Bank of Russia, CFETS/ChinaMoney, or PBOC according to series name","calculated, configured, or same-named source series","text, category, native source unit, or dimensionless as applicable",daily,"Direct field, documented selection hierarchy, or descriptive aggregation as indicated by the variable name.",Retained as NA and never replaced by zero; see rejection/source flags where applicable.,"Funding, repo, policy, or published lending-rate condition as identified by the source family.",Tenor matching and source family are proxies for marginal trader funding; inspect tenor distance and staleness.
processed,fx_nearby_daily.csv,FR001_observation_date,"MOEX, Bank of Russia, CFETS/ChinaMoney, or PBOC according to series name","calculated, configured, or same-named source series",ISO date,daily,"Direct field, documented selection hierarchy, or descriptive aggregation as indicated by the variable name.",Retained as NA and never replaced by zero; see rejection/source flags where applicable.,"Identifier, descriptive market measure, validation field, or summary statistic as named.",Missing source observations remain NA; zeros are retained only when the source explicitly reports zero.
processed,fx_nearby_daily.csv,FR001,"MOEX, Bank of Russia, CFETS/ChinaMoney, or PBOC according to series name","calculated, configured, or same-named source series","text, category, native source unit, or dimensionless as applicable",daily,"Direct field, documented selection hierarchy, or descriptive aggregation as indicated by the variable name.",Retained as NA and never replaced by zero; see rejection/source flags where applicable.,"Identifier, descriptive market measure, validation field, or summary statistic as named.",Missing source observations remain NA; zeros are retained only when the source explicitly reports zero.
processed,fx_nearby_daily.csv,FR007_observation_date,"MOEX, Bank of Russia, CFETS/ChinaMoney, or PBOC according to series name","calculated, configured, or same-named source series",ISO date,daily,"Direct field, documented selection hierarchy, or descriptive aggregation as indicated by the variable name.",Retained as NA and never replaced by zero; see rejection/source flags where applicable.,"Identifier, descriptive market measure, validation field, or summary statistic as named.",Missing source observations remain NA; zeros are retained only when the source explicitly reports zero.
processed,fx_nearby_daily.csv,FR007,"MOEX, Bank of Russia, CFETS/ChinaMoney, or PBOC according to series name","calculated, configured, or same-named source series","text, category, native source unit, or dimensionless as applicable",daily,"Direct field, documented selection hierarchy, or descriptive aggregation as indicated by the variable name.",Retained as NA and never replaced by zero; see rejection/source flags where applicable.,"Identifier, descriptive market measure, validation field, or summary statistic as named.",Missing source observations remain NA; zeros are retained only when the source explicitly reports zero.
processed,fx_nearby_daily.csv,FR014_observation_date,"MOEX, Bank of Russia, CFETS/ChinaMoney, or PBOC according to series name","calculated, configured, or same-named source series",ISO date,daily,"Direct field, documented selection hierarchy, or descriptive aggregation as indicated by the variable name.",Retained as NA and never replaced by zero; see rejection/source flags where applicable.,"Identifier, descriptive market measure, validation field, or summary statistic as named.",Missing source observations remain NA; zeros are retained only when the source explicitly reports zero.
processed,fx_nearby_daily.csv,FR014,"MOEX, Bank of Russia, CFETS/ChinaMoney, or PBOC according to series name","calculated, configured, or same-named source series","text, category, native source unit, or dimensionless as applicable",daily,"Direct field, documented selection hierarchy, or descriptive aggregation as indicated by the variable name.",Retained as NA and never replaced by zero; see rejection/source flags where applicable.,"Identifier, descriptive market measure, validation field, or summary statistic as named.",Missing source observations remain NA; zeros are retained only when the source explicitly reports zero.
processed,fx_nearby_daily.csv,FDR001_observation_date,"MOEX, Bank of Russia, CFETS/ChinaMoney, or PBOC according to series name","calculated, configured, or same-named source series",ISO date,daily,"Direct field, documented selection hierarchy, or descriptive aggregation as indicated by the variable name.",Retained as NA and never replaced by zero; see rejection/source flags where applicable.,"Funding, repo, policy, or published lending-rate condition as identified by the source family.",Tenor matching and source family are proxies for marginal trader funding; inspect tenor distance and staleness.
processed,fx_nearby_daily.csv,FDR001,"MOEX, Bank of Russia, CFETS/ChinaMoney, or PBOC according to series name","calculated, configured, or same-named source series","text, category, native source unit, or dimensionless as applicable",daily,"Direct field, documented selection hierarchy, or descriptive aggregation as indicated by the variable name.",Retained as NA and never replaced by zero; see rejection/source flags where applicable.,"Funding, repo, policy, or published lending-rate condition as identified by the source family.",Tenor matching and source family are proxies for marginal trader funding; inspect tenor distance and staleness.
processed,fx_nearby_daily.csv,FDR007_observation_date,"MOEX, Bank of Russia, CFETS/ChinaMoney, or PBOC according to series name","calculated, configured, or same-named source series",ISO date,daily,"Direct field, documented selection hierarchy, or descriptive aggregation as indicated by the variable name.",Retained as NA and never replaced by zero; see rejection/source flags where applicable.,"Funding, repo, policy, or published lending-rate condition as identified by the source family.",Tenor matching and source family are proxies for marginal trader funding; inspect tenor distance and staleness.
processed,fx_nearby_daily.csv,FDR007,"MOEX, Bank of Russia, CFETS/ChinaMoney, or PBOC according to series name","calculated, configured, or same-named source series","text, category, native source unit, or dimensionless as applicable",daily,"Direct field, documented selection hierarchy, or descriptive aggregation as indicated by the variable name.",Retained as NA and never replaced by zero; see rejection/source flags where applicable.,"Funding, repo, policy, or published lending-rate condition as identified by the source family.",Tenor matching and source family are proxies for marginal trader funding; inspect tenor distance and staleness.
processed,fx_nearby_daily.csv,FDR014_observation_date,"MOEX, Bank of Russia, CFETS/ChinaMoney, or PBOC according to series name","calculated, configured, or same-named source series",ISO date,daily,"Direct field, documented selection hierarchy, or descriptive aggregation as indicated by the variable name.",Retained as NA and never replaced by zero; see rejection/source flags where applicable.,"Funding, repo, policy, or published lending-rate condition as identified by the source family.",Tenor matching and source family are proxies for marginal trader funding; inspect tenor distance and staleness.
processed,fx_nearby_daily.csv,FDR014,"MOEX, Bank of Russia, CFETS/ChinaMoney, or PBOC according to series name","calculated, configured, or same-named source series","text, category, native source unit, or dimensionless as applicable",daily,"Direct field, documented selection hierarchy, or descriptive aggregation as indicated by the variable name.",Retained as NA and never replaced by zero; see rejection/source flags where applicable.,"Funding, repo, policy, or published lending-rate condition as identified by the source family.",Tenor matching and source family are proxies for marginal trader funding; inspect tenor distance and staleness.
processed,fx_nearby_daily.csv,LPR_1Y_observation_date,"MOEX, Bank of Russia, CFETS/ChinaMoney, or PBOC according to series name","calculated, configured, or same-named source series",ISO date,daily,"Direct field, documented selection hierarchy, or descriptive aggregation as indicated by the variable name.",Retained as NA and never replaced by zero; see rejection/source flags where applicable.,"Funding, repo, policy, or published lending-rate condition as identified by the source family.",Tenor matching and source family are proxies for marginal trader funding; inspect tenor distance and staleness.
processed,fx_nearby_daily.csv,LPR_1Y,"MOEX, Bank of Russia, CFETS/ChinaMoney, or PBOC according to series name","calculated, configured, or same-named source series","text, category, native source unit, or dimensionless as applicable",daily,"Direct field, documented selection hierarchy, or descriptive aggregation as indicated by the variable name.",Retained as NA and never replaced by zero; see rejection/source flags where applicable.,"Funding, repo, policy, or published lending-rate condition as identified by the source family.",Tenor matching and source family are proxies for marginal trader funding; inspect tenor distance and staleness.
processed,fx_nearby_daily.csv,LPR_5Y_observation_date,"MOEX, Bank of Russia, CFETS/ChinaMoney, or PBOC according to series name","calculated, configured, or same-named source series",ISO date,daily,"Direct field, documented selection hierarchy, or descriptive aggregation as indicated by the variable name.",Retained as NA and never replaced by zero; see rejection/source flags where applicable.,"Funding, repo, policy, or published lending-rate condition as identified by the source family.",Tenor matching and source family are proxies for marginal trader funding; inspect tenor distance and staleness.
processed,fx_nearby_daily.csv,LPR_5Y,"MOEX, Bank of Russia, CFETS/ChinaMoney, or PBOC according to series name","calculated, configured, or same-named source series","text, category, native source unit, or dimensionless as applicable",daily,"Direct field, documented selection hierarchy, or descriptive aggregation as indicated by the variable name.",Retained as NA and never replaced by zero; see rejection/source flags where applicable.,"Funding, repo, policy, or published lending-rate condition as identified by the source family.",Tenor matching and source family are proxies for marginal trader funding; inspect tenor distance and staleness.
processed,fx_nearby_daily.csv,PBOC_7D_REVERSE_REPO_observation_date,"MOEX, Bank of Russia, CFETS/ChinaMoney, or PBOC according to series name","calculated, configured, or same-named source series",ISO date,daily,"Direct field, documented selection hierarchy, or descriptive aggregation as indicated by the variable name.",Retained as NA and never replaced by zero; see rejection/source flags where applicable.,"Funding, repo, policy, or published lending-rate condition as identified by the source family.",Tenor matching and source family are proxies for marginal trader funding; inspect tenor distance and staleness.
processed,fx_nearby_daily.csv,PBOC_7D_REVERSE_REPO,"MOEX, Bank of Russia, CFETS/ChinaMoney, or PBOC according to series name","calculated, configured, or same-named source series","text, category, native source unit, or dimensionless as applicable",daily,"Direct field, documented selection hierarchy, or descriptive aggregation as indicated by the variable name.",Retained as NA and never replaced by zero; see rejection/source flags where applicable.,"Funding, repo, policy, or published lending-rate condition as identified by the source family.",Tenor matching and source family are proxies for marginal trader funding; inspect tenor distance and staleness.
processed,fx_nearby_daily.csv,RUSFAR_staleness_days,"MOEX, Bank of Russia, CFETS/ChinaMoney, or PBOC according to series name","calculated, configured, or same-named source series",calendar days,daily,trade_date minus the backward as-of matched source observation date.,Retained as NA and never replaced by zero; see rejection/source flags where applicable.,"Funding, repo, policy, or published lending-rate condition as identified by the source family.",Tenor matching and source family are proxies for marginal trader funding; inspect tenor distance and staleness.
processed,fx_nearby_daily.csv,RUSFAR1W_staleness_days,"MOEX, Bank of Russia, CFETS/ChinaMoney, or PBOC according to series name","calculated, configured, or same-named source series",calendar days,daily,trade_date minus the backward as-of matched source observation date.,Retained as NA and never replaced by zero; see rejection/source flags where applicable.,"Funding, repo, policy, or published lending-rate condition as identified by the source family.",Tenor matching and source family are proxies for marginal trader funding; inspect tenor distance and staleness.
processed,fx_nearby_daily.csv,RUSFAR2W_staleness_days,"MOEX, Bank of Russia, CFETS/ChinaMoney, or PBOC according to series name","calculated, configured, or same-named source series",calendar days,daily,trade_date minus the backward as-of matched source observation date.,Retained as NA and never replaced by zero; see rejection/source flags where applicable.,"Funding, repo, policy, or published lending-rate condition as identified by the source family.",Tenor matching and source family are proxies for marginal trader funding; inspect tenor distance and staleness.
processed,fx_nearby_daily.csv,RUSFAR1M_staleness_days,"MOEX, Bank of Russia, CFETS/ChinaMoney, or PBOC according to series name","calculated, configured, or same-named source series",calendar days,daily,trade_date minus the backward as-of matched source observation date.,Retained as NA and never replaced by zero; see rejection/source flags where applicable.,"Funding, repo, policy, or published lending-rate condition as identified by the source family.",Tenor matching and source family are proxies for marginal trader funding; inspect tenor distance and staleness.
processed,fx_nearby_daily.csv,RUSFAR3M_staleness_days,"MOEX, Bank of Russia, CFETS/ChinaMoney, or PBOC according to series name","calculated, configured, or same-named source series",calendar days,daily,trade_date minus the backward as-of matched source observation date.,Retained as NA and never replaced by zero; see rejection/source flags where applicable.,"Funding, repo, policy, or published lending-rate condition as identified by the source family.",Tenor matching and source family are proxies for marginal trader funding; inspect tenor distance and staleness.
processed,fx_nearby_daily.csv,RUSFARCNY_staleness_days,"MOEX, Bank of Russia, CFETS/ChinaMoney, or PBOC according to series name","calculated, configured, or same-named source series",calendar days,daily,trade_date minus the backward as-of matched source observation date.,Retained as NA and never replaced by zero; see rejection/source flags where applicable.,"Funding, repo, policy, or published lending-rate condition as identified by the source family.",Tenor matching and source family are proxies for marginal trader funding; inspect tenor distance and staleness.
processed,fx_nearby_daily.csv,RUSFARCN1W_staleness_days,"MOEX, Bank of Russia, CFETS/ChinaMoney, or PBOC according to series name","calculated, configured, or same-named source series",calendar days,daily,trade_date minus the backward as-of matched source observation date.,Retained as NA and never replaced by zero; see rejection/source flags where applicable.,"Funding, repo, policy, or published lending-rate condition as identified by the source family.",Tenor matching and source family are proxies for marginal trader funding; inspect tenor distance and staleness.
processed,fx_nearby_daily.csv,CBR_KEY_RATE_staleness_days,"MOEX, Bank of Russia, CFETS/ChinaMoney, or PBOC according to series name","calculated, configured, or same-named source series",calendar days,daily,trade_date minus the backward as-of matched source observation date.,Retained as NA and never replaced by zero; see rejection/source flags where applicable.,"Funding, repo, policy, or published lending-rate condition as identified by the source family.",Tenor matching and source family are proxies for marginal trader funding; inspect tenor distance and staleness.
processed,fx_nearby_daily.csv,RUONIA_staleness_days,"MOEX, Bank of Russia, CFETS/ChinaMoney, or PBOC according to series name","calculated, configured, or same-named source series",calendar days,daily,trade_date minus the backward as-of matched source observation date.,Retained as NA and never replaced by zero; see rejection/source flags where applicable.,"Funding, repo, policy, or published lending-rate condition as identified by the source family.",Tenor matching and source family are proxies for marginal trader funding; inspect tenor distance and staleness.
processed,fx_nearby_daily.csv,SHIBOR_ON_staleness_days,"MOEX, Bank of Russia, CFETS/ChinaMoney, or PBOC according to series name","calculated, configured, or same-named source series",calendar days,daily,trade_date minus the backward as-of matched source observation date.,Retained as NA and never replaced by zero; see rejection/source flags where applicable.,"Funding, repo, policy, or published lending-rate condition as identified by the source family.",Tenor matching and source family are proxies for marginal trader funding; inspect tenor distance and staleness.
processed,fx_nearby_daily.csv,SHIBOR_1W_staleness_days,"MOEX, Bank of Russia, CFETS/ChinaMoney, or PBOC according to series name","calculated, configured, or same-named source series",calendar days,daily,trade_date minus the backward as-of matched source observation date.,Retained as NA and never replaced by zero; see rejection/source flags where applicable.,"Funding, repo, policy, or published lending-rate condition as identified by the source family.",Tenor matching and source family are proxies for marginal trader funding; inspect tenor distance and staleness.
processed,fx_nearby_daily.csv,SHIBOR_2W_staleness_days,"MOEX, Bank of Russia, CFETS/ChinaMoney, or PBOC according to series name","calculated, configured, or same-named source series",calendar days,daily,trade_date minus the backward as-of matched source observation date.,Retained as NA and never replaced by zero; see rejection/source flags where applicable.,"Funding, repo, policy, or published lending-rate condition as identified by the source family.",Tenor matching and source family are proxies for marginal trader funding; inspect tenor distance and staleness.
processed,fx_nearby_daily.csv,SHIBOR_1M_staleness_days,"MOEX, Bank of Russia, CFETS/ChinaMoney, or PBOC according to series name","calculated, configured, or same-named source series",calendar days,daily,trade_date minus the backward as-of matched source observation date.,Retained as NA and never replaced by zero; see rejection/source flags where applicable.,"Funding, repo, policy, or published lending-rate condition as identified by the source family.",Tenor matching and source family are proxies for marginal trader funding; inspect tenor distance and staleness.
processed,fx_nearby_daily.csv,SHIBOR_3M_staleness_days,"MOEX, Bank of Russia, CFETS/ChinaMoney, or PBOC according to series name","calculated, configured, or same-named source series",calendar days,daily,trade_date minus the backward as-of matched source observation date.,Retained as NA and never replaced by zero; see rejection/source flags where applicable.,"Funding, repo, policy, or published lending-rate condition as identified by the source family.",Tenor matching and source family are proxies for marginal trader funding; inspect tenor distance and staleness.
processed,fx_nearby_daily.csv,SHIBOR_6M_staleness_days,"MOEX, Bank of Russia, CFETS/ChinaMoney, or PBOC according to series name","calculated, configured, or same-named source series",calendar days,daily,trade_date minus the backward as-of matched source observation date.,Retained as NA and never replaced by zero; see rejection/source flags where applicable.,"Funding, repo, policy, or published lending-rate condition as identified by the source family.",Tenor matching and source family are proxies for marginal trader funding; inspect tenor distance and staleness.
processed,fx_nearby_daily.csv,SHIBOR_9M_staleness_days,"MOEX, Bank of Russia, CFETS/ChinaMoney, or PBOC according to series name","calculated, configured, or same-named source series",calendar days,daily,trade_date minus the backward as-of matched source observation date.,Retained as NA and never replaced by zero; see rejection/source flags where applicable.,"Funding, repo, policy, or published lending-rate condition as identified by the source family.",Tenor matching and source family are proxies for marginal trader funding; inspect tenor distance and staleness.
processed,fx_nearby_daily.csv,SHIBOR_1Y_staleness_days,"MOEX, Bank of Russia, CFETS/ChinaMoney, or PBOC according to series name","calculated, configured, or same-named source series",calendar days,daily,trade_date minus the backward as-of matched source observation date.,Retained as NA and never replaced by zero; see rejection/source flags where applicable.,"Funding, repo, policy, or published lending-rate condition as identified by the source family.",Tenor matching and source family are proxies for marginal trader funding; inspect tenor distance and staleness.
processed,fx_nearby_daily.csv,FR001_staleness_days,"MOEX, Bank of Russia, CFETS/ChinaMoney, or PBOC according to series name","calculated, configured, or same-named source series",calendar days,daily,trade_date minus the backward as-of matched source observation date.,Retained as NA and never replaced by zero; see rejection/source flags where applicable.,"Identifier, descriptive market measure, validation field, or summary statistic as named.",Missing source observations remain NA; zeros are retained only when the source explicitly reports zero.
processed,fx_nearby_daily.csv,FR007_staleness_days,"MOEX, Bank of Russia, CFETS/ChinaMoney, or PBOC according to series name","calculated, configured, or same-named source series",calendar days,daily,trade_date minus the backward as-of matched source observation date.,Retained as NA and never replaced by zero; see rejection/source flags where applicable.,"Identifier, descriptive market measure, validation field, or summary statistic as named.",Missing source observations remain NA; zeros are retained only when the source explicitly reports zero.
processed,fx_nearby_daily.csv,FR014_staleness_days,"MOEX, Bank of Russia, CFETS/ChinaMoney, or PBOC according to series name","calculated, configured, or same-named source series",calendar days,daily,trade_date minus the backward as-of matched source observation date.,Retained as NA and never replaced by zero; see rejection/source flags where applicable.,"Identifier, descriptive market measure, validation field, or summary statistic as named.",Missing source observations remain NA; zeros are retained only when the source explicitly reports zero.
processed,fx_nearby_daily.csv,FDR001_staleness_days,"MOEX, Bank of Russia, CFETS/ChinaMoney, or PBOC according to series name","calculated, configured, or same-named source series",calendar days,daily,trade_date minus the backward as-of matched source observation date.,Retained as NA and never replaced by zero; see rejection/source flags where applicable.,"Funding, repo, policy, or published lending-rate condition as identified by the source family.",Tenor matching and source family are proxies for marginal trader funding; inspect tenor distance and staleness.
processed,fx_nearby_daily.csv,FDR007_staleness_days,"MOEX, Bank of Russia, CFETS/ChinaMoney, or PBOC according to series name","calculated, configured, or same-named source series",calendar days,daily,trade_date minus the backward as-of matched source observation date.,Retained as NA and never replaced by zero; see rejection/source flags where applicable.,"Funding, repo, policy, or published lending-rate condition as identified by the source family.",Tenor matching and source family are proxies for marginal trader funding; inspect tenor distance and staleness.
processed,fx_nearby_daily.csv,FDR014_staleness_days,"MOEX, Bank of Russia, CFETS/ChinaMoney, or PBOC according to series name","calculated, configured, or same-named source series",calendar days,daily,trade_date minus the backward as-of matched source observation date.,Retained as NA and never replaced by zero; see rejection/source flags where applicable.,"Funding, repo, policy, or published lending-rate condition as identified by the source family.",Tenor matching and source family are proxies for marginal trader funding; inspect tenor distance and staleness.
processed,fx_nearby_daily.csv,LPR_1Y_staleness_days,"MOEX, Bank of Russia, CFETS/ChinaMoney, or PBOC according to series name","calculated, configured, or same-named source series",calendar days,daily,trade_date minus the backward as-of matched source observation date.,Retained as NA and never replaced by zero; see rejection/source flags where applicable.,"Funding, repo, policy, or published lending-rate condition as identified by the source family.",Tenor matching and source family are proxies for marginal trader funding; inspect tenor distance and staleness.
processed,fx_nearby_daily.csv,LPR_5Y_staleness_days,"MOEX, Bank of Russia, CFETS/ChinaMoney, or PBOC according to series name","calculated, configured, or same-named source series",calendar days,daily,trade_date minus the backward as-of matched source observation date.,Retained as NA and never replaced by zero; see rejection/source flags where applicable.,"Funding, repo, policy, or published lending-rate condition as identified by the source family.",Tenor matching and source family are proxies for marginal trader funding; inspect tenor distance and staleness.
processed,fx_nearby_daily.csv,PBOC_7D_REVERSE_REPO_staleness_days,"MOEX, Bank of Russia, CFETS/ChinaMoney, or PBOC according to series name","calculated, configured, or same-named source series",calendar days,daily,trade_date minus the backward as-of matched source observation date.,Retained as NA and never replaced by zero; see rejection/source flags where applicable.,"Funding, repo, policy, or published lending-rate condition as identified by the source family.",Tenor matching and source family are proxies for marginal trader funding; inspect tenor distance and staleness.
processed,fx_nearby_daily.csv,rub_rate_tenor,MOEX market data plus documented calculations,"calculated, configured, or same-named source series","text, category, native source unit, or dimensionless as applicable",daily,"Direct field, documented selection hierarchy, or descriptive aggregation as indicated by the variable name.",Retained as NA and never replaced by zero; see rejection/source flags where applicable.,"Funding, repo, policy, or published lending-rate condition as identified by the source family.",Tenor matching and source family are proxies for marginal trader funding; inspect tenor distance and staleness.
processed,fx_nearby_daily.csv,rub_rate_pct,MOEX market data plus documented calculations,"calculated, configured, or same-named source series",percent,daily,"Direct field, documented selection hierarchy, or descriptive aggregation as indicated by the variable name.",Retained as NA and never replaced by zero; see rejection/source flags where applicable.,"Funding, repo, policy, or published lending-rate condition as identified by the source family.",Tenor matching and source family are proxies for marginal trader funding; inspect tenor distance and staleness.
processed,fx_nearby_daily.csv,rub_tenor_distance_days,MOEX market data plus documented calculations,"calculated, configured, or same-named source series",calendar days,daily,"Direct field, documented selection hierarchy, or descriptive aggregation as indicated by the variable name.",Retained as NA and never replaced by zero; see rejection/source flags where applicable.,"Identifier, descriptive market measure, validation field, or summary statistic as named.",Missing source observations remain NA; zeros are retained only when the source explicitly reports zero.
processed,fx_nearby_daily.csv,rub_rate_observation_date,MOEX market data plus documented calculations,"calculated, configured, or same-named source series",ISO date,daily,"Direct field, documented selection hierarchy, or descriptive aggregation as indicated by the variable name.",Retained as NA and never replaced by zero; see rejection/source flags where applicable.,"Funding, repo, policy, or published lending-rate condition as identified by the source family.",Tenor matching and source family are proxies for marginal trader funding; inspect tenor distance and staleness.
processed,fx_nearby_daily.csv,rub_rate_staleness_days,MOEX market data plus documented calculations,"calculated, configured, or same-named source series",calendar days,daily,trade_date minus the backward as-of matched source observation date.,Retained as NA and never replaced by zero; see rejection/source flags where applicable.,"Funding, repo, policy, or published lending-rate condition as identified by the source family.",Tenor matching and source family are proxies for marginal trader funding; inspect tenor distance and staleness.
processed,fx_nearby_daily.csv,rub_rate_matching_method,MOEX market data plus documented calculations,"calculated, configured, or same-named source series","text, category, native source unit, or dimensionless as applicable",daily,"Direct field, documented selection hierarchy, or descriptive aggregation as indicated by the variable name.",Retained as NA and never replaced by zero; see rejection/source flags where applicable.,"Funding, repo, policy, or published lending-rate condition as identified by the source family.",Tenor matching and source family are proxies for marginal trader funding; inspect tenor distance and staleness.
processed,fx_nearby_daily.csv,rub_rate_source_family,MOEX market data plus documented calculations,"calculated, configured, or same-named source series","text, category, native source unit, or dimensionless as applicable",daily,"Direct field, documented selection hierarchy, or descriptive aggregation as indicated by the variable name.",Retained as NA and never replaced by zero; see rejection/source flags where applicable.,"Funding, repo, policy, or published lending-rate condition as identified by the source family.",Tenor matching and source family are proxies for marginal trader funding; inspect tenor distance and staleness.
processed,fx_nearby_daily.csv,cny_rate_tenor,MOEX market data plus documented calculations,"calculated, configured, or same-named source series","text, category, native source unit, or dimensionless as applicable",daily,"Direct field, documented selection hierarchy, or descriptive aggregation as indicated by the variable name.",Retained as NA and never replaced by zero; see rejection/source flags where applicable.,"Funding, repo, policy, or published lending-rate condition as identified by the source family.",Tenor matching and source family are proxies for marginal trader funding; inspect tenor distance and staleness.
processed,fx_nearby_daily.csv,cny_rate_pct,MOEX market data plus documented calculations,"calculated, configured, or same-named source series",percent,daily,"Direct field, documented selection hierarchy, or descriptive aggregation as indicated by the variable name.",Retained as NA and never replaced by zero; see rejection/source flags where applicable.,"Funding, repo, policy, or published lending-rate condition as identified by the source family.",Tenor matching and source family are proxies for marginal trader funding; inspect tenor distance and staleness.
processed,fx_nearby_daily.csv,cny_tenor_distance_days,MOEX market data plus documented calculations,"calculated, configured, or same-named source series",calendar days,daily,"Direct field, documented selection hierarchy, or descriptive aggregation as indicated by the variable name.",Retained as NA and never replaced by zero; see rejection/source flags where applicable.,"Identifier, descriptive market measure, validation field, or summary statistic as named.",Missing source observations remain NA; zeros are retained only when the source explicitly reports zero.
processed,fx_nearby_daily.csv,cny_rate_observation_date,MOEX market data plus documented calculations,"calculated, configured, or same-named source series",ISO date,daily,"Direct field, documented selection hierarchy, or descriptive aggregation as indicated by the variable name.",Retained as NA and never replaced by zero; see rejection/source flags where applicable.,"Funding, repo, policy, or published lending-rate condition as identified by the source family.",Tenor matching and source family are proxies for marginal trader funding; inspect tenor distance and staleness.
processed,fx_nearby_daily.csv,cny_rate_staleness_days,MOEX market data plus documented calculations,"calculated, configured, or same-named source series",calendar days,daily,trade_date minus the backward as-of matched source observation date.,Retained as NA and never replaced by zero; see rejection/source flags where applicable.,"Funding, repo, policy, or published lending-rate condition as identified by the source family.",Tenor matching and source family are proxies for marginal trader funding; inspect tenor distance and staleness.
processed,fx_nearby_daily.csv,cny_rate_matching_method,MOEX market data plus documented calculations,"calculated, configured, or same-named source series","text, category, native source unit, or dimensionless as applicable",daily,"Direct field, documented selection hierarchy, or descriptive aggregation as indicated by the variable name.",Retained as NA and never replaced by zero; see rejection/source flags where applicable.,"Funding, repo, policy, or published lending-rate condition as identified by the source family.",Tenor matching and source family are proxies for marginal trader funding; inspect tenor distance and staleness.
processed,fx_nearby_daily.csv,cny_rate_source_family,MOEX market data plus documented calculations,"calculated, configured, or same-named source series","text, category, native source unit, or dimensionless as applicable",daily,"Direct field, documented selection hierarchy, or descriptive aggregation as indicated by the variable name.",Retained as NA and never replaced by zero; see rejection/source flags where applicable.,"Funding, repo, policy, or published lending-rate condition as identified by the source family.",Tenor matching and source family are proxies for marginal trader funding; inspect tenor distance and staleness.
processed,fx_nearby_daily.csv,observed_funding_differential_pct,MOEX market data plus documented calculations,"calculated, configured, or same-named source series",percent,daily,"Direct field, documented selection hierarchy, or descriptive aggregation as indicated by the variable name.",Retained as NA and never replaced by zero; see rejection/source flags where applicable.,"Funding, repo, policy, or published lending-rate condition as identified by the source family.",Missing source observations remain NA; zeros are retained only when the source explicitly reports zero.
processed,fx_nearby_daily.csv,theoretical_futures_price,MOEX market data plus documented calculations,"calculated, configured, or same-named source series",RUB per unit of underlying currency (normalized); raw field where named *_raw,daily,spot_price * exp(((rub_rate_pct-cny_rate_pct)/100) * ttm_years).,Retained as NA and never replaced by zero; see rejection/source flags where applicable.,"Exchange, reference, or selected analytical price as identified by the field name.",Missing source observations remain NA; zeros are retained only when the source explicitly reports zero.
processed,fx_nearby_daily.csv,basis_rub_per_unit,MOEX market data plus documented calculations,"calculated, configured, or same-named source series","text, category, native source unit, or dimensionless as applicable",daily,Observed futures_price minus theoretical_futures_price.,Retained as NA and never replaced by zero; see rejection/source flags where applicable.,Deviation of observed futures pricing from the simple cost-of-carry benchmark.,"Not executable arbitrage evidence without spreads, margin, funding access, controls, sanctions, settlement, and convertibility costs."
processed,fx_nearby_daily.csv,basis_rub_per_cny,MOEX market data plus documented calculations,"calculated, configured, or same-named source series","text, category, native source unit, or dimensionless as applicable",daily,Observed futures_price minus theoretical_futures_price.,Retained as NA and never replaced by zero; see rejection/source flags where applicable.,Deviation of observed futures pricing from the simple cost-of-carry benchmark.,"Not executable arbitrage evidence without spreads, margin, funding access, controls, sanctions, settlement, and convertibility costs."
processed,fx_nearby_daily.csv,basis_pct,MOEX market data plus documented calculations,"calculated, configured, or same-named source series",percent,daily,100 * basis / theoretical_futures_price.,Retained as NA and never replaced by zero; see rejection/source flags where applicable.,Deviation of observed futures pricing from the simple cost-of-carry benchmark.,"Not executable arbitrage evidence without spreads, margin, funding access, controls, sanctions, settlement, and convertibility costs."
processed,fx_nearby_daily.csv,log_basis,MOEX market data plus documented calculations,"calculated, configured, or same-named source series",decimal log value,daily,ln(futures_price / theoretical_futures_price).,Retained as NA and never replaced by zero; see rejection/source flags where applicable.,Deviation of observed futures pricing from the simple cost-of-carry benchmark.,"Not executable arbitrage evidence without spreads, margin, funding access, controls, sanctions, settlement, and convertibility costs."
processed,fx_nearby_daily.csv,implied_funding_differential_pct,MOEX market data plus documented calculations,"calculated, configured, or same-named source series",percent,daily,"Direct field, documented selection hierarchy, or descriptive aggregation as indicated by the variable name.",Retained as NA and never replaced by zero; see rejection/source flags where applicable.,"Funding, repo, policy, or published lending-rate condition as identified by the source family.",Missing source observations remain NA; zeros are retained only when the source explicitly reports zero.
processed,fx_nearby_daily.csv,excess_implied_funding_differential_pct,MOEX market data plus documented calculations,"calculated, configured, or same-named source series",percent,daily,"Direct field, documented selection hierarchy, or descriptive aggregation as indicated by the variable name.",Retained as NA and never replaced by zero; see rejection/source flags where applicable.,"Funding, repo, policy, or published lending-rate condition as identified by the source family.",Missing source observations remain NA; zeros are retained only when the source explicitly reports zero.
processed,fx_nearby_daily.csv,annualized_log_basis_pct,MOEX market data plus documented calculations,"calculated, configured, or same-named source series",percent,daily,"Direct field, documented selection hierarchy, or descriptive aggregation as indicated by the variable name.",Retained as NA and never replaced by zero; see rejection/source flags where applicable.,Deviation of observed futures pricing from the simple cost-of-carry benchmark.,"Not executable arbitrage evidence without spreads, margin, funding access, controls, sanctions, settlement, and convertibility costs."
processed,fx_nearby_daily.csv,absolute_basis_pct,MOEX market data plus documented calculations,"calculated, configured, or same-named source series",percent,daily,"Direct field, documented selection hierarchy, or descriptive aggregation as indicated by the variable name.",Retained as NA and never replaced by zero; see rejection/source flags where applicable.,Deviation of observed futures pricing from the simple cost-of-carry benchmark.,"Not executable arbitrage evidence without spreads, margin, funding access, controls, sanctions, settlement, and convertibility costs."
processed,fx_nearby_daily.csv,basis_convergence_change,MOEX market data plus documented calculations,"calculated, configured, or same-named source series","text, category, native source unit, or dimensionless as applicable",daily,First difference within the documented pair or contract grouping.,Retained as NA and never replaced by zero; see rejection/source flags where applicable.,Deviation of observed futures pricing from the simple cost-of-carry benchmark.,"Not executable arbitrage evidence without spreads, margin, funding access, controls, sanctions, settlement, and convertibility costs."
processed,fx_nearby_daily.csv,market_regime,config/research_config.json,"calculated, configured, or same-named source series","text, category, native source unit, or dimensionless as applicable",daily,"Direct field, documented selection hierarchy, or descriptive aggregation as indicated by the variable name.",Retained as NA and never replaced by zero; see rejection/source flags where applicable.,Configurable event/regime classification for before-and-after analysis.,Missing source observations remain NA; zeros are retained only when the source explicitly reports zero.
processed,fx_nearby_daily.csv,on_or_after_russia_full_scale_invasion_2022,config/research_config.json,"calculated, configured, or same-named source series",boolean,daily,1 when trade_date is on or after the configured event date; otherwise 0.,Retained as NA and never replaced by zero; see rejection/source flags where applicable.,Configurable event/regime classification for before-and-after analysis.,Missing source observations remain NA; zeros are retained only when the source explicitly reports zero.
processed,fx_nearby_daily.csv,days_from_russia_full_scale_invasion_2022,config/research_config.json,"calculated, configured, or same-named source series",calendar days,daily,Calendar-day difference between trade_date and the configured event date.,Retained as NA and never replaced by zero; see rejection/source flags where applicable.,Configurable event/regime classification for before-and-after analysis.,Missing source observations remain NA; zeros are retained only when the source explicitly reports zero.
processed,fx_nearby_daily.csv,on_or_after_moex_ncc_nsd_designation_2024,config/research_config.json,"calculated, configured, or same-named source series",boolean,daily,1 when trade_date is on or after the configured event date; otherwise 0.,Retained as NA and never replaced by zero; see rejection/source flags where applicable.,Configurable event/regime classification for before-and-after analysis.,Missing source observations remain NA; zeros are retained only when the source explicitly reports zero.
processed,fx_nearby_daily.csv,days_from_moex_ncc_nsd_designation_2024,config/research_config.json,"calculated, configured, or same-named source series",calendar days,daily,Calendar-day difference between trade_date and the configured event date.,Retained as NA and never replaced by zero; see rejection/source flags where applicable.,Configurable event/regime classification for before-and-after analysis.,Missing source observations remain NA; zeros are retained only when the source explicitly reports zero.
processed,fx_nearby_daily.csv,on_or_after_usd_eur_moex_suspension_2024,config/research_config.json,"calculated, configured, or same-named source series",boolean,daily,1 when trade_date is on or after the configured event date; otherwise 0.,Retained as NA and never replaced by zero; see rejection/source flags where applicable.,Configurable event/regime classification for before-and-after analysis.,Missing source observations remain NA; zeros are retained only when the source explicitly reports zero.
processed,fx_nearby_daily.csv,days_from_usd_eur_moex_suspension_2024,config/research_config.json,"calculated, configured, or same-named source series",calendar days,daily,Calendar-day difference between trade_date and the configured event date.,Retained as NA and never replaced by zero; see rejection/source flags where applicable.,Configurable event/regime classification for before-and-after analysis.,Missing source observations remain NA; zeros are retained only when the source explicitly reports zero.
processed,fx_nearby_daily.csv,on_or_after_usdrub_rub_settled_reintroduction_2026,config/research_config.json,"calculated, configured, or same-named source series",boolean,daily,1 when trade_date is on or after the configured event date; otherwise 0.,Retained as NA and never replaced by zero; see rejection/source flags where applicable.,Configurable event/regime classification for before-and-after analysis.,Missing source observations remain NA; zeros are retained only when the source explicitly reports zero.
processed,fx_nearby_daily.csv,days_from_usdrub_rub_settled_reintroduction_2026,config/research_config.json,"calculated, configured, or same-named source series",calendar days,daily,Calendar-day difference between trade_date and the configured event date.,Retained as NA and never replaced by zero; see rejection/source flags where applicable.,Configurable event/regime classification for before-and-after analysis.,Missing source observations remain NA; zeros are retained only when the source explicitly reports zero.
processed,fx_nearby_daily.csv,contract_changed,MOEX market data plus documented calculations,"calculated, configured, or same-named source series",boolean,daily,True when the nearby selected SECID differs from the previous observation.,Retained as NA and never replaced by zero; see rejection/source flags where applicable.,"Identifier, descriptive market measure, validation field, or summary statistic as named.",Missing source observations remain NA; zeros are retained only when the source explicitly reports zero.
processed,fx_spot_panel.csv,pair,MOEX spot history and Bank of Russia reference rates,"calculated, configured, or same-named source series","text, category, native source unit, or dimensionless as applicable",daily,"Direct field, documented selection hierarchy, or descriptive aggregation as indicated by the variable name.",Retained as NA and never replaced by zero; see rejection/source flags where applicable.,"Identifier, descriptive market measure, validation field, or summary statistic as named.",Missing source observations remain NA; zeros are retained only when the source explicitly reports zero.
processed,fx_spot_panel.csv,trade_date,MOEX spot history and Bank of Russia reference rates,TRADEDATE or observation date,ISO date,daily,Renamed from the listed original field; numeric/date parsing only unless normalized prices are stated.,Retained as NA and never replaced by zero; see rejection/source flags where applicable.,"Identifier, descriptive market measure, validation field, or summary statistic as named.",Missing source observations remain NA; zeros are retained only when the source explicitly reports zero.
processed,fx_spot_panel.csv,boardid,MOEX spot history and Bank of Russia reference rates,BOARDID,"text, category, native source unit, or dimensionless as applicable",daily,Renamed from the listed original field; numeric/date parsing only unless normalized prices are stated.,Retained as NA and never replaced by zero; see rejection/source flags where applicable.,"Identifier, descriptive market measure, validation field, or summary statistic as named.",Missing source observations remain NA; zeros are retained only when the source explicitly reports zero.
processed,fx_spot_panel.csv,secid,MOEX spot history and Bank of Russia reference rates,SECID,"text, category, native source unit, or dimensionless as applicable",daily,Renamed from the listed original field; numeric/date parsing only unless normalized prices are stated.,Retained as NA and never replaced by zero; see rejection/source flags where applicable.,"Identifier, descriptive market measure, validation field, or summary statistic as named.",Missing source observations remain NA; zeros are retained only when the source explicitly reports zero.
processed,fx_spot_panel.csv,shortname,MOEX spot history and Bank of Russia reference rates,SHORTNAME,"text, category, native source unit, or dimensionless as applicable",daily,Renamed from the listed original field; numeric/date parsing only unless normalized prices are stated.,Retained as NA and never replaced by zero; see rejection/source flags where applicable.,"Identifier, descriptive market measure, validation field, or summary statistic as named.",Missing source observations remain NA; zeros are retained only when the source explicitly reports zero.
processed,fx_spot_panel.csv,open,MOEX spot history and Bank of Russia reference rates,OPEN,RUB per unit of underlying currency (normalized); raw field where named *_raw,daily,Renamed from the listed original field; numeric/date parsing only unless normalized prices are stated.,Retained as NA and never replaced by zero; see rejection/source flags where applicable.,"Exchange, reference, or selected analytical price as identified by the field name.",Missing source observations remain NA; zeros are retained only when the source explicitly reports zero.
processed,fx_spot_panel.csv,low,MOEX spot history and Bank of Russia reference rates,LOW,RUB per unit of underlying currency (normalized); raw field where named *_raw,daily,Renamed from the listed original field; numeric/date parsing only unless normalized prices are stated.,Retained as NA and never replaced by zero; see rejection/source flags where applicable.,"Exchange, reference, or selected analytical price as identified by the field name.",Missing source observations remain NA; zeros are retained only when the source explicitly reports zero.
processed,fx_spot_panel.csv,high,MOEX spot history and Bank of Russia reference rates,HIGH,RUB per unit of underlying currency (normalized); raw field where named *_raw,daily,Renamed from the listed original field; numeric/date parsing only unless normalized prices are stated.,Retained as NA and never replaced by zero; see rejection/source flags where applicable.,"Exchange, reference, or selected analytical price as identified by the field name.",Missing source observations remain NA; zeros are retained only when the source explicitly reports zero.
processed,fx_spot_panel.csv,close,MOEX spot history and Bank of Russia reference rates,CLOSE,RUB per unit of underlying currency (normalized); raw field where named *_raw,daily,Renamed from the listed original field; numeric/date parsing only unless normalized prices are stated.,Retained as NA and never replaced by zero; see rejection/source flags where applicable.,"Exchange, reference, or selected analytical price as identified by the field name.",Missing source observations remain NA; zeros are retained only when the source explicitly reports zero.
processed,fx_spot_panel.csv,waprice,MOEX spot history and Bank of Russia reference rates,WAPRICE,RUB per unit of underlying currency (normalized); raw field where named *_raw,daily,Renamed from the listed original field; numeric/date parsing only unless normalized prices are stated.,Retained as NA and never replaced by zero; see rejection/source flags where applicable.,"Exchange, reference, or selected analytical price as identified by the field name.",Missing source observations remain NA; zeros are retained only when the source explicitly reports zero.
processed,fx_spot_panel.csv,num_trades,MOEX spot history and Bank of Russia reference rates,NUMTRADES,count,daily,Renamed from the listed original field; numeric/date parsing only unless normalized prices are stated.,Retained as NA and never replaced by zero; see rejection/source flags where applicable.,"Identifier, descriptive market measure, validation field, or summary statistic as named.",Missing source observations remain NA; zeros are retained only when the source explicitly reports zero.
processed,fx_spot_panel.csv,volume_base_currency,MOEX spot history and Bank of Russia reference rates,"calculated, configured, or same-named source series","text, category, native source unit, or dimensionless as applicable",daily,"Direct field, documented selection hierarchy, or descriptive aggregation as indicated by the variable name.",Retained as NA and never replaced by zero; see rejection/source flags where applicable.,Trading flow or a transformation of trading flow.,Missing source observations remain NA; zeros are retained only when the source explicitly reports zero.
processed,fx_spot_panel.csv,turnover_rub,MOEX spot history and Bank of Russia reference rates,VALUE,RUB,daily,Renamed from the listed original field; numeric/date parsing only unless normalized prices are stated.,Retained as NA and never replaced by zero; see rejection/source flags where applicable.,"Identifier, descriptive market measure, validation field, or summary statistic as named.",Free historical MOEX spot data do not expose pair-level volume/turnover consistently.
processed,fx_spot_panel.csv,bid,MOEX spot history and Bank of Russia reference rates,"calculated, configured, or same-named source series",RUB per unit of underlying currency (normalized); raw field where named *_raw,daily,"Direct field, documented selection hierarchy, or descriptive aggregation as indicated by the variable name.",Retained as NA and never replaced by zero; see rejection/source flags where applicable.,"Exchange, reference, or selected analytical price as identified by the field name.",Historical free MOEX endpoints do not supply these quotes consistently; missing is not zero.
processed,fx_spot_panel.csv,ask,MOEX spot history and Bank of Russia reference rates,"calculated, configured, or same-named source series",RUB per unit of underlying currency (normalized); raw field where named *_raw,daily,"Direct field, documented selection hierarchy, or descriptive aggregation as indicated by the variable name.",Retained as NA and never replaced by zero; see rejection/source flags where applicable.,"Exchange, reference, or selected analytical price as identified by the field name.",Historical free MOEX endpoints do not supply these quotes consistently; missing is not zero.
processed,fx_spot_panel.csv,direct_price,MOEX spot history and Bank of Russia reference rates,"calculated, configured, or same-named source series",RUB per unit of underlying currency (normalized); raw field where named *_raw,daily,"Direct field, documented selection hierarchy, or descriptive aggregation as indicated by the variable name.",Retained as NA and never replaced by zero; see rejection/source flags where applicable.,"Exchange, reference, or selected analytical price as identified by the field name.",Missing source observations remain NA; zeros are retained only when the source explicitly reports zero.
processed,fx_spot_panel.csv,direct_exchange_observation,MOEX spot history and Bank of Russia reference rates,"calculated, configured, or same-named source series","text, category, native source unit, or dimensionless as applicable",daily,First difference within the documented pair or contract grouping.,Retained as NA and never replaced by zero; see rejection/source flags where applicable.,"Identifier, descriptive market measure, validation field, or summary statistic as named.",Missing source observations remain NA; zeros are retained only when the source explicitly reports zero.
processed,fx_spot_panel.csv,source,MOEX spot history and Bank of Russia reference rates,"calculated, configured, or same-named source series","text, category, native source unit, or dimensionless as applicable",daily,"Direct field, documented selection hierarchy, or descriptive aggregation as indicated by the variable name.",Retained as NA and never replaced by zero; see rejection/source flags where applicable.,"Identifier, descriptive market measure, validation field, or summary statistic as named.",Missing source observations remain NA; zeros are retained only when the source explicitly reports zero.
processed,fx_spot_panel.csv,source_url,MOEX spot history and Bank of Russia reference rates,"calculated, configured, or same-named source series","text, category, native source unit, or dimensionless as applicable",daily,"Direct field, documented selection hierarchy, or descriptive aggregation as indicated by the variable name.",Retained as NA and never replaced by zero; see rejection/source flags where applicable.,"Identifier, descriptive market measure, validation field, or summary statistic as named.",Missing source observations remain NA; zeros are retained only when the source explicitly reports zero.
processed,fx_spot_panel.csv,official_reference_rate,MOEX spot history and Bank of Russia reference rates,"calculated, configured, or same-named source series","text, category, native source unit, or dimensionless as applicable",daily,"Direct field, documented selection hierarchy, or descriptive aggregation as indicated by the variable name.",Retained as NA and never replaced by zero; see rejection/source flags where applicable.,"Funding, repo, policy, or published lending-rate condition as identified by the source family.",Tenor matching and source family are proxies for marginal trader funding; inspect tenor distance and staleness.
processed,fx_spot_panel.csv,reference_source,MOEX spot history and Bank of Russia reference rates,"calculated, configured, or same-named source series","text, category, native source unit, or dimensionless as applicable",daily,"Direct field, documented selection hierarchy, or descriptive aggregation as indicated by the variable name.",Retained as NA and never replaced by zero; see rejection/source flags where applicable.,"Identifier, descriptive market measure, validation field, or summary statistic as named.",Missing source observations remain NA; zeros are retained only when the source explicitly reports zero.
processed,fx_spot_panel.csv,reference_source_url,MOEX spot history and Bank of Russia reference rates,"calculated, configured, or same-named source series","text, category, native source unit, or dimensionless as applicable",daily,"Direct field, documented selection hierarchy, or descriptive aggregation as indicated by the variable name.",Retained as NA and never replaced by zero; see rejection/source flags where applicable.,"Identifier, descriptive market measure, validation field, or summary statistic as named.",Missing source observations remain NA; zeros are retained only when the source explicitly reports zero.
processed,fx_spot_panel.csv,spot_price,MOEX spot history and Bank of Russia reference rates,"calculated, configured, or same-named source series",RUB per unit of underlying currency (normalized); raw field where named *_raw,daily,"Direct field, documented selection hierarchy, or descriptive aggregation as indicated by the variable name.",Retained as NA and never replaced by zero; see rejection/source flags where applicable.,"Exchange, reference, or selected analytical price as identified by the field name.",Missing source observations remain NA; zeros are retained only when the source explicitly reports zero.
processed,fx_spot_panel.csv,selected_price_source,MOEX spot history and Bank of Russia reference rates,"calculated, configured, or same-named source series",RUB per unit of underlying currency (normalized); raw field where named *_raw,daily,"Direct field, documented selection hierarchy, or descriptive aggregation as indicated by the variable name.",Retained as NA and never replaced by zero; see rejection/source flags where applicable.,"Exchange, reference, or selected analytical price as identified by the field name.",Missing source observations remain NA; zeros are retained only when the source explicitly reports zero.
processed,fx_spot_panel.csv,bid_ask_spread,MOEX spot history and Bank of Russia reference rates,"calculated, configured, or same-named source series","text, category, native source unit, or dimensionless as applicable",daily,"Direct field, documented selection hierarchy, or descriptive aggregation as indicated by the variable name.",Retained as NA and never replaced by zero; see rejection/source flags where applicable.,"Identifier, descriptive market measure, validation field, or summary statistic as named.",Historical free MOEX endpoints do not supply these quotes consistently; missing is not zero.
processed,fx_spot_panel.csv,bid_ask_spread_pct,MOEX spot history and Bank of Russia reference rates,"calculated, configured, or same-named source series",percent,daily,"Direct field, documented selection hierarchy, or descriptive aggregation as indicated by the variable name.",Retained as NA and never replaced by zero; see rejection/source flags where applicable.,"Identifier, descriptive market measure, validation field, or summary statistic as named.",Historical free MOEX endpoints do not supply these quotes consistently; missing is not zero.
processed,fx_spot_panel.csv,spot_volume_available,MOEX spot history and Bank of Russia reference rates,"calculated, configured, or same-named source series",boolean,daily,"Direct field, documented selection hierarchy, or descriptive aggregation as indicated by the variable name.",Retained as NA and never replaced by zero; see rejection/source flags where applicable.,Trading flow or a transformation of trading flow.,Free historical MOEX spot data do not expose pair-level volume/turnover consistently.
processed,fx_spot_panel.csv,spot_turnover_available,MOEX spot history and Bank of Russia reference rates,"calculated, configured, or same-named source series",RUB,daily,"Direct field, documented selection hierarchy, or descriptive aggregation as indicated by the variable name.",Retained as NA and never replaced by zero; see rejection/source flags where applicable.,"Identifier, descriptive market measure, validation field, or summary statistic as named.",Free historical MOEX spot data do not expose pair-level volume/turnover consistently.
processed,fx_spot_panel.csv,bid_ask_available,MOEX spot history and Bank of Russia reference rates,"calculated, configured, or same-named source series",boolean,daily,"Direct field, documented selection hierarchy, or descriptive aggregation as indicated by the variable name.",Retained as NA and never replaced by zero; see rejection/source flags where applicable.,"Identifier, descriptive market measure, validation field, or summary statistic as named.",Missing source observations remain NA; zeros are retained only when the source explicitly reports zero.
processed,fx_spot_panel.csv,source_changed,MOEX spot history and Bank of Russia reference rates,"calculated, configured, or same-named source series","text, category, native source unit, or dimensionless as applicable",daily,"Direct field, documented selection hierarchy, or descriptive aggregation as indicated by the variable name.",Retained as NA and never replaced by zero; see rejection/source flags where applicable.,"Identifier, descriptive market measure, validation field, or summary statistic as named.",Missing source observations remain NA; zeros are retained only when the source explicitly reports zero.
processed,fx_spot_panel.csv,spot_log_return,MOEX spot history and Bank of Russia reference rates,"calculated, configured, or same-named source series",decimal log value,daily,Natural log of the current price divided by the previous comparable price; roll/source changes are left missing.,Retained as NA and never replaced by zero; see rejection/source flags where applicable.,"Identifier, descriptive market measure, validation field, or summary statistic as named.",Missing source observations remain NA; zeros are retained only when the source explicitly reports zero.
processed,fx_spot_panel.csv,spot_pct_change,MOEX spot history and Bank of Russia reference rates,"calculated, configured, or same-named source series","text, category, native source unit, or dimensionless as applicable",daily,100 times the first difference divided by the lagged value where the lag is nonzero.,Retained as NA and never replaced by zero; see rejection/source flags where applicable.,"Identifier, descriptive market measure, validation field, or summary statistic as named.",Missing source observations remain NA; zeros are retained only when the source explicitly reports zero.
processed,fx_spot_panel.csv,spot_absolute_return,MOEX spot history and Bank of Russia reference rates,"calculated, configured, or same-named source series","text, category, native source unit, or dimensionless as applicable",daily,Absolute value of the corresponding log return.,Retained as NA and never replaced by zero; see rejection/source flags where applicable.,"Identifier, descriptive market measure, validation field, or summary statistic as named.",Missing source observations remain NA; zeros are retained only when the source explicitly reports zero.
processed,fx_spot_panel.csv,spot_realized_volatility_20d_ann,MOEX spot history and Bank of Russia reference rates,"calculated, configured, or same-named source series",annualized decimal,daily,Rolling 20-observation standard deviation of log returns multiplied by sqrt(252).,Retained as NA and never replaced by zero; see rejection/source flags where applicable.,"Identifier, descriptive market measure, validation field, or summary statistic as named.",Missing source observations remain NA; zeros are retained only when the source explicitly reports zero.
processed,fx_spot_panel.csv,cumulative_exchange_rate_change_pct,MOEX spot history and Bank of Russia reference rates,"calculated, configured, or same-named source series",percent,daily,First difference within the documented pair or contract grouping.,Retained as NA and never replaced by zero; see rejection/source flags where applicable.,"Funding, repo, policy, or published lending-rate condition as identified by the source family.",Tenor matching and source family are proxies for marginal trader funding; inspect tenor distance and staleness.
processed,fx_spot_panel.csv,spot_volume_change,MOEX spot history and Bank of Russia reference rates,"calculated, configured, or same-named source series","text, category, native source unit, or dimensionless as applicable",daily,First difference within the documented pair or contract grouping.,Retained as NA and never replaced by zero; see rejection/source flags where applicable.,Trading flow or a transformation of trading flow.,Free historical MOEX spot data do not expose pair-level volume/turnover consistently.
processed,fx_spot_panel.csv,spot_turnover_change,MOEX spot history and Bank of Russia reference rates,"calculated, configured, or same-named source series",RUB,daily,First difference within the documented pair or contract grouping.,Retained as NA and never replaced by zero; see rejection/source flags where applicable.,"Identifier, descriptive market measure, validation field, or summary statistic as named.",Free historical MOEX spot data do not expose pair-level volume/turnover consistently.
processed,fx_spot_panel.csv,spot_trade_count_change,MOEX spot history and Bank of Russia reference rates,"calculated, configured, or same-named source series","text, category, native source unit, or dimensionless as applicable",daily,First difference within the documented pair or contract grouping.,Retained as NA and never replaced by zero; see rejection/source flags where applicable.,"Identifier, descriptive market measure, validation field, or summary statistic as named.",Missing source observations remain NA; zeros are retained only when the source explicitly reports zero.
processed,fx_spot_panel.csv,daily_range_pct,MOEX spot history and Bank of Russia reference rates,"calculated, configured, or same-named source series",percent,daily,"Direct field, documented selection hierarchy, or descriptive aggregation as indicated by the variable name.",Retained as NA and never replaced by zero; see rejection/source flags where applicable.,"Identifier, descriptive market measure, validation field, or summary statistic as named.",Missing source observations remain NA; zeros are retained only when the source explicitly reports zero.
processed,fx_spot_panel.csv,market_regime,config/research_config.json,"calculated, configured, or same-named source series","text, category, native source unit, or dimensionless as applicable",daily,"Direct field, documented selection hierarchy, or descriptive aggregation as indicated by the variable name.",Retained as NA and never replaced by zero; see rejection/source flags where applicable.,Configurable event/regime classification for before-and-after analysis.,Missing source observations remain NA; zeros are retained only when the source explicitly reports zero.
processed,fx_spot_panel.csv,on_or_after_russia_full_scale_invasion_2022,config/research_config.json,"calculated, configured, or same-named source series",boolean,daily,1 when trade_date is on or after the configured event date; otherwise 0.,Retained as NA and never replaced by zero; see rejection/source flags where applicable.,Configurable event/regime classification for before-and-after analysis.,Missing source observations remain NA; zeros are retained only when the source explicitly reports zero.
processed,fx_spot_panel.csv,days_from_russia_full_scale_invasion_2022,config/research_config.json,"calculated, configured, or same-named source series",calendar days,daily,Calendar-day difference between trade_date and the configured event date.,Retained as NA and never replaced by zero; see rejection/source flags where applicable.,Configurable event/regime classification for before-and-after analysis.,Missing source observations remain NA; zeros are retained only when the source explicitly reports zero.
processed,fx_spot_panel.csv,on_or_after_moex_ncc_nsd_designation_2024,config/research_config.json,"calculated, configured, or same-named source series",boolean,daily,1 when trade_date is on or after the configured event date; otherwise 0.,Retained as NA and never replaced by zero; see rejection/source flags where applicable.,Configurable event/regime classification for before-and-after analysis.,Missing source observations remain NA; zeros are retained only when the source explicitly reports zero.
processed,fx_spot_panel.csv,days_from_moex_ncc_nsd_designation_2024,config/research_config.json,"calculated, configured, or same-named source series",calendar days,daily,Calendar-day difference between trade_date and the configured event date.,Retained as NA and never replaced by zero; see rejection/source flags where applicable.,Configurable event/regime classification for before-and-after analysis.,Missing source observations remain NA; zeros are retained only when the source explicitly reports zero.
processed,fx_spot_panel.csv,on_or_after_usd_eur_moex_suspension_2024,config/research_config.json,"calculated, configured, or same-named source series",boolean,daily,1 when trade_date is on or after the configured event date; otherwise 0.,Retained as NA and never replaced by zero; see rejection/source flags where applicable.,Configurable event/regime classification for before-and-after analysis.,Missing source observations remain NA; zeros are retained only when the source explicitly reports zero.
processed,fx_spot_panel.csv,days_from_usd_eur_moex_suspension_2024,config/research_config.json,"calculated, configured, or same-named source series",calendar days,daily,Calendar-day difference between trade_date and the configured event date.,Retained as NA and never replaced by zero; see rejection/source flags where applicable.,Configurable event/regime classification for before-and-after analysis.,Missing source observations remain NA; zeros are retained only when the source explicitly reports zero.
processed,fx_spot_panel.csv,on_or_after_usdrub_rub_settled_reintroduction_2026,config/research_config.json,"calculated, configured, or same-named source series",boolean,daily,1 when trade_date is on or after the configured event date; otherwise 0.,Retained as NA and never replaced by zero; see rejection/source flags where applicable.,Configurable event/regime classification for before-and-after analysis.,Missing source observations remain NA; zeros are retained only when the source explicitly reports zero.
processed,fx_spot_panel.csv,days_from_usdrub_rub_settled_reintroduction_2026,config/research_config.json,"calculated, configured, or same-named source series",calendar days,daily,Calendar-day difference between trade_date and the configured event date.,Retained as NA and never replaced by zero; see rejection/source flags where applicable.,Configurable event/regime classification for before-and-after analysis.,Missing source observations remain NA; zeros are retained only when the source explicitly reports zero.
processed,market_pressure_daily.csv,trade_date,MOEX market data plus documented calculations,TRADEDATE or observation date,ISO date,daily,Renamed from the listed original field; numeric/date parsing only unless normalized prices are stated.,Retained as NA and never replaced by zero; see rejection/source flags where applicable.,"Identifier, descriptive market measure, validation field, or summary statistic as named.",Missing source observations remain NA; zeros are retained only when the source explicitly reports zero.
processed,market_pressure_daily.csv,pair,MOEX market data plus documented calculations,"calculated, configured, or same-named source series","text, category, native source unit, or dimensionless as applicable",daily,"Direct field, documented selection hierarchy, or descriptive aggregation as indicated by the variable name.",Retained as NA and never replaced by zero; see rejection/source flags where applicable.,"Identifier, descriptive market measure, validation field, or summary statistic as named.",Missing source observations remain NA; zeros are retained only when the source explicitly reports zero.
processed,market_pressure_daily.csv,secid,MOEX market data plus documented calculations,SECID,"text, category, native source unit, or dimensionless as applicable",daily,Renamed from the listed original field; numeric/date parsing only unless normalized prices are stated.,Retained as NA and never replaced by zero; see rejection/source flags where applicable.,"Identifier, descriptive market measure, validation field, or summary statistic as named.",Missing source observations remain NA; zeros are retained only when the source explicitly reports zero.
processed,market_pressure_daily.csv,market_regime,config/research_config.json,"calculated, configured, or same-named source series","text, category, native source unit, or dimensionless as applicable",daily,"Direct field, documented selection hierarchy, or descriptive aggregation as indicated by the variable name.",Retained as NA and never replaced by zero; see rejection/source flags where applicable.,Configurable event/regime classification for before-and-after analysis.,Missing source observations remain NA; zeros are retained only when the source explicitly reports zero.
processed,market_pressure_daily.csv,futures_log_return,MOEX market data plus documented calculations,"calculated, configured, or same-named source series",decimal log value,daily,Natural log of the current price divided by the previous comparable price; roll/source changes are left missing.,Retained as NA and never replaced by zero; see rejection/source flags where applicable.,"Identifier, descriptive market measure, validation field, or summary statistic as named.",Missing source observations remain NA; zeros are retained only when the source explicitly reports zero.
processed,market_pressure_daily.csv,futures_price_change,MOEX market data plus documented calculations,"calculated, configured, or same-named source series",RUB per unit of underlying currency (normalized); raw field where named *_raw,daily,First difference within the documented pair or contract grouping.,Retained as NA and never replaced by zero; see rejection/source flags where applicable.,"Exchange, reference, or selected analytical price as identified by the field name.",Missing source observations remain NA; zeros are retained only when the source explicitly reports zero.
processed,market_pressure_daily.csv,volume_contracts,MOEX market data plus documented calculations,VOLUME,contracts,daily,Renamed from the listed original field; numeric/date parsing only unless normalized prices are stated.,Retained as NA and never replaced by zero; see rejection/source flags where applicable.,Trading flow or a transformation of trading flow.,Missing source observations remain NA; zeros are retained only when the source explicitly reports zero.
processed,market_pressure_daily.csv,turnover_rub,MOEX market data plus documented calculations,VALUE,RUB,daily,Renamed from the listed original field; numeric/date parsing only unless normalized prices are stated.,Retained as NA and never replaced by zero; see rejection/source flags where applicable.,"Identifier, descriptive market measure, validation field, or summary statistic as named.",Missing source observations remain NA; zeros are retained only when the source explicitly reports zero.
processed,market_pressure_daily.csv,open_interest_contracts,MOEX market data plus documented calculations,OPENPOSITION,contracts,daily,Renamed from the listed original field; numeric/date parsing only unless normalized prices are stated.,Retained as NA and never replaced by zero; see rejection/source flags where applicable.,Outstanding-position stock or a transformation of that stock; not daily trading flow.,Missing source observations remain NA; zeros are retained only when the source explicitly reports zero.
processed,market_pressure_daily.csv,open_interest_value_rub,MOEX market data plus documented calculations,OPENPOSITIONVALUE,RUB,daily,Renamed from the listed original field; numeric/date parsing only unless normalized prices are stated.,Retained as NA and never replaced by zero; see rejection/source flags where applicable.,Outstanding-position stock or a transformation of that stock; not daily trading flow.,Missing source observations remain NA; zeros are retained only when the source explicitly reports zero.
processed,market_pressure_daily.csv,change_volume_contracts,MOEX market data plus documented calculations,"calculated, configured, or same-named source series",contracts,daily,First difference within the documented pair or contract grouping.,Retained as NA and never replaced by zero; see rejection/source flags where applicable.,Trading flow or a transformation of trading flow.,Missing source observations remain NA; zeros are retained only when the source explicitly reports zero.
processed,market_pressure_daily.csv,change_turnover_rub,MOEX market data plus documented calculations,"calculated, configured, or same-named source series",RUB,daily,First difference within the documented pair or contract grouping.,Retained as NA and never replaced by zero; see rejection/source flags where applicable.,"Identifier, descriptive market measure, validation field, or summary statistic as named.",Missing source observations remain NA; zeros are retained only when the source explicitly reports zero.
processed,market_pressure_daily.csv,change_open_interest_contracts,MOEX market data plus documented calculations,"calculated, configured, or same-named source series",contracts,daily,First difference within the documented pair or contract grouping.,Retained as NA and never replaced by zero; see rejection/source flags where applicable.,Outstanding-position stock or a transformation of that stock; not daily trading flow.,Missing source observations remain NA; zeros are retained only when the source explicitly reports zero.
processed,market_pressure_daily.csv,pct_change_open_interest,MOEX market data plus documented calculations,"calculated, configured, or same-named source series","text, category, native source unit, or dimensionless as applicable",daily,100 times the first difference divided by the lagged value where the lag is nonzero.,Retained as NA and never replaced by zero; see rejection/source flags where applicable.,Outstanding-position stock or a transformation of that stock; not daily trading flow.,Missing source observations remain NA; zeros are retained only when the source explicitly reports zero.
processed,market_pressure_daily.csv,price_change_x_volume,MOEX market data plus documented calculations,"calculated, configured, or same-named source series",RUB per unit of underlying currency (normalized); raw field where named *_raw,daily,First difference within the documented pair or contract grouping.,Retained as NA and never replaced by zero; see rejection/source flags where applicable.,Trading flow or a transformation of trading flow.,Missing source observations remain NA; zeros are retained only when the source explicitly reports zero.
processed,market_pressure_daily.csv,signed_return_x_volume,MOEX market data plus documented calculations,"calculated, configured, or same-named source series","text, category, native source unit, or dimensionless as applicable",daily,"Direct field, documented selection hierarchy, or descriptive aggregation as indicated by the variable name.",Retained as NA and never replaced by zero; see rejection/source flags where applicable.,Trading flow or a transformation of trading flow.,Proxy only; it is not buyer- or seller-initiated order flow without order-level trade signs.
processed,market_pressure_daily.csv,open_interest_direction_pressure,MOEX market data plus documented calculations,"calculated, configured, or same-named source series","text, category, native source unit, or dimensionless as applicable",daily,"Direct field, documented selection hierarchy, or descriptive aggregation as indicated by the variable name.",Retained as NA and never replaced by zero; see rejection/source flags where applicable.,Outstanding-position stock or a transformation of that stock; not daily trading flow.,Proxy only; it is not buyer- or seller-initiated order flow without order-level trade signs.
processed,market_pressure_daily.csv,volume_to_open_interest,MOEX market data plus documented calculations,"calculated, configured, or same-named source series","text, category, native source unit, or dimensionless as applicable",daily,"Direct field, documented selection hierarchy, or descriptive aggregation as indicated by the variable name.",Retained as NA and never replaced by zero; see rejection/source flags where applicable.,Outstanding-position stock or a transformation of that stock; not daily trading flow.,Missing source observations remain NA; zeros are retained only when the source explicitly reports zero.
processed,market_pressure_daily.csv,turnover_to_open_interest_value,MOEX market data plus documented calculations,"calculated, configured, or same-named source series",RUB,daily,"Direct field, documented selection hierarchy, or descriptive aggregation as indicated by the variable name.",Retained as NA and never replaced by zero; see rejection/source flags where applicable.,Outstanding-position stock or a transformation of that stock; not daily trading flow.,Missing source observations remain NA; zeros are retained only when the source explicitly reports zero.
processed,market_pressure_daily.csv,abnormal_volume_zscore,MOEX market data plus documented calculations,"calculated, configured, or same-named source series",dimensionless,daily,"Current value minus rolling mean, divided by rolling standard deviation over the configured window.",Retained as NA and never replaced by zero; see rejection/source flags where applicable.,Trading flow or a transformation of trading flow.,Missing source observations remain NA; zeros are retained only when the source explicitly reports zero.
processed,market_pressure_daily.csv,abnormal_open_interest_zscore,MOEX market data plus documented calculations,"calculated, configured, or same-named source series",dimensionless,daily,"Current value minus rolling mean, divided by rolling standard deviation over the configured window.",Retained as NA and never replaced by zero; see rejection/source flags where applicable.,Outstanding-position stock or a transformation of that stock; not daily trading flow.,Missing source observations remain NA; zeros are retained only when the source explicitly reports zero.
processed,market_pressure_daily.csv,amihud_illiquidity_per_rub_million,MOEX market data plus documented calculations,"calculated, configured, or same-named source series","text, category, native source unit, or dimensionless as applicable",daily,"Direct field, documented selection hierarchy, or descriptive aggregation as indicated by the variable name.",Retained as NA and never replaced by zero; see rejection/source flags where applicable.,Market-pressure or liquidity proxy; larger absolute values indicate unusual price/activity conditions.,Missing source observations remain NA; zeros are retained only when the source explicitly reports zero.
processed,market_pressure_daily.csv,futures_num_trades,MOEX market data plus documented calculations,NUMTRADES,count,daily,Renamed from the listed original field; numeric/date parsing only unless normalized prices are stated.,Retained as NA and never replaced by zero; see rejection/source flags where applicable.,"Identifier, descriptive market measure, validation field, or summary statistic as named.",Missing source observations remain NA; zeros are retained only when the source explicitly reports zero.
processed,market_pressure_daily.csv,basis_pct,MOEX market data plus documented calculations,"calculated, configured, or same-named source series",percent,daily,100 * basis / theoretical_futures_price.,Retained as NA and never replaced by zero; see rejection/source flags where applicable.,Deviation of observed futures pricing from the simple cost-of-carry benchmark.,"Not executable arbitrage evidence without spreads, margin, funding access, controls, sanctions, settlement, and convertibility costs."
processed,market_pressure_daily.csv,log_basis,MOEX market data plus documented calculations,"calculated, configured, or same-named source series",decimal log value,daily,ln(futures_price / theoretical_futures_price).,Retained as NA and never replaced by zero; see rejection/source flags where applicable.,Deviation of observed futures pricing from the simple cost-of-carry benchmark.,"Not executable arbitrage evidence without spreads, margin, funding access, controls, sanctions, settlement, and convertibility costs."
processed,market_pressure_daily.csv,spot_num_trades,MOEX market data plus documented calculations,"calculated, configured, or same-named source series",count,daily,"Direct field, documented selection hierarchy, or descriptive aggregation as indicated by the variable name.",Retained as NA and never replaced by zero; see rejection/source flags where applicable.,"Identifier, descriptive market measure, validation field, or summary statistic as named.",Missing source observations remain NA; zeros are retained only when the source explicitly reports zero.
processed,market_pressure_daily.csv,spot_return_x_trade_count_proxy,MOEX market data plus documented calculations,"calculated, configured, or same-named source series","text, category, native source unit, or dimensionless as applicable",daily,"Direct field, documented selection hierarchy, or descriptive aggregation as indicated by the variable name.",Retained as NA and never replaced by zero; see rejection/source flags where applicable.,"Identifier, descriptive market measure, validation field, or summary statistic as named.",Missing source observations remain NA; zeros are retained only when the source explicitly reports zero.
processed,market_pressure_daily.csv,bid_ask_spread,MOEX market data plus documented calculations,"calculated, configured, or same-named source series","text, category, native source unit, or dimensionless as applicable",daily,"Direct field, documented selection hierarchy, or descriptive aggregation as indicated by the variable name.",Retained as NA and never replaced by zero; see rejection/source flags where applicable.,"Identifier, descriptive market measure, validation field, or summary statistic as named.",Historical free MOEX endpoints do not supply these quotes consistently; missing is not zero.
processed,market_pressure_daily.csv,bid_ask_spread_pct,MOEX market data plus documented calculations,"calculated, configured, or same-named source series",percent,daily,"Direct field, documented selection hierarchy, or descriptive aggregation as indicated by the variable name.",Retained as NA and never replaced by zero; see rejection/source flags where applicable.,"Identifier, descriptive market measure, validation field, or summary statistic as named.",Historical free MOEX endpoints do not supply these quotes consistently; missing is not zero.
processed,market_pressure_daily.csv,spot_volume_change,MOEX market data plus documented calculations,"calculated, configured, or same-named source series","text, category, native source unit, or dimensionless as applicable",daily,First difference within the documented pair or contract grouping.,Retained as NA and never replaced by zero; see rejection/source flags where applicable.,Trading flow or a transformation of trading flow.,Free historical MOEX spot data do not expose pair-level volume/turnover consistently.
processed,market_pressure_daily.csv,spot_turnover_change,MOEX market data plus documented calculations,"calculated, configured, or same-named source series",RUB,daily,First difference within the documented pair or contract grouping.,Retained as NA and never replaced by zero; see rejection/source flags where applicable.,"Identifier, descriptive market measure, validation field, or summary statistic as named.",Missing source observations remain NA; zeros are retained only when the source explicitly reports zero.
processed,market_pressure_daily.csv,spot_order_flow_directly_observed,MOEX market data plus documented calculations,"calculated, configured, or same-named source series","text, category, native source unit, or dimensionless as applicable",daily,"Direct field, documented selection hierarchy, or descriptive aggregation as indicated by the variable name.",Retained as NA and never replaced by zero; see rejection/source flags where applicable.,"Identifier, descriptive market measure, validation field, or summary statistic as named.",Missing source observations remain NA; zeros are retained only when the source explicitly reports zero.
processed,nearby_daily.csv,trade_date,Calculated from documented raw inputs,TRADEDATE or observation date,ISO date,daily,Renamed from the listed original field; numeric/date parsing only unless normalized prices are stated.,Retained as NA and never replaced by zero; see rejection/source flags where applicable.,"Identifier, descriptive market measure, validation field, or summary statistic as named.",Missing source observations remain NA; zeros are retained only when the source explicitly reports zero.
processed,nearby_daily.csv,boardid,Calculated from documented raw inputs,BOARDID,"text, category, native source unit, or dimensionless as applicable",daily,Renamed from the listed original field; numeric/date parsing only unless normalized prices are stated.,Retained as NA and never replaced by zero; see rejection/source flags where applicable.,"Identifier, descriptive market measure, validation field, or summary statistic as named.",Missing source observations remain NA; zeros are retained only when the source explicitly reports zero.
processed,nearby_daily.csv,secid,Calculated from documented raw inputs,SECID,"text, category, native source unit, or dimensionless as applicable",daily,Renamed from the listed original field; numeric/date parsing only unless normalized prices are stated.,Retained as NA and never replaced by zero; see rejection/source flags where applicable.,"Identifier, descriptive market measure, validation field, or summary statistic as named.",Missing source observations remain NA; zeros are retained only when the source explicitly reports zero.
processed,nearby_daily.csv,futures_open,Calculated from documented raw inputs,OPEN,"text, category, native source unit, or dimensionless as applicable",daily,Renamed from the listed original field; numeric/date parsing only unless normalized prices are stated.,Retained as NA and never replaced by zero; see rejection/source flags where applicable.,"Identifier, descriptive market measure, validation field, or summary statistic as named.",Missing source observations remain NA; zeros are retained only when the source explicitly reports zero.
processed,nearby_daily.csv,futures_low,Calculated from documented raw inputs,LOW,"text, category, native source unit, or dimensionless as applicable",daily,Renamed from the listed original field; numeric/date parsing only unless normalized prices are stated.,Retained as NA and never replaced by zero; see rejection/source flags where applicable.,"Identifier, descriptive market measure, validation field, or summary statistic as named.",Missing source observations remain NA; zeros are retained only when the source explicitly reports zero.
processed,nearby_daily.csv,futures_high,Calculated from documented raw inputs,HIGH,"text, category, native source unit, or dimensionless as applicable",daily,Renamed from the listed original field; numeric/date parsing only unless normalized prices are stated.,Retained as NA and never replaced by zero; see rejection/source flags where applicable.,"Identifier, descriptive market measure, validation field, or summary statistic as named.",Missing source observations remain NA; zeros are retained only when the source explicitly reports zero.
processed,nearby_daily.csv,futures_close,Calculated from documented raw inputs,CLOSE,"text, category, native source unit, or dimensionless as applicable",daily,Renamed from the listed original field; numeric/date parsing only unless normalized prices are stated.,Retained as NA and never replaced by zero; see rejection/source flags where applicable.,"Identifier, descriptive market measure, validation field, or summary statistic as named.",Missing source observations remain NA; zeros are retained only when the source explicitly reports zero.
processed,nearby_daily.csv,open_interest_value_rub,Calculated from documented raw inputs,OPENPOSITIONVALUE,RUB,daily,Renamed from the listed original field; numeric/date parsing only unless normalized prices are stated.,Retained as NA and never replaced by zero; see rejection/source flags where applicable.,Outstanding-position stock or a transformation of that stock; not daily trading flow.,Missing source observations remain NA; zeros are retained only when the source explicitly reports zero.
processed,nearby_daily.csv,turnover_rub,Calculated from documented raw inputs,VALUE,RUB,daily,Renamed from the listed original field; numeric/date parsing only unless normalized prices are stated.,Retained as NA and never replaced by zero; see rejection/source flags where applicable.,"Identifier, descriptive market measure, validation field, or summary statistic as named.",Missing source observations remain NA; zeros are retained only when the source explicitly reports zero.
processed,nearby_daily.csv,volume_contracts,Calculated from documented raw inputs,VOLUME,contracts,daily,Renamed from the listed original field; numeric/date parsing only unless normalized prices are stated.,Retained as NA and never replaced by zero; see rejection/source flags where applicable.,Trading flow or a transformation of trading flow.,Missing source observations remain NA; zeros are retained only when the source explicitly reports zero.
processed,nearby_daily.csv,open_interest_contracts,Calculated from documented raw inputs,OPENPOSITION,contracts,daily,Renamed from the listed original field; numeric/date parsing only unless normalized prices are stated.,Retained as NA and never replaced by zero; see rejection/source flags where applicable.,Outstanding-position stock or a transformation of that stock; not daily trading flow.,Missing source observations remain NA; zeros are retained only when the source explicitly reports zero.
processed,nearby_daily.csv,futures_settle_price,Calculated from documented raw inputs,SETTLEPRICE,RUB per unit of underlying currency (normalized); raw field where named *_raw,daily,Renamed from the listed original field; numeric/date parsing only unless normalized prices are stated.,Retained as NA and never replaced by zero; see rejection/source flags where applicable.,"Exchange, reference, or selected analytical price as identified by the field name.",Missing source observations remain NA; zeros are retained only when the source explicitly reports zero.
processed,nearby_daily.csv,swaprate,Calculated from documented raw inputs,SWAPRATE,"text, category, native source unit, or dimensionless as applicable",daily,Renamed from the listed original field; numeric/date parsing only unless normalized prices are stated.,Retained as NA and never replaced by zero; see rejection/source flags where applicable.,"Funding, repo, policy, or published lending-rate condition as identified by the source family.",Tenor matching and source family are proxies for marginal trader funding; inspect tenor distance and staleness.
processed,nearby_daily.csv,futures_wap_price,Calculated from documented raw inputs,WAPRICE,RUB per unit of underlying currency (normalized); raw field where named *_raw,daily,Renamed from the listed original field; numeric/date parsing only unless normalized prices are stated.,Retained as NA and never replaced by zero; see rejection/source flags where applicable.,"Exchange, reference, or selected analytical price as identified by the field name.",Missing source observations remain NA; zeros are retained only when the source explicitly reports zero.
processed,nearby_daily.csv,change,Calculated from documented raw inputs,CHANGE,percent,daily,Renamed from the listed original field; numeric/date parsing only unless normalized prices are stated.,Retained as NA and never replaced by zero; see rejection/source flags where applicable.,"Identifier, descriptive market measure, validation field, or summary statistic as named.",Missing source observations remain NA; zeros are retained only when the source explicitly reports zero.
processed,nearby_daily.csv,qty,Calculated from documented raw inputs,QTY,contracts,daily,Renamed from the listed original field; numeric/date parsing only unless normalized prices are stated.,Retained as NA and never replaced by zero; see rejection/source flags where applicable.,"Identifier, descriptive market measure, validation field, or summary statistic as named.",Missing source observations remain NA; zeros are retained only when the source explicitly reports zero.
processed,nearby_daily.csv,futures_num_trades,Calculated from documented raw inputs,NUMTRADES,count,daily,Renamed from the listed original field; numeric/date parsing only unless normalized prices are stated.,Retained as NA and never replaced by zero; see rejection/source flags where applicable.,"Identifier, descriptive market measure, validation field, or summary statistic as named.",Missing source observations remain NA; zeros are retained only when the source explicitly reports zero.
processed,nearby_daily.csv,shortname,Calculated from documented raw inputs,SHORTNAME,"text, category, native source unit, or dimensionless as applicable",daily,Renamed from the listed original field; numeric/date parsing only unless normalized prices are stated.,Retained as NA and never replaced by zero; see rejection/source flags where applicable.,"Identifier, descriptive market measure, validation field, or summary statistic as named.",Missing source observations remain NA; zeros are retained only when the source explicitly reports zero.
processed,nearby_daily.csv,assetcode,Calculated from documented raw inputs,ASSETCODE,"text, category, native source unit, or dimensionless as applicable",daily,Renamed from the listed original field; numeric/date parsing only unless normalized prices are stated.,Retained as NA and never replaced by zero; see rejection/source flags where applicable.,"Identifier, descriptive market measure, validation field, or summary statistic as named.",Missing source observations remain NA; zeros are retained only when the source explicitly reports zero.
processed,nearby_daily.csv,futures_price,Calculated from documented raw inputs,"calculated, configured, or same-named source series",RUB per unit of underlying currency (normalized); raw field where named *_raw,daily,"Direct field, documented selection hierarchy, or descriptive aggregation as indicated by the variable name.",Retained as NA and never replaced by zero; see rejection/source flags where applicable.,"Exchange, reference, or selected analytical price as identified by the field name.",Missing source observations remain NA; zeros are retained only when the source explicitly reports zero.
processed,nearby_daily.csv,shortname_meta,Calculated from documented raw inputs,"calculated, configured, or same-named source series","text, category, native source unit, or dimensionless as applicable",daily,"Direct field, documented selection hierarchy, or descriptive aggregation as indicated by the variable name.",Retained as NA and never replaced by zero; see rejection/source flags where applicable.,"Identifier, descriptive market measure, validation field, or summary statistic as named.",Missing source observations remain NA; zeros are retained only when the source explicitly reports zero.
processed,nearby_daily.csv,expiry_date,Calculated from documented raw inputs,LSTDELDATE,ISO date,daily,Renamed from the listed original field; numeric/date parsing only unless normalized prices are stated.,Retained as NA and never replaced by zero; see rejection/source flags where applicable.,"Identifier, descriptive market measure, validation field, or summary statistic as named.",Missing source observations remain NA; zeros are retained only when the source explicitly reports zero.
processed,nearby_daily.csv,first_trade_date,Calculated from documented raw inputs,FRSTTRADE,ISO date,daily,Renamed from the listed original field; numeric/date parsing only unless normalized prices are stated.,Retained as NA and never replaced by zero; see rejection/source flags where applicable.,"Identifier, descriptive market measure, validation field, or summary statistic as named.",Missing source observations remain NA; zeros are retained only when the source explicitly reports zero.
processed,nearby_daily.csv,last_trade_date,Calculated from documented raw inputs,LSTTRADE,ISO date,daily,Renamed from the listed original field; numeric/date parsing only unless normalized prices are stated.,Retained as NA and never replaced by zero; see rejection/source flags where applicable.,"Identifier, descriptive market measure, validation field, or summary statistic as named.",Missing source observations remain NA; zeros are retained only when the source explicitly reports zero.
processed,nearby_daily.csv,spot_open,Calculated from documented raw inputs,"calculated, configured, or same-named source series","text, category, native source unit, or dimensionless as applicable",daily,"Direct field, documented selection hierarchy, or descriptive aggregation as indicated by the variable name.",Retained as NA and never replaced by zero; see rejection/source flags where applicable.,"Identifier, descriptive market measure, validation field, or summary statistic as named.",Missing source observations remain NA; zeros are retained only when the source explicitly reports zero.
processed,nearby_daily.csv,spot_low,Calculated from documented raw inputs,"calculated, configured, or same-named source series","text, category, native source unit, or dimensionless as applicable",daily,"Direct field, documented selection hierarchy, or descriptive aggregation as indicated by the variable name.",Retained as NA and never replaced by zero; see rejection/source flags where applicable.,"Identifier, descriptive market measure, validation field, or summary statistic as named.",Missing source observations remain NA; zeros are retained only when the source explicitly reports zero.
processed,nearby_daily.csv,spot_high,Calculated from documented raw inputs,"calculated, configured, or same-named source series","text, category, native source unit, or dimensionless as applicable",daily,"Direct field, documented selection hierarchy, or descriptive aggregation as indicated by the variable name.",Retained as NA and never replaced by zero; see rejection/source flags where applicable.,"Identifier, descriptive market measure, validation field, or summary statistic as named.",Missing source observations remain NA; zeros are retained only when the source explicitly reports zero.
processed,nearby_daily.csv,spot_close,Calculated from documented raw inputs,"calculated, configured, or same-named source series","text, category, native source unit, or dimensionless as applicable",daily,"Direct field, documented selection hierarchy, or descriptive aggregation as indicated by the variable name.",Retained as NA and never replaced by zero; see rejection/source flags where applicable.,"Identifier, descriptive market measure, validation field, or summary statistic as named.",Missing source observations remain NA; zeros are retained only when the source explicitly reports zero.
processed,nearby_daily.csv,spot_wap_price,Calculated from documented raw inputs,"calculated, configured, or same-named source series",RUB per unit of underlying currency (normalized); raw field where named *_raw,daily,"Direct field, documented selection hierarchy, or descriptive aggregation as indicated by the variable name.",Retained as NA and never replaced by zero; see rejection/source flags where applicable.,"Exchange, reference, or selected analytical price as identified by the field name.",Missing source observations remain NA; zeros are retained only when the source explicitly reports zero.
processed,nearby_daily.csv,spot_num_trades,Calculated from documented raw inputs,"calculated, configured, or same-named source series",count,daily,"Direct field, documented selection hierarchy, or descriptive aggregation as indicated by the variable name.",Retained as NA and never replaced by zero; see rejection/source flags where applicable.,"Identifier, descriptive market measure, validation field, or summary statistic as named.",Missing source observations remain NA; zeros are retained only when the source explicitly reports zero.
processed,nearby_daily.csv,spot_price,Calculated from documented raw inputs,"calculated, configured, or same-named source series",RUB per unit of underlying currency (normalized); raw field where named *_raw,daily,"Direct field, documented selection hierarchy, or descriptive aggregation as indicated by the variable name.",Retained as NA and never replaced by zero; see rejection/source flags where applicable.,"Exchange, reference, or selected analytical price as identified by the field name.",Missing source observations remain NA; zeros are retained only when the source explicitly reports zero.
processed,nearby_daily.csv,spot_log_return,Calculated from documented raw inputs,"calculated, configured, or same-named source series",decimal log value,daily,Natural log of the current price divided by the previous comparable price; roll/source changes are left missing.,Retained as NA and never replaced by zero; see rejection/source flags where applicable.,"Identifier, descriptive market measure, validation field, or summary statistic as named.",Missing source observations remain NA; zeros are retained only when the source explicitly reports zero.
processed,nearby_daily.csv,spot_volatility_20d_ann,Calculated from documented raw inputs,"calculated, configured, or same-named source series",annualized decimal,daily,"Direct field, documented selection hierarchy, or descriptive aggregation as indicated by the variable name.",Retained as NA and never replaced by zero; see rejection/source flags where applicable.,"Identifier, descriptive market measure, validation field, or summary statistic as named.",Missing source observations remain NA; zeros are retained only when the source explicitly reports zero.
processed,nearby_daily.csv,days_to_maturity,Calculated from documented raw inputs,"calculated, configured, or same-named source series",calendar days,daily,"Direct field, documented selection hierarchy, or descriptive aggregation as indicated by the variable name.",Retained as NA and never replaced by zero; see rejection/source flags where applicable.,"Identifier, descriptive market measure, validation field, or summary statistic as named.",Missing source observations remain NA; zeros are retained only when the source explicitly reports zero.
processed,nearby_daily.csv,ttm_years,Calculated from documented raw inputs,"calculated, configured, or same-named source series",Actual/365 years,daily,"Direct field, documented selection hierarchy, or descriptive aggregation as indicated by the variable name.",Retained as NA and never replaced by zero; see rejection/source flags where applicable.,"Identifier, descriptive market measure, validation field, or summary statistic as named.",Missing source observations remain NA; zeros are retained only when the source explicitly reports zero.
processed,nearby_daily.csv,rub_rate_tenor,Calculated from documented raw inputs,"calculated, configured, or same-named source series","text, category, native source unit, or dimensionless as applicable",daily,"Direct field, documented selection hierarchy, or descriptive aggregation as indicated by the variable name.",Retained as NA and never replaced by zero; see rejection/source flags where applicable.,"Funding, repo, policy, or published lending-rate condition as identified by the source family.",Tenor matching and source family are proxies for marginal trader funding; inspect tenor distance and staleness.
processed,nearby_daily.csv,rub_rate_pct,Calculated from documented raw inputs,"calculated, configured, or same-named source series",percent,daily,"Direct field, documented selection hierarchy, or descriptive aggregation as indicated by the variable name.",Retained as NA and never replaced by zero; see rejection/source flags where applicable.,"Funding, repo, policy, or published lending-rate condition as identified by the source family.",Tenor matching and source family are proxies for marginal trader funding; inspect tenor distance and staleness.
processed,nearby_daily.csv,rub_tenor_distance_days,Calculated from documented raw inputs,"calculated, configured, or same-named source series",calendar days,daily,"Direct field, documented selection hierarchy, or descriptive aggregation as indicated by the variable name.",Retained as NA and never replaced by zero; see rejection/source flags where applicable.,"Identifier, descriptive market measure, validation field, or summary statistic as named.",Missing source observations remain NA; zeros are retained only when the source explicitly reports zero.
processed,nearby_daily.csv,rub_rate_observation_date,Calculated from documented raw inputs,"calculated, configured, or same-named source series",ISO date,daily,"Direct field, documented selection hierarchy, or descriptive aggregation as indicated by the variable name.",Retained as NA and never replaced by zero; see rejection/source flags where applicable.,"Funding, repo, policy, or published lending-rate condition as identified by the source family.",Tenor matching and source family are proxies for marginal trader funding; inspect tenor distance and staleness.
processed,nearby_daily.csv,cny_rate_tenor,Calculated from documented raw inputs,"calculated, configured, or same-named source series","text, category, native source unit, or dimensionless as applicable",daily,"Direct field, documented selection hierarchy, or descriptive aggregation as indicated by the variable name.",Retained as NA and never replaced by zero; see rejection/source flags where applicable.,"Funding, repo, policy, or published lending-rate condition as identified by the source family.",Tenor matching and source family are proxies for marginal trader funding; inspect tenor distance and staleness.
processed,nearby_daily.csv,cny_rate_pct,Calculated from documented raw inputs,"calculated, configured, or same-named source series",percent,daily,"Direct field, documented selection hierarchy, or descriptive aggregation as indicated by the variable name.",Retained as NA and never replaced by zero; see rejection/source flags where applicable.,"Funding, repo, policy, or published lending-rate condition as identified by the source family.",Tenor matching and source family are proxies for marginal trader funding; inspect tenor distance and staleness.
processed,nearby_daily.csv,cny_tenor_distance_days,Calculated from documented raw inputs,"calculated, configured, or same-named source series",calendar days,daily,"Direct field, documented selection hierarchy, or descriptive aggregation as indicated by the variable name.",Retained as NA and never replaced by zero; see rejection/source flags where applicable.,"Identifier, descriptive market measure, validation field, or summary statistic as named.",Missing source observations remain NA; zeros are retained only when the source explicitly reports zero.
processed,nearby_daily.csv,cny_rate_observation_date,Calculated from documented raw inputs,"calculated, configured, or same-named source series",ISO date,daily,"Direct field, documented selection hierarchy, or descriptive aggregation as indicated by the variable name.",Retained as NA and never replaced by zero; see rejection/source flags where applicable.,"Funding, repo, policy, or published lending-rate condition as identified by the source family.",Tenor matching and source family are proxies for marginal trader funding; inspect tenor distance and staleness.
processed,nearby_daily.csv,theoretical_futures_price,Calculated from documented raw inputs,"calculated, configured, or same-named source series",RUB per unit of underlying currency (normalized); raw field where named *_raw,daily,spot_price * exp(((rub_rate_pct-cny_rate_pct)/100) * ttm_years).,Retained as NA and never replaced by zero; see rejection/source flags where applicable.,"Exchange, reference, or selected analytical price as identified by the field name.",Missing source observations remain NA; zeros are retained only when the source explicitly reports zero.
processed,nearby_daily.csv,basis_rub_per_cny,Calculated from documented raw inputs,"calculated, configured, or same-named source series","text, category, native source unit, or dimensionless as applicable",daily,Observed futures_price minus theoretical_futures_price.,Retained as NA and never replaced by zero; see rejection/source flags where applicable.,Deviation of observed futures pricing from the simple cost-of-carry benchmark.,"Not executable arbitrage evidence without spreads, margin, funding access, controls, sanctions, settlement, and convertibility costs."
processed,nearby_daily.csv,basis_pct,Calculated from documented raw inputs,"calculated, configured, or same-named source series",percent,daily,100 * basis / theoretical_futures_price.,Retained as NA and never replaced by zero; see rejection/source flags where applicable.,Deviation of observed futures pricing from the simple cost-of-carry benchmark.,"Not executable arbitrage evidence without spreads, margin, funding access, controls, sanctions, settlement, and convertibility costs."
processed,nearby_daily.csv,log_basis,Calculated from documented raw inputs,"calculated, configured, or same-named source series",decimal log value,daily,ln(futures_price / theoretical_futures_price).,Retained as NA and never replaced by zero; see rejection/source flags where applicable.,Deviation of observed futures pricing from the simple cost-of-carry benchmark.,"Not executable arbitrage evidence without spreads, margin, funding access, controls, sanctions, settlement, and convertibility costs."
processed,nearby_daily.csv,futures_log_return,Calculated from documented raw inputs,"calculated, configured, or same-named source series",decimal log value,daily,Natural log of the current price divided by the previous comparable price; roll/source changes are left missing.,Retained as NA and never replaced by zero; see rejection/source flags where applicable.,"Identifier, descriptive market measure, validation field, or summary statistic as named.",Missing source observations remain NA; zeros are retained only when the source explicitly reports zero.
processed,nearby_daily.csv,contract_changed,Calculated from documented raw inputs,"calculated, configured, or same-named source series",boolean,daily,True when the nearby selected SECID differs from the previous observation.,Retained as NA and never replaced by zero; see rejection/source flags where applicable.,"Identifier, descriptive market measure, validation field, or summary statistic as named.",Missing source observations remain NA; zeros are retained only when the source explicitly reports zero.
processed,options_panel.csv,trade_date,MOEX option/futures data plus calculated Black-76 fields,TRADEDATE or observation date,ISO date,daily,Renamed from the listed original field; numeric/date parsing only unless normalized prices are stated.,Retained as NA and never replaced by zero; see rejection/source flags where applicable.,"Identifier, descriptive market measure, validation field, or summary statistic as named.",Black-76 is an approximation for American-style MOEX contracts; historical bid/ask quotes are unavailable and interpolated labels are not direct quotes.
processed,options_panel.csv,option_secid,MOEX option/futures data plus calculated Black-76 fields,SECID,"text, category, native source unit, or dimensionless as applicable",daily,Renamed from the listed original field; numeric/date parsing only unless normalized prices are stated.,Retained as NA and never replaced by zero; see rejection/source flags where applicable.,"Identifier, descriptive market measure, validation field, or summary statistic as named.",Black-76 is an approximation for American-style MOEX contracts; historical bid/ask quotes are unavailable and interpolated labels are not direct quotes.
processed,options_panel.csv,option_type,MOEX option/futures data plus calculated Black-76 fields,OPTIONTYPE,"text, category, native source unit, or dimensionless as applicable",daily,Renamed from the listed original field; numeric/date parsing only unless normalized prices are stated.,Retained as NA and never replaced by zero; see rejection/source flags where applicable.,"Identifier, descriptive market measure, validation field, or summary statistic as named.",Black-76 is an approximation for American-style MOEX contracts; historical bid/ask quotes are unavailable and interpolated labels are not direct quotes.
processed,options_panel.csv,underlying_futures_secid,MOEX option/futures data plus calculated Black-76 fields,UNDERLYINGASSET,"text, category, native source unit, or dimensionless as applicable",daily,Renamed from the listed original field; numeric/date parsing only unless normalized prices are stated.,Retained as NA and never replaced by zero; see rejection/source flags where applicable.,"Identifier, descriptive market measure, validation field, or summary statistic as named.",Black-76 is an approximation for American-style MOEX contracts; historical bid/ask quotes are unavailable and interpolated labels are not direct quotes.
processed,options_panel.csv,underlying_futures_price,MOEX option/futures data plus calculated Black-76 fields,"calculated, configured, or same-named source series",RUB per unit of underlying currency (normalized); raw field where named *_raw,daily,"Direct field, documented selection hierarchy, or descriptive aggregation as indicated by the variable name.",Retained as NA and never replaced by zero; see rejection/source flags where applicable.,"Exchange, reference, or selected analytical price as identified by the field name.",Black-76 is an approximation for American-style MOEX contracts; historical bid/ask quotes are unavailable and interpolated labels are not direct quotes.
processed,options_panel.csv,strike,MOEX option/futures data plus calculated Black-76 fields,STRIKE,RUB per unit of underlying currency (normalized); raw field where named *_raw,daily,Renamed from the listed original field; numeric/date parsing only unless normalized prices are stated.,Retained as NA and never replaced by zero; see rejection/source flags where applicable.,"Exchange, reference, or selected analytical price as identified by the field name.",Black-76 is an approximation for American-style MOEX contracts; historical bid/ask quotes are unavailable and interpolated labels are not direct quotes.
processed,options_panel.csv,option_expiration_date,MOEX option/futures data plus calculated Black-76 fields,LSTDELDATE,ISO date,daily,Renamed from the listed original field; numeric/date parsing only unless normalized prices are stated.,Retained as NA and never replaced by zero; see rejection/source flags where applicable.,"Identifier, descriptive market measure, validation field, or summary statistic as named.",Black-76 is an approximation for American-style MOEX contracts; historical bid/ask quotes are unavailable and interpolated labels are not direct quotes.
processed,options_panel.csv,futures_expiration_date,MOEX option/futures data plus calculated Black-76 fields,underlying futures LSTDELDATE,ISO date,daily,Renamed from the listed original field; numeric/date parsing only unless normalized prices are stated.,Retained as NA and never replaced by zero; see rejection/source flags where applicable.,"Identifier, descriptive market measure, validation field, or summary statistic as named.",Black-76 is an approximation for American-style MOEX contracts; historical bid/ask quotes are unavailable and interpolated labels are not direct quotes.
processed,options_panel.csv,days_to_option_maturity,MOEX option/futures data plus calculated Black-76 fields,"calculated, configured, or same-named source series",calendar days,daily,"Direct field, documented selection hierarchy, or descriptive aggregation as indicated by the variable name.",Retained as NA and never replaced by zero; see rejection/source flags where applicable.,"Identifier, descriptive market measure, validation field, or summary statistic as named.",Black-76 is an approximation for American-style MOEX contracts; historical bid/ask quotes are unavailable and interpolated labels are not direct quotes.
processed,options_panel.csv,ttm_years,MOEX option/futures data plus calculated Black-76 fields,"calculated, configured, or same-named source series",Actual/365 years,daily,"Direct field, documented selection hierarchy, or descriptive aggregation as indicated by the variable name.",Retained as NA and never replaced by zero; see rejection/source flags where applicable.,"Identifier, descriptive market measure, validation field, or summary statistic as named.",Black-76 is an approximation for American-style MOEX contracts; historical bid/ask quotes are unavailable and interpolated labels are not direct quotes.
processed,options_panel.csv,option_open,MOEX option/futures data plus calculated Black-76 fields,OPEN,"text, category, native source unit, or dimensionless as applicable",daily,Renamed from the listed original field; numeric/date parsing only unless normalized prices are stated.,Retained as NA and never replaced by zero; see rejection/source flags where applicable.,"Identifier, descriptive market measure, validation field, or summary statistic as named.",Black-76 is an approximation for American-style MOEX contracts; historical bid/ask quotes are unavailable and interpolated labels are not direct quotes.
processed,options_panel.csv,option_low,MOEX option/futures data plus calculated Black-76 fields,LOW,"text, category, native source unit, or dimensionless as applicable",daily,Renamed from the listed original field; numeric/date parsing only unless normalized prices are stated.,Retained as NA and never replaced by zero; see rejection/source flags where applicable.,"Identifier, descriptive market measure, validation field, or summary statistic as named.",Black-76 is an approximation for American-style MOEX contracts; historical bid/ask quotes are unavailable and interpolated labels are not direct quotes.
processed,options_panel.csv,option_high,MOEX option/futures data plus calculated Black-76 fields,HIGH,"text, category, native source unit, or dimensionless as applicable",daily,Renamed from the listed original field; numeric/date parsing only unless normalized prices are stated.,Retained as NA and never replaced by zero; see rejection/source flags where applicable.,"Identifier, descriptive market measure, validation field, or summary statistic as named.",Black-76 is an approximation for American-style MOEX contracts; historical bid/ask quotes are unavailable and interpolated labels are not direct quotes.
processed,options_panel.csv,option_close,MOEX option/futures data plus calculated Black-76 fields,CLOSE,"text, category, native source unit, or dimensionless as applicable",daily,Renamed from the listed original field; numeric/date parsing only unless normalized prices are stated.,Retained as NA and never replaced by zero; see rejection/source flags where applicable.,"Identifier, descriptive market measure, validation field, or summary statistic as named.",Black-76 is an approximation for American-style MOEX contracts; historical bid/ask quotes are unavailable and interpolated labels are not direct quotes.
processed,options_panel.csv,option_settlement_price,MOEX option/futures data plus calculated Black-76 fields,SETTLEPRICE,RUB per unit of underlying currency (normalized); raw field where named *_raw,daily,Renamed from the listed original field; numeric/date parsing only unless normalized prices are stated.,Retained as NA and never replaced by zero; see rejection/source flags where applicable.,"Exchange, reference, or selected analytical price as identified by the field name.",Black-76 is an approximation for American-style MOEX contracts; historical bid/ask quotes are unavailable and interpolated labels are not direct quotes.
processed,options_panel.csv,option_wap_price,MOEX option/futures data plus calculated Black-76 fields,WAPRICE,RUB per unit of underlying currency (normalized); raw field where named *_raw,daily,Renamed from the listed original field; numeric/date parsing only unless normalized prices are stated.,Retained as NA and never replaced by zero; see rejection/source flags where applicable.,"Exchange, reference, or selected analytical price as identified by the field name.",Black-76 is an approximation for American-style MOEX contracts; historical bid/ask quotes are unavailable and interpolated labels are not direct quotes.
processed,options_panel.csv,bid,MOEX option/futures data plus calculated Black-76 fields,"calculated, configured, or same-named source series",RUB per unit of underlying currency (normalized); raw field where named *_raw,daily,"Direct field, documented selection hierarchy, or descriptive aggregation as indicated by the variable name.",Retained as NA and never replaced by zero; see rejection/source flags where applicable.,"Exchange, reference, or selected analytical price as identified by the field name.",Historical free MOEX endpoints do not supply these quotes consistently; missing is not zero.
processed,options_panel.csv,ask,MOEX option/futures data plus calculated Black-76 fields,"calculated, configured, or same-named source series",RUB per unit of underlying currency (normalized); raw field where named *_raw,daily,"Direct field, documented selection hierarchy, or descriptive aggregation as indicated by the variable name.",Retained as NA and never replaced by zero; see rejection/source flags where applicable.,"Exchange, reference, or selected analytical price as identified by the field name.",Historical free MOEX endpoints do not supply these quotes consistently; missing is not zero.
processed,options_panel.csv,midpoint_price,MOEX option/futures data plus calculated Black-76 fields,"calculated, configured, or same-named source series",RUB per unit of underlying currency (normalized); raw field where named *_raw,daily,"Direct field, documented selection hierarchy, or descriptive aggregation as indicated by the variable name.",Retained as NA and never replaced by zero; see rejection/source flags where applicable.,"Exchange, reference, or selected analytical price as identified by the field name.",Black-76 is an approximation for American-style MOEX contracts; historical bid/ask quotes are unavailable and interpolated labels are not direct quotes.
processed,options_panel.csv,option_price,MOEX option/futures data plus calculated Black-76 fields,"calculated, configured, or same-named source series",RUB per unit of underlying currency (normalized); raw field where named *_raw,daily,"Direct field, documented selection hierarchy, or descriptive aggregation as indicated by the variable name.",Retained as NA and never replaced by zero; see rejection/source flags where applicable.,"Exchange, reference, or selected analytical price as identified by the field name.",Black-76 is an approximation for American-style MOEX contracts; historical bid/ask quotes are unavailable and interpolated labels are not direct quotes.
processed,options_panel.csv,option_price_source,MOEX option/futures data plus calculated Black-76 fields,"calculated, configured, or same-named source series",RUB per unit of underlying currency (normalized); raw field where named *_raw,daily,"Direct field, documented selection hierarchy, or descriptive aggregation as indicated by the variable name.",Retained as NA and never replaced by zero; see rejection/source flags where applicable.,"Exchange, reference, or selected analytical price as identified by the field name.",Black-76 is an approximation for American-style MOEX contracts; historical bid/ask quotes are unavailable and interpolated labels are not direct quotes.
processed,options_panel.csv,volume_contracts,MOEX option/futures data plus calculated Black-76 fields,VOLUME,contracts,daily,Renamed from the listed original field; numeric/date parsing only unless normalized prices are stated.,Retained as NA and never replaced by zero; see rejection/source flags where applicable.,Trading flow or a transformation of trading flow.,Black-76 is an approximation for American-style MOEX contracts; historical bid/ask quotes are unavailable and interpolated labels are not direct quotes.
processed,options_panel.csv,turnover_rub,MOEX option/futures data plus calculated Black-76 fields,VALUE,RUB,daily,Renamed from the listed original field; numeric/date parsing only unless normalized prices are stated.,Retained as NA and never replaced by zero; see rejection/source flags where applicable.,"Identifier, descriptive market measure, validation field, or summary statistic as named.",Black-76 is an approximation for American-style MOEX contracts; historical bid/ask quotes are unavailable and interpolated labels are not direct quotes.
processed,options_panel.csv,num_trades,MOEX option/futures data plus calculated Black-76 fields,NUMTRADES,count,daily,Renamed from the listed original field; numeric/date parsing only unless normalized prices are stated.,Retained as NA and never replaced by zero; see rejection/source flags where applicable.,"Identifier, descriptive market measure, validation field, or summary statistic as named.",Black-76 is an approximation for American-style MOEX contracts; historical bid/ask quotes are unavailable and interpolated labels are not direct quotes.
processed,options_panel.csv,open_interest_contracts,MOEX option/futures data plus calculated Black-76 fields,OPENPOSITION,contracts,daily,Renamed from the listed original field; numeric/date parsing only unless normalized prices are stated.,Retained as NA and never replaced by zero; see rejection/source flags where applicable.,Outstanding-position stock or a transformation of that stock; not daily trading flow.,Black-76 is an approximation for American-style MOEX contracts; historical bid/ask quotes are unavailable and interpolated labels are not direct quotes.
processed,options_panel.csv,risk_free_rate_pct,MOEX option/futures data plus calculated Black-76 fields,"calculated, configured, or same-named source series",percent,daily,"Direct field, documented selection hierarchy, or descriptive aggregation as indicated by the variable name.",Retained as NA and never replaced by zero; see rejection/source flags where applicable.,"Funding, repo, policy, or published lending-rate condition as identified by the source family.",Tenor matching and source family are proxies for marginal trader funding; inspect tenor distance and staleness.
processed,options_panel.csv,model_discount_factor,MOEX option/futures data plus calculated Black-76 fields,"calculated, configured, or same-named source series","text, category, native source unit, or dimensionless as applicable",daily,"Direct field, documented selection hierarchy, or descriptive aggregation as indicated by the variable name.",Retained as NA and never replaced by zero; see rejection/source flags where applicable.,"Identifier, descriptive market measure, validation field, or summary statistic as named.",Black-76 is an approximation for American-style MOEX contracts; historical bid/ask quotes are unavailable and interpolated labels are not direct quotes.
processed,options_panel.csv,implied_volatility_black76,MOEX option/futures data plus calculated Black-76 fields,"calculated, configured, or same-named source series",annualized decimal,daily,"Batched Black-76 bisection using midpoint, settlement, VWAP, then close price hierarchy.",Retained as NA and never replaced by zero; see rejection/source flags where applicable.,Volatility parameter that reconciles the selected option price with Black-76.,Black-76 is an approximation for American-style MOEX contracts; historical bid/ask quotes are unavailable and interpolated labels are not direct quotes.
processed,options_panel.csv,futures_delta_black76,MOEX option/futures data plus calculated Black-76 fields,"calculated, configured, or same-named source series",dimensionless,daily,Black-76 futures-style Greek evaluated at the solved implied volatility.,Retained as NA and never replaced by zero; see rejection/source flags where applicable.,Sensitivity of the listed option value to futures price or volatility under Black-76.,Black-76 is an approximation for American-style MOEX contracts; historical bid/ask quotes are unavailable and interpolated labels are not direct quotes.
processed,options_panel.csv,gamma_black76,MOEX option/futures data plus calculated Black-76 fields,"calculated, configured, or same-named source series",dimensionless,daily,Black-76 futures-style Greek evaluated at the solved implied volatility.,Retained as NA and never replaced by zero; see rejection/source flags where applicable.,Sensitivity of the listed option value to futures price or volatility under Black-76.,Black-76 is an approximation for American-style MOEX contracts; historical bid/ask quotes are unavailable and interpolated labels are not direct quotes.
processed,options_panel.csv,vega_black76_per_unit_volatility,MOEX option/futures data plus calculated Black-76 fields,"calculated, configured, or same-named source series",annualized decimal,daily,Black-76 futures-style Greek evaluated at the solved implied volatility.,Retained as NA and never replaced by zero; see rejection/source flags where applicable.,Sensitivity of the listed option value to futures price or volatility under Black-76.,Black-76 is an approximation for American-style MOEX contracts; historical bid/ask quotes are unavailable and interpolated labels are not direct quotes.
processed,options_panel.csv,moneyness_k_over_f,MOEX option/futures data plus calculated Black-76 fields,"calculated, configured, or same-named source series",dimensionless,daily,"Direct field, documented selection hierarchy, or descriptive aggregation as indicated by the variable name.",Retained as NA and never replaced by zero; see rejection/source flags where applicable.,"Identifier, descriptive market measure, validation field, or summary statistic as named.",Black-76 is an approximation for American-style MOEX contracts; historical bid/ask quotes are unavailable and interpolated labels are not direct quotes.
processed,options_panel.csv,log_moneyness_k_over_f,MOEX option/futures data plus calculated Black-76 fields,"calculated, configured, or same-named source series",decimal log value,daily,"Direct field, documented selection hierarchy, or descriptive aggregation as indicated by the variable name.",Retained as NA and never replaced by zero; see rejection/source flags where applicable.,"Identifier, descriptive market measure, validation field, or summary statistic as named.",Black-76 is an approximation for American-style MOEX contracts; historical bid/ask quotes are unavailable and interpolated labels are not direct quotes.
processed,options_panel.csv,no_arbitrage_lower_bound,MOEX option/futures data plus calculated Black-76 fields,"calculated, configured, or same-named source series","text, category, native source unit, or dimensionless as applicable",daily,"Direct field, documented selection hierarchy, or descriptive aggregation as indicated by the variable name.",Retained as NA and never replaced by zero; see rejection/source flags where applicable.,"Identifier, descriptive market measure, validation field, or summary statistic as named.",Black-76 is an approximation for American-style MOEX contracts; historical bid/ask quotes are unavailable and interpolated labels are not direct quotes.
processed,options_panel.csv,no_arbitrage_upper_bound,MOEX option/futures data plus calculated Black-76 fields,"calculated, configured, or same-named source series","text, category, native source unit, or dimensionless as applicable",daily,"Direct field, documented selection hierarchy, or descriptive aggregation as indicated by the variable name.",Retained as NA and never replaced by zero; see rejection/source flags where applicable.,"Identifier, descriptive market measure, validation field, or summary statistic as named.",Black-76 is an approximation for American-style MOEX contracts; historical bid/ask quotes are unavailable and interpolated labels are not direct quotes.
processed,options_panel.csv,valid_option_observation,MOEX option/futures data plus calculated Black-76 fields,"calculated, configured, or same-named source series",boolean,daily,"Direct field, documented selection hierarchy, or descriptive aggregation as indicated by the variable name.",Retained as NA and never replaced by zero; see rejection/source flags where applicable.,"Identifier, descriptive market measure, validation field, or summary statistic as named.",Black-76 is an approximation for American-style MOEX contracts; historical bid/ask quotes are unavailable and interpolated labels are not direct quotes.
processed,options_panel.csv,rejection_reason,MOEX option/futures data plus calculated Black-76 fields,"calculated, configured, or same-named source series","text, category, native source unit, or dimensionless as applicable",daily,"Direct field, documented selection hierarchy, or descriptive aggregation as indicated by the variable name.",Retained as NA and never replaced by zero; see rejection/source flags where applicable.,"Identifier, descriptive market measure, validation field, or summary statistic as named.",Black-76 is an approximation for American-style MOEX contracts; historical bid/ask quotes are unavailable and interpolated labels are not direct quotes.
processed,options_panel.csv,put_call_parity_residual,MOEX option/futures data plus calculated Black-76 fields,"calculated, configured, or same-named source series","text, category, native source unit, or dimensionless as applicable",daily,"Direct field, documented selection hierarchy, or descriptive aggregation as indicated by the variable name.",Retained as NA and never replaced by zero; see rejection/source flags where applicable.,"Identifier, descriptive market measure, validation field, or summary statistic as named.",Black-76 is an approximation for American-style MOEX contracts; historical bid/ask quotes are unavailable and interpolated labels are not direct quotes.
processed,options_panel.csv,observation_frequency,MOEX option/futures data plus calculated Black-76 fields,"calculated, configured, or same-named source series","text, category, native source unit, or dimensionless as applicable",daily,"Direct field, documented selection hierarchy, or descriptive aggregation as indicated by the variable name.",Retained as NA and never replaced by zero; see rejection/source flags where applicable.,"Identifier, descriptive market measure, validation field, or summary statistic as named.",Black-76 is an approximation for American-style MOEX contracts; historical bid/ask quotes are unavailable and interpolated labels are not direct quotes.
processed,options_panel.csv,market_regime,config/research_config.json,"calculated, configured, or same-named source series","text, category, native source unit, or dimensionless as applicable",daily,"Direct field, documented selection hierarchy, or descriptive aggregation as indicated by the variable name.",Retained as NA and never replaced by zero; see rejection/source flags where applicable.,Configurable event/regime classification for before-and-after analysis.,Black-76 is an approximation for American-style MOEX contracts; historical bid/ask quotes are unavailable and interpolated labels are not direct quotes.
processed,sanctions_regime_daily.csv,trade_date,Calculated from documented raw inputs,TRADEDATE or observation date,ISO date,daily,Renamed from the listed original field; numeric/date parsing only unless normalized prices are stated.,Retained as NA and never replaced by zero; see rejection/source flags where applicable.,"Identifier, descriptive market measure, validation field, or summary statistic as named.",Missing source observations remain NA; zeros are retained only when the source explicitly reports zero.
processed,sanctions_regime_daily.csv,market_regime,config/research_config.json,"calculated, configured, or same-named source series","text, category, native source unit, or dimensionless as applicable",daily,"Direct field, documented selection hierarchy, or descriptive aggregation as indicated by the variable name.",Retained as NA and never replaced by zero; see rejection/source flags where applicable.,Configurable event/regime classification for before-and-after analysis.,Missing source observations remain NA; zeros are retained only when the source explicitly reports zero.
processed,sanctions_regime_daily.csv,on_or_after_russia_full_scale_invasion_2022,config/research_config.json,"calculated, configured, or same-named source series",boolean,daily,1 when trade_date is on or after the configured event date; otherwise 0.,Retained as NA and never replaced by zero; see rejection/source flags where applicable.,Configurable event/regime classification for before-and-after analysis.,Missing source observations remain NA; zeros are retained only when the source explicitly reports zero.
processed,sanctions_regime_daily.csv,days_from_russia_full_scale_invasion_2022,config/research_config.json,"calculated, configured, or same-named source series",calendar days,daily,Calendar-day difference between trade_date and the configured event date.,Retained as NA and never replaced by zero; see rejection/source flags where applicable.,Configurable event/regime classification for before-and-after analysis.,Missing source observations remain NA; zeros are retained only when the source explicitly reports zero.
processed,sanctions_regime_daily.csv,on_or_after_moex_ncc_nsd_designation_2024,config/research_config.json,"calculated, configured, or same-named source series",boolean,daily,1 when trade_date is on or after the configured event date; otherwise 0.,Retained as NA and never replaced by zero; see rejection/source flags where applicable.,Configurable event/regime classification for before-and-after analysis.,Missing source observations remain NA; zeros are retained only when the source explicitly reports zero.
processed,sanctions_regime_daily.csv,days_from_moex_ncc_nsd_designation_2024,config/research_config.json,"calculated, configured, or same-named source series",calendar days,daily,Calendar-day difference between trade_date and the configured event date.,Retained as NA and never replaced by zero; see rejection/source flags where applicable.,Configurable event/regime classification for before-and-after analysis.,Missing source observations remain NA; zeros are retained only when the source explicitly reports zero.
processed,sanctions_regime_daily.csv,on_or_after_usd_eur_moex_suspension_2024,config/research_config.json,"calculated, configured, or same-named source series",boolean,daily,1 when trade_date is on or after the configured event date; otherwise 0.,Retained as NA and never replaced by zero; see rejection/source flags where applicable.,Configurable event/regime classification for before-and-after analysis.,Missing source observations remain NA; zeros are retained only when the source explicitly reports zero.
processed,sanctions_regime_daily.csv,days_from_usd_eur_moex_suspension_2024,config/research_config.json,"calculated, configured, or same-named source series",calendar days,daily,Calendar-day difference between trade_date and the configured event date.,Retained as NA and never replaced by zero; see rejection/source flags where applicable.,Configurable event/regime classification for before-and-after analysis.,Missing source observations remain NA; zeros are retained only when the source explicitly reports zero.
processed,sanctions_regime_daily.csv,on_or_after_usdrub_rub_settled_reintroduction_2026,config/research_config.json,"calculated, configured, or same-named source series",boolean,daily,1 when trade_date is on or after the configured event date; otherwise 0.,Retained as NA and never replaced by zero; see rejection/source flags where applicable.,Configurable event/regime classification for before-and-after analysis.,Missing source observations remain NA; zeros are retained only when the source explicitly reports zero.
processed,sanctions_regime_daily.csv,days_from_usdrub_rub_settled_reintroduction_2026,config/research_config.json,"calculated, configured, or same-named source series",calendar days,daily,Calendar-day difference between trade_date and the configured event date.,Retained as NA and never replaced by zero; see rejection/source flags where applicable.,Configurable event/regime classification for before-and-after analysis.,Missing source observations remain NA; zeros are retained only when the source explicitly reports zero.
processed,volatility_surface_daily.csv,trade_date,MOEX option/futures data plus calculated Black-76 fields,TRADEDATE or observation date,ISO date,daily,Renamed from the listed original field; numeric/date parsing only unless normalized prices are stated.,Retained as NA and never replaced by zero; see rejection/source flags where applicable.,"Identifier, descriptive market measure, validation field, or summary statistic as named.",Black-76 is an approximation for American-style MOEX contracts; historical bid/ask quotes are unavailable and interpolated labels are not direct quotes.
processed,volatility_surface_daily.csv,underlying_futures_secid,MOEX option/futures data plus calculated Black-76 fields,UNDERLYINGASSET,"text, category, native source unit, or dimensionless as applicable",daily,Renamed from the listed original field; numeric/date parsing only unless normalized prices are stated.,Retained as NA and never replaced by zero; see rejection/source flags where applicable.,"Identifier, descriptive market measure, validation field, or summary statistic as named.",Black-76 is an approximation for American-style MOEX contracts; historical bid/ask quotes are unavailable and interpolated labels are not direct quotes.
processed,volatility_surface_daily.csv,option_expiration_date,MOEX option/futures data plus calculated Black-76 fields,LSTDELDATE,ISO date,daily,Renamed from the listed original field; numeric/date parsing only unless normalized prices are stated.,Retained as NA and never replaced by zero; see rejection/source flags where applicable.,"Identifier, descriptive market measure, validation field, or summary statistic as named.",Black-76 is an approximation for American-style MOEX contracts; historical bid/ask quotes are unavailable and interpolated labels are not direct quotes.
processed,volatility_surface_daily.csv,days_to_option_maturity,MOEX option/futures data plus calculated Black-76 fields,"calculated, configured, or same-named source series",calendar days,daily,"Direct field, documented selection hierarchy, or descriptive aggregation as indicated by the variable name.",Retained as NA and never replaced by zero; see rejection/source flags where applicable.,"Identifier, descriptive market measure, validation field, or summary statistic as named.",Black-76 is an approximation for American-style MOEX contracts; historical bid/ask quotes are unavailable and interpolated labels are not direct quotes.
processed,volatility_surface_daily.csv,atm_implied_volatility,MOEX option/futures data plus calculated Black-76 fields,"calculated, configured, or same-named source series",annualized decimal,daily,"Batched Black-76 bisection using midpoint, settlement, VWAP, then close price hierarchy.",Retained as NA and never replaced by zero; see rejection/source flags where applicable.,Volatility parameter that reconciles the selected option price with Black-76.,Black-76 is an approximation for American-style MOEX contracts; historical bid/ask quotes are unavailable and interpolated labels are not direct quotes.
processed,volatility_surface_daily.csv,atm_strike,MOEX option/futures data plus calculated Black-76 fields,"calculated, configured, or same-named source series","text, category, native source unit, or dimensionless as applicable",daily,"Direct field, documented selection hierarchy, or descriptive aggregation as indicated by the variable name.",Retained as NA and never replaced by zero; see rejection/source flags where applicable.,"Identifier, descriptive market measure, validation field, or summary statistic as named.",Black-76 is an approximation for American-style MOEX contracts; historical bid/ask quotes are unavailable and interpolated labels are not direct quotes.
processed,volatility_surface_daily.csv,actual_observation_count,MOEX option/futures data plus calculated Black-76 fields,"calculated, configured, or same-named source series",count,daily,"Direct field, documented selection hierarchy, or descriptive aggregation as indicated by the variable name.",Retained as NA and never replaced by zero; see rejection/source flags where applicable.,"Identifier, descriptive market measure, validation field, or summary statistic as named.",Black-76 is an approximation for American-style MOEX contracts; historical bid/ask quotes are unavailable and interpolated labels are not direct quotes.
processed,volatility_surface_daily.csv,interpolation_method,MOEX option/futures data plus calculated Black-76 fields,"calculated, configured, or same-named source series","text, category, native source unit, or dimensionless as applicable",daily,"Direct field, documented selection hierarchy, or descriptive aggregation as indicated by the variable name.",Retained as NA and never replaced by zero; see rejection/source flags where applicable.,"Identifier, descriptive market measure, validation field, or summary statistic as named.",Black-76 is an approximation for American-style MOEX contracts; historical bid/ask quotes are unavailable and interpolated labels are not direct quotes.
processed,volatility_surface_daily.csv,call_10d_iv,MOEX option/futures data plus calculated Black-76 fields,"calculated, configured, or same-named source series",annualized decimal,daily,"Direct field, documented selection hierarchy, or descriptive aggregation as indicated by the variable name.",Retained as NA and never replaced by zero; see rejection/source flags where applicable.,Volatility parameter that reconciles the selected option price with Black-76.,Black-76 is an approximation for American-style MOEX contracts; historical bid/ask quotes are unavailable and interpolated labels are not direct quotes.
processed,volatility_surface_daily.csv,call_10d_strike,MOEX option/futures data plus calculated Black-76 fields,"calculated, configured, or same-named source series","text, category, native source unit, or dimensionless as applicable",daily,"Direct field, documented selection hierarchy, or descriptive aggregation as indicated by the variable name.",Retained as NA and never replaced by zero; see rejection/source flags where applicable.,"Identifier, descriptive market measure, validation field, or summary statistic as named.",Black-76 is an approximation for American-style MOEX contracts; historical bid/ask quotes are unavailable and interpolated labels are not direct quotes.
processed,volatility_surface_daily.csv,call_10d_actual_delta,MOEX option/futures data plus calculated Black-76 fields,"calculated, configured, or same-named source series",dimensionless,daily,"Direct field, documented selection hierarchy, or descriptive aggregation as indicated by the variable name.",Retained as NA and never replaced by zero; see rejection/source flags where applicable.,Sensitivity of the listed option value to futures price or volatility under Black-76.,Black-76 is an approximation for American-style MOEX contracts; historical bid/ask quotes are unavailable and interpolated labels are not direct quotes.
processed,volatility_surface_daily.csv,put_10d_iv,MOEX option/futures data plus calculated Black-76 fields,"calculated, configured, or same-named source series",annualized decimal,daily,"Direct field, documented selection hierarchy, or descriptive aggregation as indicated by the variable name.",Retained as NA and never replaced by zero; see rejection/source flags where applicable.,Volatility parameter that reconciles the selected option price with Black-76.,Black-76 is an approximation for American-style MOEX contracts; historical bid/ask quotes are unavailable and interpolated labels are not direct quotes.
processed,volatility_surface_daily.csv,put_10d_strike,MOEX option/futures data plus calculated Black-76 fields,"calculated, configured, or same-named source series","text, category, native source unit, or dimensionless as applicable",daily,"Direct field, documented selection hierarchy, or descriptive aggregation as indicated by the variable name.",Retained as NA and never replaced by zero; see rejection/source flags where applicable.,"Identifier, descriptive market measure, validation field, or summary statistic as named.",Black-76 is an approximation for American-style MOEX contracts; historical bid/ask quotes are unavailable and interpolated labels are not direct quotes.
processed,volatility_surface_daily.csv,put_10d_actual_delta,MOEX option/futures data plus calculated Black-76 fields,"calculated, configured, or same-named source series",dimensionless,daily,"Direct field, documented selection hierarchy, or descriptive aggregation as indicated by the variable name.",Retained as NA and never replaced by zero; see rejection/source flags where applicable.,Sensitivity of the listed option value to futures price or volatility under Black-76.,Black-76 is an approximation for American-style MOEX contracts; historical bid/ask quotes are unavailable and interpolated labels are not direct quotes.
processed,volatility_surface_daily.csv,risk_reversal_10d,MOEX option/futures data plus calculated Black-76 fields,"calculated, configured, or same-named source series","text, category, native source unit, or dimensionless as applicable",daily,Nearest observed call IV minus nearest observed put IV at the target absolute futures delta.,Retained as NA and never replaced by zero; see rejection/source flags where applicable.,"Identifier, descriptive market measure, validation field, or summary statistic as named.",Black-76 is an approximation for American-style MOEX contracts; historical bid/ask quotes are unavailable and interpolated labels are not direct quotes.
processed,volatility_surface_daily.csv,butterfly_10d,MOEX option/futures data plus calculated Black-76 fields,"calculated, configured, or same-named source series","text, category, native source unit, or dimensionless as applicable",daily,Average of target-delta call and put IV minus ATM IV.,Retained as NA and never replaced by zero; see rejection/source flags where applicable.,"Identifier, descriptive market measure, validation field, or summary statistic as named.",Black-76 is an approximation for American-style MOEX contracts; historical bid/ask quotes are unavailable and interpolated labels are not direct quotes.
processed,volatility_surface_daily.csv,call_25d_iv,MOEX option/futures data plus calculated Black-76 fields,"calculated, configured, or same-named source series",annualized decimal,daily,"Direct field, documented selection hierarchy, or descriptive aggregation as indicated by the variable name.",Retained as NA and never replaced by zero; see rejection/source flags where applicable.,Volatility parameter that reconciles the selected option price with Black-76.,Black-76 is an approximation for American-style MOEX contracts; historical bid/ask quotes are unavailable and interpolated labels are not direct quotes.
processed,volatility_surface_daily.csv,call_25d_strike,MOEX option/futures data plus calculated Black-76 fields,"calculated, configured, or same-named source series","text, category, native source unit, or dimensionless as applicable",daily,"Direct field, documented selection hierarchy, or descriptive aggregation as indicated by the variable name.",Retained as NA and never replaced by zero; see rejection/source flags where applicable.,"Identifier, descriptive market measure, validation field, or summary statistic as named.",Black-76 is an approximation for American-style MOEX contracts; historical bid/ask quotes are unavailable and interpolated labels are not direct quotes.
processed,volatility_surface_daily.csv,call_25d_actual_delta,MOEX option/futures data plus calculated Black-76 fields,"calculated, configured, or same-named source series",dimensionless,daily,"Direct field, documented selection hierarchy, or descriptive aggregation as indicated by the variable name.",Retained as NA and never replaced by zero; see rejection/source flags where applicable.,Sensitivity of the listed option value to futures price or volatility under Black-76.,Black-76 is an approximation for American-style MOEX contracts; historical bid/ask quotes are unavailable and interpolated labels are not direct quotes.
processed,volatility_surface_daily.csv,put_25d_iv,MOEX option/futures data plus calculated Black-76 fields,"calculated, configured, or same-named source series",annualized decimal,daily,"Direct field, documented selection hierarchy, or descriptive aggregation as indicated by the variable name.",Retained as NA and never replaced by zero; see rejection/source flags where applicable.,Volatility parameter that reconciles the selected option price with Black-76.,Black-76 is an approximation for American-style MOEX contracts; historical bid/ask quotes are unavailable and interpolated labels are not direct quotes.
processed,volatility_surface_daily.csv,put_25d_strike,MOEX option/futures data plus calculated Black-76 fields,"calculated, configured, or same-named source series","text, category, native source unit, or dimensionless as applicable",daily,"Direct field, documented selection hierarchy, or descriptive aggregation as indicated by the variable name.",Retained as NA and never replaced by zero; see rejection/source flags where applicable.,"Identifier, descriptive market measure, validation field, or summary statistic as named.",Black-76 is an approximation for American-style MOEX contracts; historical bid/ask quotes are unavailable and interpolated labels are not direct quotes.
processed,volatility_surface_daily.csv,put_25d_actual_delta,MOEX option/futures data plus calculated Black-76 fields,"calculated, configured, or same-named source series",dimensionless,daily,"Direct field, documented selection hierarchy, or descriptive aggregation as indicated by the variable name.",Retained as NA and never replaced by zero; see rejection/source flags where applicable.,Sensitivity of the listed option value to futures price or volatility under Black-76.,Black-76 is an approximation for American-style MOEX contracts; historical bid/ask quotes are unavailable and interpolated labels are not direct quotes.
processed,volatility_surface_daily.csv,risk_reversal_25d,MOEX option/futures data plus calculated Black-76 fields,"calculated, configured, or same-named source series","text, category, native source unit, or dimensionless as applicable",daily,Nearest observed call IV minus nearest observed put IV at the target absolute futures delta.,Retained as NA and never replaced by zero; see rejection/source flags where applicable.,"Identifier, descriptive market measure, validation field, or summary statistic as named.",Black-76 is an approximation for American-style MOEX contracts; historical bid/ask quotes are unavailable and interpolated labels are not direct quotes.
processed,volatility_surface_daily.csv,butterfly_25d,MOEX option/futures data plus calculated Black-76 fields,"calculated, configured, or same-named source series","text, category, native source unit, or dimensionless as applicable",daily,Average of target-delta call and put IV minus ATM IV.,Retained as NA and never replaced by zero; see rejection/source flags where applicable.,"Identifier, descriptive market measure, validation field, or summary statistic as named.",Black-76 is an approximation for American-style MOEX contracts; historical bid/ask quotes are unavailable and interpolated labels are not direct quotes.
analysis,event_window_comparison.csv,event_id,Calculated from processed research panels,"calculated, configured, or same-named source series","text, category, native source unit, or dimensionless as applicable",daily,"Direct field, documented selection hierarchy, or descriptive aggregation as indicated by the variable name.",Retained as NA and never replaced by zero; see rejection/source flags where applicable.,"Identifier, descriptive market measure, validation field, or summary statistic as named.",Missing source observations remain NA; zeros are retained only when the source explicitly reports zero.
analysis,event_window_comparison.csv,event_date,Calculated from processed research panels,"calculated, configured, or same-named source series",ISO date,daily,"Direct field, documented selection hierarchy, or descriptive aggregation as indicated by the variable name.",Retained as NA and never replaced by zero; see rejection/source flags where applicable.,"Identifier, descriptive market measure, validation field, or summary statistic as named.",Missing source observations remain NA; zeros are retained only when the source explicitly reports zero.
analysis,event_window_comparison.csv,window_calendar_days,Calculated from processed research panels,"calculated, configured, or same-named source series","text, category, native source unit, or dimensionless as applicable",daily,"Direct field, documented selection hierarchy, or descriptive aggregation as indicated by the variable name.",Retained as NA and never replaced by zero; see rejection/source flags where applicable.,"Identifier, descriptive market measure, validation field, or summary statistic as named.",Missing source observations remain NA; zeros are retained only when the source explicitly reports zero.
analysis,event_window_comparison.csv,dataset,Calculated from processed research panels,"calculated, configured, or same-named source series","text, category, native source unit, or dimensionless as applicable",daily,"Direct field, documented selection hierarchy, or descriptive aggregation as indicated by the variable name.",Retained as NA and never replaced by zero; see rejection/source flags where applicable.,"Identifier, descriptive market measure, validation field, or summary statistic as named.",Missing source observations remain NA; zeros are retained only when the source explicitly reports zero.
analysis,event_window_comparison.csv,pair,Calculated from processed research panels,"calculated, configured, or same-named source series","text, category, native source unit, or dimensionless as applicable",daily,"Direct field, documented selection hierarchy, or descriptive aggregation as indicated by the variable name.",Retained as NA and never replaced by zero; see rejection/source flags where applicable.,"Identifier, descriptive market measure, validation field, or summary statistic as named.",Missing source observations remain NA; zeros are retained only when the source explicitly reports zero.
analysis,event_window_comparison.csv,metric,Calculated from processed research panels,"calculated, configured, or same-named source series","text, category, native source unit, or dimensionless as applicable",daily,"Direct field, documented selection hierarchy, or descriptive aggregation as indicated by the variable name.",Retained as NA and never replaced by zero; see rejection/source flags where applicable.,"Identifier, descriptive market measure, validation field, or summary statistic as named.",Missing source observations remain NA; zeros are retained only when the source explicitly reports zero.
analysis,event_window_comparison.csv,before_nonmissing_observations,Calculated from processed research panels,"calculated, configured, or same-named source series",count,daily,"Direct field, documented selection hierarchy, or descriptive aggregation as indicated by the variable name.",Retained as NA and never replaced by zero; see rejection/source flags where applicable.,"Identifier, descriptive market measure, validation field, or summary statistic as named.",Missing source observations remain NA; zeros are retained only when the source explicitly reports zero.
analysis,event_window_comparison.csv,after_nonmissing_observations,Calculated from processed research panels,"calculated, configured, or same-named source series",count,daily,"Direct field, documented selection hierarchy, or descriptive aggregation as indicated by the variable name.",Retained as NA and never replaced by zero; see rejection/source flags where applicable.,"Identifier, descriptive market measure, validation field, or summary statistic as named.",Missing source observations remain NA; zeros are retained only when the source explicitly reports zero.
analysis,event_window_comparison.csv,before_mean,Calculated from processed research panels,"calculated, configured, or same-named source series","text, category, native source unit, or dimensionless as applicable",daily,"Direct field, documented selection hierarchy, or descriptive aggregation as indicated by the variable name.",Retained as NA and never replaced by zero; see rejection/source flags where applicable.,"Identifier, descriptive market measure, validation field, or summary statistic as named.",Missing source observations remain NA; zeros are retained only when the source explicitly reports zero.
analysis,event_window_comparison.csv,after_mean,Calculated from processed research panels,"calculated, configured, or same-named source series","text, category, native source unit, or dimensionless as applicable",daily,"Direct field, documented selection hierarchy, or descriptive aggregation as indicated by the variable name.",Retained as NA and never replaced by zero; see rejection/source flags where applicable.,"Identifier, descriptive market measure, validation field, or summary statistic as named.",Missing source observations remain NA; zeros are retained only when the source explicitly reports zero.
analysis,event_window_comparison.csv,difference_after_minus_before,Calculated from processed research panels,"calculated, configured, or same-named source series","text, category, native source unit, or dimensionless as applicable",daily,"Direct field, documented selection hierarchy, or descriptive aggregation as indicated by the variable name.",Retained as NA and never replaced by zero; see rejection/source flags where applicable.,"Identifier, descriptive market measure, validation field, or summary statistic as named.",Missing source observations remain NA; zeros are retained only when the source explicitly reports zero.
analysis,event_window_comparison.csv,percent_change_from_absolute_before_mean,Calculated from processed research panels,"calculated, configured, or same-named source series","text, category, native source unit, or dimensionless as applicable",daily,First difference within the documented pair or contract grouping.,Retained as NA and never replaced by zero; see rejection/source flags where applicable.,"Identifier, descriptive market measure, validation field, or summary statistic as named.",Missing source observations remain NA; zeros are retained only when the source explicitly reports zero.
analysis,regime_summary.csv,dataset,Calculated from processed research panels,"calculated, configured, or same-named source series","text, category, native source unit, or dimensionless as applicable",daily,"Direct field, documented selection hierarchy, or descriptive aggregation as indicated by the variable name.",Retained as NA and never replaced by zero; see rejection/source flags where applicable.,"Identifier, descriptive market measure, validation field, or summary statistic as named.",Missing source observations remain NA; zeros are retained only when the source explicitly reports zero.
analysis,regime_summary.csv,pair,Calculated from processed research panels,"calculated, configured, or same-named source series","text, category, native source unit, or dimensionless as applicable",daily,"Direct field, documented selection hierarchy, or descriptive aggregation as indicated by the variable name.",Retained as NA and never replaced by zero; see rejection/source flags where applicable.,"Identifier, descriptive market measure, validation field, or summary statistic as named.",Missing source observations remain NA; zeros are retained only when the source explicitly reports zero.
analysis,regime_summary.csv,market_regime,config/research_config.json,"calculated, configured, or same-named source series","text, category, native source unit, or dimensionless as applicable",daily,"Direct field, documented selection hierarchy, or descriptive aggregation as indicated by the variable name.",Retained as NA and never replaced by zero; see rejection/source flags where applicable.,Configurable event/regime classification for before-and-after analysis.,Missing source observations remain NA; zeros are retained only when the source explicitly reports zero.
analysis,regime_summary.csv,metric,Calculated from processed research panels,"calculated, configured, or same-named source series","text, category, native source unit, or dimensionless as applicable",daily,"Direct field, documented selection hierarchy, or descriptive aggregation as indicated by the variable name.",Retained as NA and never replaced by zero; see rejection/source flags where applicable.,"Identifier, descriptive market measure, validation field, or summary statistic as named.",Missing source observations remain NA; zeros are retained only when the source explicitly reports zero.
analysis,regime_summary.csv,nonmissing_observations,Calculated from processed research panels,"calculated, configured, or same-named source series",count,daily,"Direct field, documented selection hierarchy, or descriptive aggregation as indicated by the variable name.",Retained as NA and never replaced by zero; see rejection/source flags where applicable.,"Identifier, descriptive market measure, validation field, or summary statistic as named.",Missing source observations remain NA; zeros are retained only when the source explicitly reports zero.
analysis,regime_summary.csv,mean,Calculated from processed research panels,"calculated, configured, or same-named source series","text, category, native source unit, or dimensionless as applicable",daily,"Direct field, documented selection hierarchy, or descriptive aggregation as indicated by the variable name.",Retained as NA and never replaced by zero; see rejection/source flags where applicable.,"Identifier, descriptive market measure, validation field, or summary statistic as named.",Missing source observations remain NA; zeros are retained only when the source explicitly reports zero.
analysis,regime_summary.csv,median,Calculated from processed research panels,"calculated, configured, or same-named source series","text, category, native source unit, or dimensionless as applicable",daily,"Direct field, documented selection hierarchy, or descriptive aggregation as indicated by the variable name.",Retained as NA and never replaced by zero; see rejection/source flags where applicable.,"Identifier, descriptive market measure, validation field, or summary statistic as named.",Missing source observations remain NA; zeros are retained only when the source explicitly reports zero.
analysis,regime_summary.csv,standard_deviation,Calculated from processed research panels,"calculated, configured, or same-named source series","text, category, native source unit, or dimensionless as applicable",daily,"Direct field, documented selection hierarchy, or descriptive aggregation as indicated by the variable name.",Retained as NA and never replaced by zero; see rejection/source flags where applicable.,"Identifier, descriptive market measure, validation field, or summary statistic as named.",Missing source observations remain NA; zeros are retained only when the source explicitly reports zero.
analysis,regime_summary.csv,minimum,Calculated from processed research panels,"calculated, configured, or same-named source series","text, category, native source unit, or dimensionless as applicable",daily,"Direct field, documented selection hierarchy, or descriptive aggregation as indicated by the variable name.",Retained as NA and never replaced by zero; see rejection/source flags where applicable.,"Identifier, descriptive market measure, validation field, or summary statistic as named.",Missing source observations remain NA; zeros are retained only when the source explicitly reports zero.
analysis,regime_summary.csv,maximum,Calculated from processed research panels,"calculated, configured, or same-named source series","text, category, native source unit, or dimensionless as applicable",daily,"Direct field, documented selection hierarchy, or descriptive aggregation as indicated by the variable name.",Retained as NA and never replaced by zero; see rejection/source flags where applicable.,"Identifier, descriptive market measure, validation field, or summary statistic as named.",Missing source observations remain NA; zeros are retained only when the source explicitly reports zero.
