BOARDID,SECID,TRADEDATE,SHORTNAME,NAME,CLOSE,OPEN,HIGH,LOW,VALUE,DURATION,YIELD,DECIMALS,CAPITALIZATION,CURRENCYID,DIVISOR,TRADINGSESSION,VOLUME,TRADE_SESSION_DATE,RECALC_DATE
MMIX,RUSFAR2W,2022-07-01,RUSFAR 2W,RUSFAR 2 недели,9.13,9.13,9.13,9.13,4110000000.0,,,2,,RUB,,3,,2022-07-01,
MMIX,RUSFAR2W,2022-07-04,RUSFAR 2W,RUSFAR 2 недели,9.1,9.1,9.1,9.1,200000000.0,,,2,,RUB,,3,,2022-07-04,
MMIX,RUSFAR2W,2022-07-05,RUSFAR 2W,RUSFAR 2 недели,9.09,9.09,9.09,9.09,2818055000.0,,,2,,RUB,,3,,2022-07-05,
MMIX,RUSFAR2W,2022-07-06,RUSFAR 2W,RUSFAR 2 недели,9.11,9.11,9.11,9.11,1660300000.0,,,2,,RUB,,3,,2022-07-06,
MMIX,RUSFAR2W,2022-07-07,RUSFAR 2W,RUSFAR 2 недели,9.05,9.05,9.05,9.05,277945000.0,,,2,,RUB,,3,,2022-07-07,
MMIX,RUSFAR2W,2022-07-08,RUSFAR 2W,RUSFAR 2 недели,9.09,9.09,9.09,9.09,1934180000.0,,,2,,RUB,,3,,2022-07-08,
MMIX,RUSFAR2W,2022-07-11,RUSFAR 2W,RUSFAR 2 недели,9.17,9.17,9.17,9.17,1000000000.0,,,2,,RUB,,3,,2022-07-11,
MMIX,RUSFAR2W,2022-07-12,RUSFAR 2W,RUSFAR 2 недели,9.2,9.2,9.2,9.2,1000000000.0,,,2,,RUB,,3,,2022-07-12,
MMIX,RUSFAR2W,2022-07-13,RUSFAR 2W,RUSFAR 2 недели,9.16,9.16,9.16,9.16,1500000000.0,,,2,,RUB,,3,,2022-07-13,
MMIX,RUSFAR2W,2022-07-14,RUSFAR 2W,RUSFAR 2 недели,9.14,9.14,9.14,9.14,525050000.0,,,2,,RUB,,3,,2022-07-14,
MMIX,RUSFAR2W,2022-07-15,RUSFAR 2W,RUSFAR 2 недели,9.11,9.11,9.11,9.11,455000000.0,,,2,,RUB,,3,,2022-07-15,
MMIX,RUSFAR2W,2022-07-18,RUSFAR 2W,RUSFAR 2 недели,9.04,9.04,9.04,9.04,0.0,,,2,,RUB,,3,,2022-07-18,
MMIX,RUSFAR2W,2022-07-19,RUSFAR 2W,RUSFAR 2 недели,8.97,8.97,8.97,8.97,3900000000.0,,,2,,RUB,,3,,2022-07-19,
MMIX,RUSFAR2W,2022-07-20,RUSFAR 2W,RUSFAR 2 недели,8.94,8.94,8.94,8.94,652500000.0,,,2,,RUB,,3,,2022-07-20,
MMIX,RUSFAR2W,2022-07-21,RUSFAR 2W,RUSFAR 2 недели,8.94,8.94,8.94,8.94,161500000.0,,,2,,RUB,,3,,2022-07-21,
MMIX,RUSFAR2W,2022-07-22,RUSFAR 2W,RUSFAR 2 недели,8.77,8.77,8.77,8.77,1096570000.0,,,2,,RUB,,3,,2022-07-22,
MMIX,RUSFAR2W,2022-07-25,RUSFAR 2W,RUSFAR 2 недели,7.97,7.97,7.97,7.97,318000000.0,,,2,,RUB,,3,,2022-07-25,
MMIX,RUSFAR2W,2022-07-26,RUSFAR 2W,RUSFAR 2 недели,8.05,8.05,8.05,8.05,234450000.0,,,2,,RUB,,3,,2022-07-26,
MMIX,RUSFAR2W,2022-07-27,RUSFAR 2W,RUSFAR 2 недели,8.06,8.06,8.06,8.06,1210000000.0,,,2,,RUB,,3,,2022-07-27,
MMIX,RUSFAR2W,2022-07-28,RUSFAR 2W,RUSFAR 2 недели,8.03,8.03,8.03,8.03,102000000.0,,,2,,RUB,,3,,2022-07-28,
MMIX,RUSFAR2W,2022-07-29,RUSFAR 2W,RUSFAR 2 недели,8.04,8.04,8.04,8.04,141785000.0,,,2,,RUB,,3,,2022-07-29,
MMIX,RUSFAR2W,2022-08-01,RUSFAR 2W,RUSFAR 2 недели,8.02,8.02,8.02,8.02,6300000.0,,,2,,RUB,,3,,2022-08-01,
MMIX,RUSFAR2W,2022-08-02,RUSFAR 2W,RUSFAR 2 недели,7.97,7.97,7.97,7.97,7000000.0,,,2,,RUB,,3,,2022-08-02,
MMIX,RUSFAR2W,2022-08-03,RUSFAR 2W,RUSFAR 2 недели,7.92,7.92,7.92,7.92,796975000.0,,,2,,RUB,,3,,2022-08-03,
MMIX,RUSFAR2W,2022-08-04,RUSFAR 2W,RUSFAR 2 недели,7.91,7.91,7.91,7.91,410000000.0,,,2,,RUB,,3,,2022-08-04,
MMIX,RUSFAR2W,2022-08-05,RUSFAR 2W,RUSFAR 2 недели,7.84,7.84,7.84,7.84,543880000.0,,,2,,RUB,,3,,2022-08-05,
MMIX,RUSFAR2W,2022-08-08,RUSFAR 2W,RUSFAR 2 недели,7.89,7.89,7.89,7.89,120000000.0,,,2,,RUB,,3,,2022-08-08,
MMIX,RUSFAR2W,2022-08-09,RUSFAR 2W,RUSFAR 2 недели,7.89,7.89,7.89,7.89,1895146000.0,,,2,,RUB,,3,,2022-08-09,
MMIX,RUSFAR2W,2022-08-10,RUSFAR 2W,RUSFAR 2 недели,7.89,7.89,7.89,7.89,1415000000.0,,,2,,RUB,,3,,2022-08-10,
MMIX,RUSFAR2W,2022-08-11,RUSFAR 2W,RUSFAR 2 недели,7.87,7.87,7.87,7.87,2400000000.0,,,2,,RUB,,3,,2022-08-11,
MMIX,RUSFAR2W,2022-08-12,RUSFAR 2W,RUSFAR 2 недели,7.89,7.89,7.89,7.89,1010000000.0,,,2,,RUB,,3,,2022-08-12,
MMIX,RUSFAR2W,2022-08-15,RUSFAR 2W,RUSFAR 2 недели,7.88,7.88,7.88,7.88,630000000.0,,,2,,RUB,,3,,2022-08-15,
MMIX,RUSFAR2W,2022-08-16,RUSFAR 2W,RUSFAR 2 недели,7.88,7.88,7.88,7.88,2824000000.0,,,2,,RUB,,3,,2022-08-16,
MMIX,RUSFAR2W,2022-08-17,RUSFAR 2W,RUSFAR 2 недели,7.88,7.88,7.88,7.88,656700000.0,,,2,,RUB,,3,,2022-08-17,
MMIX,RUSFAR2W,2022-08-18,RUSFAR 2W,RUSFAR 2 недели,7.9,7.9,7.9,7.9,1327345000.0,,,2,,RUB,,3,,2022-08-18,
MMIX,RUSFAR2W,2022-08-19,RUSFAR 2W,RUSFAR 2 недели,7.89,7.89,7.89,7.89,2678150000.0,,,2,,RUB,,3,,2022-08-19,
MMIX,RUSFAR2W,2022-08-22,RUSFAR 2W,RUSFAR 2 недели,7.89,7.89,7.89,7.89,120000000.0,,,2,,RUB,,3,,2022-08-22,
MMIX,RUSFAR2W,2022-08-23,RUSFAR 2W,RUSFAR 2 недели,7.9,7.9,7.9,7.9,35382000.0,,,2,,RUB,,3,,2022-08-23,
MMIX,RUSFAR2W,2022-08-24,RUSFAR 2W,RUSFAR 2 недели,7.91,7.91,7.91,7.91,2566330000.0,,,2,,RUB,,3,,2022-08-24,
MMIX,RUSFAR2W,2022-08-25,RUSFAR 2W,RUSFAR 2 недели,7.96,7.96,7.96,7.96,600000000.0,,,2,,RUB,,3,,2022-08-25,
MMIX,RUSFAR2W,2022-08-26,RUSFAR 2W,RUSFAR 2 недели,8.05,8.05,8.05,8.05,3200000000.0,,,2,,RUB,,3,,2022-08-26,
MMIX,RUSFAR2W,2022-08-29,RUSFAR 2W,RUSFAR 2 недели,8.02,8.02,8.02,8.02,119400000.0,,,2,,RUB,,3,,2022-08-29,
MMIX,RUSFAR2W,2022-08-30,RUSFAR 2W,RUSFAR 2 недели,7.99,7.99,7.99,7.99,820000000.0,,,2,,RUB,,3,,2022-08-30,
MMIX,RUSFAR2W,2022-08-31,RUSFAR 2W,RUSFAR 2 недели,7.95,7.95,7.95,7.95,1661600000.0,,,2,,RUB,,3,,2022-08-31,
MMIX,RUSFAR2W,2022-09-01,RUSFAR 2W,RUSFAR 2 недели,7.87,7.87,7.87,7.87,1927500000.0,,,2,,RUB,,3,,2022-09-01,
MMIX,RUSFAR2W,2022-09-02,RUSFAR 2W,RUSFAR 2 недели,7.85,7.85,7.85,7.85,152400000.0,,,2,,RUB,,3,,2022-09-02,
MMIX,RUSFAR2W,2022-09-05,RUSFAR 2W,RUSFAR 2 недели,7.89,7.89,7.89,7.89,1320000000.0,,,2,,RUB,,3,,2022-09-05,
MMIX,RUSFAR2W,2022-09-06,RUSFAR 2W,RUSFAR 2 недели,7.88,7.88,7.88,7.88,1749486000.0,,,2,,RUB,,3,,2022-09-06,
MMIX,RUSFAR2W,2022-09-07,RUSFAR 2W,RUSFAR 2 недели,7.84,7.84,7.84,7.84,268950000.0,,,2,,RUB,,3,,2022-09-07,
MMIX,RUSFAR2W,2022-09-08,RUSFAR 2W,RUSFAR 2 недели,7.79,7.79,7.79,7.79,0.0,,,2,,RUB,,3,,2022-09-08,
MMIX,RUSFAR2W,2022-09-09,RUSFAR 2W,RUSFAR 2 недели,7.8,7.8,7.8,7.8,182000000.0,,,2,,RUB,,3,,2022-09-09,
MMIX,RUSFAR2W,2022-09-12,RUSFAR 2W,RUSFAR 2 недели,7.72,7.72,7.72,7.72,270295000.0,,,2,,RUB,,3,,2022-09-12,
MMIX,RUSFAR2W,2022-09-13,RUSFAR 2W,RUSFAR 2 недели,7.76,7.76,7.76,7.76,2500000.0,,,2,,RUB,,3,,2022-09-13,
MMIX,RUSFAR2W,2022-09-14,RUSFAR 2W,RUSFAR 2 недели,7.71,7.71,7.71,7.71,668075000.0,,,2,,RUB,,3,,2022-09-14,
MMIX,RUSFAR2W,2022-09-15,RUSFAR 2W,RUSFAR 2 недели,7.6,7.6,7.6,7.6,234700000.0,,,2,,RUB,,3,,2022-09-15,
MMIX,RUSFAR2W,2022-09-16,RUSFAR 2W,RUSFAR 2 недели,7.51,7.51,7.51,7.51,140955000.0,,,2,,RUB,,3,,2022-09-16,
MMIX,RUSFAR2W,2022-09-19,RUSFAR 2W,RUSFAR 2 недели,7.46,7.46,7.46,7.46,1147280000.0,,,2,,RUB,,3,,2022-09-19,
MMIX,RUSFAR2W,2022-09-20,RUSFAR 2W,RUSFAR 2 недели,7.46,7.46,7.46,7.46,1351927000.0,,,2,,RUB,,3,,2022-09-20,
MMIX,RUSFAR2W,2022-09-21,RUSFAR 2W,RUSFAR 2 недели,7.53,7.53,7.53,7.53,5000000000.0,,,2,,RUB,,3,,2022-09-21,
MMIX,RUSFAR2W,2022-09-22,RUSFAR 2W,RUSFAR 2 недели,7.52,7.52,7.52,7.52,25500000.0,,,2,,RUB,,3,,2022-09-22,
MMIX,RUSFAR2W,2022-09-23,RUSFAR 2W,RUSFAR 2 недели,7.53,7.53,7.53,7.53,50420000.0,,,2,,RUB,,3,,2022-09-23,
MMIX,RUSFAR2W,2022-09-26,RUSFAR 2W,RUSFAR 2 недели,7.54,7.54,7.54,7.54,0.0,,,2,,RUB,,3,,2022-09-26,
MMIX,RUSFAR2W,2022-09-27,RUSFAR 2W,RUSFAR 2 недели,7.61,7.61,7.61,7.61,149150000.0,,,2,,RUB,,3,,2022-09-27,
MMIX,RUSFAR2W,2022-09-28,RUSFAR 2W,RUSFAR 2 недели,7.64,7.64,7.64,7.64,368950000.0,,,2,,RUB,,3,,2022-09-28,
MMIX,RUSFAR2W,2022-09-29,RUSFAR 2W,RUSFAR 2 недели,7.65,7.65,7.65,7.65,0.0,,,2,,RUB,,3,,2022-09-29,
MMIX,RUSFAR2W,2022-09-30,RUSFAR 2W,RUSFAR 2 недели,7.67,7.67,7.67,7.67,1700000000.0,,,2,,RUB,,3,,2022-09-30,
MMIX,RUSFAR2W,2022-10-03,RUSFAR 2W,RUSFAR 2 недели,7.85,7.85,7.85,7.85,1415300000.0,,,2,,RUB,,3,,2022-10-03,
MMIX,RUSFAR2W,2022-10-04,RUSFAR 2W,RUSFAR 2 недели,7.71,7.71,7.71,7.71,1044533000.0,,,2,,RUB,,3,,2022-10-04,
MMIX,RUSFAR2W,2022-10-05,RUSFAR 2W,RUSFAR 2 недели,7.75,7.75,7.75,7.75,98600000.0,,,2,,RUB,,3,,2022-10-05,
MMIX,RUSFAR2W,2022-10-06,RUSFAR 2W,RUSFAR 2 недели,7.77,7.77,7.77,7.77,228500000.0,,,2,,RUB,,3,,2022-10-06,
MMIX,RUSFAR2W,2022-10-07,RUSFAR 2W,RUSFAR 2 недели,7.75,7.75,7.75,7.75,0.0,,,2,,RUB,,3,,2022-10-07,
MMIX,RUSFAR2W,2022-10-10,RUSFAR 2W,RUSFAR 2 недели,7.69,7.69,7.69,7.69,2033700000.0,,,2,,RUB,,3,,2022-10-10,
MMIX,RUSFAR2W,2022-10-11,RUSFAR 2W,RUSFAR 2 недели,7.63,7.63,7.63,7.63,2010000000.0,,,2,,RUB,,3,,2022-10-11,
MMIX,RUSFAR2W,2022-10-12,RUSFAR 2W,RUSFAR 2 недели,7.63,7.63,7.63,7.63,3864400000.0,,,2,,RUB,,3,,2022-10-12,
MMIX,RUSFAR2W,2022-10-13,RUSFAR 2W,RUSFAR 2 недели,7.65,7.65,7.65,7.65,0.0,,,2,,RUB,,3,,2022-10-13,
MMIX,RUSFAR2W,2022-10-14,RUSFAR 2W,RUSFAR 2 недели,7.65,7.65,7.65,7.65,189765000.0,,,2,,RUB,,3,,2022-10-14,
MMIX,RUSFAR2W,2022-10-17,RUSFAR 2W,RUSFAR 2 недели,7.6,7.6,7.6,7.6,0.0,,,2,,RUB,,3,,2022-10-17,
MMIX,RUSFAR2W,2022-10-18,RUSFAR 2W,RUSFAR 2 недели,7.61,7.61,7.61,7.61,2677010000.0,,,2,,RUB,,3,,2022-10-18,
MMIX,RUSFAR2W,2022-10-19,RUSFAR 2W,RUSFAR 2 недели,7.55,7.55,7.55,7.55,2301887000.0,,,2,,RUB,,3,,2022-10-19,
MMIX,RUSFAR2W,2022-10-20,RUSFAR 2W,RUSFAR 2 недели,7.56,7.56,7.56,7.56,330000000.0,,,2,,RUB,,3,,2022-10-20,
MMIX,RUSFAR2W,2022-10-21,RUSFAR 2W,RUSFAR 2 недели,7.56,7.56,7.56,7.56,3000000.0,,,2,,RUB,,3,,2022-10-21,
MMIX,RUSFAR2W,2022-10-24,RUSFAR 2W,RUSFAR 2 недели,7.56,7.56,7.56,7.56,3001400000.0,,,2,,RUB,,3,,2022-10-24,
MMIX,RUSFAR2W,2022-10-25,RUSFAR 2W,RUSFAR 2 недели,7.55,7.55,7.55,7.55,540000000.0,,,2,,RUB,,3,,2022-10-25,
MMIX,RUSFAR2W,2022-10-26,RUSFAR 2W,RUSFAR 2 недели,7.56,7.56,7.56,7.56,666300000.0,,,2,,RUB,,3,,2022-10-26,
MMIX,RUSFAR2W,2022-10-27,RUSFAR 2W,RUSFAR 2 недели,7.55,7.55,7.55,7.55,1900000000.0,,,2,,RUB,,3,,2022-10-27,
MMIX,RUSFAR2W,2022-10-28,RUSFAR 2W,RUSFAR 2 недели,7.54,7.54,7.54,7.54,620000000.0,,,2,,RUB,,3,,2022-10-28,
MMIX,RUSFAR2W,2022-10-31,RUSFAR 2W,RUSFAR 2 недели,7.64,7.64,7.64,7.64,1816000000.0,,,2,,RUB,,3,,2022-10-31,
MMIX,RUSFAR2W,2022-11-01,RUSFAR 2W,RUSFAR 2 недели,7.59,7.59,7.59,7.59,1193750000.0,,,2,,RUB,,3,,2022-11-01,
MMIX,RUSFAR2W,2022-11-02,RUSFAR 2W,RUSFAR 2 недели,7.61,7.61,7.61,7.61,1109390000.0,,,2,,RUB,,3,,2022-11-02,
MMIX,RUSFAR2W,2022-11-03,RUSFAR 2W,RUSFAR 2 недели,7.66,7.66,7.66,7.66,2629837000.0,,,2,,RUB,,3,,2022-11-03,
MMIX,RUSFAR2W,2022-11-07,RUSFAR 2W,RUSFAR 2 недели,7.65,7.65,7.65,7.65,1023000000.0,,,2,,RUB,,3,,2022-11-07,
MMIX,RUSFAR2W,2022-11-08,RUSFAR 2W,RUSFAR 2 недели,7.63,7.63,7.63,7.63,1405033000.0,,,2,,RUB,,3,,2022-11-08,
MMIX,RUSFAR2W,2022-11-09,RUSFAR 2W,RUSFAR 2 недели,7.64,7.64,7.64,7.64,3950100000.0,,,2,,RUB,,3,,2022-11-09,
MMIX,RUSFAR2W,2022-11-10,RUSFAR 2W,RUSFAR 2 недели,7.62,7.62,7.62,7.62,300000000.0,,,2,,RUB,,3,,2022-11-10,
MMIX,RUSFAR2W,2022-11-11,RUSFAR 2W,RUSFAR 2 недели,7.61,7.61,7.61,7.61,3434000000.0,,,2,,RUB,,3,,2022-11-11,
MMIX,RUSFAR2W,2022-11-14,RUSFAR 2W,RUSFAR 2 недели,7.52,7.52,7.52,7.52,3047000.0,,,2,,RUB,,3,,2022-11-14,
MMIX,RUSFAR2W,2022-11-15,RUSFAR 2W,RUSFAR 2 недели,7.57,7.57,7.57,7.57,3901410000.0,,,2,,RUB,,3,,2022-11-15,
MMIX,RUSFAR2W,2022-11-16,RUSFAR 2W,RUSFAR 2 недели,7.61,7.61,7.61,7.61,3077655000.0,,,2,,RUB,,3,,2022-11-16,
MMIX,RUSFAR2W,2022-11-17,RUSFAR 2W,RUSFAR 2 недели,7.62,7.62,7.62,7.62,4851700000.0,,,2,,RUB,,3,,2022-11-17,
MMIX,RUSFAR2W,2022-11-18,RUSFAR 2W,RUSFAR 2 недели,7.63,7.63,7.63,7.63,3600000000.0,,,2,,RUB,,3,,2022-11-18,
MMIX,RUSFAR2W,2022-11-21,RUSFAR 2W,RUSFAR 2 недели,7.61,7.61,7.61,7.61,2000000000.0,,,2,,RUB,,3,,2022-11-21,
MMIX,RUSFAR2W,2022-11-22,RUSFAR 2W,RUSFAR 2 недели,7.58,7.58,7.58,7.58,1432115000.0,,,2,,RUB,,3,,2022-11-22,
MMIX,RUSFAR2W,2022-11-23,RUSFAR 2W,RUSFAR 2 недели,7.5,7.5,7.5,7.5,7000750000.0,,,2,,RUB,,3,,2022-11-23,
MMIX,RUSFAR2W,2022-11-24,RUSFAR 2W,RUSFAR 2 недели,7.42,7.42,7.42,7.42,1910000000.0,,,2,,RUB,,3,,2022-11-24,
MMIX,RUSFAR2W,2022-11-25,RUSFAR 2W,RUSFAR 2 недели,7.34,7.34,7.34,7.34,1211296000.0,,,2,,RUB,,3,,2022-11-25,
MMIX,RUSFAR2W,2022-11-28,RUSFAR 2W,RUSFAR 2 недели,7.39,7.39,7.39,7.39,3822700000.0,,,2,,RUB,,3,,2022-11-28,
MMIX,RUSFAR2W,2022-11-29,RUSFAR 2W,RUSFAR 2 недели,7.38,7.38,7.38,7.38,2099410000.0,,,2,,RUB,,3,,2022-11-29,
MMIX,RUSFAR2W,2022-11-30,RUSFAR 2W,RUSFAR 2 недели,7.41,7.41,7.41,7.41,235640000.0,,,2,,RUB,,3,,2022-11-30,
MMIX,RUSFAR2W,2022-12-01,RUSFAR 2W,RUSFAR 2 недели,7.37,7.37,7.37,7.37,2183610000.0,,,2,,RUB,,3,,2022-12-01,
MMIX,RUSFAR2W,2022-12-02,RUSFAR 2W,RUSFAR 2 недели,7.42,7.42,7.42,7.42,2327500000.0,,,2,,RUB,,3,,2022-12-02,
MMIX,RUSFAR2W,2022-12-05,RUSFAR 2W,RUSFAR 2 недели,7.37,7.37,7.37,7.37,1777490000.0,,,2,,RUB,,3,,2022-12-05,
MMIX,RUSFAR2W,2022-12-06,RUSFAR 2W,RUSFAR 2 недели,7.37,7.37,7.37,7.37,904145000.0,,,2,,RUB,,3,,2022-12-06,
MMIX,RUSFAR2W,2022-12-07,RUSFAR 2W,RUSFAR 2 недели,7.38,7.38,7.38,7.38,2236089000.0,,,2,,RUB,,3,,2022-12-07,
MMIX,RUSFAR2W,2022-12-08,RUSFAR 2W,RUSFAR 2 недели,7.36,7.36,7.36,7.36,4504500000.0,,,2,,RUB,,3,,2022-12-08,
MMIX,RUSFAR2W,2022-12-09,RUSFAR 2W,RUSFAR 2 недели,7.35,7.35,7.35,7.35,748790000.0,,,2,,RUB,,3,,2022-12-09,
MMIX,RUSFAR2W,2022-12-12,RUSFAR 2W,RUSFAR 2 недели,7.33,7.33,7.33,7.33,1216034000.0,,,2,,RUB,,3,,2022-12-12,
MMIX,RUSFAR2W,2022-12-13,RUSFAR 2W,RUSFAR 2 недели,7.31,7.31,7.31,7.31,976100000.0,,,2,,RUB,,3,,2022-12-13,
MMIX,RUSFAR2W,2022-12-14,RUSFAR 2W,RUSFAR 2 недели,7.31,7.31,7.31,7.31,1000000000.0,,,2,,RUB,,3,,2022-12-14,
MMIX,RUSFAR2W,2022-12-15,RUSFAR 2W,RUSFAR 2 недели,7.31,7.31,7.31,7.31,240000000.0,,,2,,RUB,,3,,2022-12-15,
MMIX,RUSFAR2W,2022-12-16,RUSFAR 2W,RUSFAR 2 недели,7.35,7.35,7.35,7.35,0.0,,,2,,RUB,,3,,2022-12-16,
MMIX,RUSFAR2W,2022-12-19,RUSFAR 2W,RUSFAR 2 недели,7.36,7.36,7.36,7.36,2001660000.0,,,2,,RUB,,3,,2022-12-19,
MMIX,RUSFAR2W,2022-12-20,RUSFAR 2W,RUSFAR 2 недели,7.42,7.42,7.42,7.42,7304000000.0,,,2,,RUB,,3,,2022-12-20,
MMIX,RUSFAR2W,2022-12-21,RUSFAR 2W,RUSFAR 2 недели,7.49,7.49,7.49,7.49,9035000000.0,,,2,,RUB,,3,,2022-12-21,
MMIX,RUSFAR2W,2022-12-22,RUSFAR 2W,RUSFAR 2 недели,7.47,7.47,7.47,7.47,6949301000.0,,,2,,RUB,,3,,2022-12-22,
MMIX,RUSFAR2W,2022-12-23,RUSFAR 2W,RUSFAR 2 недели,7.53,7.53,7.53,7.53,8018502000.0,,,2,,RUB,,3,,2022-12-23,
MMIX,RUSFAR2W,2022-12-26,RUSFAR 2W,RUSFAR 2 недели,7.5,7.5,7.5,7.5,8446088000.0,,,2,,RUB,,3,,2022-12-26,
MMIX,RUSFAR2W,2022-12-27,RUSFAR 2W,RUSFAR 2 недели,7.49,7.49,7.49,7.49,1541795000.0,,,2,,RUB,,3,,2022-12-27,
MMIX,RUSFAR2W,2022-12-28,RUSFAR 2W,RUSFAR 2 недели,7.51,7.51,7.51,7.51,4699800000.0,,,2,,RUB,,3,,2022-12-28,
MMIX,RUSFAR2W,2022-12-29,RUSFAR 2W,RUSFAR 2 недели,7.57,7.57,7.57,7.57,1177950000.0,,,2,,RUB,,3,,2022-12-29,
MMIX,RUSFAR2W,2023-01-09,RUSFAR 2W,RUSFAR 2 недели,7.49,7.49,7.49,7.49,7477677000.0,,,2,,RUB,,3,,2023-01-09,
MMIX,RUSFAR2W,2023-01-10,RUSFAR 2W,RUSFAR 2 недели,7.39,7.39,7.39,7.39,6316517000.0,,,2,,RUB,,3,,2023-01-10,
MMIX,RUSFAR2W,2023-01-11,RUSFAR 2W,RUSFAR 2 недели,7.36,7.36,7.36,7.36,58700000.0,,,2,,RUB,,3,,2023-01-11,
MMIX,RUSFAR2W,2023-01-12,RUSFAR 2W,RUSFAR 2 недели,7.31,7.31,7.31,7.31,6287390000.0,,,2,,RUB,,3,,2023-01-12,
MMIX,RUSFAR2W,2023-01-13,RUSFAR 2W,RUSFAR 2 недели,7.25,7.25,7.25,7.25,406152000.0,,,2,,RUB,,3,,2023-01-13,
MMIX,RUSFAR2W,2023-01-16,RUSFAR 2W,RUSFAR 2 недели,7.35,7.35,7.35,7.35,3432750000.0,,,2,,RUB,,3,,2023-01-16,
MMIX,RUSFAR2W,2023-01-17,RUSFAR 2W,RUSFAR 2 недели,7.32,7.32,7.32,7.32,3000000.0,,,2,,RUB,,3,,2023-01-17,
MMIX,RUSFAR2W,2023-01-18,RUSFAR 2W,RUSFAR 2 недели,7.35,7.35,7.35,7.35,110987000.0,,,2,,RUB,,3,,2023-01-18,
MMIX,RUSFAR2W,2023-01-19,RUSFAR 2W,RUSFAR 2 недели,7.24,7.24,7.24,7.24,400000000.0,,,2,,RUB,,3,,2023-01-19,
MMIX,RUSFAR2W,2023-01-20,RUSFAR 2W,RUSFAR 2 недели,7.18,7.18,7.18,7.18,210830000.0,,,2,,RUB,,3,,2023-01-20,
MMIX,RUSFAR2W,2023-01-23,RUSFAR 2W,RUSFAR 2 недели,7.21,7.21,7.21,7.21,1978000000.0,,,2,,RUB,,3,,2023-01-23,
MMIX,RUSFAR2W,2023-01-24,RUSFAR 2W,RUSFAR 2 недели,7.11,7.11,7.11,7.11,13401200000.0,,,2,,RUB,,3,,2023-01-24,
MMIX,RUSFAR2W,2023-01-25,RUSFAR 2W,RUSFAR 2 недели,7.12,7.12,7.12,7.12,982500000.0,,,2,,RUB,,3,,2023-01-25,
MMIX,RUSFAR2W,2023-01-26,RUSFAR 2W,RUSFAR 2 недели,7.12,7.12,7.12,7.12,200000000.0,,,2,,RUB,,3,,2023-01-26,
MMIX,RUSFAR2W,2023-01-27,RUSFAR 2W,RUSFAR 2 недели,7.11,7.11,7.11,7.11,1916530000.0,,,2,,RUB,,3,,2023-01-27,
MMIX,RUSFAR2W,2023-01-30,RUSFAR 2W,RUSFAR 2 недели,7.1,7.1,7.1,7.1,2515000000.0,,,2,,RUB,,3,,2023-01-30,
MMIX,RUSFAR2W,2023-01-31,RUSFAR 2W,RUSFAR 2 недели,7.18,7.18,7.18,7.18,2190025000.0,,,2,,RUB,,3,,2023-01-31,
MMIX,RUSFAR2W,2023-02-01,RUSFAR 2W,RUSFAR 2 недели,7.13,7.13,7.13,7.13,3723300000.0,,,2,,RUB,,3,,2023-02-01,
MMIX,RUSFAR2W,2023-02-02,RUSFAR 2W,RUSFAR 2 недели,7.11,7.11,7.11,7.11,539200000.0,,,2,,RUB,,3,,2023-02-02,
MMIX,RUSFAR2W,2023-02-03,RUSFAR 2W,RUSFAR 2 недели,7.11,7.11,7.11,7.11,30000000.0,,,2,,RUB,,3,,2023-02-03,
MMIX,RUSFAR2W,2023-02-06,RUSFAR 2W,RUSFAR 2 недели,7.11,7.11,7.11,7.11,87620000.0,,,2,,RUB,,3,,2023-02-06,
MMIX,RUSFAR2W,2023-02-07,RUSFAR 2W,RUSFAR 2 недели,7.09,7.09,7.09,7.09,787957000.0,,,2,,RUB,,3,,2023-02-07,
MMIX,RUSFAR2W,2023-02-08,RUSFAR 2W,RUSFAR 2 недели,7.07,7.07,7.07,7.07,4426300000.0,,,2,,RUB,,3,,2023-02-08,
MMIX,RUSFAR2W,2023-02-09,RUSFAR 2W,RUSFAR 2 недели,7.03,7.03,7.03,7.03,3636300000.0,,,2,,RUB,,3,,2023-02-09,
MMIX,RUSFAR2W,2023-02-10,RUSFAR 2W,RUSFAR 2 недели,7.02,7.02,7.02,7.02,59900000.0,,,2,,RUB,,3,,2023-02-10,
MMIX,RUSFAR2W,2023-02-13,RUSFAR 2W,RUSFAR 2 недели,7.04,7.04,7.04,7.04,3997200000.0,,,2,,RUB,,3,,2023-02-13,
MMIX,RUSFAR2W,2023-02-14,RUSFAR 2W,RUSFAR 2 недели,7.05,7.05,7.05,7.05,6600000000.0,,,2,,RUB,,3,,2023-02-14,
MMIX,RUSFAR2W,2023-02-15,RUSFAR 2W,RUSFAR 2 недели,7.15,7.15,7.15,7.15,4231735000.0,,,2,,RUB,,3,,2023-02-15,
MMIX,RUSFAR2W,2023-02-16,RUSFAR 2W,RUSFAR 2 недели,7.17,7.17,7.17,7.17,1485200000.0,,,2,,RUB,,3,,2023-02-16,
MMIX,RUSFAR2W,2023-02-17,RUSFAR 2W,RUSFAR 2 недели,7.23,7.23,7.23,7.23,5958950000.0,,,2,,RUB,,3,,2023-02-17,
MMIX,RUSFAR2W,2023-02-20,RUSFAR 2W,RUSFAR 2 недели,7.31,7.31,7.31,7.31,407369000.0,,,2,,RUB,,3,,2023-02-20,
MMIX,RUSFAR2W,2023-02-21,RUSFAR 2W,RUSFAR 2 недели,7.39,7.39,7.39,7.39,1545400000.0,,,2,,RUB,,3,,2023-02-21,
MMIX,RUSFAR2W,2023-02-22,RUSFAR 2W,RUSFAR 2 недели,7.37,7.37,7.37,7.37,600000000.0,,,2,,RUB,,3,,2023-02-22,
MMIX,RUSFAR2W,2023-02-27,RUSFAR 2W,RUSFAR 2 недели,7.39,7.39,7.39,7.39,1723000000.0,,,2,,RUB,,3,,2023-02-27,
MMIX,RUSFAR2W,2023-02-28,RUSFAR 2W,RUSFAR 2 недели,7.44,7.44,7.44,7.44,5511853000.0,,,2,,RUB,,3,,2023-02-28,
MMIX,RUSFAR2W,2023-03-01,RUSFAR 2W,RUSFAR 2 недели,7.43,7.43,7.43,7.43,1400000000.0,,,2,,RUB,,3,,2023-03-01,
MMIX,RUSFAR2W,2023-03-02,RUSFAR 2W,RUSFAR 2 недели,7.42,7.42,7.42,7.42,35050000.0,,,2,,RUB,,3,,2023-03-02,
MMIX,RUSFAR2W,2023-03-03,RUSFAR 2W,RUSFAR 2 недели,7.49,7.49,7.49,7.49,2849900000.0,,,2,,RUB,,3,,2023-03-03,
MMIX,RUSFAR2W,2023-03-06,RUSFAR 2W,RUSFAR 2 недели,7.6,7.6,7.6,7.6,2886700000.0,,,2,,RUB,,3,,2023-03-06,
MMIX,RUSFAR2W,2023-03-07,RUSFAR 2W,RUSFAR 2 недели,7.56,7.56,7.56,7.56,137500000.0,,,2,,RUB,,3,,2023-03-07,
MMIX,RUSFAR2W,2023-03-09,RUSFAR 2W,RUSFAR 2 недели,7.51,7.51,7.51,7.51,1636555000.0,,,2,,RUB,,3,,2023-03-09,
MMIX,RUSFAR2W,2023-03-10,RUSFAR 2W,RUSFAR 2 недели,7.41,7.41,7.41,7.41,205980000.0,,,2,,RUB,,3,,2023-03-10,
MMIX,RUSFAR2W,2023-03-13,RUSFAR 2W,RUSFAR 2 недели,7.37,7.37,7.37,7.37,65000000.0,,,2,,RUB,,3,,2023-03-13,
MMIX,RUSFAR2W,2023-03-14,RUSFAR 2W,RUSFAR 2 недели,7.24,7.24,7.24,7.24,2362270000.0,,,2,,RUB,,3,,2023-03-14,
MMIX,RUSFAR2W,2023-03-15,RUSFAR 2W,RUSFAR 2 недели,7.31,7.31,7.31,7.31,16000000.0,,,2,,RUB,,3,,2023-03-15,
MMIX,RUSFAR2W,2023-03-16,RUSFAR 2W,RUSFAR 2 недели,7.27,7.27,7.27,7.27,450000000.0,,,2,,RUB,,3,,2023-03-16,
MMIX,RUSFAR2W,2023-03-17,RUSFAR 2W,RUSFAR 2 недели,7.28,7.28,7.28,7.28,1609060000.0,,,2,,RUB,,3,,2023-03-17,
MMIX,RUSFAR2W,2023-03-20,RUSFAR 2W,RUSFAR 2 недели,7.25,7.25,7.25,7.25,2930850000.0,,,2,,RUB,,3,,2023-03-20,
MMIX,RUSFAR2W,2023-03-21,RUSFAR 2W,RUSFAR 2 недели,7.32,7.32,7.32,7.32,1600100000.0,,,2,,RUB,,3,,2023-03-21,
MMIX,RUSFAR2W,2023-03-22,RUSFAR 2W,RUSFAR 2 недели,7.28,7.28,7.28,7.28,1330100000.0,,,2,,RUB,,3,,2023-03-22,
MMIX,RUSFAR2W,2023-03-23,RUSFAR 2W,RUSFAR 2 недели,7.23,7.23,7.23,7.23,5950550000.0,,,2,,RUB,,3,,2023-03-23,
MMIX,RUSFAR2W,2023-03-24,RUSFAR 2W,RUSFAR 2 недели,7.23,7.23,7.23,7.23,1100000000.0,,,2,,RUB,,3,,2023-03-24,
MMIX,RUSFAR2W,2023-03-27,RUSFAR 2W,RUSFAR 2 недели,7.25,7.25,7.25,7.25,2405500000.0,,,2,,RUB,,3,,2023-03-27,
MMIX,RUSFAR2W,2023-03-28,RUSFAR 2W,RUSFAR 2 недели,7.27,7.27,7.27,7.27,7886000000.0,,,2,,RUB,,3,,2023-03-28,
MMIX,RUSFAR2W,2023-03-29,RUSFAR 2W,RUSFAR 2 недели,7.58,7.58,7.58,7.58,492000000.0,,,2,,RUB,,3,,2023-03-29,
MMIX,RUSFAR2W,2023-03-30,RUSFAR 2W,RUSFAR 2 недели,7.36,7.36,7.36,7.36,314676000.0,,,2,,RUB,,3,,2023-03-30,
MMIX,RUSFAR2W,2023-03-31,RUSFAR 2W,RUSFAR 2 недели,7.35,7.35,7.35,7.35,5143001000.0,,,2,,RUB,,3,,2023-03-31,
MMIX,RUSFAR2W,2023-04-03,RUSFAR 2W,RUSFAR 2 недели,7.34,7.34,7.34,7.34,4311575000.0,,,2,,RUB,,3,,2023-04-03,
MMIX,RUSFAR2W,2023-04-04,RUSFAR 2W,RUSFAR 2 недели,7.31,7.31,7.31,7.31,200000000.0,,,2,,RUB,,3,,2023-04-04,
MMIX,RUSFAR2W,2023-04-05,RUSFAR 2W,RUSFAR 2 недели,7.26,7.26,7.26,7.26,656800000.0,,,2,,RUB,,3,,2023-04-05,
MMIX,RUSFAR2W,2023-04-06,RUSFAR 2W,RUSFAR 2 недели,7.25,7.25,7.25,7.25,3142480000.0,,,2,,RUB,,3,,2023-04-06,
MMIX,RUSFAR2W,2023-04-07,RUSFAR 2W,RUSFAR 2 недели,7.22,7.22,7.22,7.22,92760000.0,,,2,,RUB,,3,,2023-04-07,
MMIX,RUSFAR2W,2023-04-10,RUSFAR 2W,RUSFAR 2 недели,7.25,7.25,7.25,7.25,1202900000.0,,,2,,RUB,,3,,2023-04-10,
MMIX,RUSFAR2W,2023-04-11,RUSFAR 2W,RUSFAR 2 недели,7.32,7.32,7.32,7.32,3947100000.0,,,2,,RUB,,3,,2023-04-11,
MMIX,RUSFAR2W,2023-04-12,RUSFAR 2W,RUSFAR 2 недели,7.32,7.32,7.32,7.32,665000000.0,,,2,,RUB,,3,,2023-04-12,
MMIX,RUSFAR2W,2023-04-13,RUSFAR 2W,RUSFAR 2 недели,7.34,7.34,7.34,7.34,2420770000.0,,,2,,RUB,,3,,2023-04-13,
MMIX,RUSFAR2W,2023-04-14,RUSFAR 2W,RUSFAR 2 недели,7.37,7.37,7.37,7.37,1220000000.0,,,2,,RUB,,3,,2023-04-14,
MMIX,RUSFAR2W,2023-04-17,RUSFAR 2W,RUSFAR 2 недели,7.41,7.41,7.41,7.41,2114570000.0,,,2,,RUB,,3,,2023-04-17,
MMIX,RUSFAR2W,2023-04-18,RUSFAR 2W,RUSFAR 2 недели,7.47,7.47,7.47,7.47,450000000.0,,,2,,RUB,,3,,2023-04-18,
MMIX,RUSFAR2W,2023-04-19,RUSFAR 2W,RUSFAR 2 недели,7.44,7.44,7.44,7.44,200000000.0,,,2,,RUB,,3,,2023-04-19,
MMIX,RUSFAR2W,2023-04-20,RUSFAR 2W,RUSFAR 2 недели,7.36,7.36,7.36,7.36,5080650000.0,,,2,,RUB,,3,,2023-04-20,
MMIX,RUSFAR2W,2023-04-21,RUSFAR 2W,RUSFAR 2 недели,7.35,7.35,7.35,7.35,2477400000.0,,,2,,RUB,,3,,2023-04-21,
MMIX,RUSFAR2W,2023-04-24,RUSFAR 2W,RUSFAR 2 недели,7.32,7.32,7.32,7.32,3366440000.0,,,2,,RUB,,3,,2023-04-24,
MMIX,RUSFAR2W,2023-04-25,RUSFAR 2W,RUSFAR 2 недели,7.27,7.27,7.27,7.27,6126710000.0,,,2,,RUB,,3,,2023-04-25,
MMIX,RUSFAR2W,2023-04-26,RUSFAR 2W,RUSFAR 2 недели,7.24,7.24,7.24,7.24,3000000000.0,,,2,,RUB,,3,,2023-04-26,
MMIX,RUSFAR2W,2023-04-27,RUSFAR 2W,RUSFAR 2 недели,7.21,7.21,7.21,7.21,493161000.0,,,2,,RUB,,3,,2023-04-27,
MMIX,RUSFAR2W,2023-04-28,RUSFAR 2W,RUSFAR 2 недели,7.38,7.38,7.38,7.38,1345100000.0,,,2,,RUB,,3,,2023-04-28,
MMIX,RUSFAR2W,2023-05-02,RUSFAR 2W,RUSFAR 2 недели,7.42,7.42,7.42,7.42,4504393000.0,,,2,,RUB,,3,,2023-05-02,
MMIX,RUSFAR2W,2023-05-03,RUSFAR 2W,RUSFAR 2 недели,7.35,7.35,7.35,7.35,4233500000.0,,,2,,RUB,,3,,2023-05-03,
MMIX,RUSFAR2W,2023-05-04,RUSFAR 2W,RUSFAR 2 недели,7.27,7.27,7.27,7.27,5103680000.0,,,2,,RUB,,3,,2023-05-04,
MMIX,RUSFAR2W,2023-05-05,RUSFAR 2W,RUSFAR 2 недели,7.21,7.21,7.21,7.21,304800000.0,,,2,,RUB,,3,,2023-05-05,
MMIX,RUSFAR2W,2023-05-10,RUSFAR 2W,RUSFAR 2 недели,7.29,7.29,7.29,7.29,453075000.0,,,2,,RUB,,3,,2023-05-10,
MMIX,RUSFAR2W,2023-05-11,RUSFAR 2W,RUSFAR 2 недели,7.3,7.3,7.3,7.3,3651670000.0,,,2,,RUB,,3,,2023-05-11,
MMIX,RUSFAR2W,2023-05-12,RUSFAR 2W,RUSFAR 2 недели,7.24,7.24,7.24,7.24,7400000000.0,,,2,,RUB,,3,,2023-05-12,
MMIX,RUSFAR2W,2023-05-15,RUSFAR 2W,RUSFAR 2 недели,7.34,7.34,7.34,7.34,320000000.0,,,2,,RUB,,3,,2023-05-15,
MMIX,RUSFAR2W,2023-05-16,RUSFAR 2W,RUSFAR 2 недели,7.45,7.45,7.45,7.45,1988240000.0,,,2,,RUB,,3,,2023-05-16,
MMIX,RUSFAR2W,2023-05-17,RUSFAR 2W,RUSFAR 2 недели,7.3,7.3,7.3,7.3,3442715000.0,,,2,,RUB,,3,,2023-05-17,
MMIX,RUSFAR2W,2023-05-18,RUSFAR 2W,RUSFAR 2 недели,7.33,7.33,7.33,7.33,2424950000.0,,,2,,RUB,,3,,2023-05-18,
MMIX,RUSFAR2W,2023-05-19,RUSFAR 2W,RUSFAR 2 недели,7.31,7.31,7.31,7.31,106000000.0,,,2,,RUB,,3,,2023-05-19,
MMIX,RUSFAR2W,2023-05-22,RUSFAR 2W,RUSFAR 2 недели,7.32,7.32,7.32,7.32,2986590000.0,,,2,,RUB,,3,,2023-05-22,
MMIX,RUSFAR2W,2023-05-23,RUSFAR 2W,RUSFAR 2 недели,7.32,7.32,7.32,7.32,1664200000.0,,,2,,RUB,,3,,2023-05-23,
MMIX,RUSFAR2W,2023-05-24,RUSFAR 2W,RUSFAR 2 недели,7.34,7.34,7.34,7.34,5308575000.0,,,2,,RUB,,3,,2023-05-24,
MMIX,RUSFAR2W,2023-05-25,RUSFAR 2W,RUSFAR 2 недели,7.35,7.35,7.35,7.35,5418988000.0,,,2,,RUB,,3,,2023-05-25,
MMIX,RUSFAR2W,2023-05-26,RUSFAR 2W,RUSFAR 2 недели,7.37,7.37,7.37,7.37,8536706000.0,,,2,,RUB,,3,,2023-05-26,
MMIX,RUSFAR2W,2023-05-29,RUSFAR 2W,RUSFAR 2 недели,7.37,7.37,7.37,7.37,87041000.0,,,2,,RUB,,3,,2023-05-29,
MMIX,RUSFAR2W,2023-05-30,RUSFAR 2W,RUSFAR 2 недели,7.35,7.35,7.35,7.35,6416000000.0,,,2,,RUB,,3,,2023-05-30,
MMIX,RUSFAR2W,2023-05-31,RUSFAR 2W,RUSFAR 2 недели,7.34,7.34,7.34,7.34,3715000000.0,,,2,,RUB,,3,,2023-05-31,
MMIX,RUSFAR2W,2023-06-01,RUSFAR 2W,RUSFAR 2 недели,7.31,7.31,7.31,7.31,3600000000.0,,,2,,RUB,,3,,2023-06-01,
MMIX,RUSFAR2W,2023-06-02,RUSFAR 2W,RUSFAR 2 недели,7.33,7.33,7.33,7.33,324100000.0,,,2,,RUB,,3,,2023-06-02,
MMIX,RUSFAR2W,2023-06-05,RUSFAR 2W,RUSFAR 2 недели,7.33,7.33,7.33,7.33,3566284000.0,,,2,,RUB,,3,,2023-06-05,
MMIX,RUSFAR2W,2023-06-06,RUSFAR 2W,RUSFAR 2 недели,7.35,7.35,7.35,7.35,2791080000.0,,,2,,RUB,,3,,2023-06-06,
MMIX,RUSFAR2W,2023-06-07,RUSFAR 2W,RUSFAR 2 недели,7.36,7.36,7.36,7.36,1994429000.0,,,2,,RUB,,3,,2023-06-07,
MMIX,RUSFAR2W,2023-06-08,RUSFAR 2W,RUSFAR 2 недели,7.32,7.32,7.32,7.32,1093557000.0,,,2,,RUB,,3,,2023-06-08,
MMIX,RUSFAR2W,2023-06-09,RUSFAR 2W,RUSFAR 2 недели,7.32,7.32,7.32,7.32,5131719000.0,,,2,,RUB,,3,,2023-06-09,
MMIX,RUSFAR2W,2023-06-13,RUSFAR 2W,RUSFAR 2 недели,7.36,7.36,7.36,7.36,2821500000.0,,,2,,RUB,,3,,2023-06-13,
MMIX,RUSFAR2W,2023-06-14,RUSFAR 2W,RUSFAR 2 недели,7.37,7.37,7.37,7.37,3835381000.0,,,2,,RUB,,3,,2023-06-14,
MMIX,RUSFAR2W,2023-06-15,RUSFAR 2W,RUSFAR 2 недели,7.35,7.35,7.35,7.35,2922400000.0,,,2,,RUB,,3,,2023-06-15,
MMIX,RUSFAR2W,2023-06-16,RUSFAR 2W,RUSFAR 2 недели,7.33,7.33,7.33,7.33,773500000.0,,,2,,RUB,,3,,2023-06-16,
MMIX,RUSFAR2W,2023-06-19,RUSFAR 2W,RUSFAR 2 недели,7.33,7.33,7.33,7.33,1198000000.0,,,2,,RUB,,3,,2023-06-19,
MMIX,RUSFAR2W,2023-06-20,RUSFAR 2W,RUSFAR 2 недели,7.31,7.31,7.31,7.31,5786074000.0,,,2,,RUB,,3,,2023-06-20,
MMIX,RUSFAR2W,2023-06-21,RUSFAR 2W,RUSFAR 2 недели,7.32,7.32,7.32,7.32,1187000000.0,,,2,,RUB,,3,,2023-06-21,
MMIX,RUSFAR2W,2023-06-22,RUSFAR 2W,RUSFAR 2 недели,7.32,7.32,7.32,7.32,2944600000.0,,,2,,RUB,,3,,2023-06-22,
MMIX,RUSFAR2W,2023-06-23,RUSFAR 2W,RUSFAR 2 недели,7.32,7.32,7.32,7.32,5067142000.0,,,2,,RUB,,3,,2023-06-23,
MMIX,RUSFAR2W,2023-06-26,RUSFAR 2W,RUSFAR 2 недели,7.35,7.35,7.35,7.35,200000000.0,,,2,,RUB,,3,,2023-06-26,
MMIX,RUSFAR2W,2023-06-27,RUSFAR 2W,RUSFAR 2 недели,7.32,7.32,7.32,7.32,3006250000.0,,,2,,RUB,,3,,2023-06-27,
MMIX,RUSFAR2W,2023-06-28,RUSFAR 2W,RUSFAR 2 недели,7.36,7.36,7.36,7.36,3214000000.0,,,2,,RUB,,3,,2023-06-28,
MMIX,RUSFAR2W,2023-06-29,RUSFAR 2W,RUSFAR 2 недели,7.43,7.43,7.43,7.43,2807300000.0,,,2,,RUB,,3,,2023-06-29,
MMIX,RUSFAR2W,2023-06-30,RUSFAR 2W,RUSFAR 2 недели,7.47,7.47,7.47,7.47,3482101000.0,,,2,,RUB,,3,,2023-06-30,
MMIX,RUSFAR2W,2023-07-03,RUSFAR 2W,RUSFAR 2 недели,7.42,7.42,7.42,7.42,2402300000.0,,,2,,RUB,,3,,2023-07-03,
MMIX,RUSFAR2W,2023-07-04,RUSFAR 2W,RUSFAR 2 недели,7.4,7.4,7.4,7.4,6593465000.0,,,2,,RUB,,3,,2023-07-04,
MMIX,RUSFAR2W,2023-07-05,RUSFAR 2W,RUSFAR 2 недели,7.43,7.43,7.43,7.43,2779315000.0,,,2,,RUB,,3,,2023-07-05,
MMIX,RUSFAR2W,2023-07-06,RUSFAR 2W,RUSFAR 2 недели,7.39,7.39,7.39,7.39,6825950000.0,,,2,,RUB,,3,,2023-07-06,
MMIX,RUSFAR2W,2023-07-07,RUSFAR 2W,RUSFAR 2 недели,7.41,7.41,7.41,7.41,6613766000.0,,,2,,RUB,,3,,2023-07-07,
MMIX,RUSFAR2W,2023-07-10,RUSFAR 2W,RUSFAR 2 недели,7.42,7.42,7.42,7.42,3928340000.0,,,2,,RUB,,3,,2023-07-10,
MMIX,RUSFAR2W,2023-07-11,RUSFAR 2W,RUSFAR 2 недели,7.54,7.54,7.54,7.54,2839730000.0,,,2,,RUB,,3,,2023-07-11,
MMIX,RUSFAR2W,2023-07-12,RUSFAR 2W,RUSFAR 2 недели,7.56,7.56,7.56,7.56,2508600000.0,,,2,,RUB,,3,,2023-07-12,
MMIX,RUSFAR2W,2023-07-13,RUSFAR 2W,RUSFAR 2 недели,7.51,7.51,7.51,7.51,3864885000.0,,,2,,RUB,,3,,2023-07-13,
MMIX,RUSFAR2W,2023-07-14,RUSFAR 2W,RUSFAR 2 недели,7.72,7.72,7.72,7.72,612020000.0,,,2,,RUB,,3,,2023-07-14,
MMIX,RUSFAR2W,2023-07-17,RUSFAR 2W,RUSFAR 2 недели,8.05,8.05,8.05,8.05,3770000000.0,,,2,,RUB,,3,,2023-07-17,
MMIX,RUSFAR2W,2023-07-18,RUSFAR 2W,RUSFAR 2 недели,8.02,8.02,8.02,8.02,595150000.0,,,2,,RUB,,3,,2023-07-18,
MMIX,RUSFAR2W,2023-07-19,RUSFAR 2W,RUSFAR 2 недели,7.98,7.98,7.98,7.98,1435500000.0,,,2,,RUB,,3,,2023-07-19,
MMIX,RUSFAR2W,2023-07-20,RUSFAR 2W,RUSFAR 2 недели,7.95,7.95,7.95,7.95,1385900000.0,,,2,,RUB,,3,,2023-07-20,
MMIX,RUSFAR2W,2023-07-21,RUSFAR 2W,RUSFAR 2 недели,8.11,8.11,8.11,8.11,0.0,,,2,,RUB,,3,,2023-07-21,
MMIX,RUSFAR2W,2023-07-24,RUSFAR 2W,RUSFAR 2 недели,8.41,8.41,8.41,8.41,3157950000.0,,,2,,RUB,,3,,2023-07-24,
MMIX,RUSFAR2W,2023-07-25,RUSFAR 2W,RUSFAR 2 недели,8.28,8.28,8.28,8.28,1506443000.0,,,2,,RUB,,3,,2023-07-25,
MMIX,RUSFAR2W,2023-07-26,RUSFAR 2W,RUSFAR 2 недели,8.31,8.31,8.31,8.31,2116890000.0,,,2,,RUB,,3,,2023-07-26,
MMIX,RUSFAR2W,2023-07-27,RUSFAR 2W,RUSFAR 2 недели,8.31,8.31,8.31,8.31,3343845000.0,,,2,,RUB,,3,,2023-07-27,
MMIX,RUSFAR2W,2023-07-28,RUSFAR 2W,RUSFAR 2 недели,8.34,8.34,8.34,8.34,1533620000.0,,,2,,RUB,,3,,2023-07-28,
MMIX,RUSFAR2W,2023-07-31,RUSFAR 2W,RUSFAR 2 недели,8.39,8.39,8.39,8.39,2410600000.0,,,2,,RUB,,3,,2023-07-31,
MMIX,RUSFAR2W,2023-08-01,RUSFAR 2W,RUSFAR 2 недели,8.39,8.39,8.39,8.39,4420900000.0,,,2,,RUB,,3,,2023-08-01,
MMIX,RUSFAR2W,2023-08-02,RUSFAR 2W,RUSFAR 2 недели,8.53,8.53,8.53,8.53,3182438000.0,,,2,,RUB,,3,,2023-08-02,
MMIX,RUSFAR2W,2023-08-03,RUSFAR 2W,RUSFAR 2 недели,8.35,8.35,8.35,8.35,11418304000.0,,,2,,RUB,,3,,2023-08-03,
MMIX,RUSFAR2W,2023-08-04,RUSFAR 2W,RUSFAR 2 недели,8.39,8.39,8.39,8.39,4509130000.0,,,2,,RUB,,3,,2023-08-04,
MMIX,RUSFAR2W,2023-08-07,RUSFAR 2W,RUSFAR 2 недели,8.36,8.36,8.36,8.36,842175000.0,,,2,,RUB,,3,,2023-08-07,
MMIX,RUSFAR2W,2023-08-08,RUSFAR 2W,RUSFAR 2 недели,8.42,8.42,8.42,8.42,4648000000.0,,,2,,RUB,,3,,2023-08-08,
MMIX,RUSFAR2W,2023-08-09,RUSFAR 2W,RUSFAR 2 недели,8.43,8.43,8.43,8.43,3694200000.0,,,2,,RUB,,3,,2023-08-09,
MMIX,RUSFAR2W,2023-08-10,RUSFAR 2W,RUSFAR 2 недели,8.37,8.37,8.37,8.37,2206020000.0,,,2,,RUB,,3,,2023-08-10,
MMIX,RUSFAR2W,2023-08-11,RUSFAR 2W,RUSFAR 2 недели,8.46,8.46,8.46,8.46,893670000.0,,,2,,RUB,,3,,2023-08-11,
MMIX,RUSFAR2W,2023-08-14,RUSFAR 2W,RUSFAR 2 недели,8.55,8.55,8.55,8.55,447415000.0,,,2,,RUB,,3,,2023-08-14,
MMIX,RUSFAR2W,2023-08-15,RUSFAR 2W,RUSFAR 2 недели,11.76,11.76,11.76,11.76,0.0,,,2,,RUB,,3,,2023-08-15,
MMIX,RUSFAR2W,2023-08-16,RUSFAR 2W,RUSFAR 2 недели,11.8,11.8,11.8,11.8,16625000.0,,,2,,RUB,,3,,2023-08-16,
MMIX,RUSFAR2W,2023-08-17,RUSFAR 2W,RUSFAR 2 недели,11.81,11.81,11.81,11.81,248350000.0,,,2,,RUB,,3,,2023-08-17,
MMIX,RUSFAR2W,2023-08-18,RUSFAR 2W,RUSFAR 2 недели,11.88,11.88,11.88,11.88,100600000.0,,,2,,RUB,,3,,2023-08-18,
MMIX,RUSFAR2W,2023-08-21,RUSFAR 2W,RUSFAR 2 недели,11.85,11.85,11.85,11.85,1511850000.0,,,2,,RUB,,3,,2023-08-21,
MMIX,RUSFAR2W,2023-08-22,RUSFAR 2W,RUSFAR 2 недели,11.81,11.81,11.81,11.81,650000000.0,,,2,,RUB,,3,,2023-08-22,
MMIX,RUSFAR2W,2023-08-23,RUSFAR 2W,RUSFAR 2 недели,11.86,11.86,11.86,11.86,412474000.0,,,2,,RUB,,3,,2023-08-23,
MMIX,RUSFAR2W,2023-08-24,RUSFAR 2W,RUSFAR 2 недели,11.88,11.88,11.88,11.88,76901000.0,,,2,,RUB,,3,,2023-08-24,
MMIX,RUSFAR2W,2023-08-25,RUSFAR 2W,RUSFAR 2 недели,11.89,11.89,11.89,11.89,260000000.0,,,2,,RUB,,3,,2023-08-25,
MMIX,RUSFAR2W,2023-08-28,RUSFAR 2W,RUSFAR 2 недели,11.88,11.88,11.88,11.88,767000000.0,,,2,,RUB,,3,,2023-08-28,
MMIX,RUSFAR2W,2023-08-29,RUSFAR 2W,RUSFAR 2 недели,11.89,11.89,11.89,11.89,500000000.0,,,2,,RUB,,3,,2023-08-29,
MMIX,RUSFAR2W,2023-08-30,RUSFAR 2W,RUSFAR 2 недели,11.94,11.94,11.94,11.94,4700000000.0,,,2,,RUB,,3,,2023-08-30,
MMIX,RUSFAR2W,2023-08-31,RUSFAR 2W,RUSFAR 2 недели,11.86,11.86,11.86,11.86,8994118000.0,,,2,,RUB,,3,,2023-08-31,
MMIX,RUSFAR2W,2023-09-01,RUSFAR 2W,RUSFAR 2 недели,11.92,11.92,11.92,11.92,5856020000.0,,,2,,RUB,,3,,2023-09-01,
MMIX,RUSFAR2W,2023-09-04,RUSFAR 2W,RUSFAR 2 недели,12.0,12.0,12.0,12.0,2523079000.0,,,2,,RUB,,3,,2023-09-04,
MMIX,RUSFAR2W,2023-09-05,RUSFAR 2W,RUSFAR 2 недели,11.91,11.91,11.91,11.91,2300785000.0,,,2,,RUB,,3,,2023-09-05,
MMIX,RUSFAR2W,2023-09-06,RUSFAR 2W,RUSFAR 2 недели,11.88,11.88,11.88,11.88,1731602000.0,,,2,,RUB,,3,,2023-09-06,
MMIX,RUSFAR2W,2023-09-07,RUSFAR 2W,RUSFAR 2 недели,11.84,11.84,11.84,11.84,127822000.0,,,2,,RUB,,3,,2023-09-07,
MMIX,RUSFAR2W,2023-09-08,RUSFAR 2W,RUSFAR 2 недели,11.98,11.98,11.98,11.98,3776146000.0,,,2,,RUB,,3,,2023-09-08,
MMIX,RUSFAR2W,2023-09-11,RUSFAR 2W,RUSFAR 2 недели,12.55,12.55,12.55,12.55,3412550000.0,,,2,,RUB,,3,,2023-09-11,
MMIX,RUSFAR2W,2023-09-12,RUSFAR 2W,RUSFAR 2 недели,12.55,12.55,12.55,12.55,5250000000.0,,,2,,RUB,,3,,2023-09-12,
MMIX,RUSFAR2W,2023-09-13,RUSFAR 2W,RUSFAR 2 недели,12.45,12.45,12.45,12.45,5654747000.0,,,2,,RUB,,3,,2023-09-13,
MMIX,RUSFAR2W,2023-09-14,RUSFAR 2W,RUSFAR 2 недели,12.43,12.43,12.43,12.43,2515600000.0,,,2,,RUB,,3,,2023-09-14,
MMIX,RUSFAR2W,2023-09-15,RUSFAR 2W,RUSFAR 2 недели,12.53,12.53,12.53,12.53,6500253000.0,,,2,,RUB,,3,,2023-09-15,
MMIX,RUSFAR2W,2023-09-18,RUSFAR 2W,RUSFAR 2 недели,12.73,12.73,12.73,12.73,7417009000.0,,,2,,RUB,,3,,2023-09-18,
MMIX,RUSFAR2W,2023-09-19,RUSFAR 2W,RUSFAR 2 недели,12.8,12.8,12.8,12.8,14632250000.0,,,2,,RUB,,3,,2023-09-19,
MMIX,RUSFAR2W,2023-09-20,RUSFAR 2W,RUSFAR 2 недели,12.89,12.89,12.89,12.89,3365557000.0,,,2,,RUB,,3,,2023-09-20,
MMIX,RUSFAR2W,2023-09-21,RUSFAR 2W,RUSFAR 2 недели,12.82,12.82,12.82,12.82,90500000.0,,,2,,RUB,,3,,2023-09-21,
MMIX,RUSFAR2W,2023-09-22,RUSFAR 2W,RUSFAR 2 недели,12.7,12.7,12.7,12.7,798410000.0,,,2,,RUB,,3,,2023-09-22,
MMIX,RUSFAR2W,2023-09-25,RUSFAR 2W,RUSFAR 2 недели,12.68,12.68,12.68,12.68,3151580000.0,,,2,,RUB,,3,,2023-09-25,
MMIX,RUSFAR2W,2023-09-26,RUSFAR 2W,RUSFAR 2 недели,12.8,12.8,12.8,12.8,1065385000.0,,,2,,RUB,,3,,2023-09-26,
MMIX,RUSFAR2W,2023-09-27,RUSFAR 2W,RUSFAR 2 недели,12.8,12.8,12.8,12.8,883560000.0,,,2,,RUB,,3,,2023-09-27,
MMIX,RUSFAR2W,2023-09-28,RUSFAR 2W,RUSFAR 2 недели,12.9,12.9,12.9,12.9,2873608000.0,,,2,,RUB,,3,,2023-09-28,
MMIX,RUSFAR2W,2023-09-29,RUSFAR 2W,RUSFAR 2 недели,12.77,12.77,12.77,12.77,1937361000.0,,,2,,RUB,,3,,2023-09-29,
MMIX,RUSFAR2W,2023-10-02,RUSFAR 2W,RUSFAR 2 недели,12.74,12.74,12.74,12.74,2736550000.0,,,2,,RUB,,3,,2023-10-02,
MMIX,RUSFAR2W,2023-10-03,RUSFAR 2W,RUSFAR 2 недели,12.67,12.67,12.67,12.67,1914614000.0,,,2,,RUB,,3,,2023-10-03,
MMIX,RUSFAR2W,2023-10-04,RUSFAR 2W,RUSFAR 2 недели,12.65,12.65,12.65,12.65,655210000.0,,,2,,RUB,,3,,2023-10-04,
MMIX,RUSFAR2W,2023-10-05,RUSFAR 2W,RUSFAR 2 недели,12.7,12.7,12.7,12.7,1351770000.0,,,2,,RUB,,3,,2023-10-05,
MMIX,RUSFAR2W,2023-10-06,RUSFAR 2W,RUSFAR 2 недели,12.69,12.69,12.69,12.69,2390660000.0,,,2,,RUB,,3,,2023-10-06,
MMIX,RUSFAR2W,2023-10-09,RUSFAR 2W,RUSFAR 2 недели,12.94,12.94,12.94,12.94,3241800000.0,,,2,,RUB,,3,,2023-10-09,
MMIX,RUSFAR2W,2023-10-10,RUSFAR 2W,RUSFAR 2 недели,12.98,12.98,12.98,12.98,699020000.0,,,2,,RUB,,3,,2023-10-10,
MMIX,RUSFAR2W,2023-10-11,RUSFAR 2W,RUSFAR 2 недели,12.96,12.96,12.96,12.96,3415689000.0,,,2,,RUB,,3,,2023-10-11,
MMIX,RUSFAR2W,2023-10-12,RUSFAR 2W,RUSFAR 2 недели,13.02,13.02,13.02,13.02,1466158000.0,,,2,,RUB,,3,,2023-10-12,
MMIX,RUSFAR2W,2023-10-13,RUSFAR 2W,RUSFAR 2 недели,13.25,13.25,13.25,13.25,927525000.0,,,2,,RUB,,3,,2023-10-13,
MMIX,RUSFAR2W,2023-10-16,RUSFAR 2W,RUSFAR 2 недели,13.27,13.27,13.27,13.27,308190000.0,,,2,,RUB,,3,,2023-10-16,
MMIX,RUSFAR2W,2023-10-17,RUSFAR 2W,RUSFAR 2 недели,13.23,13.23,13.23,13.23,4803745000.0,,,2,,RUB,,3,,2023-10-17,
MMIX,RUSFAR2W,2023-10-18,RUSFAR 2W,RUSFAR 2 недели,13.22,13.22,13.22,13.22,579170000.0,,,2,,RUB,,3,,2023-10-18,
MMIX,RUSFAR2W,2023-10-19,RUSFAR 2W,RUSFAR 2 недели,13.19,13.19,13.19,13.19,13775000.0,,,2,,RUB,,3,,2023-10-19,
MMIX,RUSFAR2W,2023-10-20,RUSFAR 2W,RUSFAR 2 недели,13.23,13.23,13.23,13.23,1905630000.0,,,2,,RUB,,3,,2023-10-20,
MMIX,RUSFAR2W,2023-10-23,RUSFAR 2W,RUSFAR 2 недели,13.39,13.39,13.39,13.39,3901639000.0,,,2,,RUB,,3,,2023-10-23,
MMIX,RUSFAR2W,2023-10-24,RUSFAR 2W,RUSFAR 2 недели,13.4,13.4,13.4,13.4,1678990000.0,,,2,,RUB,,3,,2023-10-24,
MMIX,RUSFAR2W,2023-10-25,RUSFAR 2W,RUSFAR 2 недели,13.35,13.35,13.35,13.35,222948000.0,,,2,,RUB,,3,,2023-10-25,
MMIX,RUSFAR2W,2023-10-26,RUSFAR 2W,RUSFAR 2 недели,13.34,13.34,13.34,13.34,2810000000.0,,,2,,RUB,,3,,2023-10-26,
MMIX,RUSFAR2W,2023-10-27,RUSFAR 2W,RUSFAR 2 недели,13.47,13.47,13.47,13.47,45000000.0,,,2,,RUB,,3,,2023-10-27,
MMIX,RUSFAR2W,2023-10-30,RUSFAR 2W,RUSFAR 2 недели,14.49,14.49,14.49,14.49,1083800000.0,,,2,,RUB,,3,,2023-10-30,
MMIX,RUSFAR2W,2023-10-31,RUSFAR 2W,RUSFAR 2 недели,14.52,14.52,14.52,14.52,1007507000.0,,,2,,RUB,,3,,2023-10-31,
MMIX,RUSFAR2W,2023-11-01,RUSFAR 2W,RUSFAR 2 недели,14.56,14.56,14.56,14.56,454119000.0,,,2,,RUB,,3,,2023-11-01,
MMIX,RUSFAR2W,2023-11-02,RUSFAR 2W,RUSFAR 2 недели,14.56,14.56,14.56,14.56,1141056000.0,,,2,,RUB,,3,,2023-11-02,
MMIX,RUSFAR2W,2023-11-03,RUSFAR 2W,RUSFAR 2 недели,14.43,14.43,14.43,14.43,2702060000.0,,,2,,RUB,,3,,2023-11-03,
MMIX,RUSFAR2W,2023-11-07,RUSFAR 2W,RUSFAR 2 недели,14.44,14.44,14.44,14.44,5785230000.0,,,2,,RUB,,3,,2023-11-07,
MMIX,RUSFAR2W,2023-11-08,RUSFAR 2W,RUSFAR 2 недели,14.5,14.5,14.5,14.5,1262907000.0,,,2,,RUB,,3,,2023-11-08,
MMIX,RUSFAR2W,2023-11-09,RUSFAR 2W,RUSFAR 2 недели,14.52,14.52,14.52,14.52,6027553000.0,,,2,,RUB,,3,,2023-11-09,
MMIX,RUSFAR2W,2023-11-10,RUSFAR 2W,RUSFAR 2 недели,14.66,14.66,14.66,14.66,2244511000.0,,,2,,RUB,,3,,2023-11-10,
MMIX,RUSFAR2W,2023-11-13,RUSFAR 2W,RUSFAR 2 недели,14.7,14.7,14.7,14.7,702000000.0,,,2,,RUB,,3,,2023-11-13,
MMIX,RUSFAR2W,2023-11-14,RUSFAR 2W,RUSFAR 2 недели,14.87,14.87,14.87,14.87,2550600000.0,,,2,,RUB,,3,,2023-11-14,
MMIX,RUSFAR2W,2023-11-15,RUSFAR 2W,RUSFAR 2 недели,14.75,14.75,14.75,14.75,929600000.0,,,2,,RUB,,3,,2023-11-15,
MMIX,RUSFAR2W,2023-11-16,RUSFAR 2W,RUSFAR 2 недели,14.87,14.87,14.87,14.87,1803090000.0,,,2,,RUB,,3,,2023-11-16,
MMIX,RUSFAR2W,2023-11-17,RUSFAR 2W,RUSFAR 2 недели,14.94,14.94,14.94,14.94,342423000.0,,,2,,RUB,,3,,2023-11-17,
MMIX,RUSFAR2W,2023-11-20,RUSFAR 2W,RUSFAR 2 недели,14.98,14.98,14.98,14.98,382600000.0,,,2,,RUB,,3,,2023-11-20,
MMIX,RUSFAR2W,2023-11-21,RUSFAR 2W,RUSFAR 2 недели,15.1,15.1,15.1,15.1,2977452000.0,,,2,,RUB,,3,,2023-11-21,
MMIX,RUSFAR2W,2023-11-22,RUSFAR 2W,RUSFAR 2 недели,15.08,15.08,15.08,15.08,1113870000.0,,,2,,RUB,,3,,2023-11-22,
MMIX,RUSFAR2W,2023-11-23,RUSFAR 2W,RUSFAR 2 недели,15.09,15.09,15.09,15.09,145000000.0,,,2,,RUB,,3,,2023-11-23,
MMIX,RUSFAR2W,2023-11-24,RUSFAR 2W,RUSFAR 2 недели,15.15,15.15,15.15,15.15,49746000.0,,,2,,RUB,,3,,2023-11-24,
MMIX,RUSFAR2W,2023-11-27,RUSFAR 2W,RUSFAR 2 недели,15.19,15.19,15.19,15.19,1459989000.0,,,2,,RUB,,3,,2023-11-27,
MMIX,RUSFAR2W,2023-11-28,RUSFAR 2W,RUSFAR 2 недели,15.24,15.24,15.24,15.24,2597400000.0,,,2,,RUB,,3,,2023-11-28,
MMIX,RUSFAR2W,2023-11-29,RUSFAR 2W,RUSFAR 2 недели,15.19,15.19,15.19,15.19,480710000.0,,,2,,RUB,,3,,2023-11-29,
MMIX,RUSFAR2W,2023-11-30,RUSFAR 2W,RUSFAR 2 недели,15.15,15.15,15.15,15.15,809257000.0,,,2,,RUB,,3,,2023-11-30,
MMIX,RUSFAR2W,2023-12-01,RUSFAR 2W,RUSFAR 2 недели,15.05,15.05,15.05,15.05,8788710000.0,,,2,,RUB,,3,,2023-12-01,
MMIX,RUSFAR2W,2023-12-04,RUSFAR 2W,RUSFAR 2 недели,14.98,14.98,14.98,14.98,2210863000.0,,,2,,RUB,,3,,2023-12-04,
MMIX,RUSFAR2W,2023-12-05,RUSFAR 2W,RUSFAR 2 недели,14.96,14.96,14.96,14.96,5582850000.0,,,2,,RUB,,3,,2023-12-05,
MMIX,RUSFAR2W,2023-12-06,RUSFAR 2W,RUSFAR 2 недели,15.06,15.06,15.06,15.06,1231143000.0,,,2,,RUB,,3,,2023-12-06,
MMIX,RUSFAR2W,2023-12-07,RUSFAR 2W,RUSFAR 2 недели,15.02,15.02,15.02,15.02,1725240000.0,,,2,,RUB,,3,,2023-12-07,
MMIX,RUSFAR2W,2023-12-08,RUSFAR 2W,RUSFAR 2 недели,15.14,15.14,15.14,15.14,1149730000.0,,,2,,RUB,,3,,2023-12-08,
MMIX,RUSFAR2W,2023-12-11,RUSFAR 2W,RUSFAR 2 недели,15.32,15.32,15.32,15.32,3944713000.0,,,2,,RUB,,3,,2023-12-11,
MMIX,RUSFAR2W,2023-12-12,RUSFAR 2W,RUSFAR 2 недели,15.65,15.65,15.65,15.65,1826500000.0,,,2,,RUB,,3,,2023-12-12,
MMIX,RUSFAR2W,2023-12-13,RUSFAR 2W,RUSFAR 2 недели,15.82,15.82,15.82,15.82,464780000.0,,,2,,RUB,,3,,2023-12-13,
MMIX,RUSFAR2W,2023-12-14,RUSFAR 2W,RUSFAR 2 недели,15.94,15.94,15.94,15.94,2104000.0,,,2,,RUB,,3,,2023-12-14,
MMIX,RUSFAR2W,2023-12-15,RUSFAR 2W,RUSFAR 2 недели,16.13,16.13,16.13,16.13,40000000.0,,,2,,RUB,,3,,2023-12-15,
MMIX,RUSFAR2W,2023-12-18,RUSFAR 2W,RUSFAR 2 недели,15.87,15.87,15.87,15.87,3777950000.0,,,2,,RUB,,3,,2023-12-18,
MMIX,RUSFAR2W,2023-12-19,RUSFAR 2W,RUSFAR 2 недели,15.83,15.83,15.83,15.83,6370003000.0,,,2,,RUB,,3,,2023-12-19,
MMIX,RUSFAR2W,2023-12-20,RUSFAR 2W,RUSFAR 2 недели,15.83,15.83,15.83,15.83,2836102000.0,,,2,,RUB,,3,,2023-12-20,
MMIX,RUSFAR2W,2023-12-21,RUSFAR 2W,RUSFAR 2 недели,15.76,15.76,15.76,15.76,959003000.0,,,2,,RUB,,3,,2023-12-21,
MMIX,RUSFAR2W,2023-12-22,RUSFAR 2W,RUSFAR 2 недели,15.73,15.73,15.73,15.73,3588595000.0,,,2,,RUB,,3,,2023-12-22,
MMIX,RUSFAR2W,2023-12-25,RUSFAR 2W,RUSFAR 2 недели,15.76,15.76,15.76,15.76,13631534000.0,,,2,,RUB,,3,,2023-12-25,
MMIX,RUSFAR2W,2023-12-26,RUSFAR 2W,RUSFAR 2 недели,15.68,15.68,15.68,15.68,6672226000.0,,,2,,RUB,,3,,2023-12-26,
MMIX,RUSFAR2W,2023-12-27,RUSFAR 2W,RUSFAR 2 недели,15.6,15.6,15.6,15.6,17237275000.0,,,2,,RUB,,3,,2023-12-27,
MMIX,RUSFAR2W,2023-12-28,RUSFAR 2W,RUSFAR 2 недели,15.59,15.59,15.59,15.59,862140000.0,,,2,,RUB,,3,,2023-12-28,
MMIX,RUSFAR2W,2024-01-09,RUSFAR 2W,RUSFAR 2 недели,15.75,15.75,15.75,15.75,4346291000.0,,,2,,RUB,,3,,2024-01-09,
MMIX,RUSFAR2W,2024-01-10,RUSFAR 2W,RUSFAR 2 недели,15.65,15.65,15.65,15.65,7123389000.0,,,2,,RUB,,3,,2024-01-10,
MMIX,RUSFAR2W,2024-01-11,RUSFAR 2W,RUSFAR 2 недели,15.56,15.56,15.56,15.56,4716094000.0,,,2,,RUB,,3,,2024-01-11,
MMIX,RUSFAR2W,2024-01-12,RUSFAR 2W,RUSFAR 2 недели,15.45,15.45,15.45,15.45,3261681000.0,,,2,,RUB,,3,,2024-01-12,
MMIX,RUSFAR2W,2024-01-15,RUSFAR 2W,RUSFAR 2 недели,15.8,15.8,15.8,15.8,3573052000.0,,,2,,RUB,,3,,2024-01-15,
MMIX,RUSFAR2W,2024-01-16,RUSFAR 2W,RUSFAR 2 недели,15.75,15.75,15.75,15.75,2341940000.0,,,2,,RUB,,3,,2024-01-16,
MMIX,RUSFAR2W,2024-01-17,RUSFAR 2W,RUSFAR 2 недели,15.7,15.7,15.7,15.7,4087186000.0,,,2,,RUB,,3,,2024-01-17,
MMIX,RUSFAR2W,2024-01-18,RUSFAR 2W,RUSFAR 2 недели,15.76,15.76,15.76,15.76,5199129000.0,,,2,,RUB,,3,,2024-01-18,
MMIX,RUSFAR2W,2024-01-19,RUSFAR 2W,RUSFAR 2 недели,15.79,15.79,15.79,15.79,3354182000.0,,,2,,RUB,,3,,2024-01-19,
MMIX,RUSFAR2W,2024-01-22,RUSFAR 2W,RUSFAR 2 недели,15.81,15.81,15.81,15.81,1010999000.0,,,2,,RUB,,3,,2024-01-22,
MMIX,RUSFAR2W,2024-01-23,RUSFAR 2W,RUSFAR 2 недели,15.85,15.85,15.85,15.85,3262349000.0,,,2,,RUB,,3,,2024-01-23,
MMIX,RUSFAR2W,2024-01-24,RUSFAR 2W,RUSFAR 2 недели,15.89,15.89,15.89,15.89,796959000.0,,,2,,RUB,,3,,2024-01-24,
MMIX,RUSFAR2W,2024-01-25,RUSFAR 2W,RUSFAR 2 недели,15.91,15.91,15.91,15.91,1141347000.0,,,2,,RUB,,3,,2024-01-25,
MMIX,RUSFAR2W,2024-01-26,RUSFAR 2W,RUSFAR 2 недели,15.9,15.9,15.9,15.9,6871619000.0,,,2,,RUB,,3,,2024-01-26,
MMIX,RUSFAR2W,2024-01-29,RUSFAR 2W,RUSFAR 2 недели,15.82,15.82,15.82,15.82,1986098000.0,,,2,,RUB,,3,,2024-01-29,
MMIX,RUSFAR2W,2024-01-30,RUSFAR 2W,RUSFAR 2 недели,15.85,15.85,15.85,15.85,2792084000.0,,,2,,RUB,,3,,2024-01-30,
MMIX,RUSFAR2W,2024-01-31,RUSFAR 2W,RUSFAR 2 недели,15.81,15.81,15.81,15.81,828066000.0,,,2,,RUB,,3,,2024-01-31,
MMIX,RUSFAR2W,2024-02-01,RUSFAR 2W,RUSFAR 2 недели,15.8,15.8,15.8,15.8,1466551000.0,,,2,,RUB,,3,,2024-02-01,
MMIX,RUSFAR2W,2024-02-02,RUSFAR 2W,RUSFAR 2 недели,15.84,15.84,15.84,15.84,3091053000.0,,,2,,RUB,,3,,2024-02-02,
MMIX,RUSFAR2W,2024-02-05,RUSFAR 2W,RUSFAR 2 недели,15.84,15.84,15.84,15.84,3510056000.0,,,2,,RUB,,3,,2024-02-05,
MMIX,RUSFAR2W,2024-02-06,RUSFAR 2W,RUSFAR 2 недели,15.95,15.95,15.95,15.95,4245765000.0,,,2,,RUB,,3,,2024-02-06,
MMIX,RUSFAR2W,2024-02-07,RUSFAR 2W,RUSFAR 2 недели,15.95,15.95,15.95,15.95,3450274000.0,,,2,,RUB,,3,,2024-02-07,
MMIX,RUSFAR2W,2024-02-08,RUSFAR 2W,RUSFAR 2 недели,15.89,15.89,15.89,15.89,1426312000.0,,,2,,RUB,,3,,2024-02-08,
MMIX,RUSFAR2W,2024-02-09,RUSFAR 2W,RUSFAR 2 недели,15.85,15.85,15.85,15.85,3792754000.0,,,2,,RUB,,3,,2024-02-09,
MMIX,RUSFAR2W,2024-02-12,RUSFAR 2W,RUSFAR 2 недели,15.96,15.96,15.96,15.96,4259706000.0,,,2,,RUB,,3,,2024-02-12,
MMIX,RUSFAR2W,2024-02-13,RUSFAR 2W,RUSFAR 2 недели,15.96,15.96,15.96,15.96,3519667000.0,,,2,,RUB,,3,,2024-02-13,
MMIX,RUSFAR2W,2024-02-14,RUSFAR 2W,RUSFAR 2 недели,15.92,15.92,15.92,15.92,2648630000.0,,,2,,RUB,,3,,2024-02-14,
MMIX,RUSFAR2W,2024-02-15,RUSFAR 2W,RUSFAR 2 недели,15.76,15.76,15.76,15.76,2712596000.0,,,2,,RUB,,3,,2024-02-15,
MMIX,RUSFAR2W,2024-02-16,RUSFAR 2W,RUSFAR 2 недели,15.75,15.75,15.75,15.75,934349000.0,,,2,,RUB,,3,,2024-02-16,
MMIX,RUSFAR2W,2024-02-19,RUSFAR 2W,RUSFAR 2 недели,15.79,15.79,15.79,15.79,2087752000.0,,,2,,RUB,,3,,2024-02-19,
MMIX,RUSFAR2W,2024-02-20,RUSFAR 2W,RUSFAR 2 недели,15.74,15.74,15.74,15.74,5295684000.0,,,2,,RUB,,3,,2024-02-20,
MMIX,RUSFAR2W,2024-02-21,RUSFAR 2W,RUSFAR 2 недели,15.78,15.78,15.78,15.78,1035958000.0,,,2,,RUB,,3,,2024-02-21,
MMIX,RUSFAR2W,2024-02-22,RUSFAR 2W,RUSFAR 2 недели,15.77,15.77,15.77,15.77,1853644000.0,,,2,,RUB,,3,,2024-02-22,
MMIX,RUSFAR2W,2024-02-26,RUSFAR 2W,RUSFAR 2 недели,15.76,15.76,15.76,15.76,3821886000.0,,,2,,RUB,,3,,2024-02-26,
MMIX,RUSFAR2W,2024-02-27,RUSFAR 2W,RUSFAR 2 недели,15.78,15.78,15.78,15.78,3330301000.0,,,2,,RUB,,3,,2024-02-27,
MMIX,RUSFAR2W,2024-02-28,RUSFAR 2W,RUSFAR 2 недели,15.81,15.81,15.81,15.81,1411049000.0,,,2,,RUB,,3,,2024-02-28,
MMIX,RUSFAR2W,2024-02-29,RUSFAR 2W,RUSFAR 2 недели,15.89,15.89,15.89,15.89,1222328000.0,,,2,,RUB,,3,,2024-02-29,
MMIX,RUSFAR2W,2024-03-01,RUSFAR 2W,RUSFAR 2 недели,15.86,15.86,15.86,15.86,870089000.0,,,2,,RUB,,3,,2024-03-01,
MMIX,RUSFAR2W,2024-03-04,RUSFAR 2W,RUSFAR 2 недели,15.71,15.71,15.71,15.71,1003228000.0,,,2,,RUB,,3,,2024-03-04,
MMIX,RUSFAR2W,2024-03-05,RUSFAR 2W,RUSFAR 2 недели,15.66,15.66,15.66,15.66,2352875000.0,,,2,,RUB,,3,,2024-03-05,
MMIX,RUSFAR2W,2024-03-06,RUSFAR 2W,RUSFAR 2 недели,15.63,15.63,15.63,15.63,2674809000.0,,,2,,RUB,,3,,2024-03-06,
MMIX,RUSFAR2W,2024-03-07,RUSFAR 2W,RUSFAR 2 недели,15.67,15.67,15.67,15.67,1731204000.0,,,2,,RUB,,3,,2024-03-07,
MMIX,RUSFAR2W,2024-03-11,RUSFAR 2W,RUSFAR 2 недели,15.75,15.75,15.75,15.75,2700235000.0,,,2,,RUB,,3,,2024-03-11,
MMIX,RUSFAR2W,2024-03-12,RUSFAR 2W,RUSFAR 2 недели,15.88,15.88,15.88,15.88,1411010000.0,,,2,,RUB,,3,,2024-03-12,
MMIX,RUSFAR2W,2024-03-13,RUSFAR 2W,RUSFAR 2 недели,15.78,15.78,15.78,15.78,3313412000.0,,,2,,RUB,,3,,2024-03-13,
MMIX,RUSFAR2W,2024-03-14,RUSFAR 2W,RUSFAR 2 недели,15.8,15.8,15.8,15.8,877335000.0,,,2,,RUB,,3,,2024-03-14,
MMIX,RUSFAR2W,2024-03-15,RUSFAR 2W,RUSFAR 2 недели,15.77,15.77,15.77,15.77,1292524000.0,,,2,,RUB,,3,,2024-03-15,
MMIX,RUSFAR2W,2024-03-18,RUSFAR 2W,RUSFAR 2 недели,15.79,15.79,15.79,15.79,712466000.0,,,2,,RUB,,3,,2024-03-18,
MMIX,RUSFAR2W,2024-03-19,RUSFAR 2W,RUSFAR 2 недели,15.75,15.75,15.75,15.75,449364000.0,,,2,,RUB,,3,,2024-03-19,
MMIX,RUSFAR2W,2024-03-20,RUSFAR 2W,RUSFAR 2 недели,15.73,15.73,15.73,15.73,1706023000.0,,,2,,RUB,,3,,2024-03-20,
MMIX,RUSFAR2W,2024-03-21,RUSFAR 2W,RUSFAR 2 недели,15.69,15.69,15.69,15.69,951211000.0,,,2,,RUB,,3,,2024-03-21,
MMIX,RUSFAR2W,2024-03-22,RUSFAR 2W,RUSFAR 2 недели,15.65,15.65,15.65,15.65,1656787000.0,,,2,,RUB,,3,,2024-03-22,
MMIX,RUSFAR2W,2024-03-25,RUSFAR 2W,RUSFAR 2 недели,15.62,15.62,15.62,15.62,804543000.0,,,2,,RUB,,3,,2024-03-25,
MMIX,RUSFAR2W,2024-03-26,RUSFAR 2W,RUSFAR 2 недели,15.74,15.74,15.74,15.74,1079166000.0,,,2,,RUB,,3,,2024-03-26,
MMIX,RUSFAR2W,2024-03-27,RUSFAR 2W,RUSFAR 2 недели,15.72,15.72,15.72,15.72,3235001000.0,,,2,,RUB,,3,,2024-03-27,
MMIX,RUSFAR2W,2024-03-28,RUSFAR 2W,RUSFAR 2 недели,15.68,15.68,15.68,15.68,1303371000.0,,,2,,RUB,,3,,2024-03-28,
MMIX,RUSFAR2W,2024-03-29,RUSFAR 2W,RUSFAR 2 недели,15.83,15.83,15.83,15.83,3391584000.0,,,2,,RUB,,3,,2024-03-29,
MMIX,RUSFAR2W,2024-04-01,RUSFAR 2W,RUSFAR 2 недели,15.72,15.72,15.72,15.72,6159288000.0,,,2,,RUB,,3,,2024-04-01,
MMIX,RUSFAR2W,2024-04-02,RUSFAR 2W,RUSFAR 2 недели,15.71,15.71,15.71,15.71,9311969000.0,,,2,,RUB,,3,,2024-04-02,
MMIX,RUSFAR2W,2024-04-03,RUSFAR 2W,RUSFAR 2 недели,15.75,15.75,15.75,15.75,2115008000.0,,,2,,RUB,,3,,2024-04-03,
MMIX,RUSFAR2W,2024-04-04,RUSFAR 2W,RUSFAR 2 недели,15.69,15.69,15.69,15.69,1129384000.0,,,2,,RUB,,3,,2024-04-04,
MMIX,RUSFAR2W,2024-04-05,RUSFAR 2W,RUSFAR 2 недели,15.68,15.68,15.68,15.68,3140472000.0,,,2,,RUB,,3,,2024-04-05,
MMIX,RUSFAR2W,2024-04-08,RUSFAR 2W,RUSFAR 2 недели,15.71,15.71,15.71,15.71,4012627000.0,,,2,,RUB,,3,,2024-04-08,
MMIX,RUSFAR2W,2024-04-09,RUSFAR 2W,RUSFAR 2 недели,15.7,15.7,15.7,15.7,130352000.0,,,2,,RUB,,3,,2024-04-09,
MMIX,RUSFAR2W,2024-04-10,RUSFAR 2W,RUSFAR 2 недели,15.7,15.7,15.7,15.7,1093357000.0,,,2,,RUB,,3,,2024-04-10,
MMIX,RUSFAR2W,2024-04-11,RUSFAR 2W,RUSFAR 2 недели,15.7,15.7,15.7,15.7,282061000.0,,,2,,RUB,,3,,2024-04-11,
MMIX,RUSFAR2W,2024-04-12,RUSFAR 2W,RUSFAR 2 недели,15.7,15.7,15.7,15.7,1215177000.0,,,2,,RUB,,3,,2024-04-12,
MMIX,RUSFAR2W,2024-04-15,RUSFAR 2W,RUSFAR 2 недели,15.72,15.72,15.72,15.72,11284816000.0,,,2,,RUB,,3,,2024-04-15,
MMIX,RUSFAR2W,2024-04-16,RUSFAR 2W,RUSFAR 2 недели,15.77,15.77,15.77,15.77,6478738000.0,,,2,,RUB,,3,,2024-04-16,
MMIX,RUSFAR2W,2024-04-17,RUSFAR 2W,RUSFAR 2 недели,15.77,15.77,15.77,15.77,753607000.0,,,2,,RUB,,3,,2024-04-17,
MMIX,RUSFAR2W,2024-04-18,RUSFAR 2W,RUSFAR 2 недели,15.79,15.79,15.79,15.79,7645142000.0,,,2,,RUB,,3,,2024-04-18,
MMIX,RUSFAR2W,2024-04-19,RUSFAR 2W,RUSFAR 2 недели,15.82,15.82,15.82,15.82,1438534000.0,,,2,,RUB,,3,,2024-04-19,
MMIX,RUSFAR2W,2024-04-22,RUSFAR 2W,RUSFAR 2 недели,15.8,15.8,15.8,15.8,3546862000.0,,,2,,RUB,,3,,2024-04-22,
MMIX,RUSFAR2W,2024-04-23,RUSFAR 2W,RUSFAR 2 недели,15.85,15.85,15.85,15.85,699246000.0,,,2,,RUB,,3,,2024-04-23,
MMIX,RUSFAR2W,2024-04-24,RUSFAR 2W,RUSFAR 2 недели,15.76,15.76,15.76,15.76,5982051000.0,,,2,,RUB,,3,,2024-04-24,
MMIX,RUSFAR2W,2024-04-25,RUSFAR 2W,RUSFAR 2 недели,15.75,15.75,15.75,15.75,892857000.0,,,2,,RUB,,3,,2024-04-25,
MMIX,RUSFAR2W,2024-04-26,RUSFAR 2W,RUSFAR 2 недели,15.82,15.82,15.82,15.82,11745072000.0,,,2,,RUB,,3,,2024-04-26,
MMIX,RUSFAR2W,2024-05-02,RUSFAR 2W,RUSFAR 2 недели,15.93,15.93,15.93,15.93,11271245000.0,,,2,,RUB,,3,,2024-05-02,
MMIX,RUSFAR2W,2024-05-03,RUSFAR 2W,RUSFAR 2 недели,15.96,15.96,15.96,15.96,757016000.0,,,2,,RUB,,3,,2024-05-03,
MMIX,RUSFAR2W,2024-05-06,RUSFAR 2W,RUSFAR 2 недели,15.98,15.98,15.98,15.98,7276960000.0,,,2,,RUB,,3,,2024-05-06,
MMIX,RUSFAR2W,2024-05-07,RUSFAR 2W,RUSFAR 2 недели,15.97,15.97,15.97,15.97,1458961000.0,,,2,,RUB,,3,,2024-05-07,
MMIX,RUSFAR2W,2024-05-08,RUSFAR 2W,RUSFAR 2 недели,15.99,15.99,15.99,15.99,3746059000.0,,,2,,RUB,,3,,2024-05-08,
MMIX,RUSFAR2W,2024-05-13,RUSFAR 2W,RUSFAR 2 недели,16.04,16.04,16.04,16.04,8669292000.0,,,2,,RUB,,3,,2024-05-13,
MMIX,RUSFAR2W,2024-05-14,RUSFAR 2W,RUSFAR 2 недели,16.1,16.1,16.1,16.1,2077535000.0,,,2,,RUB,,3,,2024-05-14,
MMIX,RUSFAR2W,2024-05-15,RUSFAR 2W,RUSFAR 2 недели,16.04,16.04,16.04,16.04,1345634000.0,,,2,,RUB,,3,,2024-05-15,
MMIX,RUSFAR2W,2024-05-16,RUSFAR 2W,RUSFAR 2 недели,15.97,15.97,15.97,15.97,3292781000.0,,,2,,RUB,,3,,2024-05-16,
MMIX,RUSFAR2W,2024-05-17,RUSFAR 2W,RUSFAR 2 недели,15.92,15.92,15.92,15.92,1262712000.0,,,2,,RUB,,3,,2024-05-17,
MMIX,RUSFAR2W,2024-05-20,RUSFAR 2W,RUSFAR 2 недели,15.89,15.89,15.89,15.89,5840546000.0,,,2,,RUB,,3,,2024-05-20,
MMIX,RUSFAR2W,2024-05-21,RUSFAR 2W,RUSFAR 2 недели,15.94,15.94,15.94,15.94,3005578000.0,,,2,,RUB,,3,,2024-05-21,
MMIX,RUSFAR2W,2024-05-22,RUSFAR 2W,RUSFAR 2 недели,15.94,15.94,15.94,15.94,2000362000.0,,,2,,RUB,,3,,2024-05-22,
MMIX,RUSFAR2W,2024-05-23,RUSFAR 2W,RUSFAR 2 недели,16.02,16.02,16.02,16.02,1002356000.0,,,2,,RUB,,3,,2024-05-23,
MMIX,RUSFAR2W,2024-05-24,RUSFAR 2W,RUSFAR 2 недели,15.96,15.96,15.96,15.96,319445000.0,,,2,,RUB,,3,,2024-05-24,
MMIX,RUSFAR2W,2024-05-27,RUSFAR 2W,RUSFAR 2 недели,15.94,15.94,15.94,15.94,3049477000.0,,,2,,RUB,,3,,2024-05-27,
MMIX,RUSFAR2W,2024-05-28,RUSFAR 2W,RUSFAR 2 недели,16.0,16.0,16.0,16.0,407277000.0,,,2,,RUB,,3,,2024-05-28,
MMIX,RUSFAR2W,2024-05-29,RUSFAR 2W,RUSFAR 2 недели,16.1,16.1,16.1,16.1,1193307000.0,,,2,,RUB,,3,,2024-05-29,
MMIX,RUSFAR2W,2024-05-30,RUSFAR 2W,RUSFAR 2 недели,16.24,16.24,16.24,16.24,487756000.0,,,2,,RUB,,3,,2024-05-30,
MMIX,RUSFAR2W,2024-05-31,RUSFAR 2W,RUSFAR 2 недели,16.37,16.37,16.37,16.37,1746184000.0,,,2,,RUB,,3,,2024-05-31,
MMIX,RUSFAR2W,2024-06-03,RUSFAR 2W,RUSFAR 2 недели,16.35,16.35,16.35,16.35,561040000.0,,,2,,RUB,,3,,2024-06-03,
MMIX,RUSFAR2W,2024-06-04,RUSFAR 2W,RUSFAR 2 недели,16.31,16.31,16.31,16.31,3268819000.0,,,2,,RUB,,3,,2024-06-04,
MMIX,RUSFAR2W,2024-06-05,RUSFAR 2W,RUSFAR 2 недели,16.31,16.31,16.31,16.31,1358344000.0,,,2,,RUB,,3,,2024-06-05,
MMIX,RUSFAR2W,2024-06-06,RUSFAR 2W,RUSFAR 2 недели,16.47,16.47,16.47,16.47,254892000.0,,,2,,RUB,,3,,2024-06-06,
MMIX,RUSFAR2W,2024-06-07,RUSFAR 2W,RUSFAR 2 недели,16.44,16.44,16.44,16.44,1506652000.0,,,2,,RUB,,3,,2024-06-07,
MMIX,RUSFAR2W,2024-06-10,RUSFAR 2W,RUSFAR 2 недели,15.82,15.82,15.82,15.82,5992307000.0,,,2,,RUB,,3,,2024-06-10,
MMIX,RUSFAR2W,2024-06-11,RUSFAR 2W,RUSFAR 2 недели,15.74,15.74,15.74,15.74,3346485000.0,,,2,,RUB,,3,,2024-06-11,
MMIX,RUSFAR2W,2024-06-13,RUSFAR 2W,RUSFAR 2 недели,15.9,15.9,15.9,15.9,1818687000.0,,,2,,RUB,,3,,2024-06-13,
MMIX,RUSFAR2W,2024-06-14,RUSFAR 2W,RUSFAR 2 недели,15.77,15.77,15.77,15.77,1194361000.0,,,2,,RUB,,3,,2024-06-14,
MMIX,RUSFAR2W,2024-06-17,RUSFAR 2W,RUSFAR 2 недели,15.78,15.78,15.78,15.78,3227059000.0,,,2,,RUB,,3,,2024-06-17,
MMIX,RUSFAR2W,2024-06-18,RUSFAR 2W,RUSFAR 2 недели,15.81,15.81,15.81,15.81,1459053000.0,,,2,,RUB,,3,,2024-06-18,
MMIX,RUSFAR2W,2024-06-19,RUSFAR 2W,RUSFAR 2 недели,15.79,15.79,15.79,15.79,1180998000.0,,,2,,RUB,,3,,2024-06-19,
MMIX,RUSFAR2W,2024-06-20,RUSFAR 2W,RUSFAR 2 недели,15.78,15.78,15.78,15.78,1586408000.0,,,2,,RUB,,3,,2024-06-20,
MMIX,RUSFAR2W,2024-06-21,RUSFAR 2W,RUSFAR 2 недели,15.78,15.78,15.78,15.78,3765129000.0,,,2,,RUB,,3,,2024-06-21,
MMIX,RUSFAR2W,2024-06-24,RUSFAR 2W,RUSFAR 2 недели,15.75,15.75,15.75,15.75,5204827000.0,,,2,,RUB,,3,,2024-06-24,
MMIX,RUSFAR2W,2024-06-25,RUSFAR 2W,RUSFAR 2 недели,15.9,15.9,15.9,15.9,3637634000.0,,,2,,RUB,,3,,2024-06-25,
MMIX,RUSFAR2W,2024-06-26,RUSFAR 2W,RUSFAR 2 недели,15.86,15.86,15.86,15.86,570737000.0,,,2,,RUB,,3,,2024-06-26,
MMIX,RUSFAR2W,2024-06-27,RUSFAR 2W,RUSFAR 2 недели,15.88,15.88,15.88,15.88,1676732000.0,,,2,,RUB,,3,,2024-06-27,
MMIX,RUSFAR2W,2024-06-28,RUSFAR 2W,RUSFAR 2 недели,15.84,15.84,15.84,15.84,2626066000.0,,,2,,RUB,,3,,2024-06-28,
MMIX,RUSFAR2W,2024-07-01,RUSFAR 2W,RUSFAR 2 недели,16.02,16.02,16.02,16.02,1728979000.0,,,2,,RUB,,3,,2024-07-01,
MMIX,RUSFAR2W,2024-07-02,RUSFAR 2W,RUSFAR 2 недели,16.26,16.26,16.26,16.26,1277249000.0,,,2,,RUB,,3,,2024-07-02,
MMIX,RUSFAR2W,2024-07-03,RUSFAR 2W,RUSFAR 2 недели,16.22,16.22,16.22,16.22,1414950000.0,,,2,,RUB,,3,,2024-07-03,
MMIX,RUSFAR2W,2024-07-04,RUSFAR 2W,RUSFAR 2 недели,15.92,15.92,15.92,15.92,1559380000.0,,,2,,RUB,,3,,2024-07-04,
MMIX,RUSFAR2W,2024-07-05,RUSFAR 2W,RUSFAR 2 недели,16.11,16.11,16.11,16.11,5789323000.0,,,2,,RUB,,3,,2024-07-05,
MMIX,RUSFAR2W,2024-07-08,RUSFAR 2W,RUSFAR 2 недели,16.08,16.08,16.08,16.08,1553484000.0,,,2,,RUB,,3,,2024-07-08,
MMIX,RUSFAR2W,2024-07-09,RUSFAR 2W,RUSFAR 2 недели,16.13,16.13,16.13,16.13,2878900000.0,,,2,,RUB,,3,,2024-07-09,
MMIX,RUSFAR2W,2024-07-10,RUSFAR 2W,RUSFAR 2 недели,16.5,16.5,16.5,16.5,5300338000.0,,,2,,RUB,,3,,2024-07-10,
MMIX,RUSFAR2W,2024-07-11,RUSFAR 2W,RUSFAR 2 недели,16.75,16.75,16.75,16.75,6044317000.0,,,2,,RUB,,3,,2024-07-11,
MMIX,RUSFAR2W,2024-07-12,RUSFAR 2W,RUSFAR 2 недели,16.64,16.64,16.64,16.64,3925813000.0,,,2,,RUB,,3,,2024-07-12,
MMIX,RUSFAR2W,2024-07-15,RUSFAR 2W,RUSFAR 2 недели,16.59,16.59,16.59,16.59,2933843000.0,,,2,,RUB,,3,,2024-07-15,
MMIX,RUSFAR2W,2024-07-16,RUSFAR 2W,RUSFAR 2 недели,16.51,16.51,16.51,16.51,4273321000.0,,,2,,RUB,,3,,2024-07-16,
MMIX,RUSFAR2W,2024-07-17,RUSFAR 2W,RUSFAR 2 недели,16.47,16.47,16.47,16.47,2286486000.0,,,2,,RUB,,3,,2024-07-17,
MMIX,RUSFAR2W,2024-07-18,RUSFAR 2W,RUSFAR 2 недели,16.56,16.56,16.56,16.56,363967000.0,,,2,,RUB,,3,,2024-07-18,
MMIX,RUSFAR2W,2024-07-19,RUSFAR 2W,RUSFAR 2 недели,16.54,16.54,16.54,16.54,695356000.0,,,2,,RUB,,3,,2024-07-19,
MMIX,RUSFAR2W,2024-07-22,RUSFAR 2W,RUSFAR 2 недели,16.55,16.55,16.55,16.55,1183200000.0,,,2,,RUB,,3,,2024-07-22,
MMIX,RUSFAR2W,2024-07-23,RUSFAR 2W,RUSFAR 2 недели,16.71,16.71,16.71,16.71,2527538000.0,,,2,,RUB,,3,,2024-07-23,
MMIX,RUSFAR2W,2024-07-24,RUSFAR 2W,RUSFAR 2 недели,16.83,16.83,16.83,16.83,4669975000.0,,,2,,RUB,,3,,2024-07-24,
MMIX,RUSFAR2W,2024-07-25,RUSFAR 2W,RUSFAR 2 недели,17.1,17.1,17.1,17.1,6384267000.0,,,2,,RUB,,3,,2024-07-25,
MMIX,RUSFAR2W,2024-07-26,RUSFAR 2W,RUSFAR 2 недели,17.21,17.21,17.21,17.21,6404320000.0,,,2,,RUB,,3,,2024-07-26,
MMIX,RUSFAR2W,2024-07-29,RUSFAR 2W,RUSFAR 2 недели,17.54,17.54,17.54,17.54,5471921000.0,,,2,,RUB,,3,,2024-07-29,
MMIX,RUSFAR2W,2024-07-30,RUSFAR 2W,RUSFAR 2 недели,17.55,17.55,17.55,17.55,3902866000.0,,,2,,RUB,,3,,2024-07-30,
MMIX,RUSFAR2W,2024-07-31,RUSFAR 2W,RUSFAR 2 недели,17.68,17.68,17.68,17.68,994516000.0,,,2,,RUB,,3,,2024-07-31,
MMIX,RUSFAR2W,2024-08-01,RUSFAR 2W,RUSFAR 2 недели,17.49,17.49,17.49,17.49,4324909000.0,,,2,,RUB,,3,,2024-08-01,
MMIX,RUSFAR2W,2024-08-02,RUSFAR 2W,RUSFAR 2 недели,17.51,17.51,17.51,17.51,2064343000.0,,,2,,RUB,,3,,2024-08-02,
MMIX,RUSFAR2W,2024-08-05,RUSFAR 2W,RUSFAR 2 недели,17.53,17.53,17.53,17.53,900188000.0,,,2,,RUB,,3,,2024-08-05,
MMIX,RUSFAR2W,2024-08-06,RUSFAR 2W,RUSFAR 2 недели,17.53,17.53,17.53,17.53,2132490000.0,,,2,,RUB,,3,,2024-08-06,
MMIX,RUSFAR2W,2024-08-07,RUSFAR 2W,RUSFAR 2 недели,17.65,17.65,17.65,17.65,820000000.0,,,2,,RUB,,3,,2024-08-07,
MMIX,RUSFAR2W,2024-08-08,RUSFAR 2W,RUSFAR 2 недели,17.61,17.61,17.61,17.61,851482000.0,,,2,,RUB,,3,,2024-08-08,
MMIX,RUSFAR2W,2024-08-09,RUSFAR 2W,RUSFAR 2 недели,17.64,17.64,17.64,17.64,2177265000.0,,,2,,RUB,,3,,2024-08-09,
MMIX,RUSFAR2W,2024-08-12,RUSFAR 2W,RUSFAR 2 недели,17.72,17.72,17.72,17.72,785450000.0,,,2,,RUB,,3,,2024-08-12,
MMIX,RUSFAR2W,2024-08-13,RUSFAR 2W,RUSFAR 2 недели,17.96,17.96,17.96,17.96,4514769000.0,,,2,,RUB,,3,,2024-08-13,
MMIX,RUSFAR2W,2024-08-14,RUSFAR 2W,RUSFAR 2 недели,17.98,17.98,17.98,17.98,1473249000.0,,,2,,RUB,,3,,2024-08-14,
MMIX,RUSFAR2W,2024-08-15,RUSFAR 2W,RUSFAR 2 недели,17.9,17.9,17.9,17.9,441326000.0,,,2,,RUB,,3,,2024-08-15,
MMIX,RUSFAR2W,2024-08-16,RUSFAR 2W,RUSFAR 2 недели,17.89,17.89,17.89,17.89,1631236000.0,,,2,,RUB,,3,,2024-08-16,
MMIX,RUSFAR2W,2024-08-19,RUSFAR 2W,RUSFAR 2 недели,17.79,17.79,17.79,17.79,2858012000.0,,,2,,RUB,,3,,2024-08-19,
MMIX,RUSFAR2W,2024-08-20,RUSFAR 2W,RUSFAR 2 недели,17.77,17.77,17.77,17.77,2243511000.0,,,2,,RUB,,3,,2024-08-20,
MMIX,RUSFAR2W,2024-08-21,RUSFAR 2W,RUSFAR 2 недели,17.85,17.85,17.85,17.85,3215286000.0,,,2,,RUB,,3,,2024-08-21,
MMIX,RUSFAR2W,2024-08-22,RUSFAR 2W,RUSFAR 2 недели,17.93,17.93,17.93,17.93,2612716000.0,,,2,,RUB,,3,,2024-08-22,
MMIX,RUSFAR2W,2024-08-23,RUSFAR 2W,RUSFAR 2 недели,18.08,18.08,18.08,18.08,2336723000.0,,,2,,RUB,,3,,2024-08-23,
MMIX,RUSFAR2W,2024-08-26,RUSFAR 2W,RUSFAR 2 недели,18.08,18.08,18.08,18.08,1116144000.0,,,2,,RUB,,3,,2024-08-26,
MMIX,RUSFAR2W,2024-08-27,RUSFAR 2W,RUSFAR 2 недели,18.13,18.13,18.13,18.13,2214096000.0,,,2,,RUB,,3,,2024-08-27,
MMIX,RUSFAR2W,2024-08-28,RUSFAR 2W,RUSFAR 2 недели,18.06,18.06,18.06,18.06,868790000.0,,,2,,RUB,,3,,2024-08-28,
MMIX,RUSFAR2W,2024-08-29,RUSFAR 2W,RUSFAR 2 недели,18.16,18.16,18.16,18.16,3295539000.0,,,2,,RUB,,3,,2024-08-29,
MMIX,RUSFAR2W,2024-08-30,RUSFAR 2W,RUSFAR 2 недели,18.35,18.35,18.35,18.35,7897234000.0,,,2,,RUB,,3,,2024-08-30,
MMIX,RUSFAR2W,2024-09-02,RUSFAR 2W,RUSFAR 2 недели,18.4,18.4,18.4,18.4,1164841000.0,,,2,,RUB,,3,,2024-09-02,
MMIX,RUSFAR2W,2024-09-03,RUSFAR 2W,RUSFAR 2 недели,18.29,18.29,18.29,18.29,975323000.0,,,2,,RUB,,3,,2024-09-03,
MMIX,RUSFAR2W,2024-09-04,RUSFAR 2W,RUSFAR 2 недели,18.38,18.38,18.38,18.38,241456000.0,,,2,,RUB,,3,,2024-09-04,
MMIX,RUSFAR2W,2024-09-05,RUSFAR 2W,RUSFAR 2 недели,18.4,18.4,18.4,18.4,41394000.0,,,2,,RUB,,3,,2024-09-05,
MMIX,RUSFAR2W,2024-09-06,RUSFAR 2W,RUSFAR 2 недели,18.48,18.48,18.48,18.48,921422000.0,,,2,,RUB,,3,,2024-09-06,
MMIX,RUSFAR2W,2024-09-09,RUSFAR 2W,RUSFAR 2 недели,18.48,18.48,18.48,18.48,1494669000.0,,,2,,RUB,,3,,2024-09-09,
MMIX,RUSFAR2W,2024-09-10,RUSFAR 2W,RUSFAR 2 недели,18.51,18.51,18.51,18.51,1911319000.0,,,2,,RUB,,3,,2024-09-10,
MMIX,RUSFAR2W,2024-09-11,RUSFAR 2W,RUSFAR 2 недели,18.64,18.64,18.64,18.64,611145000.0,,,2,,RUB,,3,,2024-09-11,
MMIX,RUSFAR2W,2024-09-12,RUSFAR 2W,RUSFAR 2 недели,18.72,18.72,18.72,18.72,697803000.0,,,2,,RUB,,3,,2024-09-12,
MMIX,RUSFAR2W,2024-09-13,RUSFAR 2W,RUSFAR 2 недели,18.92,18.92,18.92,18.92,886268000.0,,,2,,RUB,,3,,2024-09-13,
MMIX,RUSFAR2W,2024-09-16,RUSFAR 2W,RUSFAR 2 недели,18.99,18.99,18.99,18.99,955992000.0,,,2,,RUB,,3,,2024-09-16,
MMIX,RUSFAR2W,2024-09-17,RUSFAR 2W,RUSFAR 2 недели,19.0,19.0,19.0,19.0,4961730000.0,,,2,,RUB,,3,,2024-09-17,
MMIX,RUSFAR2W,2024-09-18,RUSFAR 2W,RUSFAR 2 недели,19.0,19.0,19.0,19.0,5972208000.0,,,2,,RUB,,3,,2024-09-18,
MMIX,RUSFAR2W,2024-09-19,RUSFAR 2W,RUSFAR 2 недели,18.96,18.96,18.96,18.96,6564382000.0,,,2,,RUB,,3,,2024-09-19,
MMIX,RUSFAR2W,2024-09-20,RUSFAR 2W,RUSFAR 2 недели,18.97,18.97,18.97,18.97,3627014000.0,,,2,,RUB,,3,,2024-09-20,
MMIX,RUSFAR2W,2024-09-23,RUSFAR 2W,RUSFAR 2 недели,18.92,18.92,18.92,18.92,1072747000.0,,,2,,RUB,,3,,2024-09-23,
MMIX,RUSFAR2W,2024-09-24,RUSFAR 2W,RUSFAR 2 недели,18.91,18.91,18.91,18.91,7637037000.0,,,2,,RUB,,3,,2024-09-24,
MMIX,RUSFAR2W,2024-09-25,RUSFAR 2W,RUSFAR 2 недели,18.85,18.85,18.85,18.85,4812978000.0,,,2,,RUB,,3,,2024-09-25,
MMIX,RUSFAR2W,2024-09-26,RUSFAR 2W,RUSFAR 2 недели,18.85,18.85,18.85,18.85,3196260000.0,,,2,,RUB,,3,,2024-09-26,
MMIX,RUSFAR2W,2024-09-27,RUSFAR 2W,RUSFAR 2 недели,18.9,18.9,18.9,18.9,1400911000.0,,,2,,RUB,,3,,2024-09-27,
MMIX,RUSFAR2W,2024-09-30,RUSFAR 2W,RUSFAR 2 недели,18.87,18.87,18.87,18.87,5155009000.0,,,2,,RUB,,3,,2024-09-30,
MMIX,RUSFAR2W,2024-10-01,RUSFAR 2W,RUSFAR 2 недели,18.87,18.87,18.87,18.87,2031186000.0,,,2,,RUB,,3,,2024-10-01,
MMIX,RUSFAR2W,2024-10-02,RUSFAR 2W,RUSFAR 2 недели,18.96,18.96,18.96,18.96,2153079000.0,,,2,,RUB,,3,,2024-10-02,
MMIX,RUSFAR2W,2024-10-03,RUSFAR 2W,RUSFAR 2 недели,18.9,18.9,18.9,18.9,2241899000.0,,,2,,RUB,,3,,2024-10-03,
MMIX,RUSFAR2W,2024-10-04,RUSFAR 2W,RUSFAR 2 недели,19.01,19.01,19.01,19.01,4069549000.0,,,2,,RUB,,3,,2024-10-04,
MMIX,RUSFAR2W,2024-10-07,RUSFAR 2W,RUSFAR 2 недели,19.01,19.01,19.01,19.01,6188945000.0,,,2,,RUB,,3,,2024-10-07,
MMIX,RUSFAR2W,2024-10-08,RUSFAR 2W,RUSFAR 2 недели,19.05,19.05,19.05,19.05,2814405000.0,,,2,,RUB,,3,,2024-10-08,
MMIX,RUSFAR2W,2024-10-09,RUSFAR 2W,RUSFAR 2 недели,19.1,19.1,19.1,19.1,945466000.0,,,2,,RUB,,3,,2024-10-09,
MMIX,RUSFAR2W,2024-10-10,RUSFAR 2W,RUSFAR 2 недели,19.2,19.2,19.2,19.2,1493509000.0,,,2,,RUB,,3,,2024-10-10,
MMIX,RUSFAR2W,2024-10-11,RUSFAR 2W,RUSFAR 2 недели,19.05,19.05,19.05,19.05,2484002000.0,,,2,,RUB,,3,,2024-10-11,
MMIX,RUSFAR2W,2024-10-14,RUSFAR 2W,RUSFAR 2 недели,19.03,19.03,19.03,19.03,10044533000.0,,,2,,RUB,,3,,2024-10-14,
MMIX,RUSFAR2W,2024-10-15,RUSFAR 2W,RUSFAR 2 недели,19.02,19.02,19.02,19.02,1567333000.0,,,2,,RUB,,3,,2024-10-15,
MMIX,RUSFAR2W,2024-10-16,RUSFAR 2W,RUSFAR 2 недели,19.04,19.04,19.04,19.04,1658722000.0,,,2,,RUB,,3,,2024-10-16,
MMIX,RUSFAR2W,2024-10-17,RUSFAR 2W,RUSFAR 2 недели,19.17,19.17,19.17,19.17,1180760000.0,,,2,,RUB,,3,,2024-10-17,
MMIX,RUSFAR2W,2024-10-18,RUSFAR 2W,RUSFAR 2 недели,19.21,19.21,19.21,19.21,1128966000.0,,,2,,RUB,,3,,2024-10-18,
MMIX,RUSFAR2W,2024-10-21,RUSFAR 2W,RUSFAR 2 недели,19.44,19.44,19.44,19.44,1757304000.0,,,2,,RUB,,3,,2024-10-21,
MMIX,RUSFAR2W,2024-10-22,RUSFAR 2W,RUSFAR 2 недели,19.55,19.55,19.55,19.55,935792000.0,,,2,,RUB,,3,,2024-10-22,
MMIX,RUSFAR2W,2024-10-23,RUSFAR 2W,RUSFAR 2 недели,19.63,19.63,19.63,19.63,455441000.0,,,2,,RUB,,3,,2024-10-23,
MMIX,RUSFAR2W,2024-10-24,RUSFAR 2W,RUSFAR 2 недели,19.7,19.7,19.7,19.7,1776311000.0,,,2,,RUB,,3,,2024-10-24,
MMIX,RUSFAR2W,2024-10-25,RUSFAR 2W,RUSFAR 2 недели,19.83,19.83,19.83,19.83,26912000.0,,,2,,RUB,,3,,2024-10-25,
MMIX,RUSFAR2W,2024-10-28,RUSFAR 2W,RUSFAR 2 недели,20.64,20.64,20.64,20.64,8042007000.0,,,2,,RUB,,3,,2024-10-28,
MMIX,RUSFAR2W,2024-10-29,RUSFAR 2W,RUSFAR 2 недели,20.79,20.79,20.79,20.79,2506385000.0,,,2,,RUB,,3,,2024-10-29,
MMIX,RUSFAR2W,2024-10-30,RUSFAR 2W,RUSFAR 2 недели,20.82,20.82,20.82,20.82,1376513000.0,,,2,,RUB,,3,,2024-10-30,
MMIX,RUSFAR2W,2024-10-31,RUSFAR 2W,RUSFAR 2 недели,20.79,20.79,20.79,20.79,1786963000.0,,,2,,RUB,,3,,2024-10-31,
MMIX,RUSFAR2W,2024-11-01,RUSFAR 2W,RUSFAR 2 недели,20.86,20.86,20.86,20.86,1709576000.0,,,2,,RUB,,3,,2024-11-01,
MMIX,RUSFAR2W,2024-11-05,RUSFAR 2W,RUSFAR 2 недели,20.85,20.85,20.85,20.85,1303250000.0,,,2,,RUB,,3,,2024-11-05,
MMIX,RUSFAR2W,2024-11-06,RUSFAR 2W,RUSFAR 2 недели,20.87,20.87,20.87,20.87,1316561000.0,,,2,,RUB,,3,,2024-11-06,
MMIX,RUSFAR2W,2024-11-07,RUSFAR 2W,RUSFAR 2 недели,20.83,20.83,20.83,20.83,91592000.0,,,2,,RUB,,3,,2024-11-07,
MMIX,RUSFAR2W,2024-11-08,RUSFAR 2W,RUSFAR 2 недели,20.8,20.8,20.8,20.8,2455660000.0,,,2,,RUB,,3,,2024-11-08,
MMIX,RUSFAR2W,2024-11-11,RUSFAR 2W,RUSFAR 2 недели,20.95,20.95,20.95,20.95,717314000.0,,,2,,RUB,,3,,2024-11-11,
MMIX,RUSFAR2W,2024-11-12,RUSFAR 2W,RUSFAR 2 недели,21.24,21.24,21.24,21.24,1380480000.0,,,2,,RUB,,3,,2024-11-12,
MMIX,RUSFAR2W,2024-11-13,RUSFAR 2W,RUSFAR 2 недели,20.91,20.91,20.91,20.91,4399891000.0,,,2,,RUB,,3,,2024-11-13,
MMIX,RUSFAR2W,2024-11-14,RUSFAR 2W,RUSFAR 2 недели,20.93,20.93,20.93,20.93,1233917000.0,,,2,,RUB,,3,,2024-11-14,
MMIX,RUSFAR2W,2024-11-15,RUSFAR 2W,RUSFAR 2 недели,20.88,20.88,20.88,20.88,2941240000.0,,,2,,RUB,,3,,2024-11-15,
MMIX,RUSFAR2W,2024-11-18,RUSFAR 2W,RUSFAR 2 недели,20.93,20.93,20.93,20.93,330168000.0,,,2,,RUB,,3,,2024-11-18,
MMIX,RUSFAR2W,2024-11-19,RUSFAR 2W,RUSFAR 2 недели,20.86,20.86,20.86,20.86,8672994000.0,,,2,,RUB,,3,,2024-11-19,
MMIX,RUSFAR2W,2024-11-20,RUSFAR 2W,RUSFAR 2 недели,20.88,20.88,20.88,20.88,1479926000.0,,,2,,RUB,,3,,2024-11-20,
MMIX,RUSFAR2W,2024-11-21,RUSFAR 2W,RUSFAR 2 недели,20.86,20.86,20.86,20.86,3475324000.0,,,2,,RUB,,3,,2024-11-21,
MMIX,RUSFAR2W,2024-11-22,RUSFAR 2W,RUSFAR 2 недели,20.92,20.92,20.92,20.92,2518142000.0,,,2,,RUB,,3,,2024-11-22,
MMIX,RUSFAR2W,2024-11-25,RUSFAR 2W,RUSFAR 2 недели,20.9,20.9,20.9,20.9,938230000.0,,,2,,RUB,,3,,2024-11-25,
MMIX,RUSFAR2W,2024-11-26,RUSFAR 2W,RUSFAR 2 недели,20.92,20.92,20.92,20.92,1774097000.0,,,2,,RUB,,3,,2024-11-26,
MMIX,RUSFAR2W,2024-11-27,RUSFAR 2W,RUSFAR 2 недели,20.96,20.96,20.96,20.96,3164610000.0,,,2,,RUB,,3,,2024-11-27,
MMIX,RUSFAR2W,2024-11-28,RUSFAR 2W,RUSFAR 2 недели,20.99,20.99,20.99,20.99,1899630000.0,,,2,,RUB,,3,,2024-11-28,
MMIX,RUSFAR2W,2024-11-29,RUSFAR 2W,RUSFAR 2 недели,20.94,20.94,20.94,20.94,1434780000.0,,,2,,RUB,,3,,2024-11-29,
MMIX,RUSFAR2W,2024-12-02,RUSFAR 2W,RUSFAR 2 недели,21.01,21.01,21.01,21.01,1073855000.0,,,2,,RUB,,3,,2024-12-02,
MMIX,RUSFAR2W,2024-12-03,RUSFAR 2W,RUSFAR 2 недели,21.16,21.16,21.16,21.16,336548000.0,,,2,,RUB,,3,,2024-12-03,
MMIX,RUSFAR2W,2024-12-04,RUSFAR 2W,RUSFAR 2 недели,21.07,21.07,21.07,21.07,2661604000.0,,,2,,RUB,,3,,2024-12-04,
MMIX,RUSFAR2W,2024-12-05,RUSFAR 2W,RUSFAR 2 недели,20.98,20.98,20.98,20.98,8576943000.0,,,2,,RUB,,3,,2024-12-05,
MMIX,RUSFAR2W,2024-12-06,RUSFAR 2W,RUSFAR 2 недели,20.95,20.95,20.95,20.95,1980401000.0,,,2,,RUB,,3,,2024-12-06,
MMIX,RUSFAR2W,2024-12-09,RUSFAR 2W,RUSFAR 2 недели,20.99,20.99,20.99,20.99,2796045000.0,,,2,,RUB,,3,,2024-12-09,
MMIX,RUSFAR2W,2024-12-10,RUSFAR 2W,RUSFAR 2 недели,21.22,21.22,21.22,21.22,1123081000.0,,,2,,RUB,,3,,2024-12-10,
MMIX,RUSFAR2W,2024-12-11,RUSFAR 2W,RUSFAR 2 недели,21.58,21.58,21.58,21.58,1106174000.0,,,2,,RUB,,3,,2024-12-11,
MMIX,RUSFAR2W,2024-12-12,RUSFAR 2W,RUSFAR 2 недели,21.86,21.86,21.86,21.86,1462239000.0,,,2,,RUB,,3,,2024-12-12,
MMIX,RUSFAR2W,2024-12-13,RUSFAR 2W,RUSFAR 2 недели,22.15,22.15,22.15,22.15,1056582000.0,,,2,,RUB,,3,,2024-12-13,
MMIX,RUSFAR2W,2024-12-16,RUSFAR 2W,RUSFAR 2 недели,22.48,22.48,22.48,22.48,901000000.0,,,2,,RUB,,3,,2024-12-16,
MMIX,RUSFAR2W,2024-12-17,RUSFAR 2W,RUSFAR 2 недели,22.78,22.78,22.78,22.78,17865000.0,,,2,,RUB,,3,,2024-12-17,
MMIX,RUSFAR2W,2024-12-18,RUSFAR 2W,RUSFAR 2 недели,22.93,22.93,22.93,22.93,90951000.0,,,2,,RUB,,3,,2024-12-18,
MMIX,RUSFAR2W,2024-12-19,RUSFAR 2W,RUSFAR 2 недели,22.98,22.98,22.98,22.98,735520000.0,,,2,,RUB,,3,,2024-12-19,
MMIX,RUSFAR2W,2024-12-20,RUSFAR 2W,RUSFAR 2 недели,23.12,23.12,23.12,23.12,123402000.0,,,2,,RUB,,3,,2024-12-20,
MMIX,RUSFAR2W,2024-12-23,RUSFAR 2W,RUSFAR 2 недели,20.89,20.89,20.89,20.89,4970198000.0,,,2,,RUB,,3,,2024-12-23,
MMIX,RUSFAR2W,2024-12-24,RUSFAR 2W,RUSFAR 2 недели,20.81,20.81,20.81,20.81,7139224000.0,,,2,,RUB,,3,,2024-12-24,
MMIX,RUSFAR2W,2024-12-25,RUSFAR 2W,RUSFAR 2 недели,20.9,20.9,20.9,20.9,4352299000.0,,,2,,RUB,,3,,2024-12-25,
MMIX,RUSFAR2W,2024-12-26,RUSFAR 2W,RUSFAR 2 недели,20.85,20.85,20.85,20.85,41058387000.0,,,2,,RUB,,3,,2024-12-26,
MMIX,RUSFAR2W,2024-12-27,RUSFAR 2W,RUSFAR 2 недели,20.87,20.87,20.87,20.87,4186396000.0,,,2,,RUB,,3,,2024-12-27,
MMIX,RUSFAR2W,2025-01-09,RUSFAR 2W,RUSFAR 2 недели,20.83,20.83,20.83,20.83,692014000.0,,,2,,RUB,,3,,2025-01-09,
MMIX,RUSFAR2W,2025-01-10,RUSFAR 2W,RUSFAR 2 недели,20.82,20.82,20.82,20.82,1978762000.0,,,2,,RUB,,3,,2025-01-10,
MMIX,RUSFAR2W,2025-01-13,RUSFAR 2W,RUSFAR 2 недели,20.79,20.79,20.79,20.79,1223044000.0,,,2,,RUB,,3,,2025-01-13,
MMIX,RUSFAR2W,2025-01-14,RUSFAR 2W,RUSFAR 2 недели,20.82,20.82,20.82,20.82,2568233000.0,,,2,,RUB,,3,,2025-01-14,
MMIX,RUSFAR2W,2025-01-15,RUSFAR 2W,RUSFAR 2 недели,20.88,20.88,20.88,20.88,8042371000.0,,,2,,RUB,,3,,2025-01-15,
MMIX,RUSFAR2W,2025-01-16,RUSFAR 2W,RUSFAR 2 недели,20.91,20.91,20.91,20.91,875967000.0,,,2,,RUB,,3,,2025-01-16,
MMIX,RUSFAR2W,2025-01-17,RUSFAR 2W,RUSFAR 2 недели,20.97,20.97,20.97,20.97,81992000.0,,,2,,RUB,,3,,2025-01-17,
MMIX,RUSFAR2W,2025-01-20,RUSFAR 2W,RUSFAR 2 недели,21.02,21.02,21.02,21.02,832219000.0,,,2,,RUB,,3,,2025-01-20,
MMIX,RUSFAR2W,2025-01-21,RUSFAR 2W,RUSFAR 2 недели,21.01,21.01,21.01,21.01,14060000.0,,,2,,RUB,,3,,2025-01-21,
MMIX,RUSFAR2W,2025-01-22,RUSFAR 2W,RUSFAR 2 недели,21.03,21.03,21.03,21.03,2977680000.0,,,2,,RUB,,3,,2025-01-22,
MMIX,RUSFAR2W,2025-01-23,RUSFAR 2W,RUSFAR 2 недели,20.84,20.84,20.84,20.84,4543283000.0,,,2,,RUB,,3,,2025-01-23,
MMIX,RUSFAR2W,2025-01-24,RUSFAR 2W,RUSFAR 2 недели,20.77,20.77,20.77,20.77,5626505000.0,,,2,,RUB,,3,,2025-01-24,
MMIX,RUSFAR2W,2025-01-27,RUSFAR 2W,RUSFAR 2 недели,20.79,20.79,20.79,20.79,1211117000.0,,,2,,RUB,,3,,2025-01-27,
MMIX,RUSFAR2W,2025-01-28,RUSFAR 2W,RUSFAR 2 недели,20.85,20.85,20.85,20.85,9572139000.0,,,2,,RUB,,3,,2025-01-28,
MMIX,RUSFAR2W,2025-01-29,RUSFAR 2W,RUSFAR 2 недели,20.84,20.84,20.84,20.84,1211289000.0,,,2,,RUB,,3,,2025-01-29,
MMIX,RUSFAR2W,2025-01-30,RUSFAR 2W,RUSFAR 2 недели,20.78,20.78,20.78,20.78,1172190000.0,,,2,,RUB,,3,,2025-01-30,
MMIX,RUSFAR2W,2025-01-31,RUSFAR 2W,RUSFAR 2 недели,20.76,20.76,20.76,20.76,770005000.0,,,2,,RUB,,3,,2025-01-31,
MMIX,RUSFAR2W,2025-02-03,RUSFAR 2W,RUSFAR 2 недели,20.78,20.78,20.78,20.78,723272000.0,,,2,,RUB,,3,,2025-02-03,
MMIX,RUSFAR2W,2025-02-04,RUSFAR 2W,RUSFAR 2 недели,20.71,20.71,20.71,20.71,451636000.0,,,2,,RUB,,3,,2025-02-04,
MMIX,RUSFAR2W,2025-02-05,RUSFAR 2W,RUSFAR 2 недели,20.73,20.73,20.73,20.73,844637000.0,,,2,,RUB,,3,,2025-02-05,
MMIX,RUSFAR2W,2025-02-06,RUSFAR 2W,RUSFAR 2 недели,20.81,20.81,20.81,20.81,1666735000.0,,,2,,RUB,,3,,2025-02-06,
MMIX,RUSFAR2W,2025-02-07,RUSFAR 2W,RUSFAR 2 недели,20.7,20.7,20.7,20.7,2228233000.0,,,2,,RUB,,3,,2025-02-07,
MMIX,RUSFAR2W,2025-02-10,RUSFAR 2W,RUSFAR 2 недели,20.78,20.78,20.78,20.78,1823402000.0,,,2,,RUB,,3,,2025-02-10,
MMIX,RUSFAR2W,2025-02-11,RUSFAR 2W,RUSFAR 2 недели,20.98,20.98,20.98,20.98,10592398000.0,,,2,,RUB,,3,,2025-02-11,
MMIX,RUSFAR2W,2025-02-12,RUSFAR 2W,RUSFAR 2 недели,20.96,20.96,20.96,20.96,243221000.0,,,2,,RUB,,3,,2025-02-12,
MMIX,RUSFAR2W,2025-02-13,RUSFAR 2W,RUSFAR 2 недели,20.9,20.9,20.9,20.9,884060000.0,,,2,,RUB,,3,,2025-02-13,
MMIX,RUSFAR2W,2025-02-14,RUSFAR 2W,RUSFAR 2 недели,20.97,20.97,20.97,20.97,800267000.0,,,2,,RUB,,3,,2025-02-14,
MMIX,RUSFAR2W,2025-02-17,RUSFAR 2W,RUSFAR 2 недели,20.92,20.92,20.92,20.92,821047000.0,,,2,,RUB,,3,,2025-02-17,
MMIX,RUSFAR2W,2025-02-18,RUSFAR 2W,RUSFAR 2 недели,20.99,20.99,20.99,20.99,4242100000.0,,,2,,RUB,,3,,2025-02-18,
MMIX,RUSFAR2W,2025-02-19,RUSFAR 2W,RUSFAR 2 недели,20.96,20.96,20.96,20.96,1084812000.0,,,2,,RUB,,3,,2025-02-19,
MMIX,RUSFAR2W,2025-02-20,RUSFAR 2W,RUSFAR 2 недели,20.98,20.98,20.98,20.98,555423000.0,,,2,,RUB,,3,,2025-02-20,
MMIX,RUSFAR2W,2025-02-21,RUSFAR 2W,RUSFAR 2 недели,21.01,21.01,21.01,21.01,7561179000.0,,,2,,RUB,,3,,2025-02-21,
MMIX,RUSFAR2W,2025-02-24,RUSFAR 2W,RUSFAR 2 недели,21.05,21.05,21.05,21.05,605298000.0,,,2,,RUB,,3,,2025-02-24,
MMIX,RUSFAR2W,2025-02-25,RUSFAR 2W,RUSFAR 2 недели,21.08,21.08,21.08,21.08,1908608000.0,,,2,,RUB,,3,,2025-02-25,
MMIX,RUSFAR2W,2025-02-26,RUSFAR 2W,RUSFAR 2 недели,21.09,21.09,21.09,21.09,2429093000.0,,,2,,RUB,,3,,2025-02-26,
MMIX,RUSFAR2W,2025-02-27,RUSFAR 2W,RUSFAR 2 недели,21.13,21.13,21.13,21.13,2477497000.0,,,2,,RUB,,3,,2025-02-27,
MMIX,RUSFAR2W,2025-02-28,RUSFAR 2W,RUSFAR 2 недели,21.16,21.16,21.16,21.16,2591771000.0,,,2,,RUB,,3,,2025-02-28,
MMIX,RUSFAR2W,2025-03-03,RUSFAR 2W,RUSFAR 2 недели,21.15,21.15,21.15,21.15,226863000.0,,,2,,RUB,,3,,2025-03-03,
MMIX,RUSFAR2W,2025-03-04,RUSFAR 2W,RUSFAR 2 недели,21.23,21.23,21.23,21.23,1864153000.0,,,2,,RUB,,3,,2025-03-04,
MMIX,RUSFAR2W,2025-03-05,RUSFAR 2W,RUSFAR 2 недели,21.27,21.27,21.27,21.27,871041000.0,,,2,,RUB,,3,,2025-03-05,
MMIX,RUSFAR2W,2025-03-06,RUSFAR 2W,RUSFAR 2 недели,21.26,21.26,21.26,21.26,97538000.0,,,2,,RUB,,3,,2025-03-06,
MMIX,RUSFAR2W,2025-03-07,RUSFAR 2W,RUSFAR 2 недели,21.21,21.21,21.21,21.21,22810000.0,,,2,,RUB,,3,,2025-03-07,
MMIX,RUSFAR2W,2025-03-10,RUSFAR 2W,RUSFAR 2 недели,21.26,21.26,21.26,21.26,1731846000.0,,,2,,RUB,,3,,2025-03-10,
MMIX,RUSFAR2W,2025-03-11,RUSFAR 2W,RUSFAR 2 недели,21.11,21.11,21.11,21.11,1659587000.0,,,2,,RUB,,3,,2025-03-11,
MMIX,RUSFAR2W,2025-03-12,RUSFAR 2W,RUSFAR 2 недели,21.09,21.09,21.09,21.09,280600000.0,,,2,,RUB,,3,,2025-03-12,
MMIX,RUSFAR2W,2025-03-13,RUSFAR 2W,RUSFAR 2 недели,21.22,21.22,21.22,21.22,571366000.0,,,2,,RUB,,3,,2025-03-13,
MMIX,RUSFAR2W,2025-03-14,RUSFAR 2W,RUSFAR 2 недели,21.25,21.25,21.25,21.25,619511000.0,,,2,,RUB,,3,,2025-03-14,
MMIX,RUSFAR2W,2025-03-17,RUSFAR 2W,RUSFAR 2 недели,21.24,21.24,21.24,21.24,178677000.0,,,2,,RUB,,3,,2025-03-17,
MMIX,RUSFAR2W,2025-03-18,RUSFAR 2W,RUSFAR 2 недели,21.31,21.31,21.31,21.31,1133921000.0,,,2,,RUB,,3,,2025-03-18,
MMIX,RUSFAR2W,2025-03-19,RUSFAR 2W,RUSFAR 2 недели,21.31,21.31,21.31,21.31,1520912000.0,,,2,,RUB,,3,,2025-03-19,
MMIX,RUSFAR2W,2025-03-20,RUSFAR 2W,RUSFAR 2 недели,21.27,21.27,21.27,21.27,268934000.0,,,2,,RUB,,3,,2025-03-20,
MMIX,RUSFAR2W,2025-03-21,RUSFAR 2W,RUSFAR 2 недели,21.3,21.3,21.3,21.3,670043000.0,,,2,,RUB,,3,,2025-03-21,
MMIX,RUSFAR2W,2025-03-24,RUSFAR 2W,RUSFAR 2 недели,21.35,21.35,21.35,21.35,3725684000.0,,,2,,RUB,,3,,2025-03-24,
MMIX,RUSFAR2W,2025-03-25,RUSFAR 2W,RUSFAR 2 недели,21.45,21.45,21.45,21.45,2945822000.0,,,2,,RUB,,3,,2025-03-25,
MMIX,RUSFAR2W,2025-03-26,RUSFAR 2W,RUSFAR 2 недели,21.45,21.45,21.45,21.45,1318421000.0,,,2,,RUB,,3,,2025-03-26,
MMIX,RUSFAR2W,2025-03-27,RUSFAR 2W,RUSFAR 2 недели,21.41,21.41,21.41,21.41,419344000.0,,,2,,RUB,,3,,2025-03-27,
MMIX,RUSFAR2W,2025-03-28,RUSFAR 2W,RUSFAR 2 недели,21.19,21.19,21.19,21.19,4135871000.0,,,2,,RUB,,3,,2025-03-28,
MMIX,RUSFAR2W,2025-03-31,RUSFAR 2W,RUSFAR 2 недели,21.48,21.48,21.48,21.48,5552961000.0,,,2,,RUB,,3,,2025-03-31,
MMIX,RUSFAR2W,2025-04-01,RUSFAR 2W,RUSFAR 2 недели,21.5,21.5,21.5,21.5,2729763000.0,,,2,,RUB,,3,,2025-04-01,
MMIX,RUSFAR2W,2025-04-02,RUSFAR 2W,RUSFAR 2 недели,21.58,21.58,21.58,21.58,1684040000.0,,,2,,RUB,,3,,2025-04-02,
MMIX,RUSFAR2W,2025-04-03,RUSFAR 2W,RUSFAR 2 недели,21.56,21.56,21.56,21.56,1328464000.0,,,2,,RUB,,3,,2025-04-03,
MMIX,RUSFAR2W,2025-04-04,RUSFAR 2W,RUSFAR 2 недели,21.57,21.57,21.57,21.57,349078000.0,,,2,,RUB,,3,,2025-04-04,
MMIX,RUSFAR2W,2025-04-07,RUSFAR 2W,RUSFAR 2 недели,21.52,21.52,21.52,21.52,1591182000.0,,,2,,RUB,,3,,2025-04-07,
MMIX,RUSFAR2W,2025-04-08,RUSFAR 2W,RUSFAR 2 недели,21.44,21.44,21.44,21.44,12409108000.0,,,2,,RUB,,3,,2025-04-08,
MMIX,RUSFAR2W,2025-04-09,RUSFAR 2W,RUSFAR 2 недели,21.5,21.5,21.5,21.5,4130114000.0,,,2,,RUB,,3,,2025-04-09,
MMIX,RUSFAR2W,2025-04-10,RUSFAR 2W,RUSFAR 2 недели,21.5,21.5,21.5,21.5,12121797000.0,,,2,,RUB,,3,,2025-04-10,
MMIX,RUSFAR2W,2025-04-11,RUSFAR 2W,RUSFAR 2 недели,21.42,21.42,21.42,21.42,1074588000.0,,,2,,RUB,,3,,2025-04-11,
MMIX,RUSFAR2W,2025-04-14,RUSFAR 2W,RUSFAR 2 недели,21.41,21.41,21.41,21.41,519431000.0,,,2,,RUB,,3,,2025-04-14,
MMIX,RUSFAR2W,2025-04-15,RUSFAR 2W,RUSFAR 2 недели,21.29,21.29,21.29,21.29,1222165000.0,,,2,,RUB,,3,,2025-04-15,
MMIX,RUSFAR2W,2025-04-16,RUSFAR 2W,RUSFAR 2 недели,21.09,21.09,21.09,21.09,5062665000.0,,,2,,RUB,,3,,2025-04-16,
MMIX,RUSFAR2W,2025-04-17,RUSFAR 2W,RUSFAR 2 недели,20.87,20.87,20.87,20.87,1362824000.0,,,2,,RUB,,3,,2025-04-17,
MMIX,RUSFAR2W,2025-04-18,RUSFAR 2W,RUSFAR 2 недели,20.94,20.94,20.94,20.94,605189000.0,,,2,,RUB,,3,,2025-04-18,
MMIX,RUSFAR2W,2025-04-21,RUSFAR 2W,RUSFAR 2 недели,20.98,20.98,20.98,20.98,7482893000.0,,,2,,RUB,,3,,2025-04-21,
MMIX,RUSFAR2W,2025-04-22,RUSFAR 2W,RUSFAR 2 недели,20.99,20.99,20.99,20.99,5932907000.0,,,2,,RUB,,3,,2025-04-22,
MMIX,RUSFAR2W,2025-04-23,RUSFAR 2W,RUSFAR 2 недели,21.05,21.05,21.05,21.05,1261016000.0,,,2,,RUB,,3,,2025-04-23,
MMIX,RUSFAR2W,2025-04-24,RUSFAR 2W,RUSFAR 2 недели,21.0,21.0,21.0,21.0,516352000.0,,,2,,RUB,,3,,2025-04-24,
MMIX,RUSFAR2W,2025-04-25,RUSFAR 2W,RUSFAR 2 недели,20.93,20.93,20.93,20.93,1296026000.0,,,2,,RUB,,3,,2025-04-25,
MMIX,RUSFAR2W,2025-04-28,RUSFAR 2W,RUSFAR 2 недели,20.85,20.85,20.85,20.85,6398272000.0,,,2,,RUB,,3,,2025-04-28,
MMIX,RUSFAR2W,2025-04-29,RUSFAR 2W,RUSFAR 2 недели,20.92,20.92,20.92,20.92,18362691000.0,,,2,,RUB,,3,,2025-04-29,
MMIX,RUSFAR2W,2025-04-30,RUSFAR 2W,RUSFAR 2 недели,20.9,20.9,20.9,20.9,13235807000.0,,,2,,RUB,,3,,2025-04-30,
MMIX,RUSFAR2W,2025-05-05,RUSFAR 2W,RUSFAR 2 недели,20.83,20.83,20.83,20.83,8068128000.0,,,2,,RUB,,3,,2025-05-05,
MMIX,RUSFAR2W,2025-05-06,RUSFAR 2W,RUSFAR 2 недели,20.92,20.92,20.92,20.92,2902606000.0,,,2,,RUB,,3,,2025-05-06,
MMIX,RUSFAR2W,2025-05-07,RUSFAR 2W,RUSFAR 2 недели,20.88,20.88,20.88,20.88,15951450000.0,,,2,,RUB,,3,,2025-05-07,
MMIX,RUSFAR2W,2025-05-12,RUSFAR 2W,RUSFAR 2 недели,20.91,20.91,20.91,20.91,3816189000.0,,,2,,RUB,,3,,2025-05-12,
MMIX,RUSFAR2W,2025-05-13,RUSFAR 2W,RUSFAR 2 недели,20.89,20.89,20.89,20.89,17027039000.0,,,2,,RUB,,3,,2025-05-13,
MMIX,RUSFAR2W,2025-05-14,RUSFAR 2W,RUSFAR 2 недели,20.93,20.93,20.93,20.93,3530664000.0,,,2,,RUB,,3,,2025-05-14,
MMIX,RUSFAR2W,2025-05-15,RUSFAR 2W,RUSFAR 2 недели,20.98,20.98,20.98,20.98,563610000.0,,,2,,RUB,,3,,2025-05-15,
MMIX,RUSFAR2W,2025-05-16,RUSFAR 2W,RUSFAR 2 недели,21.06,21.06,21.06,21.06,936205000.0,,,2,,RUB,,3,,2025-05-16,
MMIX,RUSFAR2W,2025-05-19,RUSFAR 2W,RUSFAR 2 недели,20.93,20.93,20.93,20.93,1472935000.0,,,2,,RUB,,3,,2025-05-19,
MMIX,RUSFAR2W,2025-05-20,RUSFAR 2W,RUSFAR 2 недели,20.89,20.89,20.89,20.89,562875000.0,,,2,,RUB,,3,,2025-05-20,
MMIX,RUSFAR2W,2025-05-21,RUSFAR 2W,RUSFAR 2 недели,20.9,20.9,20.9,20.9,629671000.0,,,2,,RUB,,3,,2025-05-21,
MMIX,RUSFAR2W,2025-05-22,RUSFAR 2W,RUSFAR 2 недели,20.9,20.9,20.9,20.9,814195000.0,,,2,,RUB,,3,,2025-05-22,
MMIX,RUSFAR2W,2025-05-23,RUSFAR 2W,RUSFAR 2 недели,20.87,20.87,20.87,20.87,503129000.0,,,2,,RUB,,3,,2025-05-23,
MMIX,RUSFAR2W,2025-05-26,RUSFAR 2W,RUSFAR 2 недели,20.81,20.81,20.81,20.81,3337912000.0,,,2,,RUB,,3,,2025-05-26,
MMIX,RUSFAR2W,2025-05-27,RUSFAR 2W,RUSFAR 2 недели,20.77,20.77,20.77,20.77,333043000.0,,,2,,RUB,,3,,2025-05-27,
MMIX,RUSFAR2W,2025-05-28,RUSFAR 2W,RUSFAR 2 недели,20.9,20.9,20.9,20.9,1307278000.0,,,2,,RUB,,3,,2025-05-28,
MMIX,RUSFAR2W,2025-05-29,RUSFAR 2W,RUSFAR 2 недели,20.83,20.83,20.83,20.83,64704000.0,,,2,,RUB,,3,,2025-05-29,
MMIX,RUSFAR2W,2025-05-30,RUSFAR 2W,RUSFAR 2 недели,20.82,20.82,20.82,20.82,216601000.0,,,2,,RUB,,3,,2025-05-30,
MMIX,RUSFAR2W,2025-06-02,RUSFAR 2W,RUSFAR 2 недели,20.73,20.73,20.73,20.73,395829000.0,,,2,,RUB,,3,,2025-06-02,
MMIX,RUSFAR2W,2025-06-03,RUSFAR 2W,RUSFAR 2 недели,20.72,20.72,20.72,20.72,683258000.0,,,2,,RUB,,3,,2025-06-03,
MMIX,RUSFAR2W,2025-06-04,RUSFAR 2W,RUSFAR 2 недели,20.5,20.5,20.5,20.5,887854000.0,,,2,,RUB,,3,,2025-06-04,
MMIX,RUSFAR2W,2025-06-05,RUSFAR 2W,RUSFAR 2 недели,20.27,20.27,20.27,20.27,892670000.0,,,2,,RUB,,3,,2025-06-05,
MMIX,RUSFAR2W,2025-06-06,RUSFAR 2W,RUSFAR 2 недели,20.02,20.02,20.02,20.02,718809000.0,,,2,,RUB,,3,,2025-06-06,
MMIX,RUSFAR2W,2025-06-09,RUSFAR 2W,RUSFAR 2 недели,19.85,19.85,19.85,19.85,3267286000.0,,,2,,RUB,,3,,2025-06-09,
MMIX,RUSFAR2W,2025-06-10,RUSFAR 2W,RUSFAR 2 недели,19.97,19.97,19.97,19.97,2080120000.0,,,2,,RUB,,3,,2025-06-10,
MMIX,RUSFAR2W,2025-06-11,RUSFAR 2W,RUSFAR 2 недели,19.92,19.92,19.92,19.92,615440000.0,,,2,,RUB,,3,,2025-06-11,
MMIX,RUSFAR2W,2025-06-16,RUSFAR 2W,RUSFAR 2 недели,19.92,19.92,19.92,19.92,1003996000.0,,,2,,RUB,,3,,2025-06-16,
MMIX,RUSFAR2W,2025-06-17,RUSFAR 2W,RUSFAR 2 недели,19.91,19.91,19.91,19.91,1513435000.0,,,2,,RUB,,3,,2025-06-17,
MMIX,RUSFAR2W,2025-06-18,RUSFAR 2W,RUSFAR 2 недели,19.96,19.96,19.96,19.96,4611490000.0,,,2,,RUB,,3,,2025-06-18,
MMIX,RUSFAR2W,2025-06-19,RUSFAR 2W,RUSFAR 2 недели,19.94,19.94,19.94,19.94,1797947000.0,,,2,,RUB,,3,,2025-06-19,
MMIX,RUSFAR2W,2025-06-20,RUSFAR 2W,RUSFAR 2 недели,19.91,19.91,19.91,19.91,10999005000.0,,,2,,RUB,,3,,2025-06-20,
MMIX,RUSFAR2W,2025-06-23,RUSFAR 2W,RUSFAR 2 недели,19.87,19.87,19.87,19.87,2990648000.0,,,2,,RUB,,3,,2025-06-23,
MMIX,RUSFAR2W,2025-06-24,RUSFAR 2W,RUSFAR 2 недели,19.87,19.87,19.87,19.87,2413494000.0,,,2,,RUB,,3,,2025-06-24,
MMIX,RUSFAR2W,2025-06-25,RUSFAR 2W,RUSFAR 2 недели,19.89,19.89,19.89,19.89,700784000.0,,,2,,RUB,,3,,2025-06-25,
MMIX,RUSFAR2W,2025-06-26,RUSFAR 2W,RUSFAR 2 недели,19.89,19.89,19.89,19.89,2955136000.0,,,2,,RUB,,3,,2025-06-26,
MMIX,RUSFAR2W,2025-06-27,RUSFAR 2W,RUSFAR 2 недели,19.95,19.95,19.95,19.95,3280238000.0,,,2,,RUB,,3,,2025-06-27,
MMIX,RUSFAR2W,2025-06-30,RUSFAR 2W,RUSFAR 2 недели,20.01,20.01,20.01,20.01,2417115000.0,,,2,,RUB,,3,,2025-06-30,
MMIX,RUSFAR2W,2025-07-01,RUSFAR 2W,RUSFAR 2 недели,19.94,19.94,19.94,19.94,1256984000.0,,,2,,RUB,,3,,2025-07-01,
MMIX,RUSFAR2W,2025-07-02,RUSFAR 2W,RUSFAR 2 недели,20.0,20.0,20.0,20.0,8372562000.0,,,2,,RUB,,3,,2025-07-02,
MMIX,RUSFAR2W,2025-07-03,RUSFAR 2W,RUSFAR 2 недели,19.92,19.92,19.92,19.92,650049000.0,,,2,,RUB,,3,,2025-07-03,
MMIX,RUSFAR2W,2025-07-04,RUSFAR 2W,RUSFAR 2 недели,19.86,19.86,19.86,19.86,242401000.0,,,2,,RUB,,3,,2025-07-04,
MMIX,RUSFAR2W,2025-07-07,RUSFAR 2W,RUSFAR 2 недели,19.82,19.82,19.82,19.82,1955487000.0,,,2,,RUB,,3,,2025-07-07,
MMIX,RUSFAR2W,2025-07-08,RUSFAR 2W,RUSFAR 2 недели,19.86,19.86,19.86,19.86,986162000.0,,,2,,RUB,,3,,2025-07-08,
MMIX,RUSFAR2W,2025-07-09,RUSFAR 2W,RUSFAR 2 недели,19.71,19.71,19.71,19.71,1008895000.0,,,2,,RUB,,3,,2025-07-09,
MMIX,RUSFAR2W,2025-07-10,RUSFAR 2W,RUSFAR 2 недели,19.38,19.38,19.38,19.38,1614470000.0,,,2,,RUB,,3,,2025-07-10,
MMIX,RUSFAR2W,2025-07-11,RUSFAR 2W,RUSFAR 2 недели,19.2,19.2,19.2,19.2,3372551000.0,,,2,,RUB,,3,,2025-07-11,
MMIX,RUSFAR2W,2025-07-14,RUSFAR 2W,RUSFAR 2 недели,19.16,19.16,19.16,19.16,772943000.0,,,2,,RUB,,3,,2025-07-14,
MMIX,RUSFAR2W,2025-07-15,RUSFAR 2W,RUSFAR 2 недели,19.13,19.13,19.13,19.13,1248935000.0,,,2,,RUB,,3,,2025-07-15,
MMIX,RUSFAR2W,2025-07-16,RUSFAR 2W,RUSFAR 2 недели,19.13,19.13,19.13,19.13,2839202000.0,,,2,,RUB,,3,,2025-07-16,
MMIX,RUSFAR2W,2025-07-17,RUSFAR 2W,RUSFAR 2 недели,19.07,19.07,19.07,19.07,972281000.0,,,2,,RUB,,3,,2025-07-17,
MMIX,RUSFAR2W,2025-07-18,RUSFAR 2W,RUSFAR 2 недели,18.97,18.97,18.97,18.97,504917000.0,,,2,,RUB,,3,,2025-07-18,
MMIX,RUSFAR2W,2025-07-21,RUSFAR 2W,RUSFAR 2 недели,18.73,18.73,18.73,18.73,714897000.0,,,2,,RUB,,3,,2025-07-21,
MMIX,RUSFAR2W,2025-07-22,RUSFAR 2W,RUSFAR 2 недели,18.6,18.6,18.6,18.6,1527512000.0,,,2,,RUB,,3,,2025-07-22,
MMIX,RUSFAR2W,2025-07-23,RUSFAR 2W,RUSFAR 2 недели,18.45,18.45,18.45,18.45,807936000.0,,,2,,RUB,,3,,2025-07-23,
MMIX,RUSFAR2W,2025-07-24,RUSFAR 2W,RUSFAR 2 недели,18.4,18.4,18.4,18.4,1358928000.0,,,2,,RUB,,3,,2025-07-24,
MMIX,RUSFAR2W,2025-07-25,RUSFAR 2W,RUSFAR 2 недели,18.36,18.36,18.36,18.36,831484000.0,,,2,,RUB,,3,,2025-07-25,
MMIX,RUSFAR2W,2025-07-28,RUSFAR 2W,RUSFAR 2 недели,18.3,18.3,18.3,18.3,1203218000.0,,,2,,RUB,,3,,2025-07-28,
MMIX,RUSFAR2W,2025-07-29,RUSFAR 2W,RUSFAR 2 недели,18.45,18.45,18.45,18.45,944590000.0,,,2,,RUB,,3,,2025-07-29,
MMIX,RUSFAR2W,2025-07-30,RUSFAR 2W,RUSFAR 2 недели,18.45,18.45,18.45,18.45,1070269000.0,,,2,,RUB,,3,,2025-07-30,
MMIX,RUSFAR2W,2025-07-31,RUSFAR 2W,RUSFAR 2 недели,18.2,18.2,18.2,18.2,492368000.0,,,2,,RUB,,3,,2025-07-31,
MMIX,RUSFAR2W,2025-08-01,RUSFAR 2W,RUSFAR 2 недели,18.03,18.03,18.03,18.03,767076000.0,,,2,,RUB,,3,,2025-08-01,
MMIX,RUSFAR2W,2025-08-04,RUSFAR 2W,RUSFAR 2 недели,17.96,17.96,17.96,17.96,1467601000.0,,,2,,RUB,,3,,2025-08-04,
MMIX,RUSFAR2W,2025-08-05,RUSFAR 2W,RUSFAR 2 недели,17.88,17.88,17.88,17.88,1643246000.0,,,2,,RUB,,3,,2025-08-05,
MMIX,RUSFAR2W,2025-08-06,RUSFAR 2W,RUSFAR 2 недели,17.89,17.89,17.89,17.89,521916000.0,,,2,,RUB,,3,,2025-08-06,
MMIX,RUSFAR2W,2025-08-07,RUSFAR 2W,RUSFAR 2 недели,17.89,17.89,17.89,17.89,2366832000.0,,,2,,RUB,,3,,2025-08-07,
MMIX,RUSFAR2W,2025-08-08,RUSFAR 2W,RUSFAR 2 недели,17.85,17.85,17.85,17.85,1398750000.0,,,2,,RUB,,3,,2025-08-08,
MMIX,RUSFAR2W,2025-08-11,RUSFAR 2W,RUSFAR 2 недели,17.77,17.77,17.77,17.77,1970989000.0,,,2,,RUB,,3,,2025-08-11,
MMIX,RUSFAR2W,2025-08-12,RUSFAR 2W,RUSFAR 2 недели,17.69,17.69,17.69,17.69,8496877000.0,,,2,,RUB,,3,,2025-08-12,
MMIX,RUSFAR2W,2025-08-13,RUSFAR 2W,RUSFAR 2 недели,17.8,17.8,17.8,17.8,1795318000.0,,,2,,RUB,,3,,2025-08-13,
MMIX,RUSFAR2W,2025-08-14,RUSFAR 2W,RUSFAR 2 недели,17.82,17.82,17.82,17.82,1725323000.0,,,2,,RUB,,3,,2025-08-14,
MMIX,RUSFAR2W,2025-08-15,RUSFAR 2W,RUSFAR 2 недели,17.81,17.81,17.81,17.81,891476000.0,,,2,,RUB,,3,,2025-08-15,
MMIX,RUSFAR2W,2025-08-18,RUSFAR 2W,RUSFAR 2 недели,17.81,17.81,17.81,17.81,1804468000.0,,,2,,RUB,,3,,2025-08-18,
MMIX,RUSFAR2W,2025-08-19,RUSFAR 2W,RUSFAR 2 недели,17.77,17.77,17.77,17.77,4060442000.0,,,2,,RUB,,3,,2025-08-19,
MMIX,RUSFAR2W,2025-08-20,RUSFAR 2W,RUSFAR 2 недели,17.79,17.79,17.79,17.79,10546017000.0,,,2,,RUB,,3,,2025-08-20,
MMIX,RUSFAR2W,2025-08-21,RUSFAR 2W,RUSFAR 2 недели,17.79,17.79,17.79,17.79,2825671000.0,,,2,,RUB,,3,,2025-08-21,
MMIX,RUSFAR2W,2025-08-22,RUSFAR 2W,RUSFAR 2 недели,17.79,17.79,17.79,17.79,2704064000.0,,,2,,RUB,,3,,2025-08-22,
MMIX,RUSFAR2W,2025-08-25,RUSFAR 2W,RUSFAR 2 недели,17.77,17.77,17.77,17.77,2409281000.0,,,2,,RUB,,3,,2025-08-25,
MMIX,RUSFAR2W,2025-08-26,RUSFAR 2W,RUSFAR 2 недели,17.74,17.74,17.74,17.74,3708282000.0,,,2,,RUB,,3,,2025-08-26,
MMIX,RUSFAR2W,2025-08-27,RUSFAR 2W,RUSFAR 2 недели,17.74,17.74,17.74,17.74,3193817000.0,,,2,,RUB,,3,,2025-08-27,
MMIX,RUSFAR2W,2025-08-28,RUSFAR 2W,RUSFAR 2 недели,17.75,17.75,17.75,17.75,1681150000.0,,,2,,RUB,,3,,2025-08-28,
MMIX,RUSFAR2W,2025-08-29,RUSFAR 2W,RUSFAR 2 недели,17.75,17.75,17.75,17.75,1448173000.0,,,2,,RUB,,3,,2025-08-29,
MMIX,RUSFAR2W,2025-09-01,RUSFAR 2W,RUSFAR 2 недели,17.7,17.7,17.7,17.7,1360666000.0,,,2,,RUB,,3,,2025-09-01,
MMIX,RUSFAR2W,2025-09-02,RUSFAR 2W,RUSFAR 2 недели,17.55,17.55,17.55,17.55,13387708000.0,,,2,,RUB,,3,,2025-09-02,
MMIX,RUSFAR2W,2025-09-03,RUSFAR 2W,RUSFAR 2 недели,17.52,17.52,17.52,17.52,602300000.0,,,2,,RUB,,3,,2025-09-03,
MMIX,RUSFAR2W,2025-09-04,RUSFAR 2W,RUSFAR 2 недели,17.41,17.41,17.41,17.41,1750960000.0,,,2,,RUB,,3,,2025-09-04,
MMIX,RUSFAR2W,2025-09-05,RUSFAR 2W,RUSFAR 2 недели,17.23,17.23,17.23,17.23,1028962000.0,,,2,,RUB,,3,,2025-09-05,
MMIX,RUSFAR2W,2025-09-08,RUSFAR 2W,RUSFAR 2 недели,16.88,16.88,16.88,16.88,1101444000.0,,,2,,RUB,,3,,2025-09-08,
MMIX,RUSFAR2W,2025-09-09,RUSFAR 2W,RUSFAR 2 недели,16.72,16.72,16.72,16.72,924218000.0,,,2,,RUB,,3,,2025-09-09,
MMIX,RUSFAR2W,2025-09-10,RUSFAR 2W,RUSFAR 2 недели,16.43,16.43,16.43,16.43,297279000.0,,,2,,RUB,,3,,2025-09-10,
MMIX,RUSFAR2W,2025-09-11,RUSFAR 2W,RUSFAR 2 недели,16.27,16.27,16.27,16.27,2105807000.0,,,2,,RUB,,3,,2025-09-11,
MMIX,RUSFAR2W,2025-09-12,RUSFAR 2W,RUSFAR 2 недели,16.31,16.31,16.31,16.31,477784000.0,,,2,,RUB,,3,,2025-09-12,
MMIX,RUSFAR2W,2025-09-15,RUSFAR 2W,RUSFAR 2 недели,16.75,16.75,16.75,16.75,4258228000.0,,,2,,RUB,,3,,2025-09-15,
MMIX,RUSFAR2W,2025-09-16,RUSFAR 2W,RUSFAR 2 недели,16.88,16.88,16.88,16.88,1663400000.0,,,2,,RUB,,3,,2025-09-16,
MMIX,RUSFAR2W,2025-09-17,RUSFAR 2W,RUSFAR 2 недели,16.88,16.88,16.88,16.88,350571000.0,,,2,,RUB,,3,,2025-09-17,
MMIX,RUSFAR2W,2025-09-18,RUSFAR 2W,RUSFAR 2 недели,16.84,16.84,16.84,16.84,839868000.0,,,2,,RUB,,3,,2025-09-18,
MMIX,RUSFAR2W,2025-09-19,RUSFAR 2W,RUSFAR 2 недели,16.91,16.91,16.91,16.91,1345014000.0,,,2,,RUB,,3,,2025-09-19,
MMIX,RUSFAR2W,2025-09-22,RUSFAR 2W,RUSFAR 2 недели,16.93,16.93,16.93,16.93,1942788000.0,,,2,,RUB,,3,,2025-09-22,
MMIX,RUSFAR2W,2025-09-23,RUSFAR 2W,RUSFAR 2 недели,16.95,16.95,16.95,16.95,2164964000.0,,,2,,RUB,,3,,2025-09-23,
MMIX,RUSFAR2W,2025-09-24,RUSFAR 2W,RUSFAR 2 недели,16.95,16.95,16.95,16.95,1084422000.0,,,2,,RUB,,3,,2025-09-24,
MMIX,RUSFAR2W,2025-09-25,RUSFAR 2W,RUSFAR 2 недели,16.96,16.96,16.96,16.96,2323643000.0,,,2,,RUB,,3,,2025-09-25,
MMIX,RUSFAR2W,2025-09-26,RUSFAR 2W,RUSFAR 2 недели,16.92,16.92,16.92,16.92,890686000.0,,,2,,RUB,,3,,2025-09-26,
MMIX,RUSFAR2W,2025-09-29,RUSFAR 2W,RUSFAR 2 недели,16.94,16.94,16.94,16.94,2881510000.0,,,2,,RUB,,3,,2025-09-29,
MMIX,RUSFAR2W,2025-09-30,RUSFAR 2W,RUSFAR 2 недели,16.95,16.95,16.95,16.95,877584000.0,,,2,,RUB,,3,,2025-09-30,
MMIX,RUSFAR2W,2025-10-01,RUSFAR 2W,RUSFAR 2 недели,16.92,16.92,16.92,16.92,1158076000.0,,,2,,RUB,,3,,2025-10-01,
MMIX,RUSFAR2W,2025-10-02,RUSFAR 2W,RUSFAR 2 недели,16.78,16.78,16.78,16.78,1451359000.0,,,2,,RUB,,3,,2025-10-02,
MMIX,RUSFAR2W,2025-10-03,RUSFAR 2W,RUSFAR 2 недели,16.88,16.88,16.88,16.88,1261068000.0,,,2,,RUB,,3,,2025-10-03,
MMIX,RUSFAR2W,2025-10-06,RUSFAR 2W,RUSFAR 2 недели,16.83,16.83,16.83,16.83,7490135000.0,,,2,,RUB,,3,,2025-10-06,
MMIX,RUSFAR2W,2025-10-07,RUSFAR 2W,RUSFAR 2 недели,16.9,16.9,16.9,16.9,467567000.0,,,2,,RUB,,3,,2025-10-07,
MMIX,RUSFAR2W,2025-10-08,RUSFAR 2W,RUSFAR 2 недели,16.82,16.82,16.82,16.82,877025000.0,,,2,,RUB,,3,,2025-10-08,
MMIX,RUSFAR2W,2025-10-09,RUSFAR 2W,RUSFAR 2 недели,16.7,16.7,16.7,16.7,945970000.0,,,2,,RUB,,3,,2025-10-09,
MMIX,RUSFAR2W,2025-10-10,RUSFAR 2W,RUSFAR 2 недели,16.44,16.44,16.44,16.44,12771812000.0,,,2,,RUB,,3,,2025-10-10,
MMIX,RUSFAR2W,2025-10-13,RUSFAR 2W,RUSFAR 2 недели,16.45,16.45,16.45,16.45,2932316000.0,,,2,,RUB,,3,,2025-10-13,
MMIX,RUSFAR2W,2025-10-14,RUSFAR 2W,RUSFAR 2 недели,16.46,16.46,16.46,16.46,886373000.0,,,2,,RUB,,3,,2025-10-14,
MMIX,RUSFAR2W,2025-10-15,RUSFAR 2W,RUSFAR 2 недели,16.45,16.45,16.45,16.45,1303219000.0,,,2,,RUB,,3,,2025-10-15,
MMIX,RUSFAR2W,2025-10-16,RUSFAR 2W,RUSFAR 2 недели,16.45,16.45,16.45,16.45,2201883000.0,,,2,,RUB,,3,,2025-10-16,
MMIX,RUSFAR2W,2025-10-17,RUSFAR 2W,RUSFAR 2 недели,16.48,16.48,16.48,16.48,855015000.0,,,2,,RUB,,3,,2025-10-17,
MMIX,RUSFAR2W,2025-10-20,RUSFAR 2W,RUSFAR 2 недели,16.38,16.38,16.38,16.38,954739000.0,,,2,,RUB,,3,,2025-10-20,
MMIX,RUSFAR2W,2025-10-21,RUSFAR 2W,RUSFAR 2 недели,16.29,16.29,16.29,16.29,7070229000.0,,,2,,RUB,,3,,2025-10-21,
MMIX,RUSFAR2W,2025-10-22,RUSFAR 2W,RUSFAR 2 недели,16.28,16.28,16.28,16.28,26002000.0,,,2,,RUB,,3,,2025-10-22,
MMIX,RUSFAR2W,2025-10-23,RUSFAR 2W,RUSFAR 2 недели,16.28,16.28,16.28,16.28,22636000.0,,,2,,RUB,,3,,2025-10-23,
MMIX,RUSFAR2W,2025-10-24,RUSFAR 2W,RUSFAR 2 недели,16.41,16.41,16.41,16.41,4754263000.0,,,2,,RUB,,3,,2025-10-24,
MMIX,RUSFAR2W,2025-10-27,RUSFAR 2W,RUSFAR 2 недели,16.3,16.3,16.3,16.3,2089893000.0,,,2,,RUB,,3,,2025-10-27,
MMIX,RUSFAR2W,2025-10-28,RUSFAR 2W,RUSFAR 2 недели,16.38,16.38,16.38,16.38,1245415000.0,,,2,,RUB,,3,,2025-10-28,
MMIX,RUSFAR2W,2025-10-29,RUSFAR 2W,RUSFAR 2 недели,16.41,16.41,16.41,16.41,1721018000.0,,,2,,RUB,,3,,2025-10-29,
MMIX,RUSFAR2W,2025-10-30,RUSFAR 2W,RUSFAR 2 недели,16.22,16.22,16.22,16.22,3583728000.0,,,2,,RUB,,3,,2025-10-30,
MMIX,RUSFAR2W,2025-10-31,RUSFAR 2W,RUSFAR 2 недели,16.36,16.36,16.36,16.36,338698000.0,,,2,,RUB,,3,,2025-10-31,
MMIX,RUSFAR2W,2025-11-05,RUSFAR 2W,RUSFAR 2 недели,16.27,16.27,16.27,16.27,1566539000.0,,,2,,RUB,,3,,2025-11-05,
MMIX,RUSFAR2W,2025-11-06,RUSFAR 2W,RUSFAR 2 недели,16.33,16.33,16.33,16.33,832732000.0,,,2,,RUB,,3,,2025-11-06,
MMIX,RUSFAR2W,2025-11-07,RUSFAR 2W,RUSFAR 2 недели,16.36,16.36,16.36,16.36,1379858000.0,,,2,,RUB,,3,,2025-11-07,
MMIX,RUSFAR2W,2025-11-10,RUSFAR 2W,RUSFAR 2 недели,16.36,16.36,16.36,16.36,3592323000.0,,,2,,RUB,,3,,2025-11-10,
MMIX,RUSFAR2W,2025-11-11,RUSFAR 2W,RUSFAR 2 недели,16.37,16.37,16.37,16.37,542747000.0,,,2,,RUB,,3,,2025-11-11,
MMIX,RUSFAR2W,2025-11-12,RUSFAR 2W,RUSFAR 2 недели,16.3,16.3,16.3,16.3,3600978000.0,,,2,,RUB,,3,,2025-11-12,
MMIX,RUSFAR2W,2025-11-13,RUSFAR 2W,RUSFAR 2 недели,16.41,16.41,16.41,16.41,10188074000.0,,,2,,RUB,,3,,2025-11-13,
MMIX,RUSFAR2W,2025-11-14,RUSFAR 2W,RUSFAR 2 недели,16.44,16.44,16.44,16.44,6604491000.0,,,2,,RUB,,3,,2025-11-14,
MMIX,RUSFAR2W,2025-11-17,RUSFAR 2W,RUSFAR 2 недели,16.36,16.36,16.36,16.36,298321000.0,,,2,,RUB,,3,,2025-11-17,
MMIX,RUSFAR2W,2025-11-18,RUSFAR 2W,RUSFAR 2 недели,16.35,16.35,16.35,16.35,71090000.0,,,2,,RUB,,3,,2025-11-18,
MMIX,RUSFAR2W,2025-11-19,RUSFAR 2W,RUSFAR 2 недели,16.2,16.2,16.2,16.2,7714809000.0,,,2,,RUB,,3,,2025-11-19,
MMIX,RUSFAR2W,2025-11-20,RUSFAR 2W,RUSFAR 2 недели,16.18,16.18,16.18,16.18,298489000.0,,,2,,RUB,,3,,2025-11-20,
MMIX,RUSFAR2W,2025-11-21,RUSFAR 2W,RUSFAR 2 недели,16.19,16.19,16.19,16.19,327829000.0,,,2,,RUB,,3,,2025-11-21,
MMIX,RUSFAR2W,2025-11-24,RUSFAR 2W,RUSFAR 2 недели,16.19,16.19,16.19,16.19,3764290000.0,,,2,,RUB,,3,,2025-11-24,
MMIX,RUSFAR2W,2025-11-25,RUSFAR 2W,RUSFAR 2 недели,16.19,16.19,16.19,16.19,8253767000.0,,,2,,RUB,,3,,2025-11-25,
MMIX,RUSFAR2W,2025-11-26,RUSFAR 2W,RUSFAR 2 недели,16.19,16.19,16.19,16.19,6782873000.0,,,2,,RUB,,3,,2025-11-26,
MMIX,RUSFAR2W,2025-11-27,RUSFAR 2W,RUSFAR 2 недели,16.17,16.17,16.17,16.17,1857459000.0,,,2,,RUB,,3,,2025-11-27,
MMIX,RUSFAR2W,2025-11-28,RUSFAR 2W,RUSFAR 2 недели,16.14,16.14,16.14,16.14,1272450000.0,,,2,,RUB,,3,,2025-11-28,
MMIX,RUSFAR2W,2025-12-01,RUSFAR 2W,RUSFAR 2 недели,16.11,16.11,16.11,16.11,1034043000.0,,,2,,RUB,,3,,2025-12-01,
MMIX,RUSFAR2W,2025-12-02,RUSFAR 2W,RUSFAR 2 недели,16.18,16.18,16.18,16.18,1478815000.0,,,2,,RUB,,3,,2025-12-02,
MMIX,RUSFAR2W,2025-12-03,RUSFAR 2W,RUSFAR 2 недели,16.19,16.19,16.19,16.19,2465089000.0,,,2,,RUB,,3,,2025-12-03,
MMIX,RUSFAR2W,2025-12-04,RUSFAR 2W,RUSFAR 2 недели,16.24,16.24,16.24,16.24,1122416000.0,,,2,,RUB,,3,,2025-12-04,
MMIX,RUSFAR2W,2025-12-05,RUSFAR 2W,RUSFAR 2 недели,16.27,16.27,16.27,16.27,718533000.0,,,2,,RUB,,3,,2025-12-05,
MMIX,RUSFAR2W,2025-12-08,RUSFAR 2W,RUSFAR 2 недели,16.18,16.18,16.18,16.18,1471463000.0,,,2,,RUB,,3,,2025-12-08,
MMIX,RUSFAR2W,2025-12-09,RUSFAR 2W,RUSFAR 2 недели,16.16,16.16,16.16,16.16,2264629000.0,,,2,,RUB,,3,,2025-12-09,
MMIX,RUSFAR2W,2025-12-10,RUSFAR 2W,RUSFAR 2 недели,16.04,16.04,16.04,16.04,1716063000.0,,,2,,RUB,,3,,2025-12-10,
MMIX,RUSFAR2W,2025-12-11,RUSFAR 2W,RUSFAR 2 недели,15.99,15.99,15.99,15.99,317878000.0,,,2,,RUB,,3,,2025-12-11,
MMIX,RUSFAR2W,2025-12-12,RUSFAR 2W,RUSFAR 2 недели,15.86,15.86,15.86,15.86,470446000.0,,,2,,RUB,,3,,2025-12-12,
MMIX,RUSFAR2W,2025-12-15,RUSFAR 2W,RUSFAR 2 недели,15.75,15.75,15.75,15.75,218879000.0,,,2,,RUB,,3,,2025-12-15,
MMIX,RUSFAR2W,2025-12-16,RUSFAR 2W,RUSFAR 2 недели,15.73,15.73,15.73,15.73,37070000.0,,,2,,RUB,,3,,2025-12-16,
MMIX,RUSFAR2W,2025-12-17,RUSFAR 2W,RUSFAR 2 недели,15.71,15.71,15.71,15.71,15314000.0,,,2,,RUB,,3,,2025-12-17,
MMIX,RUSFAR2W,2025-12-18,RUSFAR 2W,RUSFAR 2 недели,15.72,15.72,15.72,15.72,44567000.0,,,2,,RUB,,3,,2025-12-18,
MMIX,RUSFAR2W,2025-12-19,RUSFAR 2W,RUSFAR 2 недели,15.67,15.67,15.67,15.67,177322000.0,,,2,,RUB,,3,,2025-12-19,
MMIX,RUSFAR2W,2025-12-22,RUSFAR 2W,RUSFAR 2 недели,15.85,15.85,15.85,15.85,471875000.0,,,2,,RUB,,3,,2025-12-22,
MMIX,RUSFAR2W,2025-12-23,RUSFAR 2W,RUSFAR 2 недели,16.1,16.1,16.1,16.1,10018406000.0,,,2,,RUB,,3,,2025-12-23,
MMIX,RUSFAR2W,2025-12-24,RUSFAR 2W,RUSFAR 2 недели,16.08,16.08,16.08,16.08,11221706000.0,,,2,,RUB,,3,,2025-12-24,
MMIX,RUSFAR2W,2025-12-25,RUSFAR 2W,RUSFAR 2 недели,15.96,15.96,15.96,15.96,1743067000.0,,,2,,RUB,,3,,2025-12-25,
MMIX,RUSFAR2W,2025-12-26,RUSFAR 2W,RUSFAR 2 недели,15.95,15.95,15.95,15.95,1951955000.0,,,2,,RUB,,3,,2025-12-26,
MMIX,RUSFAR2W,2025-12-29,RUSFAR 2W,RUSFAR 2 недели,15.87,15.87,15.87,15.87,28373209000.0,,,2,,RUB,,3,,2025-12-29,
MMIX,RUSFAR2W,2026-01-12,RUSFAR 2W,RUSFAR 2 недели,15.72,15.72,15.72,15.72,3294970000.0,,,2,,RUB,,3,,2026-01-12,
MMIX,RUSFAR2W,2026-01-13,RUSFAR 2W,RUSFAR 2 недели,15.55,15.55,15.55,15.55,17010309000.0,,,2,,RUB,,3,,2026-01-13,
MMIX,RUSFAR2W,2026-01-14,RUSFAR 2W,RUSFAR 2 недели,15.61,15.61,15.61,15.61,6087921000.0,,,2,,RUB,,3,,2026-01-14,
MMIX,RUSFAR2W,2026-01-15,RUSFAR 2W,RUSFAR 2 недели,15.69,15.69,15.69,15.69,861092000.0,,,2,,RUB,,3,,2026-01-15,
MMIX,RUSFAR2W,2026-01-16,RUSFAR 2W,RUSFAR 2 недели,15.76,15.76,15.76,15.76,12279000.0,,,2,,RUB,,3,,2026-01-16,
MMIX,RUSFAR2W,2026-01-19,RUSFAR 2W,RUSFAR 2 недели,15.72,15.72,15.72,15.72,1608481000.0,,,2,,RUB,,3,,2026-01-19,
MMIX,RUSFAR2W,2026-01-20,RUSFAR 2W,RUSFAR 2 недели,15.75,15.75,15.75,15.75,1132667000.0,,,2,,RUB,,3,,2026-01-20,
MMIX,RUSFAR2W,2026-01-21,RUSFAR 2W,RUSFAR 2 недели,15.79,15.79,15.79,15.79,2318341000.0,,,2,,RUB,,3,,2026-01-21,
MMIX,RUSFAR2W,2026-01-22,RUSFAR 2W,RUSFAR 2 недели,15.74,15.74,15.74,15.74,1825200000.0,,,2,,RUB,,3,,2026-01-22,
MMIX,RUSFAR2W,2026-01-23,RUSFAR 2W,RUSFAR 2 недели,15.68,15.68,15.68,15.68,1295840000.0,,,2,,RUB,,3,,2026-01-23,
MMIX,RUSFAR2W,2026-01-26,RUSFAR 2W,RUSFAR 2 недели,15.72,15.72,15.72,15.72,5942180000.0,,,2,,RUB,,3,,2026-01-26,
MMIX,RUSFAR2W,2026-01-27,RUSFAR 2W,RUSFAR 2 недели,15.59,15.59,15.59,15.59,8031753000.0,,,2,,RUB,,3,,2026-01-27,
MMIX,RUSFAR2W,2026-01-28,RUSFAR 2W,RUSFAR 2 недели,15.69,15.69,15.69,15.69,2027234000.0,,,2,,RUB,,3,,2026-01-28,
MMIX,RUSFAR2W,2026-01-29,RUSFAR 2W,RUSFAR 2 недели,15.71,15.71,15.71,15.71,758655000.0,,,2,,RUB,,3,,2026-01-29,
MMIX,RUSFAR2W,2026-01-30,RUSFAR 2W,RUSFAR 2 недели,15.73,15.73,15.73,15.73,80843000.0,,,2,,RUB,,3,,2026-01-30,
MMIX,RUSFAR2W,2026-02-02,RUSFAR 2W,RUSFAR 2 недели,15.68,15.68,15.68,15.68,1012820000.0,,,2,,RUB,,3,,2026-02-02,
MMIX,RUSFAR2W,2026-02-03,RUSFAR 2W,RUSFAR 2 недели,15.64,15.64,15.64,15.64,61168000.0,,,2,,RUB,,3,,2026-02-03,
MMIX,RUSFAR2W,2026-02-04,RUSFAR 2W,RUSFAR 2 недели,15.61,15.61,15.61,15.61,871877000.0,,,2,,RUB,,3,,2026-02-04,
MMIX,RUSFAR2W,2026-02-05,RUSFAR 2W,RUSFAR 2 недели,15.58,15.58,15.58,15.58,921280000.0,,,2,,RUB,,3,,2026-02-05,
MMIX,RUSFAR2W,2026-02-06,RUSFAR 2W,RUSFAR 2 недели,15.54,15.54,15.54,15.54,695979000.0,,,2,,RUB,,3,,2026-02-06,
MMIX,RUSFAR2W,2026-02-09,RUSFAR 2W,RUSFAR 2 недели,15.45,15.45,15.45,15.45,2641239000.0,,,2,,RUB,,3,,2026-02-09,
MMIX,RUSFAR2W,2026-02-10,RUSFAR 2W,RUSFAR 2 недели,15.41,15.41,15.41,15.41,2762685000.0,,,2,,RUB,,3,,2026-02-10,
MMIX,RUSFAR2W,2026-02-11,RUSFAR 2W,RUSFAR 2 недели,15.38,15.38,15.38,15.38,580988000.0,,,2,,RUB,,3,,2026-02-11,
MMIX,RUSFAR2W,2026-02-12,RUSFAR 2W,RUSFAR 2 недели,15.37,15.37,15.37,15.37,569636000.0,,,2,,RUB,,3,,2026-02-12,
MMIX,RUSFAR2W,2026-02-13,RUSFAR 2W,RUSFAR 2 недели,15.28,15.28,15.28,15.28,610255000.0,,,2,,RUB,,3,,2026-02-13,
MMIX,RUSFAR2W,2026-02-16,RUSFAR 2W,RUSFAR 2 недели,15.21,15.21,15.21,15.21,3401384000.0,,,2,,RUB,,3,,2026-02-16,
MMIX,RUSFAR2W,2026-02-17,RUSFAR 2W,RUSFAR 2 недели,15.19,15.19,15.19,15.19,656905000.0,,,2,,RUB,,3,,2026-02-17,
MMIX,RUSFAR2W,2026-02-18,RUSFAR 2W,RUSFAR 2 недели,15.32,15.32,15.32,15.32,243107000.0,,,2,,RUB,,3,,2026-02-18,
MMIX,RUSFAR2W,2026-02-19,RUSFAR 2W,RUSFAR 2 недели,15.26,15.26,15.26,15.26,260506000.0,,,2,,RUB,,3,,2026-02-19,
MMIX,RUSFAR2W,2026-02-20,RUSFAR 2W,RUSFAR 2 недели,15.34,15.34,15.34,15.34,439181000.0,,,2,,RUB,,3,,2026-02-20,
MMIX,RUSFAR2W,2026-02-24,RUSFAR 2W,RUSFAR 2 недели,15.24,15.24,15.24,15.24,9752591000.0,,,2,,RUB,,3,,2026-02-24,
MMIX,RUSFAR2W,2026-02-25,RUSFAR 2W,RUSFAR 2 недели,15.2,15.2,15.2,15.2,1049196000.0,,,2,,RUB,,3,,2026-02-25,
MMIX,RUSFAR2W,2026-02-26,RUSFAR 2W,RUSFAR 2 недели,15.19,15.19,15.19,15.19,293555000.0,,,2,,RUB,,3,,2026-02-26,
MMIX,RUSFAR2W,2026-02-27,RUSFAR 2W,RUSFAR 2 недели,15.25,15.25,15.25,15.25,1800265000.0,,,2,,RUB,,3,,2026-02-27,
MMIX,RUSFAR2W,2026-03-02,RUSFAR 2W,RUSFAR 2 недели,15.21,15.21,15.21,15.21,1559285000.0,,,2,,RUB,,3,,2026-03-02,
MMIX,RUSFAR2W,2026-03-03,RUSFAR 2W,RUSFAR 2 недели,15.24,15.24,15.24,15.24,2322188000.0,,,2,,RUB,,3,,2026-03-03,
MMIX,RUSFAR2W,2026-03-04,RUSFAR 2W,RUSFAR 2 недели,15.24,15.24,15.24,15.24,118173000.0,,,2,,RUB,,3,,2026-03-04,
MMIX,RUSFAR2W,2026-03-05,RUSFAR 2W,RUSFAR 2 недели,15.24,15.24,15.24,15.24,121164000.0,,,2,,RUB,,3,,2026-03-05,
MMIX,RUSFAR2W,2026-03-06,RUSFAR 2W,RUSFAR 2 недели,15.27,15.27,15.27,15.27,233500000.0,,,2,,RUB,,3,,2026-03-06,
MMIX,RUSFAR2W,2026-03-10,RUSFAR 2W,RUSFAR 2 недели,15.21,15.21,15.21,15.21,1623101000.0,,,2,,RUB,,3,,2026-03-10,
MMIX,RUSFAR2W,2026-03-11,RUSFAR 2W,RUSFAR 2 недели,15.1,15.1,15.1,15.1,813149000.0,,,2,,RUB,,3,,2026-03-11,
MMIX,RUSFAR2W,2026-03-12,RUSFAR 2W,RUSFAR 2 недели,14.99,14.99,14.99,14.99,345314000.0,,,2,,RUB,,3,,2026-03-12,
MMIX,RUSFAR2W,2026-03-13,RUSFAR 2W,RUSFAR 2 недели,14.92,14.92,14.92,14.92,728714000.0,,,2,,RUB,,3,,2026-03-13,
MMIX,RUSFAR2W,2026-03-16,RUSFAR 2W,RUSFAR 2 недели,14.79,14.79,14.79,14.79,538514000.0,,,2,,RUB,,3,,2026-03-16,
MMIX,RUSFAR2W,2026-03-17,RUSFAR 2W,RUSFAR 2 недели,14.74,14.74,14.74,14.74,79406000.0,,,2,,RUB,,3,,2026-03-17,
MMIX,RUSFAR2W,2026-03-18,RUSFAR 2W,RUSFAR 2 недели,14.8,14.8,14.8,14.8,101110000.0,,,2,,RUB,,3,,2026-03-18,
MMIX,RUSFAR2W,2026-03-19,RUSFAR 2W,RUSFAR 2 недели,14.76,14.76,14.76,14.76,510397000.0,,,2,,RUB,,3,,2026-03-19,
MMIX,RUSFAR2W,2026-03-20,RUSFAR 2W,RUSFAR 2 недели,14.75,14.75,14.75,14.75,679231000.0,,,2,,RUB,,3,,2026-03-20,
MMIX,RUSFAR2W,2026-03-23,RUSFAR 2W,RUSFAR 2 недели,14.75,14.75,14.75,14.75,239850000.0,,,2,,RUB,,3,,2026-03-23,
MMIX,RUSFAR2W,2026-03-24,RUSFAR 2W,RUSFAR 2 недели,14.85,14.85,14.85,14.85,1271687000.0,,,2,,RUB,,3,,2026-03-24,
MMIX,RUSFAR2W,2026-03-25,RUSFAR 2W,RUSFAR 2 недели,14.83,14.83,14.83,14.83,790512000.0,,,2,,RUB,,3,,2026-03-25,
MMIX,RUSFAR2W,2026-03-26,RUSFAR 2W,RUSFAR 2 недели,14.76,14.76,14.76,14.76,993643000.0,,,2,,RUB,,3,,2026-03-26,
MMIX,RUSFAR2W,2026-03-27,RUSFAR 2W,RUSFAR 2 недели,14.7,14.7,14.7,14.7,11893230000.0,,,2,,RUB,,3,,2026-03-27,
MMIX,RUSFAR2W,2026-03-30,RUSFAR 2W,RUSFAR 2 недели,14.74,14.74,14.74,14.74,1111472000.0,,,2,,RUB,,3,,2026-03-30,
MMIX,RUSFAR2W,2026-03-31,RUSFAR 2W,RUSFAR 2 недели,14.7,14.7,14.7,14.7,1422714000.0,,,2,,RUB,,3,,2026-03-31,
MMIX,RUSFAR2W,2026-04-01,RUSFAR 2W,RUSFAR 2 недели,14.72,14.72,14.72,14.72,998888000.0,,,2,,RUB,,3,,2026-04-01,
MMIX,RUSFAR2W,2026-04-02,RUSFAR 2W,RUSFAR 2 недели,14.75,14.75,14.75,14.75,413323000.0,,,2,,RUB,,3,,2026-04-02,
MMIX,RUSFAR2W,2026-04-03,RUSFAR 2W,RUSFAR 2 недели,14.77,14.77,14.77,14.77,684631000.0,,,2,,RUB,,3,,2026-04-03,
MMIX,RUSFAR2W,2026-04-06,RUSFAR 2W,RUSFAR 2 недели,14.76,14.76,14.76,14.76,946410000.0,,,2,,RUB,,3,,2026-04-06,
MMIX,RUSFAR2W,2026-04-07,RUSFAR 2W,RUSFAR 2 недели,14.76,14.76,14.76,14.76,1463495000.0,,,2,,RUB,,3,,2026-04-07,
MMIX,RUSFAR2W,2026-04-08,RUSFAR 2W,RUSFAR 2 недели,14.75,14.75,14.75,14.75,880923000.0,,,2,,RUB,,3,,2026-04-08,
MMIX,RUSFAR2W,2026-04-09,RUSFAR 2W,RUSFAR 2 недели,14.69,14.69,14.69,14.69,903318000.0,,,2,,RUB,,3,,2026-04-09,
MMIX,RUSFAR2W,2026-04-10,RUSFAR 2W,RUSFAR 2 недели,14.67,14.67,14.67,14.67,2501724000.0,,,2,,RUB,,3,,2026-04-10,
MMIX,RUSFAR2W,2026-04-13,RUSFAR 2W,RUSFAR 2 недели,14.62,14.62,14.62,14.62,222773000.0,,,2,,RUB,,3,,2026-04-13,
MMIX,RUSFAR2W,2026-04-14,RUSFAR 2W,RUSFAR 2 недели,14.51,14.51,14.51,14.51,1661750000.0,,,2,,RUB,,3,,2026-04-14,
MMIX,RUSFAR2W,2026-04-15,RUSFAR 2W,RUSFAR 2 недели,14.52,14.52,14.52,14.52,136424000.0,,,2,,RUB,,3,,2026-04-15,
MMIX,RUSFAR2W,2026-04-16,RUSFAR 2W,RUSFAR 2 недели,14.45,14.45,14.45,14.45,219951000.0,,,2,,RUB,,3,,2026-04-16,
MMIX,RUSFAR2W,2026-04-17,RUSFAR 2W,RUSFAR 2 недели,14.41,14.41,14.41,14.41,581234000.0,,,2,,RUB,,3,,2026-04-17,
MMIX,RUSFAR2W,2026-04-20,RUSFAR 2W,RUSFAR 2 недели,14.34,14.34,14.34,14.34,152444000.0,,,2,,RUB,,3,,2026-04-20,
MMIX,RUSFAR2W,2026-04-21,RUSFAR 2W,RUSFAR 2 недели,14.29,14.29,14.29,14.29,725485000.0,,,2,,RUB,,3,,2026-04-21,
MMIX,RUSFAR2W,2026-04-22,RUSFAR 2W,RUSFAR 2 недели,14.27,14.27,14.27,14.27,1394390000.0,,,2,,RUB,,3,,2026-04-22,
MMIX,RUSFAR2W,2026-04-23,RUSFAR 2W,RUSFAR 2 недели,14.27,14.27,14.27,14.27,1072096000.0,,,2,,RUB,,3,,2026-04-23,
MMIX,RUSFAR2W,2026-04-24,RUSFAR 2W,RUSFAR 2 недели,14.12,14.12,14.12,14.12,703292000.0,,,2,,RUB,,3,,2026-04-24,
MMIX,RUSFAR2W,2026-04-27,RUSFAR 2W,RUSFAR 2 недели,14.39,14.39,14.39,14.39,2653914000.0,,,2,,RUB,,3,,2026-04-27,
MMIX,RUSFAR2W,2026-04-28,RUSFAR 2W,RUSFAR 2 недели,14.54,14.54,14.54,14.54,5599089000.0,,,2,,RUB,,3,,2026-04-28,
MMIX,RUSFAR2W,2026-04-29,RUSFAR 2W,RUSFAR 2 недели,14.5,14.5,14.5,14.5,2866613000.0,,,2,,RUB,,3,,2026-04-29,
MMIX,RUSFAR2W,2026-04-30,RUSFAR 2W,RUSFAR 2 недели,14.37,14.37,14.37,14.37,1314227000.0,,,2,,RUB,,3,,2026-04-30,
MMIX,RUSFAR2W,2026-05-04,RUSFAR 2W,RUSFAR 2 недели,14.37,14.37,14.37,14.37,684164000.0,,,2,,RUB,,3,,2026-05-04,
MMIX,RUSFAR2W,2026-05-05,RUSFAR 2W,RUSFAR 2 недели,14.3,14.3,14.3,14.3,1102934000.0,,,2,,RUB,,3,,2026-05-05,
MMIX,RUSFAR2W,2026-05-06,RUSFAR 2W,RUSFAR 2 недели,14.19,14.19,14.19,14.19,394762000.0,,,2,,RUB,,3,,2026-05-06,
MMIX,RUSFAR2W,2026-05-07,RUSFAR 2W,RUSFAR 2 недели,14.17,14.17,14.17,14.17,1092838000.0,,,2,,RUB,,3,,2026-05-07,
MMIX,RUSFAR2W,2026-05-08,RUSFAR 2W,RUSFAR 2 недели,14.05,14.05,14.05,14.05,713878000.0,,,2,,RUB,,3,,2026-05-08,
MMIX,RUSFAR2W,2026-05-12,RUSFAR 2W,RUSFAR 2 недели,14.13,14.13,14.13,14.13,3746491000.0,,,2,,RUB,,3,,2026-05-12,
MMIX,RUSFAR2W,2026-05-13,RUSFAR 2W,RUSFAR 2 недели,14.18,14.18,14.18,14.18,157258000.0,,,2,,RUB,,3,,2026-05-13,
MMIX,RUSFAR2W,2026-05-14,RUSFAR 2W,RUSFAR 2 недели,14.22,14.22,14.22,14.22,1070600000.0,,,2,,RUB,,3,,2026-05-14,
MMIX,RUSFAR2W,2026-05-15,RUSFAR 2W,RUSFAR 2 недели,14.17,14.17,14.17,14.17,744407000.0,,,2,,RUB,,3,,2026-05-15,
MMIX,RUSFAR2W,2026-05-18,RUSFAR 2W,RUSFAR 2 недели,14.2,14.2,14.2,14.2,1314844000.0,,,2,,RUB,,3,,2026-05-18,
MMIX,RUSFAR2W,2026-05-19,RUSFAR 2W,RUSFAR 2 недели,14.25,14.25,14.25,14.25,1433742000.0,,,2,,RUB,,3,,2026-05-19,
MMIX,RUSFAR2W,2026-05-20,RUSFAR 2W,RUSFAR 2 недели,14.24,14.24,14.24,14.24,975953000.0,,,2,,RUB,,3,,2026-05-20,
MMIX,RUSFAR2W,2026-05-21,RUSFAR 2W,RUSFAR 2 недели,14.2,14.2,14.2,14.2,2792631000.0,,,2,,RUB,,3,,2026-05-21,
MMIX,RUSFAR2W,2026-05-22,RUSFAR 2W,RUSFAR 2 недели,14.16,14.16,14.16,14.16,885098000.0,,,2,,RUB,,3,,2026-05-22,
MMIX,RUSFAR2W,2026-05-25,RUSFAR 2W,RUSFAR 2 недели,14.18,14.18,14.18,14.18,4632893000.0,,,2,,RUB,,3,,2026-05-25,
MMIX,RUSFAR2W,2026-05-26,RUSFAR 2W,RUSFAR 2 недели,14.18,14.18,14.18,14.18,952623000.0,,,2,,RUB,,3,,2026-05-26,
MMIX,RUSFAR2W,2026-05-27,RUSFAR 2W,RUSFAR 2 недели,14.2,14.2,14.2,14.2,2493908000.0,,,2,,RUB,,3,,2026-05-27,
MMIX,RUSFAR2W,2026-05-28,RUSFAR 2W,RUSFAR 2 недели,14.17,14.17,14.17,14.17,295106000.0,,,2,,RUB,,3,,2026-05-28,
MMIX,RUSFAR2W,2026-05-29,RUSFAR 2W,RUSFAR 2 недели,14.2,14.2,14.2,14.2,784653000.0,,,2,,RUB,,3,,2026-05-29,
MMIX,RUSFAR2W,2026-06-01,RUSFAR 2W,RUSFAR 2 недели,14.18,14.18,14.18,14.18,319890000.0,,,2,,RUB,,3,,2026-06-01,
MMIX,RUSFAR2W,2026-06-02,RUSFAR 2W,RUSFAR 2 недели,14.18,14.18,14.18,14.18,1047900000.0,,,2,,RUB,,3,,2026-06-02,
MMIX,RUSFAR2W,2026-06-03,RUSFAR 2W,RUSFAR 2 недели,14.17,14.17,14.17,14.17,1440997000.0,,,2,,RUB,,3,,2026-06-03,
MMIX,RUSFAR2W,2026-06-04,RUSFAR 2W,RUSFAR 2 недели,14.12,14.12,14.12,14.12,1229830000.0,,,2,,RUB,,3,,2026-06-04,
MMIX,RUSFAR2W,2026-06-05,RUSFAR 2W,RUSFAR 2 недели,14.15,14.15,14.15,14.15,4390924000.0,,,2,,RUB,,3,,2026-06-05,
MMIX,RUSFAR2W,2026-06-08,RUSFAR 2W,RUSFAR 2 недели,14.1,14.1,14.1,14.1,3225783000.0,,,2,,RUB,,3,,2026-06-08,
MMIX,RUSFAR2W,2026-06-09,RUSFAR 2W,RUSFAR 2 недели,14.06,14.06,14.06,14.06,190391000.0,,,2,,RUB,,3,,2026-06-09,
MMIX,RUSFAR2W,2026-06-10,RUSFAR 2W,RUSFAR 2 недели,14.02,14.02,14.02,14.02,836020000.0,,,2,,RUB,,3,,2026-06-10,
MMIX,RUSFAR2W,2026-06-11,RUSFAR 2W,RUSFAR 2 недели,13.89,13.89,13.89,13.89,1763292000.0,,,2,,RUB,,3,,2026-06-11,
MMIX,RUSFAR2W,2026-06-15,RUSFAR 2W,RUSFAR 2 недели,13.88,13.88,13.88,13.88,633578000.0,,,2,,RUB,,3,,2026-06-15,
MMIX,RUSFAR2W,2026-06-16,RUSFAR 2W,RUSFAR 2 недели,13.78,13.78,13.78,13.78,7182521000.0,,,2,,RUB,,3,,2026-06-16,
MMIX,RUSFAR2W,2026-06-17,RUSFAR 2W,RUSFAR 2 недели,13.82,13.82,13.82,13.82,1317361000.0,,,2,,RUB,,3,,2026-06-17,
MMIX,RUSFAR2W,2026-06-18,RUSFAR 2W,RUSFAR 2 недели,13.75,13.75,13.75,13.75,707538000.0,,,2,,RUB,,3,,2026-06-18,
MMIX,RUSFAR2W,2026-06-19,RUSFAR 2W,RUSFAR 2 недели,13.73,13.73,13.73,13.73,177482000.0,,,2,,RUB,,3,,2026-06-19,
MMIX,RUSFAR2W,2026-06-22,RUSFAR 2W,RUSFAR 2 недели,13.96,13.96,13.96,13.96,537832000.0,,,2,,RUB,,3,,2026-06-22,
MMIX,RUSFAR2W,2026-06-23,RUSFAR 2W,RUSFAR 2 недели,14.08,14.08,14.08,14.08,730228000.0,,,2,,RUB,,3,,2026-06-23,
MMIX,RUSFAR2W,2026-06-24,RUSFAR 2W,RUSFAR 2 недели,14.09,14.09,14.09,14.09,98190000.0,,,2,,RUB,,3,,2026-06-24,
MMIX,RUSFAR2W,2026-06-25,RUSFAR 2W,RUSFAR 2 недели,14.06,14.06,14.06,14.06,897856000.0,,,2,,RUB,,3,,2026-06-25,
MMIX,RUSFAR2W,2026-06-26,RUSFAR 2W,RUSFAR 2 недели,14.03,14.03,14.03,14.03,499311000.0,,,2,,RUB,,3,,2026-06-26,
MMIX,RUSFAR2W,2026-06-29,RUSFAR 2W,RUSFAR 2 недели,14.17,14.17,14.17,14.17,260718000.0,,,2,,RUB,,3,,2026-06-29,
MMIX,RUSFAR2W,2026-06-30,RUSFAR 2W,RUSFAR 2 недели,14.18,14.18,14.18,14.18,837578000.0,,,2,,RUB,,3,,2026-06-30,
MMIX,RUSFAR2W,2026-07-01,RUSFAR 2W,RUSFAR 2 недели,14.2,14.2,14.2,14.2,2145592000.0,,,2,,RUB,,3,,2026-07-01,
MMIX,RUSFAR2W,2026-07-02,RUSFAR 2W,RUSFAR 2 недели,14.24,14.24,14.24,14.24,206106000.0,,,2,,RUB,,3,,2026-07-02,
MMIX,RUSFAR2W,2026-07-03,RUSFAR 2W,RUSFAR 2 недели,14.25,14.25,14.25,14.25,882538000.0,,,2,,RUB,,3,,2026-07-03,
MMIX,RUSFAR2W,2026-07-06,RUSFAR 2W,RUSFAR 2 недели,14.28,14.28,14.28,14.28,147514000.0,,,2,,RUB,,3,,2026-07-06,
MMIX,RUSFAR2W,2026-07-07,RUSFAR 2W,RUSFAR 2 недели,14.31,14.31,14.31,14.31,26556000.0,,,2,,RUB,,3,,2026-07-07,
MMIX,RUSFAR2W,2026-07-08,RUSFAR 2W,RUSFAR 2 недели,14.31,14.31,14.31,14.31,95331000.0,,,2,,RUB,,3,,2026-07-08,
MMIX,RUSFAR2W,2026-07-09,RUSFAR 2W,RUSFAR 2 недели,14.36,14.36,14.36,14.36,1977190000.0,,,2,,RUB,,3,,2026-07-09,
MMIX,RUSFAR2W,2026-07-10,RUSFAR 2W,RUSFAR 2 недели,14.4,14.4,14.4,14.4,5124076000.0,,,2,,RUB,,3,,2026-07-10,
MMIX,RUSFAR2W,2026-07-13,RUSFAR 2W,RUSFAR 2 недели,14.34,14.34,14.34,14.34,2788161000.0,,,2,,RUB,,3,,2026-07-13,
MMIX,RUSFAR2W,2026-07-14,RUSFAR 2W,RUSFAR 2 недели,14.23,14.23,14.23,14.23,2430488000.0,,,2,,RUB,,3,,2026-07-14,
MMIX,RUSFAR2W,2026-07-15,RUSFAR 2W,RUSFAR 2 недели,14.28,14.28,14.28,14.28,87906000.0,,,2,,RUB,,3,,2026-07-15,
MMIX,RUSFAR2W,2026-07-16,RUSFAR 2W,RUSFAR 2 недели,14.39,14.39,14.39,14.39,231251000.0,,,2,,RUB,,3,,2026-07-16,
MMIX,RUSFAR2W,2026-07-17,RUSFAR 2W,RUSFAR 2 недели,14.45,14.45,14.45,14.45,233602000.0,,,2,,RUB,,3,,2026-07-17,
MMIX,RUSFAR1W,2022-07-01,RUSFAR 1W,RUSFAR 1 неделя,9.12,9.12,9.12,9.12,3133478000.0,,,2,,RUB,,3,,2022-07-01,
MMIX,RUSFAR1W,2022-07-04,RUSFAR 1W,RUSFAR 1 неделя,9.1,9.1,9.1,9.1,1461503000.0,,,2,,RUB,,3,,2022-07-04,
MMIX,RUSFAR1W,2022-07-05,RUSFAR 1W,RUSFAR 1 неделя,9.08,9.08,9.08,9.08,7009658000.0,,,2,,RUB,,3,,2022-07-05,
MMIX,RUSFAR1W,2022-07-06,RUSFAR 1W,RUSFAR 1 неделя,9.14,9.14,9.14,9.14,4991050000.0,,,2,,RUB,,3,,2022-07-06,
MMIX,RUSFAR1W,2022-07-07,RUSFAR 1W,RUSFAR 1 неделя,9.08,9.08,9.08,9.08,1370498000.0,,,2,,RUB,,3,,2022-07-07,
MMIX,RUSFAR1W,2022-07-08,RUSFAR 1W,RUSFAR 1 неделя,9.11,9.11,9.11,9.11,2586842000.0,,,2,,RUB,,3,,2022-07-08,
MMIX,RUSFAR1W,2022-07-11,RUSFAR 1W,RUSFAR 1 неделя,9.24,9.24,9.24,9.24,5100000000.0,,,2,,RUB,,3,,2022-07-11,
MMIX,RUSFAR1W,2022-07-12,RUSFAR 1W,RUSFAR 1 неделя,9.37,9.37,9.37,9.37,6610961000.0,,,2,,RUB,,3,,2022-07-12,
MMIX,RUSFAR1W,2022-07-13,RUSFAR 1W,RUSFAR 1 неделя,9.32,9.32,9.32,9.32,5309394000.0,,,2,,RUB,,3,,2022-07-13,
MMIX,RUSFAR1W,2022-07-14,RUSFAR 1W,RUSFAR 1 неделя,9.28,9.28,9.28,9.28,2416165000.0,,,2,,RUB,,3,,2022-07-14,
MMIX,RUSFAR1W,2022-07-15,RUSFAR 1W,RUSFAR 1 неделя,9.27,9.27,9.27,9.27,4256124000.0,,,2,,RUB,,3,,2022-07-15,
MMIX,RUSFAR1W,2022-07-18,RUSFAR 1W,RUSFAR 1 неделя,9.33,9.33,9.33,9.33,7571000000.0,,,2,,RUB,,3,,2022-07-18,
MMIX,RUSFAR1W,2022-07-19,RUSFAR 1W,RUSFAR 1 неделя,9.34,9.34,9.34,9.34,6176252000.0,,,2,,RUB,,3,,2022-07-19,
MMIX,RUSFAR1W,2022-07-20,RUSFAR 1W,RUSFAR 1 неделя,9.37,9.37,9.37,9.37,3596328000.0,,,2,,RUB,,3,,2022-07-20,
MMIX,RUSFAR1W,2022-07-21,RUSFAR 1W,RUSFAR 1 неделя,9.15,9.15,9.15,9.15,5459584000.0,,,2,,RUB,,3,,2022-07-21,
MMIX,RUSFAR1W,2022-07-22,RUSFAR 1W,RUSFAR 1 неделя,8.92,8.92,8.92,8.92,503389000.0,,,2,,RUB,,3,,2022-07-22,
MMIX,RUSFAR1W,2022-07-25,RUSFAR 1W,RUSFAR 1 неделя,8.06,8.06,8.06,8.06,4340800000.0,,,2,,RUB,,3,,2022-07-25,
MMIX,RUSFAR1W,2022-07-26,RUSFAR 1W,RUSFAR 1 неделя,8.14,8.14,8.14,8.14,13663639000.0,,,2,,RUB,,3,,2022-07-26,
MMIX,RUSFAR1W,2022-07-27,RUSFAR 1W,RUSFAR 1 неделя,8.14,8.14,8.14,8.14,4074165000.0,,,2,,RUB,,3,,2022-07-27,
MMIX,RUSFAR1W,2022-07-28,RUSFAR 1W,RUSFAR 1 неделя,8.1,8.1,8.1,8.1,9813891000.0,,,2,,RUB,,3,,2022-07-28,
MMIX,RUSFAR1W,2022-07-29,RUSFAR 1W,RUSFAR 1 неделя,8.11,8.11,8.11,8.11,8868631000.0,,,2,,RUB,,3,,2022-07-29,
MMIX,RUSFAR1W,2022-08-01,RUSFAR 1W,RUSFAR 1 неделя,8.03,8.03,8.03,8.03,770734000.0,,,2,,RUB,,3,,2022-08-01,
MMIX,RUSFAR1W,2022-08-02,RUSFAR 1W,RUSFAR 1 неделя,7.96,7.96,7.96,7.96,1262701000.0,,,2,,RUB,,3,,2022-08-02,
MMIX,RUSFAR1W,2022-08-03,RUSFAR 1W,RUSFAR 1 неделя,7.9,7.9,7.9,7.9,2776160000.0,,,2,,RUB,,3,,2022-08-03,
MMIX,RUSFAR1W,2022-08-04,RUSFAR 1W,RUSFAR 1 неделя,7.91,7.91,7.91,7.91,7941726000.0,,,2,,RUB,,3,,2022-08-04,
MMIX,RUSFAR1W,2022-08-05,RUSFAR 1W,RUSFAR 1 неделя,7.82,7.82,7.82,7.82,1779874000.0,,,2,,RUB,,3,,2022-08-05,
MMIX,RUSFAR1W,2022-08-08,RUSFAR 1W,RUSFAR 1 неделя,7.86,7.86,7.86,7.86,2180624000.0,,,2,,RUB,,3,,2022-08-08,
MMIX,RUSFAR1W,2022-08-09,RUSFAR 1W,RUSFAR 1 неделя,7.91,7.91,7.91,7.91,4628676000.0,,,2,,RUB,,3,,2022-08-09,
MMIX,RUSFAR1W,2022-08-10,RUSFAR 1W,RUSFAR 1 неделя,7.91,7.91,7.91,7.91,2400000000.0,,,2,,RUB,,3,,2022-08-10,
MMIX,RUSFAR1W,2022-08-11,RUSFAR 1W,RUSFAR 1 неделя,7.88,7.88,7.88,7.88,2544974000.0,,,2,,RUB,,3,,2022-08-11,
MMIX,RUSFAR1W,2022-08-12,RUSFAR 1W,RUSFAR 1 неделя,7.88,7.88,7.88,7.88,2878761000.0,,,2,,RUB,,3,,2022-08-12,
MMIX,RUSFAR1W,2022-08-15,RUSFAR 1W,RUSFAR 1 неделя,7.91,7.91,7.91,7.91,1617730000.0,,,2,,RUB,,3,,2022-08-15,
MMIX,RUSFAR1W,2022-08-16,RUSFAR 1W,RUSFAR 1 неделя,7.9,7.9,7.9,7.9,2319755000.0,,,2,,RUB,,3,,2022-08-16,
MMIX,RUSFAR1W,2022-08-17,RUSFAR 1W,RUSFAR 1 неделя,7.91,7.91,7.91,7.91,3233100000.0,,,2,,RUB,,3,,2022-08-17,
MMIX,RUSFAR1W,2022-08-18,RUSFAR 1W,RUSFAR 1 неделя,7.91,7.91,7.91,7.91,1000000000.0,,,2,,RUB,,3,,2022-08-18,
MMIX,RUSFAR1W,2022-08-19,RUSFAR 1W,RUSFAR 1 неделя,7.91,7.91,7.91,7.91,2590248000.0,,,2,,RUB,,3,,2022-08-19,
MMIX,RUSFAR1W,2022-08-22,RUSFAR 1W,RUSFAR 1 неделя,7.91,7.91,7.91,7.91,3360927000.0,,,2,,RUB,,3,,2022-08-22,
MMIX,RUSFAR1W,2022-08-23,RUSFAR 1W,RUSFAR 1 неделя,7.93,7.93,7.93,7.93,2912133000.0,,,2,,RUB,,3,,2022-08-23,
MMIX,RUSFAR1W,2022-08-24,RUSFAR 1W,RUSFAR 1 неделя,7.9,7.9,7.9,7.9,4068023000.0,,,2,,RUB,,3,,2022-08-24,
MMIX,RUSFAR1W,2022-08-25,RUSFAR 1W,RUSFAR 1 неделя,7.97,7.97,7.97,7.97,1482019000.0,,,2,,RUB,,3,,2022-08-25,
MMIX,RUSFAR1W,2022-08-26,RUSFAR 1W,RUSFAR 1 неделя,8.03,8.03,8.03,8.03,3644790000.0,,,2,,RUB,,3,,2022-08-26,
MMIX,RUSFAR1W,2022-08-29,RUSFAR 1W,RUSFAR 1 неделя,8.04,8.04,8.04,8.04,5151134000.0,,,2,,RUB,,3,,2022-08-29,
MMIX,RUSFAR1W,2022-08-30,RUSFAR 1W,RUSFAR 1 неделя,8.02,8.02,8.02,8.02,3602668000.0,,,2,,RUB,,3,,2022-08-30,
MMIX,RUSFAR1W,2022-08-31,RUSFAR 1W,RUSFAR 1 неделя,7.96,7.96,7.96,7.96,1642338000.0,,,2,,RUB,,3,,2022-08-31,
MMIX,RUSFAR1W,2022-09-01,RUSFAR 1W,RUSFAR 1 неделя,7.87,7.87,7.87,7.87,2122525000.0,,,2,,RUB,,3,,2022-09-01,
MMIX,RUSFAR1W,2022-09-02,RUSFAR 1W,RUSFAR 1 неделя,7.92,7.92,7.92,7.92,1869512000.0,,,2,,RUB,,3,,2022-09-02,
MMIX,RUSFAR1W,2022-09-05,RUSFAR 1W,RUSFAR 1 неделя,7.88,7.88,7.88,7.88,467099000.0,,,2,,RUB,,3,,2022-09-05,
MMIX,RUSFAR1W,2022-09-06,RUSFAR 1W,RUSFAR 1 неделя,7.9,7.9,7.9,7.9,2295079000.0,,,2,,RUB,,3,,2022-09-06,
MMIX,RUSFAR1W,2022-09-07,RUSFAR 1W,RUSFAR 1 неделя,7.89,7.89,7.89,7.89,2395000000.0,,,2,,RUB,,3,,2022-09-07,
MMIX,RUSFAR1W,2022-09-08,RUSFAR 1W,RUSFAR 1 неделя,7.81,7.81,7.81,7.81,10066367000.0,,,2,,RUB,,3,,2022-09-08,
MMIX,RUSFAR1W,2022-09-09,RUSFAR 1W,RUSFAR 1 неделя,7.84,7.84,7.84,7.84,609680000.0,,,2,,RUB,,3,,2022-09-09,
MMIX,RUSFAR1W,2022-09-12,RUSFAR 1W,RUSFAR 1 неделя,7.67,7.67,7.67,7.67,1041836000.0,,,2,,RUB,,3,,2022-09-12,
MMIX,RUSFAR1W,2022-09-13,RUSFAR 1W,RUSFAR 1 неделя,7.77,7.77,7.77,7.77,749103000.0,,,2,,RUB,,3,,2022-09-13,
MMIX,RUSFAR1W,2022-09-14,RUSFAR 1W,RUSFAR 1 неделя,7.77,7.77,7.77,7.77,4920000000.0,,,2,,RUB,,3,,2022-09-14,
MMIX,RUSFAR1W,2022-09-15,RUSFAR 1W,RUSFAR 1 неделя,7.69,7.69,7.69,7.69,2200000000.0,,,2,,RUB,,3,,2022-09-15,
MMIX,RUSFAR1W,2022-09-16,RUSFAR 1W,RUSFAR 1 неделя,7.49,7.49,7.49,7.49,510930000.0,,,2,,RUB,,3,,2022-09-16,
MMIX,RUSFAR1W,2022-09-19,RUSFAR 1W,RUSFAR 1 неделя,7.39,7.39,7.39,7.39,2680503000.0,,,2,,RUB,,3,,2022-09-19,
MMIX,RUSFAR1W,2022-09-20,RUSFAR 1W,RUSFAR 1 неделя,7.42,7.42,7.42,7.42,724100000.0,,,2,,RUB,,3,,2022-09-20,
MMIX,RUSFAR1W,2022-09-21,RUSFAR 1W,RUSFAR 1 неделя,7.49,7.49,7.49,7.49,4681601000.0,,,2,,RUB,,3,,2022-09-21,
MMIX,RUSFAR1W,2022-09-22,RUSFAR 1W,RUSFAR 1 неделя,7.46,7.46,7.46,7.46,986093000.0,,,2,,RUB,,3,,2022-09-22,
MMIX,RUSFAR1W,2022-09-23,RUSFAR 1W,RUSFAR 1 неделя,7.43,7.43,7.43,7.43,75000000.0,,,2,,RUB,,3,,2022-09-23,
MMIX,RUSFAR1W,2022-09-26,RUSFAR 1W,RUSFAR 1 неделя,7.52,7.52,7.52,7.52,4138595000.0,,,2,,RUB,,3,,2022-09-26,
MMIX,RUSFAR1W,2022-09-27,RUSFAR 1W,RUSFAR 1 неделя,7.6,7.6,7.6,7.6,3515057000.0,,,2,,RUB,,3,,2022-09-27,
MMIX,RUSFAR1W,2022-09-28,RUSFAR 1W,RUSFAR 1 неделя,7.63,7.63,7.63,7.63,493307000.0,,,2,,RUB,,3,,2022-09-28,
MMIX,RUSFAR1W,2022-09-29,RUSFAR 1W,RUSFAR 1 неделя,7.72,7.72,7.72,7.72,822007000.0,,,2,,RUB,,3,,2022-09-29,
MMIX,RUSFAR1W,2022-09-30,RUSFAR 1W,RUSFAR 1 неделя,7.75,7.75,7.75,7.75,2210000000.0,,,2,,RUB,,3,,2022-09-30,
MMIX,RUSFAR1W,2022-10-03,RUSFAR 1W,RUSFAR 1 неделя,7.92,7.92,7.92,7.92,1729900000.0,,,2,,RUB,,3,,2022-10-03,
MMIX,RUSFAR1W,2022-10-04,RUSFAR 1W,RUSFAR 1 неделя,7.78,7.78,7.78,7.78,7635830000.0,,,2,,RUB,,3,,2022-10-04,
MMIX,RUSFAR1W,2022-10-05,RUSFAR 1W,RUSFAR 1 неделя,7.82,7.82,7.82,7.82,4872337000.0,,,2,,RUB,,3,,2022-10-05,
MMIX,RUSFAR1W,2022-10-06,RUSFAR 1W,RUSFAR 1 неделя,7.74,7.74,7.74,7.74,2595550000.0,,,2,,RUB,,3,,2022-10-06,
MMIX,RUSFAR1W,2022-10-07,RUSFAR 1W,RUSFAR 1 неделя,7.72,7.72,7.72,7.72,517253000.0,,,2,,RUB,,3,,2022-10-07,
MMIX,RUSFAR1W,2022-10-10,RUSFAR 1W,RUSFAR 1 неделя,7.65,7.65,7.65,7.65,649678000.0,,,2,,RUB,,3,,2022-10-10,
MMIX,RUSFAR1W,2022-10-11,RUSFAR 1W,RUSFAR 1 неделя,7.62,7.62,7.62,7.62,5676090000.0,,,2,,RUB,,3,,2022-10-11,
MMIX,RUSFAR1W,2022-10-12,RUSFAR 1W,RUSFAR 1 неделя,7.6,7.6,7.6,7.6,12066310000.0,,,2,,RUB,,3,,2022-10-12,
MMIX,RUSFAR1W,2022-10-13,RUSFAR 1W,RUSFAR 1 неделя,7.52,7.52,7.52,7.52,17692663000.0,,,2,,RUB,,3,,2022-10-13,
MMIX,RUSFAR1W,2022-10-14,RUSFAR 1W,RUSFAR 1 неделя,7.53,7.53,7.53,7.53,1839670000.0,,,2,,RUB,,3,,2022-10-14,
MMIX,RUSFAR1W,2022-10-17,RUSFAR 1W,RUSFAR 1 неделя,7.54,7.54,7.54,7.54,4637700000.0,,,2,,RUB,,3,,2022-10-17,
MMIX,RUSFAR1W,2022-10-18,RUSFAR 1W,RUSFAR 1 неделя,7.57,7.57,7.57,7.57,2917032000.0,,,2,,RUB,,3,,2022-10-18,
MMIX,RUSFAR1W,2022-10-19,RUSFAR 1W,RUSFAR 1 неделя,7.52,7.52,7.52,7.52,21164257000.0,,,2,,RUB,,3,,2022-10-19,
MMIX,RUSFAR1W,2022-10-20,RUSFAR 1W,RUSFAR 1 неделя,7.54,7.54,7.54,7.54,4922430000.0,,,2,,RUB,,3,,2022-10-20,
MMIX,RUSFAR1W,2022-10-21,RUSFAR 1W,RUSFAR 1 неделя,7.46,7.46,7.46,7.46,5331150000.0,,,2,,RUB,,3,,2022-10-21,
MMIX,RUSFAR1W,2022-10-24,RUSFAR 1W,RUSFAR 1 неделя,7.47,7.47,7.47,7.47,923600000.0,,,2,,RUB,,3,,2022-10-24,
MMIX,RUSFAR1W,2022-10-25,RUSFAR 1W,RUSFAR 1 неделя,7.52,7.52,7.52,7.52,1752228000.0,,,2,,RUB,,3,,2022-10-25,
MMIX,RUSFAR1W,2022-10-26,RUSFAR 1W,RUSFAR 1 неделя,7.51,7.51,7.51,7.51,18867739000.0,,,2,,RUB,,3,,2022-10-26,
MMIX,RUSFAR1W,2022-10-27,RUSFAR 1W,RUSFAR 1 неделя,7.53,7.53,7.53,7.53,2601000000.0,,,2,,RUB,,3,,2022-10-27,
MMIX,RUSFAR1W,2022-10-28,RUSFAR 1W,RUSFAR 1 неделя,7.54,7.54,7.54,7.54,8127000000.0,,,2,,RUB,,3,,2022-10-28,
MMIX,RUSFAR1W,2022-10-31,RUSFAR 1W,RUSFAR 1 неделя,7.59,7.59,7.59,7.59,2175347000.0,,,2,,RUB,,3,,2022-10-31,
MMIX,RUSFAR1W,2022-11-01,RUSFAR 1W,RUSFAR 1 неделя,7.58,7.58,7.58,7.58,7057592000.0,,,2,,RUB,,3,,2022-11-01,
MMIX,RUSFAR1W,2022-11-02,RUSFAR 1W,RUSFAR 1 неделя,7.56,7.56,7.56,7.56,22701127000.0,,,2,,RUB,,3,,2022-11-02,
MMIX,RUSFAR1W,2022-11-03,RUSFAR 1W,RUSFAR 1 неделя,7.62,7.62,7.62,7.62,18560912000.0,,,2,,RUB,,3,,2022-11-03,
MMIX,RUSFAR1W,2022-11-07,RUSFAR 1W,RUSFAR 1 неделя,7.62,7.62,7.62,7.62,2933300000.0,,,2,,RUB,,3,,2022-11-07,
MMIX,RUSFAR1W,2022-11-08,RUSFAR 1W,RUSFAR 1 неделя,7.6,7.6,7.6,7.6,18480200000.0,,,2,,RUB,,3,,2022-11-08,
MMIX,RUSFAR1W,2022-11-09,RUSFAR 1W,RUSFAR 1 неделя,7.59,7.59,7.59,7.59,16120165000.0,,,2,,RUB,,3,,2022-11-09,
MMIX,RUSFAR1W,2022-11-10,RUSFAR 1W,RUSFAR 1 неделя,7.59,7.59,7.59,7.59,16604318000.0,,,2,,RUB,,3,,2022-11-10,
MMIX,RUSFAR1W,2022-11-11,RUSFAR 1W,RUSFAR 1 неделя,7.54,7.54,7.54,7.54,8604267000.0,,,2,,RUB,,3,,2022-11-11,
MMIX,RUSFAR1W,2022-11-14,RUSFAR 1W,RUSFAR 1 неделя,7.43,7.43,7.43,7.43,16294665000.0,,,2,,RUB,,3,,2022-11-14,
MMIX,RUSFAR1W,2022-11-15,RUSFAR 1W,RUSFAR 1 неделя,7.51,7.51,7.51,7.51,8376250000.0,,,2,,RUB,,3,,2022-11-15,
MMIX,RUSFAR1W,2022-11-16,RUSFAR 1W,RUSFAR 1 неделя,7.55,7.55,7.55,7.55,8632042000.0,,,2,,RUB,,3,,2022-11-16,
MMIX,RUSFAR1W,2022-11-17,RUSFAR 1W,RUSFAR 1 неделя,7.58,7.58,7.58,7.58,5975370000.0,,,2,,RUB,,3,,2022-11-17,
MMIX,RUSFAR1W,2022-11-18,RUSFAR 1W,RUSFAR 1 неделя,7.52,7.52,7.52,7.52,3524420000.0,,,2,,RUB,,3,,2022-11-18,
MMIX,RUSFAR1W,2022-11-21,RUSFAR 1W,RUSFAR 1 неделя,7.53,7.53,7.53,7.53,10537130000.0,,,2,,RUB,,3,,2022-11-21,
MMIX,RUSFAR1W,2022-11-22,RUSFAR 1W,RUSFAR 1 неделя,7.52,7.52,7.52,7.52,10915140000.0,,,2,,RUB,,3,,2022-11-22,
MMIX,RUSFAR1W,2022-11-23,RUSFAR 1W,RUSFAR 1 неделя,7.36,7.36,7.36,7.36,3978450000.0,,,2,,RUB,,3,,2022-11-23,
MMIX,RUSFAR1W,2022-11-24,RUSFAR 1W,RUSFAR 1 неделя,7.29,7.29,7.29,7.29,4343568000.0,,,2,,RUB,,3,,2022-11-24,
MMIX,RUSFAR1W,2022-11-25,RUSFAR 1W,RUSFAR 1 неделя,7.19,7.19,7.19,7.19,3559449000.0,,,2,,RUB,,3,,2022-11-25,
MMIX,RUSFAR1W,2022-11-28,RUSFAR 1W,RUSFAR 1 неделя,7.31,7.31,7.31,7.31,6028650000.0,,,2,,RUB,,3,,2022-11-28,
MMIX,RUSFAR1W,2022-11-29,RUSFAR 1W,RUSFAR 1 неделя,7.31,7.31,7.31,7.31,9648811000.0,,,2,,RUB,,3,,2022-11-29,
MMIX,RUSFAR1W,2022-11-30,RUSFAR 1W,RUSFAR 1 неделя,7.34,7.34,7.34,7.34,1461886000.0,,,2,,RUB,,3,,2022-11-30,
MMIX,RUSFAR1W,2022-12-01,RUSFAR 1W,RUSFAR 1 неделя,7.28,7.28,7.28,7.28,1336257000.0,,,2,,RUB,,3,,2022-12-01,
MMIX,RUSFAR1W,2022-12-02,RUSFAR 1W,RUSFAR 1 неделя,7.38,7.38,7.38,7.38,5984000000.0,,,2,,RUB,,3,,2022-12-02,
MMIX,RUSFAR1W,2022-12-05,RUSFAR 1W,RUSFAR 1 неделя,7.36,7.36,7.36,7.36,6567730000.0,,,2,,RUB,,3,,2022-12-05,
MMIX,RUSFAR1W,2022-12-06,RUSFAR 1W,RUSFAR 1 неделя,7.38,7.38,7.38,7.38,6872525000.0,,,2,,RUB,,3,,2022-12-06,
MMIX,RUSFAR1W,2022-12-07,RUSFAR 1W,RUSFAR 1 неделя,7.38,7.38,7.38,7.38,4962450000.0,,,2,,RUB,,3,,2022-12-07,
MMIX,RUSFAR1W,2022-12-08,RUSFAR 1W,RUSFAR 1 неделя,7.31,7.31,7.31,7.31,5426405000.0,,,2,,RUB,,3,,2022-12-08,
MMIX,RUSFAR1W,2022-12-09,RUSFAR 1W,RUSFAR 1 неделя,7.32,7.32,7.32,7.32,2360000000.0,,,2,,RUB,,3,,2022-12-09,
MMIX,RUSFAR1W,2022-12-12,RUSFAR 1W,RUSFAR 1 неделя,7.27,7.27,7.27,7.27,9339330000.0,,,2,,RUB,,3,,2022-12-12,
MMIX,RUSFAR1W,2022-12-13,RUSFAR 1W,RUSFAR 1 неделя,7.33,7.33,7.33,7.33,5328031000.0,,,2,,RUB,,3,,2022-12-13,
MMIX,RUSFAR1W,2022-12-14,RUSFAR 1W,RUSFAR 1 неделя,7.35,7.35,7.35,7.35,2407066000.0,,,2,,RUB,,3,,2022-12-14,
MMIX,RUSFAR1W,2022-12-15,RUSFAR 1W,RUSFAR 1 неделя,7.32,7.32,7.32,7.32,7565824000.0,,,2,,RUB,,3,,2022-12-15,
MMIX,RUSFAR1W,2022-12-16,RUSFAR 1W,RUSFAR 1 неделя,7.34,7.34,7.34,7.34,2053530000.0,,,2,,RUB,,3,,2022-12-16,
MMIX,RUSFAR1W,2022-12-19,RUSFAR 1W,RUSFAR 1 неделя,7.34,7.34,7.34,7.34,5542686000.0,,,2,,RUB,,3,,2022-12-19,
MMIX,RUSFAR1W,2022-12-20,RUSFAR 1W,RUSFAR 1 неделя,7.38,7.38,7.38,7.38,2090000000.0,,,2,,RUB,,3,,2022-12-20,
MMIX,RUSFAR1W,2022-12-21,RUSFAR 1W,RUSFAR 1 неделя,7.38,7.38,7.38,7.38,1258211000.0,,,2,,RUB,,3,,2022-12-21,
MMIX,RUSFAR1W,2022-12-22,RUSFAR 1W,RUSFAR 1 неделя,7.34,7.34,7.34,7.34,845123000.0,,,2,,RUB,,3,,2022-12-22,
MMIX,RUSFAR1W,2022-12-23,RUSFAR 1W,RUSFAR 1 неделя,7.36,7.36,7.36,7.36,100000000.0,,,2,,RUB,,3,,2022-12-23,
MMIX,RUSFAR1W,2022-12-26,RUSFAR 1W,RUSFAR 1 неделя,7.48,7.48,7.48,7.48,14020647000.0,,,2,,RUB,,3,,2022-12-26,
MMIX,RUSFAR1W,2022-12-27,RUSFAR 1W,RUSFAR 1 неделя,7.48,7.48,7.48,7.48,2340758000.0,,,2,,RUB,,3,,2022-12-27,
MMIX,RUSFAR1W,2022-12-28,RUSFAR 1W,RUSFAR 1 неделя,7.48,7.48,7.48,7.48,8886651000.0,,,2,,RUB,,3,,2022-12-28,
MMIX,RUSFAR1W,2022-12-29,RUSFAR 1W,RUSFAR 1 неделя,7.47,7.47,7.47,7.47,10510612000.0,,,2,,RUB,,3,,2022-12-29,
MMIX,RUSFAR1W,2023-01-09,RUSFAR 1W,RUSFAR 1 неделя,7.21,7.21,7.21,7.21,14200787000.0,,,2,,RUB,,3,,2023-01-09,
MMIX,RUSFAR1W,2023-01-10,RUSFAR 1W,RUSFAR 1 неделя,7.21,7.21,7.21,7.21,4640176000.0,,,2,,RUB,,3,,2023-01-10,
MMIX,RUSFAR1W,2023-01-11,RUSFAR 1W,RUSFAR 1 неделя,7.23,7.23,7.23,7.23,2015790000.0,,,2,,RUB,,3,,2023-01-11,
MMIX,RUSFAR1W,2023-01-12,RUSFAR 1W,RUSFAR 1 неделя,7.11,7.11,7.11,7.11,109505000.0,,,2,,RUB,,3,,2023-01-12,
MMIX,RUSFAR1W,2023-01-13,RUSFAR 1W,RUSFAR 1 неделя,7.01,7.01,7.01,7.01,1738173000.0,,,2,,RUB,,3,,2023-01-13,
MMIX,RUSFAR1W,2023-01-16,RUSFAR 1W,RUSFAR 1 неделя,7.17,7.17,7.17,7.17,5376592000.0,,,2,,RUB,,3,,2023-01-16,
MMIX,RUSFAR1W,2023-01-17,RUSFAR 1W,RUSFAR 1 неделя,7.21,7.21,7.21,7.21,10978050000.0,,,2,,RUB,,3,,2023-01-17,
MMIX,RUSFAR1W,2023-01-18,RUSFAR 1W,RUSFAR 1 неделя,7.17,7.17,7.17,7.17,4556867000.0,,,2,,RUB,,3,,2023-01-18,
MMIX,RUSFAR1W,2023-01-19,RUSFAR 1W,RUSFAR 1 неделя,7.12,7.12,7.12,7.12,2676470000.0,,,2,,RUB,,3,,2023-01-19,
MMIX,RUSFAR1W,2023-01-20,RUSFAR 1W,RUSFAR 1 неделя,7.04,7.04,7.04,7.04,7801608000.0,,,2,,RUB,,3,,2023-01-20,
MMIX,RUSFAR1W,2023-01-23,RUSFAR 1W,RUSFAR 1 неделя,7.06,7.06,7.06,7.06,7324547000.0,,,2,,RUB,,3,,2023-01-23,
MMIX,RUSFAR1W,2023-01-24,RUSFAR 1W,RUSFAR 1 неделя,7.03,7.03,7.03,7.03,7912253000.0,,,2,,RUB,,3,,2023-01-24,
MMIX,RUSFAR1W,2023-01-25,RUSFAR 1W,RUSFAR 1 неделя,7.09,7.09,7.09,7.09,6678409000.0,,,2,,RUB,,3,,2023-01-25,
MMIX,RUSFAR1W,2023-01-26,RUSFAR 1W,RUSFAR 1 неделя,7.04,7.04,7.04,7.04,10573950000.0,,,2,,RUB,,3,,2023-01-26,
MMIX,RUSFAR1W,2023-01-27,RUSFAR 1W,RUSFAR 1 неделя,6.99,6.99,6.99,6.99,600007000.0,,,2,,RUB,,3,,2023-01-27,
MMIX,RUSFAR1W,2023-01-30,RUSFAR 1W,RUSFAR 1 неделя,7.01,7.01,7.01,7.01,10677988000.0,,,2,,RUB,,3,,2023-01-30,
MMIX,RUSFAR1W,2023-01-31,RUSFAR 1W,RUSFAR 1 неделя,7.18,7.18,7.18,7.18,4161987000.0,,,2,,RUB,,3,,2023-01-31,
MMIX,RUSFAR1W,2023-02-01,RUSFAR 1W,RUSFAR 1 неделя,7.1,7.1,7.1,7.1,4418754000.0,,,2,,RUB,,3,,2023-02-01,
MMIX,RUSFAR1W,2023-02-02,RUSFAR 1W,RUSFAR 1 неделя,7.08,7.08,7.08,7.08,2350000000.0,,,2,,RUB,,3,,2023-02-02,
MMIX,RUSFAR1W,2023-02-03,RUSFAR 1W,RUSFAR 1 неделя,7.03,7.03,7.03,7.03,8752630000.0,,,2,,RUB,,3,,2023-02-03,
MMIX,RUSFAR1W,2023-02-06,RUSFAR 1W,RUSFAR 1 неделя,7.04,7.04,7.04,7.04,9540570000.0,,,2,,RUB,,3,,2023-02-06,
MMIX,RUSFAR1W,2023-02-07,RUSFAR 1W,RUSFAR 1 неделя,6.99,6.99,6.99,6.99,9393350000.0,,,2,,RUB,,3,,2023-02-07,
MMIX,RUSFAR1W,2023-02-08,RUSFAR 1W,RUSFAR 1 неделя,7.02,7.02,7.02,7.02,3811990000.0,,,2,,RUB,,3,,2023-02-08,
MMIX,RUSFAR1W,2023-02-09,RUSFAR 1W,RUSFAR 1 неделя,6.97,6.97,6.97,6.97,1576240000.0,,,2,,RUB,,3,,2023-02-09,
MMIX,RUSFAR1W,2023-02-10,RUSFAR 1W,RUSFAR 1 неделя,6.91,6.91,6.91,6.91,6455830000.0,,,2,,RUB,,3,,2023-02-10,
MMIX,RUSFAR1W,2023-02-13,RUSFAR 1W,RUSFAR 1 неделя,7.02,7.02,7.02,7.02,9387869000.0,,,2,,RUB,,3,,2023-02-13,
MMIX,RUSFAR1W,2023-02-14,RUSFAR 1W,RUSFAR 1 неделя,7.05,7.05,7.05,7.05,2721467000.0,,,2,,RUB,,3,,2023-02-14,
MMIX,RUSFAR1W,2023-02-15,RUSFAR 1W,RUSFAR 1 неделя,7.17,7.17,7.17,7.17,467379000.0,,,2,,RUB,,3,,2023-02-15,
MMIX,RUSFAR1W,2023-02-16,RUSFAR 1W,RUSFAR 1 неделя,7.17,7.17,7.17,7.17,5117486000.0,,,2,,RUB,,3,,2023-02-16,
MMIX,RUSFAR1W,2023-02-17,RUSFAR 1W,RUSFAR 1 неделя,7.23,7.23,7.23,7.23,7065600000.0,,,2,,RUB,,3,,2023-02-17,
MMIX,RUSFAR1W,2023-02-20,RUSFAR 1W,RUSFAR 1 неделя,7.3,7.3,7.3,7.3,13239818000.0,,,2,,RUB,,3,,2023-02-20,
MMIX,RUSFAR1W,2023-02-21,RUSFAR 1W,RUSFAR 1 неделя,7.45,7.45,7.45,7.45,19186424000.0,,,2,,RUB,,3,,2023-02-21,
MMIX,RUSFAR1W,2023-02-22,RUSFAR 1W,RUSFAR 1 неделя,7.46,7.46,7.46,7.46,14407655000.0,,,2,,RUB,,3,,2023-02-22,
MMIX,RUSFAR1W,2023-02-27,RUSFAR 1W,RUSFAR 1 неделя,7.46,7.46,7.46,7.46,11575514000.0,,,2,,RUB,,3,,2023-02-27,
MMIX,RUSFAR1W,2023-02-28,RUSFAR 1W,RUSFAR 1 неделя,7.5,7.5,7.5,7.5,2468635000.0,,,2,,RUB,,3,,2023-02-28,
MMIX,RUSFAR1W,2023-03-01,RUSFAR 1W,RUSFAR 1 неделя,7.52,7.52,7.52,7.52,6694346000.0,,,2,,RUB,,3,,2023-03-01,
MMIX,RUSFAR1W,2023-03-02,RUSFAR 1W,RUSFAR 1 неделя,7.5,7.5,7.5,7.5,5032250000.0,,,2,,RUB,,3,,2023-03-02,
MMIX,RUSFAR1W,2023-03-03,RUSFAR 1W,RUSFAR 1 неделя,7.56,7.56,7.56,7.56,4650000000.0,,,2,,RUB,,3,,2023-03-03,
MMIX,RUSFAR1W,2023-03-06,RUSFAR 1W,RUSFAR 1 неделя,7.61,7.61,7.61,7.61,13877871000.0,,,2,,RUB,,3,,2023-03-06,
MMIX,RUSFAR1W,2023-03-07,RUSFAR 1W,RUSFAR 1 неделя,7.62,7.62,7.62,7.62,4091649000.0,,,2,,RUB,,3,,2023-03-07,
MMIX,RUSFAR1W,2023-03-09,RUSFAR 1W,RUSFAR 1 неделя,7.48,7.48,7.48,7.48,4975221000.0,,,2,,RUB,,3,,2023-03-09,
MMIX,RUSFAR1W,2023-03-10,RUSFAR 1W,RUSFAR 1 неделя,7.36,7.36,7.36,7.36,11286591000.0,,,2,,RUB,,3,,2023-03-10,
MMIX,RUSFAR1W,2023-03-13,RUSFAR 1W,RUSFAR 1 неделя,7.28,7.28,7.28,7.28,6228110000.0,,,2,,RUB,,3,,2023-03-13,
MMIX,RUSFAR1W,2023-03-14,RUSFAR 1W,RUSFAR 1 неделя,7.21,7.21,7.21,7.21,8501828000.0,,,2,,RUB,,3,,2023-03-14,
MMIX,RUSFAR1W,2023-03-15,RUSFAR 1W,RUSFAR 1 неделя,7.28,7.28,7.28,7.28,3259112000.0,,,2,,RUB,,3,,2023-03-15,
MMIX,RUSFAR1W,2023-03-16,RUSFAR 1W,RUSFAR 1 неделя,7.25,7.25,7.25,7.25,7665100000.0,,,2,,RUB,,3,,2023-03-16,
MMIX,RUSFAR1W,2023-03-17,RUSFAR 1W,RUSFAR 1 неделя,7.27,7.27,7.27,7.27,4330050000.0,,,2,,RUB,,3,,2023-03-17,
MMIX,RUSFAR1W,2023-03-20,RUSFAR 1W,RUSFAR 1 неделя,7.24,7.24,7.24,7.24,6979192000.0,,,2,,RUB,,3,,2023-03-20,
MMIX,RUSFAR1W,2023-03-21,RUSFAR 1W,RUSFAR 1 неделя,7.3,7.3,7.3,7.3,6028067000.0,,,2,,RUB,,3,,2023-03-21,
MMIX,RUSFAR1W,2023-03-22,RUSFAR 1W,RUSFAR 1 неделя,7.25,7.25,7.25,7.25,3381083000.0,,,2,,RUB,,3,,2023-03-22,
MMIX,RUSFAR1W,2023-03-23,RUSFAR 1W,RUSFAR 1 неделя,7.22,7.22,7.22,7.22,4270212000.0,,,2,,RUB,,3,,2023-03-23,
MMIX,RUSFAR1W,2023-03-24,RUSFAR 1W,RUSFAR 1 неделя,7.18,7.18,7.18,7.18,1210768000.0,,,2,,RUB,,3,,2023-03-24,
MMIX,RUSFAR1W,2023-03-27,RUSFAR 1W,RUSFAR 1 неделя,7.23,7.23,7.23,7.23,3504741000.0,,,2,,RUB,,3,,2023-03-27,
MMIX,RUSFAR1W,2023-03-28,RUSFAR 1W,RUSFAR 1 неделя,7.3,7.3,7.3,7.3,1251269000.0,,,2,,RUB,,3,,2023-03-28,
MMIX,RUSFAR1W,2023-03-29,RUSFAR 1W,RUSFAR 1 неделя,7.58,7.58,7.58,7.58,1004343000.0,,,2,,RUB,,3,,2023-03-29,
MMIX,RUSFAR1W,2023-03-30,RUSFAR 1W,RUSFAR 1 неделя,7.32,7.32,7.32,7.32,2055576000.0,,,2,,RUB,,3,,2023-03-30,
MMIX,RUSFAR1W,2023-03-31,RUSFAR 1W,RUSFAR 1 неделя,7.36,7.36,7.36,7.36,3307479000.0,,,2,,RUB,,3,,2023-03-31,
MMIX,RUSFAR1W,2023-04-03,RUSFAR 1W,RUSFAR 1 неделя,7.3,7.3,7.3,7.3,13141220000.0,,,2,,RUB,,3,,2023-04-03,
MMIX,RUSFAR1W,2023-04-04,RUSFAR 1W,RUSFAR 1 неделя,7.27,7.27,7.27,7.27,4923080000.0,,,2,,RUB,,3,,2023-04-04,
MMIX,RUSFAR1W,2023-04-05,RUSFAR 1W,RUSFAR 1 неделя,7.2,7.2,7.2,7.2,4436497000.0,,,2,,RUB,,3,,2023-04-05,
MMIX,RUSFAR1W,2023-04-06,RUSFAR 1W,RUSFAR 1 неделя,7.15,7.15,7.15,7.15,5739634000.0,,,2,,RUB,,3,,2023-04-06,
MMIX,RUSFAR1W,2023-04-07,RUSFAR 1W,RUSFAR 1 неделя,7.16,7.16,7.16,7.16,5018925000.0,,,2,,RUB,,3,,2023-04-07,
MMIX,RUSFAR1W,2023-04-10,RUSFAR 1W,RUSFAR 1 неделя,7.16,7.16,7.16,7.16,2673511000.0,,,2,,RUB,,3,,2023-04-10,
MMIX,RUSFAR1W,2023-04-11,RUSFAR 1W,RUSFAR 1 неделя,7.29,7.29,7.29,7.29,3909501000.0,,,2,,RUB,,3,,2023-04-11,
MMIX,RUSFAR1W,2023-04-12,RUSFAR 1W,RUSFAR 1 неделя,7.31,7.31,7.31,7.31,6827099000.0,,,2,,RUB,,3,,2023-04-12,
MMIX,RUSFAR1W,2023-04-13,RUSFAR 1W,RUSFAR 1 неделя,7.33,7.33,7.33,7.33,1822232000.0,,,2,,RUB,,3,,2023-04-13,
MMIX,RUSFAR1W,2023-04-14,RUSFAR 1W,RUSFAR 1 неделя,7.35,7.35,7.35,7.35,769514000.0,,,2,,RUB,,3,,2023-04-14,
MMIX,RUSFAR1W,2023-04-17,RUSFAR 1W,RUSFAR 1 неделя,7.41,7.41,7.41,7.41,2678416000.0,,,2,,RUB,,3,,2023-04-17,
MMIX,RUSFAR1W,2023-04-18,RUSFAR 1W,RUSFAR 1 неделя,7.46,7.46,7.46,7.46,375991000.0,,,2,,RUB,,3,,2023-04-18,
MMIX,RUSFAR1W,2023-04-19,RUSFAR 1W,RUSFAR 1 неделя,7.4,7.4,7.4,7.4,2388513000.0,,,2,,RUB,,3,,2023-04-19,
MMIX,RUSFAR1W,2023-04-20,RUSFAR 1W,RUSFAR 1 неделя,7.31,7.31,7.31,7.31,989380000.0,,,2,,RUB,,3,,2023-04-20,
MMIX,RUSFAR1W,2023-04-21,RUSFAR 1W,RUSFAR 1 неделя,7.26,7.26,7.26,7.26,7455701000.0,,,2,,RUB,,3,,2023-04-21,
MMIX,RUSFAR1W,2023-04-24,RUSFAR 1W,RUSFAR 1 неделя,7.22,7.22,7.22,7.22,3271223000.0,,,2,,RUB,,3,,2023-04-24,
MMIX,RUSFAR1W,2023-04-25,RUSFAR 1W,RUSFAR 1 неделя,7.17,7.17,7.17,7.17,9689859000.0,,,2,,RUB,,3,,2023-04-25,
MMIX,RUSFAR1W,2023-04-26,RUSFAR 1W,RUSFAR 1 неделя,7.13,7.13,7.13,7.13,9100000000.0,,,2,,RUB,,3,,2023-04-26,
MMIX,RUSFAR1W,2023-04-27,RUSFAR 1W,RUSFAR 1 неделя,7.11,7.11,7.11,7.11,3681619000.0,,,2,,RUB,,3,,2023-04-27,
MMIX,RUSFAR1W,2023-04-28,RUSFAR 1W,RUSFAR 1 неделя,7.29,7.29,7.29,7.29,5457103000.0,,,2,,RUB,,3,,2023-04-28,
MMIX,RUSFAR1W,2023-05-02,RUSFAR 1W,RUSFAR 1 неделя,7.4,7.4,7.4,7.4,7349498000.0,,,2,,RUB,,3,,2023-05-02,
MMIX,RUSFAR1W,2023-05-03,RUSFAR 1W,RUSFAR 1 неделя,7.27,7.27,7.27,7.27,6979447000.0,,,2,,RUB,,3,,2023-05-03,
MMIX,RUSFAR1W,2023-05-04,RUSFAR 1W,RUSFAR 1 неделя,7.24,7.24,7.24,7.24,37843995000.0,,,2,,RUB,,3,,2023-05-04,
MMIX,RUSFAR1W,2023-05-05,RUSFAR 1W,RUSFAR 1 неделя,7.05,7.05,7.05,7.05,24135264000.0,,,2,,RUB,,3,,2023-05-05,
MMIX,RUSFAR1W,2023-05-10,RUSFAR 1W,RUSFAR 1 неделя,7.36,7.36,7.36,7.36,19441156000.0,,,2,,RUB,,3,,2023-05-10,
MMIX,RUSFAR1W,2023-05-11,RUSFAR 1W,RUSFAR 1 неделя,7.25,7.25,7.25,7.25,34010316000.0,,,2,,RUB,,3,,2023-05-11,
MMIX,RUSFAR1W,2023-05-12,RUSFAR 1W,RUSFAR 1 неделя,7.24,7.24,7.24,7.24,10124350000.0,,,2,,RUB,,3,,2023-05-12,
MMIX,RUSFAR1W,2023-05-15,RUSFAR 1W,RUSFAR 1 неделя,7.32,7.32,7.32,7.32,6116795000.0,,,2,,RUB,,3,,2023-05-15,
MMIX,RUSFAR1W,2023-05-16,RUSFAR 1W,RUSFAR 1 неделя,7.44,7.44,7.44,7.44,4342350000.0,,,2,,RUB,,3,,2023-05-16,
MMIX,RUSFAR1W,2023-05-17,RUSFAR 1W,RUSFAR 1 неделя,7.27,7.27,7.27,7.27,9033658000.0,,,2,,RUB,,3,,2023-05-17,
MMIX,RUSFAR1W,2023-05-18,RUSFAR 1W,RUSFAR 1 неделя,7.27,7.27,7.27,7.27,41840236000.0,,,2,,RUB,,3,,2023-05-18,
MMIX,RUSFAR1W,2023-05-19,RUSFAR 1W,RUSFAR 1 неделя,7.29,7.29,7.29,7.29,10173221000.0,,,2,,RUB,,3,,2023-05-19,
MMIX,RUSFAR1W,2023-05-22,RUSFAR 1W,RUSFAR 1 неделя,7.31,7.31,7.31,7.31,2251150000.0,,,2,,RUB,,3,,2023-05-22,
MMIX,RUSFAR1W,2023-05-23,RUSFAR 1W,RUSFAR 1 неделя,7.32,7.32,7.32,7.32,6327495000.0,,,2,,RUB,,3,,2023-05-23,
MMIX,RUSFAR1W,2023-05-24,RUSFAR 1W,RUSFAR 1 неделя,7.29,7.29,7.29,7.29,10126602000.0,,,2,,RUB,,3,,2023-05-24,
MMIX,RUSFAR1W,2023-05-25,RUSFAR 1W,RUSFAR 1 неделя,7.28,7.28,7.28,7.28,42037625000.0,,,2,,RUB,,3,,2023-05-25,
MMIX,RUSFAR1W,2023-05-26,RUSFAR 1W,RUSFAR 1 неделя,7.31,7.31,7.31,7.31,6739149000.0,,,2,,RUB,,3,,2023-05-26,
MMIX,RUSFAR1W,2023-05-29,RUSFAR 1W,RUSFAR 1 неделя,7.31,7.31,7.31,7.31,1710334000.0,,,2,,RUB,,3,,2023-05-29,
MMIX,RUSFAR1W,2023-05-30,RUSFAR 1W,RUSFAR 1 неделя,7.34,7.34,7.34,7.34,15253998000.0,,,2,,RUB,,3,,2023-05-30,
MMIX,RUSFAR1W,2023-05-31,RUSFAR 1W,RUSFAR 1 неделя,7.34,7.34,7.34,7.34,3387354000.0,,,2,,RUB,,3,,2023-05-31,
MMIX,RUSFAR1W,2023-06-01,RUSFAR 1W,RUSFAR 1 неделя,7.27,7.27,7.27,7.27,27285025000.0,,,2,,RUB,,3,,2023-06-01,
MMIX,RUSFAR1W,2023-06-02,RUSFAR 1W,RUSFAR 1 неделя,7.32,7.32,7.32,7.32,10305849000.0,,,2,,RUB,,3,,2023-06-02,
MMIX,RUSFAR1W,2023-06-05,RUSFAR 1W,RUSFAR 1 неделя,7.32,7.32,7.32,7.32,675200000.0,,,2,,RUB,,3,,2023-06-05,
MMIX,RUSFAR1W,2023-06-06,RUSFAR 1W,RUSFAR 1 неделя,7.33,7.33,7.33,7.33,2121825000.0,,,2,,RUB,,3,,2023-06-06,
MMIX,RUSFAR1W,2023-06-07,RUSFAR 1W,RUSFAR 1 неделя,7.31,7.31,7.31,7.31,6698445000.0,,,2,,RUB,,3,,2023-06-07,
MMIX,RUSFAR1W,2023-06-08,RUSFAR 1W,RUSFAR 1 неделя,7.28,7.28,7.28,7.28,4161866000.0,,,2,,RUB,,3,,2023-06-08,
MMIX,RUSFAR1W,2023-06-09,RUSFAR 1W,RUSFAR 1 неделя,7.33,7.33,7.33,7.33,18070611000.0,,,2,,RUB,,3,,2023-06-09,
MMIX,RUSFAR1W,2023-06-13,RUSFAR 1W,RUSFAR 1 неделя,7.37,7.37,7.37,7.37,13945314000.0,,,2,,RUB,,3,,2023-06-13,
MMIX,RUSFAR1W,2023-06-14,RUSFAR 1W,RUSFAR 1 неделя,7.37,7.37,7.37,7.37,29456610000.0,,,2,,RUB,,3,,2023-06-14,
MMIX,RUSFAR1W,2023-06-15,RUSFAR 1W,RUSFAR 1 неделя,7.37,7.37,7.37,7.37,10578587000.0,,,2,,RUB,,3,,2023-06-15,
MMIX,RUSFAR1W,2023-06-16,RUSFAR 1W,RUSFAR 1 неделя,7.31,7.31,7.31,7.31,5227790000.0,,,2,,RUB,,3,,2023-06-16,
MMIX,RUSFAR1W,2023-06-19,RUSFAR 1W,RUSFAR 1 неделя,7.31,7.31,7.31,7.31,6500000000.0,,,2,,RUB,,3,,2023-06-19,
MMIX,RUSFAR1W,2023-06-20,RUSFAR 1W,RUSFAR 1 неделя,7.27,7.27,7.27,7.27,11782489000.0,,,2,,RUB,,3,,2023-06-20,
MMIX,RUSFAR1W,2023-06-21,RUSFAR 1W,RUSFAR 1 неделя,7.27,7.27,7.27,7.27,25110429000.0,,,2,,RUB,,3,,2023-06-21,
MMIX,RUSFAR1W,2023-06-22,RUSFAR 1W,RUSFAR 1 неделя,7.29,7.29,7.29,7.29,12889398000.0,,,2,,RUB,,3,,2023-06-22,
MMIX,RUSFAR1W,2023-06-23,RUSFAR 1W,RUSFAR 1 неделя,7.25,7.25,7.25,7.25,7263448000.0,,,2,,RUB,,3,,2023-06-23,
MMIX,RUSFAR1W,2023-06-26,RUSFAR 1W,RUSFAR 1 неделя,7.3,7.3,7.3,7.3,7480890000.0,,,2,,RUB,,3,,2023-06-26,
MMIX,RUSFAR1W,2023-06-27,RUSFAR 1W,RUSFAR 1 неделя,7.27,7.27,7.27,7.27,8245321000.0,,,2,,RUB,,3,,2023-06-27,
MMIX,RUSFAR1W,2023-06-28,RUSFAR 1W,RUSFAR 1 неделя,7.33,7.33,7.33,7.33,26792590000.0,,,2,,RUB,,3,,2023-06-28,
MMIX,RUSFAR1W,2023-06-29,RUSFAR 1W,RUSFAR 1 неделя,7.43,7.43,7.43,7.43,12412540000.0,,,2,,RUB,,3,,2023-06-29,
MMIX,RUSFAR1W,2023-06-30,RUSFAR 1W,RUSFAR 1 неделя,7.45,7.45,7.45,7.45,10674107000.0,,,2,,RUB,,3,,2023-06-30,
MMIX,RUSFAR1W,2023-07-03,RUSFAR 1W,RUSFAR 1 неделя,7.41,7.41,7.41,7.41,7384983000.0,,,2,,RUB,,3,,2023-07-03,
MMIX,RUSFAR1W,2023-07-04,RUSFAR 1W,RUSFAR 1 неделя,7.31,7.31,7.31,7.31,3791550000.0,,,2,,RUB,,3,,2023-07-04,
MMIX,RUSFAR1W,2023-07-05,RUSFAR 1W,RUSFAR 1 неделя,7.28,7.28,7.28,7.28,11023308000.0,,,2,,RUB,,3,,2023-07-05,
MMIX,RUSFAR1W,2023-07-06,RUSFAR 1W,RUSFAR 1 неделя,7.29,7.29,7.29,7.29,2027296000.0,,,2,,RUB,,3,,2023-07-06,
MMIX,RUSFAR1W,2023-07-07,RUSFAR 1W,RUSFAR 1 неделя,7.25,7.25,7.25,7.25,10304017000.0,,,2,,RUB,,3,,2023-07-07,
MMIX,RUSFAR1W,2023-07-10,RUSFAR 1W,RUSFAR 1 неделя,7.35,7.35,7.35,7.35,8354117000.0,,,2,,RUB,,3,,2023-07-10,
MMIX,RUSFAR1W,2023-07-11,RUSFAR 1W,RUSFAR 1 неделя,7.45,7.45,7.45,7.45,1415987000.0,,,2,,RUB,,3,,2023-07-11,
MMIX,RUSFAR1W,2023-07-12,RUSFAR 1W,RUSFAR 1 неделя,7.48,7.48,7.48,7.48,13873260000.0,,,2,,RUB,,3,,2023-07-12,
MMIX,RUSFAR1W,2023-07-13,RUSFAR 1W,RUSFAR 1 неделя,7.46,7.46,7.46,7.46,1350823000.0,,,2,,RUB,,3,,2023-07-13,
MMIX,RUSFAR1W,2023-07-14,RUSFAR 1W,RUSFAR 1 неделя,7.55,7.55,7.55,7.55,6562742000.0,,,2,,RUB,,3,,2023-07-14,
MMIX,RUSFAR1W,2023-07-17,RUSFAR 1W,RUSFAR 1 неделя,7.96,7.96,7.96,7.96,4124955000.0,,,2,,RUB,,3,,2023-07-17,
MMIX,RUSFAR1W,2023-07-18,RUSFAR 1W,RUSFAR 1 неделя,7.86,7.86,7.86,7.86,21577670000.0,,,2,,RUB,,3,,2023-07-18,
MMIX,RUSFAR1W,2023-07-19,RUSFAR 1W,RUSFAR 1 неделя,7.85,7.85,7.85,7.85,84081295000.0,,,2,,RUB,,3,,2023-07-19,
MMIX,RUSFAR1W,2023-07-20,RUSFAR 1W,RUSFAR 1 неделя,7.93,7.93,7.93,7.93,17131714000.0,,,2,,RUB,,3,,2023-07-20,
MMIX,RUSFAR1W,2023-07-21,RUSFAR 1W,RUSFAR 1 неделя,8.09,8.09,8.09,8.09,11535405000.0,,,2,,RUB,,3,,2023-07-21,
MMIX,RUSFAR1W,2023-07-24,RUSFAR 1W,RUSFAR 1 неделя,8.32,8.32,8.32,8.32,10831754000.0,,,2,,RUB,,3,,2023-07-24,
MMIX,RUSFAR1W,2023-07-25,RUSFAR 1W,RUSFAR 1 неделя,8.24,8.24,8.24,8.24,6397262000.0,,,2,,RUB,,3,,2023-07-25,
MMIX,RUSFAR1W,2023-07-26,RUSFAR 1W,RUSFAR 1 неделя,8.28,8.28,8.28,8.28,1552818000.0,,,2,,RUB,,3,,2023-07-26,
MMIX,RUSFAR1W,2023-07-27,RUSFAR 1W,RUSFAR 1 неделя,8.28,8.28,8.28,8.28,9277689000.0,,,2,,RUB,,3,,2023-07-27,
MMIX,RUSFAR1W,2023-07-28,RUSFAR 1W,RUSFAR 1 неделя,8.34,8.34,8.34,8.34,10288594000.0,,,2,,RUB,,3,,2023-07-28,
MMIX,RUSFAR1W,2023-07-31,RUSFAR 1W,RUSFAR 1 неделя,8.35,8.35,8.35,8.35,9880031000.0,,,2,,RUB,,3,,2023-07-31,
MMIX,RUSFAR1W,2023-08-01,RUSFAR 1W,RUSFAR 1 неделя,8.3,8.3,8.3,8.3,6488589000.0,,,2,,RUB,,3,,2023-08-01,
MMIX,RUSFAR1W,2023-08-02,RUSFAR 1W,RUSFAR 1 неделя,8.27,8.27,8.27,8.27,6242343000.0,,,2,,RUB,,3,,2023-08-02,
MMIX,RUSFAR1W,2023-08-03,RUSFAR 1W,RUSFAR 1 неделя,8.15,8.15,8.15,8.15,5075694000.0,,,2,,RUB,,3,,2023-08-03,
MMIX,RUSFAR1W,2023-08-04,RUSFAR 1W,RUSFAR 1 неделя,8.13,8.13,8.13,8.13,1661480000.0,,,2,,RUB,,3,,2023-08-04,
MMIX,RUSFAR1W,2023-08-07,RUSFAR 1W,RUSFAR 1 неделя,8.14,8.14,8.14,8.14,11363329000.0,,,2,,RUB,,3,,2023-08-07,
MMIX,RUSFAR1W,2023-08-08,RUSFAR 1W,RUSFAR 1 неделя,8.34,8.34,8.34,8.34,9035087000.0,,,2,,RUB,,3,,2023-08-08,
MMIX,RUSFAR1W,2023-08-09,RUSFAR 1W,RUSFAR 1 неделя,8.32,8.32,8.32,8.32,20445191000.0,,,2,,RUB,,3,,2023-08-09,
MMIX,RUSFAR1W,2023-08-10,RUSFAR 1W,RUSFAR 1 неделя,8.3,8.3,8.3,8.3,2152574000.0,,,2,,RUB,,3,,2023-08-10,
MMIX,RUSFAR1W,2023-08-11,RUSFAR 1W,RUSFAR 1 неделя,8.43,8.43,8.43,8.43,6024495000.0,,,2,,RUB,,3,,2023-08-11,
MMIX,RUSFAR1W,2023-08-14,RUSFAR 1W,RUSFAR 1 неделя,8.54,8.54,8.54,8.54,4432066000.0,,,2,,RUB,,3,,2023-08-14,
MMIX,RUSFAR1W,2023-08-15,RUSFAR 1W,RUSFAR 1 неделя,11.53,11.53,11.53,11.53,6697185000.0,,,2,,RUB,,3,,2023-08-15,
MMIX,RUSFAR1W,2023-08-16,RUSFAR 1W,RUSFAR 1 неделя,11.73,11.73,11.73,11.73,5580480000.0,,,2,,RUB,,3,,2023-08-16,
MMIX,RUSFAR1W,2023-08-17,RUSFAR 1W,RUSFAR 1 неделя,11.81,11.81,11.81,11.81,11118330000.0,,,2,,RUB,,3,,2023-08-17,
MMIX,RUSFAR1W,2023-08-18,RUSFAR 1W,RUSFAR 1 неделя,11.87,11.87,11.87,11.87,4479308000.0,,,2,,RUB,,3,,2023-08-18,
MMIX,RUSFAR1W,2023-08-21,RUSFAR 1W,RUSFAR 1 неделя,11.86,11.86,11.86,11.86,1212905000.0,,,2,,RUB,,3,,2023-08-21,
MMIX,RUSFAR1W,2023-08-22,RUSFAR 1W,RUSFAR 1 неделя,11.81,11.81,11.81,11.81,2171830000.0,,,2,,RUB,,3,,2023-08-22,
MMIX,RUSFAR1W,2023-08-23,RUSFAR 1W,RUSFAR 1 неделя,11.87,11.87,11.87,11.87,17304419000.0,,,2,,RUB,,3,,2023-08-23,
MMIX,RUSFAR1W,2023-08-24,RUSFAR 1W,RUSFAR 1 неделя,11.88,11.88,11.88,11.88,1649075000.0,,,2,,RUB,,3,,2023-08-24,
MMIX,RUSFAR1W,2023-08-25,RUSFAR 1W,RUSFAR 1 неделя,11.89,11.89,11.89,11.89,2833627000.0,,,2,,RUB,,3,,2023-08-25,
MMIX,RUSFAR1W,2023-08-28,RUSFAR 1W,RUSFAR 1 неделя,11.85,11.85,11.85,11.85,3403173000.0,,,2,,RUB,,3,,2023-08-28,
MMIX,RUSFAR1W,2023-08-29,RUSFAR 1W,RUSFAR 1 неделя,11.9,11.9,11.9,11.9,923581000.0,,,2,,RUB,,3,,2023-08-29,
MMIX,RUSFAR1W,2023-08-30,RUSFAR 1W,RUSFAR 1 неделя,11.9,11.9,11.9,11.9,24040499000.0,,,2,,RUB,,3,,2023-08-30,
MMIX,RUSFAR1W,2023-08-31,RUSFAR 1W,RUSFAR 1 неделя,11.84,11.84,11.84,11.84,8970548000.0,,,2,,RUB,,3,,2023-08-31,
MMIX,RUSFAR1W,2023-09-01,RUSFAR 1W,RUSFAR 1 неделя,11.87,11.87,11.87,11.87,13835057000.0,,,2,,RUB,,3,,2023-09-01,
MMIX,RUSFAR1W,2023-09-04,RUSFAR 1W,RUSFAR 1 неделя,11.87,11.87,11.87,11.87,2859646000.0,,,2,,RUB,,3,,2023-09-04,
MMIX,RUSFAR1W,2023-09-05,RUSFAR 1W,RUSFAR 1 неделя,11.85,11.85,11.85,11.85,11012405000.0,,,2,,RUB,,3,,2023-09-05,
MMIX,RUSFAR1W,2023-09-06,RUSFAR 1W,RUSFAR 1 неделя,11.74,11.74,11.74,11.74,17858523000.0,,,2,,RUB,,3,,2023-09-06,
MMIX,RUSFAR1W,2023-09-07,RUSFAR 1W,RUSFAR 1 неделя,11.68,11.68,11.68,11.68,2114920000.0,,,2,,RUB,,3,,2023-09-07,
MMIX,RUSFAR1W,2023-09-08,RUSFAR 1W,RUSFAR 1 неделя,11.71,11.71,11.71,11.71,20051398000.0,,,2,,RUB,,3,,2023-09-08,
MMIX,RUSFAR1W,2023-09-11,RUSFAR 1W,RUSFAR 1 неделя,12.0,12.0,12.0,12.0,10596317000.0,,,2,,RUB,,3,,2023-09-11,
MMIX,RUSFAR1W,2023-09-12,RUSFAR 1W,RUSFAR 1 неделя,12.08,12.08,12.08,12.08,7121631000.0,,,2,,RUB,,3,,2023-09-12,
MMIX,RUSFAR1W,2023-09-13,RUSFAR 1W,RUSFAR 1 неделя,12.03,12.03,12.03,12.03,12292223000.0,,,2,,RUB,,3,,2023-09-13,
MMIX,RUSFAR1W,2023-09-14,RUSFAR 1W,RUSFAR 1 неделя,12.42,12.42,12.42,12.42,14812131000.0,,,2,,RUB,,3,,2023-09-14,
MMIX,RUSFAR1W,2023-09-15,RUSFAR 1W,RUSFAR 1 неделя,12.47,12.47,12.47,12.47,6878227000.0,,,2,,RUB,,3,,2023-09-15,
MMIX,RUSFAR1W,2023-09-18,RUSFAR 1W,RUSFAR 1 неделя,12.65,12.65,12.65,12.65,2011013000.0,,,2,,RUB,,3,,2023-09-18,
MMIX,RUSFAR1W,2023-09-19,RUSFAR 1W,RUSFAR 1 неделя,12.59,12.59,12.59,12.59,4936233000.0,,,2,,RUB,,3,,2023-09-19,
MMIX,RUSFAR1W,2023-09-20,RUSFAR 1W,RUSFAR 1 неделя,12.68,12.68,12.68,12.68,19230915000.0,,,2,,RUB,,3,,2023-09-20,
MMIX,RUSFAR1W,2023-09-21,RUSFAR 1W,RUSFAR 1 неделя,12.64,12.64,12.64,12.64,808970000.0,,,2,,RUB,,3,,2023-09-21,
MMIX,RUSFAR1W,2023-09-22,RUSFAR 1W,RUSFAR 1 неделя,12.47,12.47,12.47,12.47,3603717000.0,,,2,,RUB,,3,,2023-09-22,
MMIX,RUSFAR1W,2023-09-25,RUSFAR 1W,RUSFAR 1 неделя,12.6,12.6,12.6,12.6,2171859000.0,,,2,,RUB,,3,,2023-09-25,
MMIX,RUSFAR1W,2023-09-26,RUSFAR 1W,RUSFAR 1 неделя,12.72,12.72,12.72,12.72,12707396000.0,,,2,,RUB,,3,,2023-09-26,
MMIX,RUSFAR1W,2023-09-27,RUSFAR 1W,RUSFAR 1 неделя,12.68,12.68,12.68,12.68,7997827000.0,,,2,,RUB,,3,,2023-09-27,
MMIX,RUSFAR1W,2023-09-28,RUSFAR 1W,RUSFAR 1 неделя,12.76,12.76,12.76,12.76,7863381000.0,,,2,,RUB,,3,,2023-09-28,
MMIX,RUSFAR1W,2023-09-29,RUSFAR 1W,RUSFAR 1 неделя,12.62,12.62,12.62,12.62,3912596000.0,,,2,,RUB,,3,,2023-09-29,
MMIX,RUSFAR1W,2023-10-02,RUSFAR 1W,RUSFAR 1 неделя,12.56,12.56,12.56,12.56,6123838000.0,,,2,,RUB,,3,,2023-10-02,
MMIX,RUSFAR1W,2023-10-03,RUSFAR 1W,RUSFAR 1 неделя,12.6,12.6,12.6,12.6,8101070000.0,,,2,,RUB,,3,,2023-10-03,
MMIX,RUSFAR1W,2023-10-04,RUSFAR 1W,RUSFAR 1 неделя,12.57,12.57,12.57,12.57,3551413000.0,,,2,,RUB,,3,,2023-10-04,
MMIX,RUSFAR1W,2023-10-05,RUSFAR 1W,RUSFAR 1 неделя,12.63,12.63,12.63,12.63,1334286000.0,,,2,,RUB,,3,,2023-10-05,
MMIX,RUSFAR1W,2023-10-06,RUSFAR 1W,RUSFAR 1 неделя,12.69,12.69,12.69,12.69,7281335000.0,,,2,,RUB,,3,,2023-10-06,
MMIX,RUSFAR1W,2023-10-09,RUSFAR 1W,RUSFAR 1 неделя,12.88,12.88,12.88,12.88,13506860000.0,,,2,,RUB,,3,,2023-10-09,
MMIX,RUSFAR1W,2023-10-10,RUSFAR 1W,RUSFAR 1 неделя,12.95,12.95,12.95,12.95,20617446000.0,,,2,,RUB,,3,,2023-10-10,
MMIX,RUSFAR1W,2023-10-11,RUSFAR 1W,RUSFAR 1 неделя,12.87,12.87,12.87,12.87,4166284000.0,,,2,,RUB,,3,,2023-10-11,
MMIX,RUSFAR1W,2023-10-12,RUSFAR 1W,RUSFAR 1 неделя,13.0,13.0,13.0,13.0,12348834000.0,,,2,,RUB,,3,,2023-10-12,
MMIX,RUSFAR1W,2023-10-13,RUSFAR 1W,RUSFAR 1 неделя,13.14,13.14,13.14,13.14,17730428000.0,,,2,,RUB,,3,,2023-10-13,
MMIX,RUSFAR1W,2023-10-16,RUSFAR 1W,RUSFAR 1 неделя,13.07,13.07,13.07,13.07,4716371000.0,,,2,,RUB,,3,,2023-10-16,
MMIX,RUSFAR1W,2023-10-17,RUSFAR 1W,RUSFAR 1 неделя,13.14,13.14,13.14,13.14,48673399000.0,,,2,,RUB,,3,,2023-10-17,
MMIX,RUSFAR1W,2023-10-18,RUSFAR 1W,RUSFAR 1 неделя,13.13,13.13,13.13,13.13,10501285000.0,,,2,,RUB,,3,,2023-10-18,
MMIX,RUSFAR1W,2023-10-19,RUSFAR 1W,RUSFAR 1 неделя,13.1,13.1,13.1,13.1,3461456000.0,,,2,,RUB,,3,,2023-10-19,
MMIX,RUSFAR1W,2023-10-20,RUSFAR 1W,RUSFAR 1 неделя,13.13,13.13,13.13,13.13,3031803000.0,,,2,,RUB,,3,,2023-10-20,
MMIX,RUSFAR1W,2023-10-23,RUSFAR 1W,RUSFAR 1 неделя,13.14,13.14,13.14,13.14,2868092000.0,,,2,,RUB,,3,,2023-10-23,
MMIX,RUSFAR1W,2023-10-24,RUSFAR 1W,RUSFAR 1 неделя,13.12,13.12,13.12,13.12,16986876000.0,,,2,,RUB,,3,,2023-10-24,
MMIX,RUSFAR1W,2023-10-25,RUSFAR 1W,RUSFAR 1 неделя,13.12,13.12,13.12,13.12,3597665000.0,,,2,,RUB,,3,,2023-10-25,
MMIX,RUSFAR1W,2023-10-26,RUSFAR 1W,RUSFAR 1 неделя,13.01,13.01,13.01,13.01,777820000.0,,,2,,RUB,,3,,2023-10-26,
MMIX,RUSFAR1W,2023-10-27,RUSFAR 1W,RUSFAR 1 неделя,13.17,13.17,13.17,13.17,4601300000.0,,,2,,RUB,,3,,2023-10-27,
MMIX,RUSFAR1W,2023-10-30,RUSFAR 1W,RUSFAR 1 неделя,14.36,14.36,14.36,14.36,2963105000.0,,,2,,RUB,,3,,2023-10-30,
MMIX,RUSFAR1W,2023-10-31,RUSFAR 1W,RUSFAR 1 неделя,14.52,14.52,14.52,14.52,1696445000.0,,,2,,RUB,,3,,2023-10-31,
MMIX,RUSFAR1W,2023-11-01,RUSFAR 1W,RUSFAR 1 неделя,14.45,14.45,14.45,14.45,3439478000.0,,,2,,RUB,,3,,2023-11-01,
MMIX,RUSFAR1W,2023-11-02,RUSFAR 1W,RUSFAR 1 неделя,14.4,14.4,14.4,14.4,8377960000.0,,,2,,RUB,,3,,2023-11-02,
MMIX,RUSFAR1W,2023-11-03,RUSFAR 1W,RUSFAR 1 неделя,14.2,14.2,14.2,14.2,19641393000.0,,,2,,RUB,,3,,2023-11-03,
MMIX,RUSFAR1W,2023-11-07,RUSFAR 1W,RUSFAR 1 неделя,14.41,14.41,14.41,14.41,9970064000.0,,,2,,RUB,,3,,2023-11-07,
MMIX,RUSFAR1W,2023-11-08,RUSFAR 1W,RUSFAR 1 неделя,14.34,14.34,14.34,14.34,5829537000.0,,,2,,RUB,,3,,2023-11-08,
MMIX,RUSFAR1W,2023-11-09,RUSFAR 1W,RUSFAR 1 неделя,14.53,14.53,14.53,14.53,3404874000.0,,,2,,RUB,,3,,2023-11-09,
MMIX,RUSFAR1W,2023-11-10,RUSFAR 1W,RUSFAR 1 неделя,14.59,14.59,14.59,14.59,7518447000.0,,,2,,RUB,,3,,2023-11-10,
MMIX,RUSFAR1W,2023-11-13,RUSFAR 1W,RUSFAR 1 неделя,14.67,14.67,14.67,14.67,5793520000.0,,,2,,RUB,,3,,2023-11-13,
MMIX,RUSFAR1W,2023-11-14,RUSFAR 1W,RUSFAR 1 неделя,14.92,14.92,14.92,14.92,8808772000.0,,,2,,RUB,,3,,2023-11-14,
MMIX,RUSFAR1W,2023-11-15,RUSFAR 1W,RUSFAR 1 неделя,14.76,14.76,14.76,14.76,4627684000.0,,,2,,RUB,,3,,2023-11-15,
MMIX,RUSFAR1W,2023-11-16,RUSFAR 1W,RUSFAR 1 неделя,14.94,14.94,14.94,14.94,3279808000.0,,,2,,RUB,,3,,2023-11-16,
MMIX,RUSFAR1W,2023-11-17,RUSFAR 1W,RUSFAR 1 неделя,14.99,14.99,14.99,14.99,8407693000.0,,,2,,RUB,,3,,2023-11-17,
MMIX,RUSFAR1W,2023-11-20,RUSFAR 1W,RUSFAR 1 неделя,14.98,14.98,14.98,14.98,10622939000.0,,,2,,RUB,,3,,2023-11-20,
MMIX,RUSFAR1W,2023-11-21,RUSFAR 1W,RUSFAR 1 неделя,15.1,15.1,15.1,15.1,14002540000.0,,,2,,RUB,,3,,2023-11-21,
MMIX,RUSFAR1W,2023-11-22,RUSFAR 1W,RUSFAR 1 неделя,15.12,15.12,15.12,15.12,20557208000.0,,,2,,RUB,,3,,2023-11-22,
MMIX,RUSFAR1W,2023-11-23,RUSFAR 1W,RUSFAR 1 неделя,15.08,15.08,15.08,15.08,9252609000.0,,,2,,RUB,,3,,2023-11-23,
MMIX,RUSFAR1W,2023-11-24,RUSFAR 1W,RUSFAR 1 неделя,15.12,15.12,15.12,15.12,7739828000.0,,,2,,RUB,,3,,2023-11-24,
MMIX,RUSFAR1W,2023-11-27,RUSFAR 1W,RUSFAR 1 неделя,15.18,15.18,15.18,15.18,4399978000.0,,,2,,RUB,,3,,2023-11-27,
MMIX,RUSFAR1W,2023-11-28,RUSFAR 1W,RUSFAR 1 неделя,15.26,15.26,15.26,15.26,23246211000.0,,,2,,RUB,,3,,2023-11-28,
MMIX,RUSFAR1W,2023-11-29,RUSFAR 1W,RUSFAR 1 неделя,15.17,15.17,15.17,15.17,11524083000.0,,,2,,RUB,,3,,2023-11-29,
MMIX,RUSFAR1W,2023-11-30,RUSFAR 1W,RUSFAR 1 неделя,15.08,15.08,15.08,15.08,7530047000.0,,,2,,RUB,,3,,2023-11-30,
MMIX,RUSFAR1W,2023-12-01,RUSFAR 1W,RUSFAR 1 неделя,14.96,14.96,14.96,14.96,14264739000.0,,,2,,RUB,,3,,2023-12-01,
MMIX,RUSFAR1W,2023-12-04,RUSFAR 1W,RUSFAR 1 неделя,14.92,14.92,14.92,14.92,1168539000.0,,,2,,RUB,,3,,2023-12-04,
MMIX,RUSFAR1W,2023-12-05,RUSFAR 1W,RUSFAR 1 неделя,14.82,14.82,14.82,14.82,6858422000.0,,,2,,RUB,,3,,2023-12-05,
MMIX,RUSFAR1W,2023-12-06,RUSFAR 1W,RUSFAR 1 неделя,14.7,14.7,14.7,14.7,4260806000.0,,,2,,RUB,,3,,2023-12-06,
MMIX,RUSFAR1W,2023-12-07,RUSFAR 1W,RUSFAR 1 неделя,14.7,14.7,14.7,14.7,4004771000.0,,,2,,RUB,,3,,2023-12-07,
MMIX,RUSFAR1W,2023-12-08,RUSFAR 1W,RUSFAR 1 неделя,14.71,14.71,14.71,14.71,6112697000.0,,,2,,RUB,,3,,2023-12-08,
MMIX,RUSFAR1W,2023-12-11,RUSFAR 1W,RUSFAR 1 неделя,15.09,15.09,15.09,15.09,27142464000.0,,,2,,RUB,,3,,2023-12-11,
MMIX,RUSFAR1W,2023-12-12,RUSFAR 1W,RUSFAR 1 неделя,15.29,15.29,15.29,15.29,6157852000.0,,,2,,RUB,,3,,2023-12-12,
MMIX,RUSFAR1W,2023-12-13,RUSFAR 1W,RUSFAR 1 неделя,15.58,15.58,15.58,15.58,8714437000.0,,,2,,RUB,,3,,2023-12-13,
MMIX,RUSFAR1W,2023-12-14,RUSFAR 1W,RUSFAR 1 неделя,15.78,15.78,15.78,15.78,2619851000.0,,,2,,RUB,,3,,2023-12-14,
MMIX,RUSFAR1W,2023-12-15,RUSFAR 1W,RUSFAR 1 неделя,16.0,16.0,16.0,16.0,3537988000.0,,,2,,RUB,,3,,2023-12-15,
MMIX,RUSFAR1W,2023-12-18,RUSFAR 1W,RUSFAR 1 неделя,15.69,15.69,15.69,15.69,7381299000.0,,,2,,RUB,,3,,2023-12-18,
MMIX,RUSFAR1W,2023-12-19,RUSFAR 1W,RUSFAR 1 неделя,15.65,15.65,15.65,15.65,6919687000.0,,,2,,RUB,,3,,2023-12-19,
MMIX,RUSFAR1W,2023-12-20,RUSFAR 1W,RUSFAR 1 неделя,15.69,15.69,15.69,15.69,4298818000.0,,,2,,RUB,,3,,2023-12-20,
MMIX,RUSFAR1W,2023-12-21,RUSFAR 1W,RUSFAR 1 неделя,15.5,15.5,15.5,15.5,437414000.0,,,2,,RUB,,3,,2023-12-21,
MMIX,RUSFAR1W,2023-12-22,RUSFAR 1W,RUSFAR 1 неделя,15.46,15.46,15.46,15.46,1651960000.0,,,2,,RUB,,3,,2023-12-22,
MMIX,RUSFAR1W,2023-12-25,RUSFAR 1W,RUSFAR 1 неделя,15.77,15.77,15.77,15.77,5408550000.0,,,2,,RUB,,3,,2023-12-25,
MMIX,RUSFAR1W,2023-12-26,RUSFAR 1W,RUSFAR 1 неделя,15.68,15.68,15.68,15.68,4003383000.0,,,2,,RUB,,3,,2023-12-26,
MMIX,RUSFAR1W,2023-12-27,RUSFAR 1W,RUSFAR 1 неделя,15.66,15.66,15.66,15.66,4612042000.0,,,2,,RUB,,3,,2023-12-27,
MMIX,RUSFAR1W,2023-12-28,RUSFAR 1W,RUSFAR 1 неделя,15.59,15.59,15.59,15.59,36266921000.0,,,2,,RUB,,3,,2023-12-28,
MMIX,RUSFAR1W,2024-01-09,RUSFAR 1W,RUSFAR 1 неделя,15.78,15.78,15.78,15.78,8084793000.0,,,2,,RUB,,3,,2024-01-09,
MMIX,RUSFAR1W,2024-01-10,RUSFAR 1W,RUSFAR 1 неделя,15.5,15.5,15.5,15.5,8132851000.0,,,2,,RUB,,3,,2024-01-10,
MMIX,RUSFAR1W,2024-01-11,RUSFAR 1W,RUSFAR 1 неделя,15.35,15.35,15.35,15.35,9484331000.0,,,2,,RUB,,3,,2024-01-11,
MMIX,RUSFAR1W,2024-01-12,RUSFAR 1W,RUSFAR 1 неделя,15.29,15.29,15.29,15.29,6624700000.0,,,2,,RUB,,3,,2024-01-12,
MMIX,RUSFAR1W,2024-01-15,RUSFAR 1W,RUSFAR 1 неделя,15.7,15.7,15.7,15.7,7146984000.0,,,2,,RUB,,3,,2024-01-15,
MMIX,RUSFAR1W,2024-01-16,RUSFAR 1W,RUSFAR 1 неделя,15.65,15.65,15.65,15.65,8792634000.0,,,2,,RUB,,3,,2024-01-16,
MMIX,RUSFAR1W,2024-01-17,RUSFAR 1W,RUSFAR 1 неделя,15.61,15.61,15.61,15.61,11160641000.0,,,2,,RUB,,3,,2024-01-17,
MMIX,RUSFAR1W,2024-01-18,RUSFAR 1W,RUSFAR 1 неделя,15.68,15.68,15.68,15.68,3665532000.0,,,2,,RUB,,3,,2024-01-18,
MMIX,RUSFAR1W,2024-01-19,RUSFAR 1W,RUSFAR 1 неделя,15.72,15.72,15.72,15.72,2148641000.0,,,2,,RUB,,3,,2024-01-19,
MMIX,RUSFAR1W,2024-01-22,RUSFAR 1W,RUSFAR 1 неделя,15.78,15.78,15.78,15.78,8726516000.0,,,2,,RUB,,3,,2024-01-22,
MMIX,RUSFAR1W,2024-01-23,RUSFAR 1W,RUSFAR 1 неделя,15.79,15.79,15.79,15.79,12791821000.0,,,2,,RUB,,3,,2024-01-23,
MMIX,RUSFAR1W,2024-01-24,RUSFAR 1W,RUSFAR 1 неделя,15.86,15.86,15.86,15.86,4440882000.0,,,2,,RUB,,3,,2024-01-24,
MMIX,RUSFAR1W,2024-01-25,RUSFAR 1W,RUSFAR 1 неделя,15.88,15.88,15.88,15.88,2228011000.0,,,2,,RUB,,3,,2024-01-25,
MMIX,RUSFAR1W,2024-01-26,RUSFAR 1W,RUSFAR 1 неделя,15.8,15.8,15.8,15.8,8558240000.0,,,2,,RUB,,3,,2024-01-26,
MMIX,RUSFAR1W,2024-01-29,RUSFAR 1W,RUSFAR 1 неделя,15.67,15.67,15.67,15.67,10036083000.0,,,2,,RUB,,3,,2024-01-29,
MMIX,RUSFAR1W,2024-01-30,RUSFAR 1W,RUSFAR 1 неделя,15.78,15.78,15.78,15.78,7344703000.0,,,2,,RUB,,3,,2024-01-30,
MMIX,RUSFAR1W,2024-01-31,RUSFAR 1W,RUSFAR 1 неделя,15.74,15.74,15.74,15.74,12707925000.0,,,2,,RUB,,3,,2024-01-31,
MMIX,RUSFAR1W,2024-02-01,RUSFAR 1W,RUSFAR 1 неделя,15.73,15.73,15.73,15.73,8446394000.0,,,2,,RUB,,3,,2024-02-01,
MMIX,RUSFAR1W,2024-02-02,RUSFAR 1W,RUSFAR 1 неделя,15.79,15.79,15.79,15.79,9014654000.0,,,2,,RUB,,3,,2024-02-02,
MMIX,RUSFAR1W,2024-02-05,RUSFAR 1W,RUSFAR 1 неделя,15.83,15.83,15.83,15.83,13287020000.0,,,2,,RUB,,3,,2024-02-05,
MMIX,RUSFAR1W,2024-02-06,RUSFAR 1W,RUSFAR 1 неделя,15.97,15.97,15.97,15.97,41208845000.0,,,2,,RUB,,3,,2024-02-06,
MMIX,RUSFAR1W,2024-02-07,RUSFAR 1W,RUSFAR 1 неделя,15.87,15.87,15.87,15.87,9171255000.0,,,2,,RUB,,3,,2024-02-07,
MMIX,RUSFAR1W,2024-02-08,RUSFAR 1W,RUSFAR 1 неделя,15.84,15.84,15.84,15.84,3569779000.0,,,2,,RUB,,3,,2024-02-08,
MMIX,RUSFAR1W,2024-02-09,RUSFAR 1W,RUSFAR 1 неделя,15.83,15.83,15.83,15.83,2305806000.0,,,2,,RUB,,3,,2024-02-09,
MMIX,RUSFAR1W,2024-02-12,RUSFAR 1W,RUSFAR 1 неделя,15.99,15.99,15.99,15.99,5374634000.0,,,2,,RUB,,3,,2024-02-12,
MMIX,RUSFAR1W,2024-02-13,RUSFAR 1W,RUSFAR 1 неделя,15.96,15.96,15.96,15.96,4057593000.0,,,2,,RUB,,3,,2024-02-13,
MMIX,RUSFAR1W,2024-02-14,RUSFAR 1W,RUSFAR 1 неделя,15.83,15.83,15.83,15.83,7486823000.0,,,2,,RUB,,3,,2024-02-14,
MMIX,RUSFAR1W,2024-02-15,RUSFAR 1W,RUSFAR 1 неделя,15.64,15.64,15.64,15.64,6587897000.0,,,2,,RUB,,3,,2024-02-15,
MMIX,RUSFAR1W,2024-02-16,RUSFAR 1W,RUSFAR 1 неделя,15.61,15.61,15.61,15.61,1742330000.0,,,2,,RUB,,3,,2024-02-16,
MMIX,RUSFAR1W,2024-02-19,RUSFAR 1W,RUSFAR 1 неделя,15.56,15.56,15.56,15.56,1852026000.0,,,2,,RUB,,3,,2024-02-19,
MMIX,RUSFAR1W,2024-02-20,RUSFAR 1W,RUSFAR 1 неделя,15.6,15.6,15.6,15.6,5277951000.0,,,2,,RUB,,3,,2024-02-20,
MMIX,RUSFAR1W,2024-02-21,RUSFAR 1W,RUSFAR 1 неделя,15.62,15.62,15.62,15.62,13290324000.0,,,2,,RUB,,3,,2024-02-21,
MMIX,RUSFAR1W,2024-02-22,RUSFAR 1W,RUSFAR 1 неделя,15.62,15.62,15.62,15.62,7365156000.0,,,2,,RUB,,3,,2024-02-22,
MMIX,RUSFAR1W,2024-02-26,RUSFAR 1W,RUSFAR 1 неделя,15.7,15.7,15.7,15.7,4736798000.0,,,2,,RUB,,3,,2024-02-26,
MMIX,RUSFAR1W,2024-02-27,RUSFAR 1W,RUSFAR 1 неделя,15.75,15.75,15.75,15.75,4320928000.0,,,2,,RUB,,3,,2024-02-27,
MMIX,RUSFAR1W,2024-02-28,RUSFAR 1W,RUSFAR 1 неделя,15.74,15.74,15.74,15.74,18792826000.0,,,2,,RUB,,3,,2024-02-28,
MMIX,RUSFAR1W,2024-02-29,RUSFAR 1W,RUSFAR 1 неделя,15.86,15.86,15.86,15.86,12033200000.0,,,2,,RUB,,3,,2024-02-29,
MMIX,RUSFAR1W,2024-03-01,RUSFAR 1W,RUSFAR 1 неделя,15.74,15.74,15.74,15.74,3665066000.0,,,2,,RUB,,3,,2024-03-01,
MMIX,RUSFAR1W,2024-03-04,RUSFAR 1W,RUSFAR 1 неделя,15.57,15.57,15.57,15.57,3616966000.0,,,2,,RUB,,3,,2024-03-04,
MMIX,RUSFAR1W,2024-03-05,RUSFAR 1W,RUSFAR 1 неделя,15.52,15.52,15.52,15.52,11790056000.0,,,2,,RUB,,3,,2024-03-05,
MMIX,RUSFAR1W,2024-03-06,RUSFAR 1W,RUSFAR 1 неделя,15.47,15.47,15.47,15.47,8377942000.0,,,2,,RUB,,3,,2024-03-06,
MMIX,RUSFAR1W,2024-03-07,RUSFAR 1W,RUSFAR 1 неделя,15.53,15.53,15.53,15.53,13036931000.0,,,2,,RUB,,3,,2024-03-07,
MMIX,RUSFAR1W,2024-03-11,RUSFAR 1W,RUSFAR 1 неделя,15.72,15.72,15.72,15.72,1793084000.0,,,2,,RUB,,3,,2024-03-11,
MMIX,RUSFAR1W,2024-03-12,RUSFAR 1W,RUSFAR 1 неделя,15.85,15.85,15.85,15.85,6668609000.0,,,2,,RUB,,3,,2024-03-12,
MMIX,RUSFAR1W,2024-03-13,RUSFAR 1W,RUSFAR 1 неделя,15.7,15.7,15.7,15.7,11148984000.0,,,2,,RUB,,3,,2024-03-13,
MMIX,RUSFAR1W,2024-03-14,RUSFAR 1W,RUSFAR 1 неделя,15.71,15.71,15.71,15.71,3456573000.0,,,2,,RUB,,3,,2024-03-14,
MMIX,RUSFAR1W,2024-03-15,RUSFAR 1W,RUSFAR 1 неделя,15.75,15.75,15.75,15.75,1935549000.0,,,2,,RUB,,3,,2024-03-15,
MMIX,RUSFAR1W,2024-03-18,RUSFAR 1W,RUSFAR 1 неделя,15.76,15.76,15.76,15.76,1745025000.0,,,2,,RUB,,3,,2024-03-18,
MMIX,RUSFAR1W,2024-03-19,RUSFAR 1W,RUSFAR 1 неделя,15.71,15.71,15.71,15.71,5982231000.0,,,2,,RUB,,3,,2024-03-19,
MMIX,RUSFAR1W,2024-03-20,RUSFAR 1W,RUSFAR 1 неделя,15.61,15.61,15.61,15.61,14274699000.0,,,2,,RUB,,3,,2024-03-20,
MMIX,RUSFAR1W,2024-03-21,RUSFAR 1W,RUSFAR 1 неделя,15.5,15.5,15.5,15.5,3093619000.0,,,2,,RUB,,3,,2024-03-21,
MMIX,RUSFAR1W,2024-03-22,RUSFAR 1W,RUSFAR 1 неделя,15.47,15.47,15.47,15.47,2686913000.0,,,2,,RUB,,3,,2024-03-22,
MMIX,RUSFAR1W,2024-03-25,RUSFAR 1W,RUSFAR 1 неделя,15.5,15.5,15.5,15.5,2909409000.0,,,2,,RUB,,3,,2024-03-25,
MMIX,RUSFAR1W,2024-03-26,RUSFAR 1W,RUSFAR 1 неделя,15.69,15.69,15.69,15.69,3601942000.0,,,2,,RUB,,3,,2024-03-26,
MMIX,RUSFAR1W,2024-03-27,RUSFAR 1W,RUSFAR 1 неделя,15.56,15.56,15.56,15.56,6530238000.0,,,2,,RUB,,3,,2024-03-27,
MMIX,RUSFAR1W,2024-03-28,RUSFAR 1W,RUSFAR 1 неделя,15.56,15.56,15.56,15.56,2284049000.0,,,2,,RUB,,3,,2024-03-28,
MMIX,RUSFAR1W,2024-03-29,RUSFAR 1W,RUSFAR 1 неделя,15.83,15.83,15.83,15.83,4341559000.0,,,2,,RUB,,3,,2024-03-29,
MMIX,RUSFAR1W,2024-04-01,RUSFAR 1W,RUSFAR 1 неделя,15.59,15.59,15.59,15.59,2101672000.0,,,2,,RUB,,3,,2024-04-01,
MMIX,RUSFAR1W,2024-04-02,RUSFAR 1W,RUSFAR 1 неделя,15.59,15.59,15.59,15.59,5353571000.0,,,2,,RUB,,3,,2024-04-02,
MMIX,RUSFAR1W,2024-04-03,RUSFAR 1W,RUSFAR 1 неделя,15.59,15.59,15.59,15.59,10042545000.0,,,2,,RUB,,3,,2024-04-03,
MMIX,RUSFAR1W,2024-04-04,RUSFAR 1W,RUSFAR 1 неделя,15.58,15.58,15.58,15.58,2226437000.0,,,2,,RUB,,3,,2024-04-04,
MMIX,RUSFAR1W,2024-04-05,RUSFAR 1W,RUSFAR 1 неделя,15.47,15.47,15.47,15.47,10394112000.0,,,2,,RUB,,3,,2024-04-05,
MMIX,RUSFAR1W,2024-04-08,RUSFAR 1W,RUSFAR 1 неделя,15.64,15.64,15.64,15.64,3733847000.0,,,2,,RUB,,3,,2024-04-08,
MMIX,RUSFAR1W,2024-04-09,RUSFAR 1W,RUSFAR 1 неделя,15.65,15.65,15.65,15.65,7199613000.0,,,2,,RUB,,3,,2024-04-09,
MMIX,RUSFAR1W,2024-04-10,RUSFAR 1W,RUSFAR 1 неделя,15.54,15.54,15.54,15.54,13632715000.0,,,2,,RUB,,3,,2024-04-10,
MMIX,RUSFAR1W,2024-04-11,RUSFAR 1W,RUSFAR 1 неделя,15.65,15.65,15.65,15.65,3651505000.0,,,2,,RUB,,3,,2024-04-11,
MMIX,RUSFAR1W,2024-04-12,RUSFAR 1W,RUSFAR 1 неделя,15.69,15.69,15.69,15.69,4703422000.0,,,2,,RUB,,3,,2024-04-12,
MMIX,RUSFAR1W,2024-04-15,RUSFAR 1W,RUSFAR 1 неделя,15.69,15.69,15.69,15.69,5926729000.0,,,2,,RUB,,3,,2024-04-15,
MMIX,RUSFAR1W,2024-04-16,RUSFAR 1W,RUSFAR 1 неделя,15.7,15.7,15.7,15.7,6459121000.0,,,2,,RUB,,3,,2024-04-16,
MMIX,RUSFAR1W,2024-04-17,RUSFAR 1W,RUSFAR 1 неделя,15.75,15.75,15.75,15.75,23711460000.0,,,2,,RUB,,3,,2024-04-17,
MMIX,RUSFAR1W,2024-04-18,RUSFAR 1W,RUSFAR 1 неделя,15.73,15.73,15.73,15.73,8364749000.0,,,2,,RUB,,3,,2024-04-18,
MMIX,RUSFAR1W,2024-04-19,RUSFAR 1W,RUSFAR 1 неделя,15.75,15.75,15.75,15.75,4768213000.0,,,2,,RUB,,3,,2024-04-19,
MMIX,RUSFAR1W,2024-04-22,RUSFAR 1W,RUSFAR 1 неделя,15.73,15.73,15.73,15.73,7946496000.0,,,2,,RUB,,3,,2024-04-22,
MMIX,RUSFAR1W,2024-04-23,RUSFAR 1W,RUSFAR 1 неделя,15.7,15.7,15.7,15.7,4527403000.0,,,2,,RUB,,3,,2024-04-23,
MMIX,RUSFAR1W,2024-04-24,RUSFAR 1W,RUSFAR 1 неделя,15.67,15.67,15.67,15.67,1667522000.0,,,2,,RUB,,3,,2024-04-24,
MMIX,RUSFAR1W,2024-04-25,RUSFAR 1W,RUSFAR 1 неделя,15.69,15.69,15.69,15.69,7386714000.0,,,2,,RUB,,3,,2024-04-25,
MMIX,RUSFAR1W,2024-04-26,RUSFAR 1W,RUSFAR 1 неделя,15.73,15.73,15.73,15.73,19787908000.0,,,2,,RUB,,3,,2024-04-26,
MMIX,RUSFAR1W,2024-05-02,RUSFAR 1W,RUSFAR 1 неделя,15.94,15.94,15.94,15.94,20924580000.0,,,2,,RUB,,3,,2024-05-02,
MMIX,RUSFAR1W,2024-05-03,RUSFAR 1W,RUSFAR 1 неделя,16.03,16.03,16.03,16.03,7603128000.0,,,2,,RUB,,3,,2024-05-03,
MMIX,RUSFAR1W,2024-05-06,RUSFAR 1W,RUSFAR 1 неделя,16.0,16.0,16.0,16.0,9751888000.0,,,2,,RUB,,3,,2024-05-06,
MMIX,RUSFAR1W,2024-05-07,RUSFAR 1W,RUSFAR 1 неделя,16.0,16.0,16.0,16.0,6483379000.0,,,2,,RUB,,3,,2024-05-07,
MMIX,RUSFAR1W,2024-05-08,RUSFAR 1W,RUSFAR 1 неделя,16.03,16.03,16.03,16.03,18889016000.0,,,2,,RUB,,3,,2024-05-08,
MMIX,RUSFAR1W,2024-05-13,RUSFAR 1W,RUSFAR 1 неделя,16.09,16.09,16.09,16.09,20057065000.0,,,2,,RUB,,3,,2024-05-13,
MMIX,RUSFAR1W,2024-05-14,RUSFAR 1W,RUSFAR 1 неделя,16.11,16.11,16.11,16.11,5907273000.0,,,2,,RUB,,3,,2024-05-14,
MMIX,RUSFAR1W,2024-05-15,RUSFAR 1W,RUSFAR 1 неделя,16.07,16.07,16.07,16.07,35346557000.0,,,2,,RUB,,3,,2024-05-15,
MMIX,RUSFAR1W,2024-05-16,RUSFAR 1W,RUSFAR 1 неделя,15.93,15.93,15.93,15.93,3980596000.0,,,2,,RUB,,3,,2024-05-16,
MMIX,RUSFAR1W,2024-05-17,RUSFAR 1W,RUSFAR 1 неделя,15.87,15.87,15.87,15.87,5899236000.0,,,2,,RUB,,3,,2024-05-17,
MMIX,RUSFAR1W,2024-05-20,RUSFAR 1W,RUSFAR 1 неделя,15.86,15.86,15.86,15.86,14687156000.0,,,2,,RUB,,3,,2024-05-20,
MMIX,RUSFAR1W,2024-05-21,RUSFAR 1W,RUSFAR 1 неделя,15.93,15.93,15.93,15.93,3355246000.0,,,2,,RUB,,3,,2024-05-21,
MMIX,RUSFAR1W,2024-05-22,RUSFAR 1W,RUSFAR 1 неделя,15.91,15.91,15.91,15.91,2581574000.0,,,2,,RUB,,3,,2024-05-22,
MMIX,RUSFAR1W,2024-05-23,RUSFAR 1W,RUSFAR 1 неделя,15.94,15.94,15.94,15.94,3485368000.0,,,2,,RUB,,3,,2024-05-23,
MMIX,RUSFAR1W,2024-05-24,RUSFAR 1W,RUSFAR 1 неделя,15.92,15.92,15.92,15.92,3851527000.0,,,2,,RUB,,3,,2024-05-24,
MMIX,RUSFAR1W,2024-05-27,RUSFAR 1W,RUSFAR 1 неделя,15.9,15.9,15.9,15.9,15563216000.0,,,2,,RUB,,3,,2024-05-27,
MMIX,RUSFAR1W,2024-05-28,RUSFAR 1W,RUSFAR 1 неделя,15.89,15.89,15.89,15.89,5908377000.0,,,2,,RUB,,3,,2024-05-28,
MMIX,RUSFAR1W,2024-05-29,RUSFAR 1W,RUSFAR 1 неделя,15.96,15.96,15.96,15.96,8371211000.0,,,2,,RUB,,3,,2024-05-29,
MMIX,RUSFAR1W,2024-05-30,RUSFAR 1W,RUSFAR 1 неделя,16.06,16.06,16.06,16.06,3733470000.0,,,2,,RUB,,3,,2024-05-30,
MMIX,RUSFAR1W,2024-05-31,RUSFAR 1W,RUSFAR 1 неделя,16.21,16.21,16.21,16.21,4939038000.0,,,2,,RUB,,3,,2024-05-31,
MMIX,RUSFAR1W,2024-06-03,RUSFAR 1W,RUSFAR 1 неделя,16.07,16.07,16.07,16.07,13042074000.0,,,2,,RUB,,3,,2024-06-03,
MMIX,RUSFAR1W,2024-06-04,RUSFAR 1W,RUSFAR 1 неделя,16.09,16.09,16.09,16.09,14481027000.0,,,2,,RUB,,3,,2024-06-04,
MMIX,RUSFAR1W,2024-06-05,RUSFAR 1W,RUSFAR 1 неделя,16.14,16.14,16.14,16.14,11725680000.0,,,2,,RUB,,3,,2024-06-05,
MMIX,RUSFAR1W,2024-06-06,RUSFAR 1W,RUSFAR 1 неделя,16.34,16.34,16.34,16.34,2715763000.0,,,2,,RUB,,3,,2024-06-06,
MMIX,RUSFAR1W,2024-06-07,RUSFAR 1W,RUSFAR 1 неделя,16.4,16.4,16.4,16.4,3751377000.0,,,2,,RUB,,3,,2024-06-07,
MMIX,RUSFAR1W,2024-06-10,RUSFAR 1W,RUSFAR 1 неделя,15.7,15.7,15.7,15.7,7680381000.0,,,2,,RUB,,3,,2024-06-10,
MMIX,RUSFAR1W,2024-06-11,RUSFAR 1W,RUSFAR 1 неделя,15.59,15.59,15.59,15.59,10503159000.0,,,2,,RUB,,3,,2024-06-11,
MMIX,RUSFAR1W,2024-06-13,RUSFAR 1W,RUSFAR 1 неделя,15.9,15.9,15.9,15.9,5632445000.0,,,2,,RUB,,3,,2024-06-13,
MMIX,RUSFAR1W,2024-06-14,RUSFAR 1W,RUSFAR 1 неделя,15.71,15.71,15.71,15.71,8284532000.0,,,2,,RUB,,3,,2024-06-14,
MMIX,RUSFAR1W,2024-06-17,RUSFAR 1W,RUSFAR 1 неделя,15.6,15.6,15.6,15.6,7356975000.0,,,2,,RUB,,3,,2024-06-17,
MMIX,RUSFAR1W,2024-06-18,RUSFAR 1W,RUSFAR 1 неделя,15.65,15.65,15.65,15.65,11799201000.0,,,2,,RUB,,3,,2024-06-18,
MMIX,RUSFAR1W,2024-06-19,RUSFAR 1W,RUSFAR 1 неделя,15.62,15.62,15.62,15.62,2185052000.0,,,2,,RUB,,3,,2024-06-19,
MMIX,RUSFAR1W,2024-06-20,RUSFAR 1W,RUSFAR 1 неделя,15.55,15.55,15.55,15.55,2870140000.0,,,2,,RUB,,3,,2024-06-20,
MMIX,RUSFAR1W,2024-06-21,RUSFAR 1W,RUSFAR 1 неделя,15.53,15.53,15.53,15.53,6195106000.0,,,2,,RUB,,3,,2024-06-21,
MMIX,RUSFAR1W,2024-06-24,RUSFAR 1W,RUSFAR 1 неделя,15.55,15.55,15.55,15.55,8917936000.0,,,2,,RUB,,3,,2024-06-24,
MMIX,RUSFAR1W,2024-06-25,RUSFAR 1W,RUSFAR 1 неделя,15.78,15.78,15.78,15.78,8499450000.0,,,2,,RUB,,3,,2024-06-25,
MMIX,RUSFAR1W,2024-06-26,RUSFAR 1W,RUSFAR 1 неделя,15.75,15.75,15.75,15.75,6660970000.0,,,2,,RUB,,3,,2024-06-26,
MMIX,RUSFAR1W,2024-06-27,RUSFAR 1W,RUSFAR 1 неделя,15.84,15.84,15.84,15.84,8348768000.0,,,2,,RUB,,3,,2024-06-27,
MMIX,RUSFAR1W,2024-06-28,RUSFAR 1W,RUSFAR 1 неделя,15.84,15.84,15.84,15.84,2079967000.0,,,2,,RUB,,3,,2024-06-28,
MMIX,RUSFAR1W,2024-07-01,RUSFAR 1W,RUSFAR 1 неделя,15.94,15.94,15.94,15.94,11306072000.0,,,2,,RUB,,3,,2024-07-01,
MMIX,RUSFAR1W,2024-07-02,RUSFAR 1W,RUSFAR 1 неделя,16.28,16.28,16.28,16.28,15701826000.0,,,2,,RUB,,3,,2024-07-02,
MMIX,RUSFAR1W,2024-07-03,RUSFAR 1W,RUSFAR 1 неделя,16.18,16.18,16.18,16.18,11053770000.0,,,2,,RUB,,3,,2024-07-03,
MMIX,RUSFAR1W,2024-07-04,RUSFAR 1W,RUSFAR 1 неделя,15.8,15.8,15.8,15.8,4445334000.0,,,2,,RUB,,3,,2024-07-04,
MMIX,RUSFAR1W,2024-07-05,RUSFAR 1W,RUSFAR 1 неделя,15.95,15.95,15.95,15.95,3281711000.0,,,2,,RUB,,3,,2024-07-05,
MMIX,RUSFAR1W,2024-07-08,RUSFAR 1W,RUSFAR 1 неделя,15.96,15.96,15.96,15.96,13888913000.0,,,2,,RUB,,3,,2024-07-08,
MMIX,RUSFAR1W,2024-07-09,RUSFAR 1W,RUSFAR 1 неделя,16.03,16.03,16.03,16.03,9272427000.0,,,2,,RUB,,3,,2024-07-09,
MMIX,RUSFAR1W,2024-07-10,RUSFAR 1W,RUSFAR 1 неделя,16.38,16.38,16.38,16.38,13987665000.0,,,2,,RUB,,3,,2024-07-10,
MMIX,RUSFAR1W,2024-07-11,RUSFAR 1W,RUSFAR 1 неделя,16.68,16.68,16.68,16.68,8283349000.0,,,2,,RUB,,3,,2024-07-11,
MMIX,RUSFAR1W,2024-07-12,RUSFAR 1W,RUSFAR 1 неделя,16.53,16.53,16.53,16.53,7332584000.0,,,2,,RUB,,3,,2024-07-12,
MMIX,RUSFAR1W,2024-07-15,RUSFAR 1W,RUSFAR 1 неделя,16.35,16.35,16.35,16.35,9964408000.0,,,2,,RUB,,3,,2024-07-15,
MMIX,RUSFAR1W,2024-07-16,RUSFAR 1W,RUSFAR 1 неделя,16.25,16.25,16.25,16.25,29673021000.0,,,2,,RUB,,3,,2024-07-16,
MMIX,RUSFAR1W,2024-07-17,RUSFAR 1W,RUSFAR 1 неделя,16.27,16.27,16.27,16.27,27567718000.0,,,2,,RUB,,3,,2024-07-17,
MMIX,RUSFAR1W,2024-07-18,RUSFAR 1W,RUSFAR 1 неделя,16.22,16.22,16.22,16.22,24172241000.0,,,2,,RUB,,3,,2024-07-18,
MMIX,RUSFAR1W,2024-07-19,RUSFAR 1W,RUSFAR 1 неделя,16.04,16.04,16.04,16.04,29281341000.0,,,2,,RUB,,3,,2024-07-19,
MMIX,RUSFAR1W,2024-07-22,RUSFAR 1W,RUSFAR 1 неделя,15.77,15.77,15.77,15.77,20916362000.0,,,2,,RUB,,3,,2024-07-22,
MMIX,RUSFAR1W,2024-07-23,RUSFAR 1W,RUSFAR 1 неделя,15.9,15.9,15.9,15.9,4070520000.0,,,2,,RUB,,3,,2024-07-23,
MMIX,RUSFAR1W,2024-07-24,RUSFAR 1W,RUSFAR 1 неделя,15.99,15.99,15.99,15.99,1841138000.0,,,2,,RUB,,3,,2024-07-24,
MMIX,RUSFAR1W,2024-07-25,RUSFAR 1W,RUSFAR 1 неделя,16.33,16.33,16.33,16.33,5819230000.0,,,2,,RUB,,3,,2024-07-25,
MMIX,RUSFAR1W,2024-07-26,RUSFAR 1W,RUSFAR 1 неделя,16.58,16.58,16.58,16.58,5425756000.0,,,2,,RUB,,3,,2024-07-26,
MMIX,RUSFAR1W,2024-07-29,RUSFAR 1W,RUSFAR 1 неделя,17.38,17.38,17.38,17.38,41530189000.0,,,2,,RUB,,3,,2024-07-29,
MMIX,RUSFAR1W,2024-07-30,RUSFAR 1W,RUSFAR 1 неделя,17.45,17.45,17.45,17.45,24784494000.0,,,2,,RUB,,3,,2024-07-30,
MMIX,RUSFAR1W,2024-07-31,RUSFAR 1W,RUSFAR 1 неделя,17.55,17.55,17.55,17.55,7629120000.0,,,2,,RUB,,3,,2024-07-31,
MMIX,RUSFAR1W,2024-08-01,RUSFAR 1W,RUSFAR 1 неделя,17.39,17.39,17.39,17.39,12324254000.0,,,2,,RUB,,3,,2024-08-01,
MMIX,RUSFAR1W,2024-08-02,RUSFAR 1W,RUSFAR 1 неделя,17.29,17.29,17.29,17.29,22181210000.0,,,2,,RUB,,3,,2024-08-02,
MMIX,RUSFAR1W,2024-08-05,RUSFAR 1W,RUSFAR 1 неделя,17.35,17.35,17.35,17.35,24682742000.0,,,2,,RUB,,3,,2024-08-05,
MMIX,RUSFAR1W,2024-08-06,RUSFAR 1W,RUSFAR 1 неделя,17.38,17.38,17.38,17.38,23208181000.0,,,2,,RUB,,3,,2024-08-06,
MMIX,RUSFAR1W,2024-08-07,RUSFAR 1W,RUSFAR 1 неделя,17.53,17.53,17.53,17.53,15810155000.0,,,2,,RUB,,3,,2024-08-07,
MMIX,RUSFAR1W,2024-08-08,RUSFAR 1W,RUSFAR 1 неделя,17.43,17.43,17.43,17.43,6459659000.0,,,2,,RUB,,3,,2024-08-08,
MMIX,RUSFAR1W,2024-08-09,RUSFAR 1W,RUSFAR 1 неделя,17.46,17.46,17.46,17.46,16789411000.0,,,2,,RUB,,3,,2024-08-09,
MMIX,RUSFAR1W,2024-08-12,RUSFAR 1W,RUSFAR 1 неделя,17.63,17.63,17.63,17.63,12184161000.0,,,2,,RUB,,3,,2024-08-12,
MMIX,RUSFAR1W,2024-08-13,RUSFAR 1W,RUSFAR 1 неделя,17.98,17.98,17.98,17.98,11859082000.0,,,2,,RUB,,3,,2024-08-13,
MMIX,RUSFAR1W,2024-08-14,RUSFAR 1W,RUSFAR 1 неделя,17.93,17.93,17.93,17.93,10246988000.0,,,2,,RUB,,3,,2024-08-14,
MMIX,RUSFAR1W,2024-08-15,RUSFAR 1W,RUSFAR 1 неделя,17.7,17.7,17.7,17.7,3412344000.0,,,2,,RUB,,3,,2024-08-15,
MMIX,RUSFAR1W,2024-08-16,RUSFAR 1W,RUSFAR 1 неделя,17.61,17.61,17.61,17.61,27493970000.0,,,2,,RUB,,3,,2024-08-16,
MMIX,RUSFAR1W,2024-08-19,RUSFAR 1W,RUSFAR 1 неделя,17.63,17.63,17.63,17.63,6890233000.0,,,2,,RUB,,3,,2024-08-19,
MMIX,RUSFAR1W,2024-08-20,RUSFAR 1W,RUSFAR 1 неделя,17.65,17.65,17.65,17.65,6401727000.0,,,2,,RUB,,3,,2024-08-20,
MMIX,RUSFAR1W,2024-08-21,RUSFAR 1W,RUSFAR 1 неделя,17.74,17.74,17.74,17.74,11634660000.0,,,2,,RUB,,3,,2024-08-21,
MMIX,RUSFAR1W,2024-08-22,RUSFAR 1W,RUSFAR 1 неделя,17.83,17.83,17.83,17.83,12941582000.0,,,2,,RUB,,3,,2024-08-22,
MMIX,RUSFAR1W,2024-08-23,RUSFAR 1W,RUSFAR 1 неделя,17.99,17.99,17.99,17.99,10485233000.0,,,2,,RUB,,3,,2024-08-23,
MMIX,RUSFAR1W,2024-08-26,RUSFAR 1W,RUSFAR 1 неделя,18.02,18.02,18.02,18.02,5596262000.0,,,2,,RUB,,3,,2024-08-26,
MMIX,RUSFAR1W,2024-08-27,RUSFAR 1W,RUSFAR 1 неделя,18.14,18.14,18.14,18.14,9469457000.0,,,2,,RUB,,3,,2024-08-27,
MMIX,RUSFAR1W,2024-08-28,RUSFAR 1W,RUSFAR 1 неделя,17.92,17.92,17.92,17.92,8706617000.0,,,2,,RUB,,3,,2024-08-28,
MMIX,RUSFAR1W,2024-08-29,RUSFAR 1W,RUSFAR 1 неделя,18.14,18.14,18.14,18.14,17879870000.0,,,2,,RUB,,3,,2024-08-29,
MMIX,RUSFAR1W,2024-08-30,RUSFAR 1W,RUSFAR 1 неделя,18.67,18.67,18.67,18.67,12348095000.0,,,2,,RUB,,3,,2024-08-30,
MMIX,RUSFAR1W,2024-09-02,RUSFAR 1W,RUSFAR 1 неделя,18.39,18.39,18.39,18.39,12076454000.0,,,2,,RUB,,3,,2024-09-02,
MMIX,RUSFAR1W,2024-09-03,RUSFAR 1W,RUSFAR 1 неделя,18.17,18.17,18.17,18.17,25805849000.0,,,2,,RUB,,3,,2024-09-03,
MMIX,RUSFAR1W,2024-09-04,RUSFAR 1W,RUSFAR 1 неделя,18.23,18.23,18.23,18.23,14322544000.0,,,2,,RUB,,3,,2024-09-04,
MMIX,RUSFAR1W,2024-09-05,RUSFAR 1W,RUSFAR 1 неделя,18.31,18.31,18.31,18.31,9808132000.0,,,2,,RUB,,3,,2024-09-05,
MMIX,RUSFAR1W,2024-09-06,RUSFAR 1W,RUSFAR 1 неделя,18.46,18.46,18.46,18.46,6716867000.0,,,2,,RUB,,3,,2024-09-06,
MMIX,RUSFAR1W,2024-09-09,RUSFAR 1W,RUSFAR 1 неделя,18.23,18.23,18.23,18.23,17094709000.0,,,2,,RUB,,3,,2024-09-09,
MMIX,RUSFAR1W,2024-09-10,RUSFAR 1W,RUSFAR 1 неделя,18.23,18.23,18.23,18.23,13921497000.0,,,2,,RUB,,3,,2024-09-10,
MMIX,RUSFAR1W,2024-09-11,RUSFAR 1W,RUSFAR 1 неделя,18.41,18.41,18.41,18.41,16523195000.0,,,2,,RUB,,3,,2024-09-11,
MMIX,RUSFAR1W,2024-09-12,RUSFAR 1W,RUSFAR 1 неделя,18.5,18.5,18.5,18.5,6844809000.0,,,2,,RUB,,3,,2024-09-12,
MMIX,RUSFAR1W,2024-09-13,RUSFAR 1W,RUSFAR 1 неделя,18.6,18.6,18.6,18.6,3801381000.0,,,2,,RUB,,3,,2024-09-13,
MMIX,RUSFAR1W,2024-09-16,RUSFAR 1W,RUSFAR 1 неделя,18.88,18.88,18.88,18.88,16177148000.0,,,2,,RUB,,3,,2024-09-16,
MMIX,RUSFAR1W,2024-09-17,RUSFAR 1W,RUSFAR 1 неделя,18.88,18.88,18.88,18.88,29533086000.0,,,2,,RUB,,3,,2024-09-17,
MMIX,RUSFAR1W,2024-09-18,RUSFAR 1W,RUSFAR 1 неделя,18.72,18.72,18.72,18.72,14734882000.0,,,2,,RUB,,3,,2024-09-18,
MMIX,RUSFAR1W,2024-09-19,RUSFAR 1W,RUSFAR 1 неделя,18.73,18.73,18.73,18.73,3484610000.0,,,2,,RUB,,3,,2024-09-19,
MMIX,RUSFAR1W,2024-09-20,RUSFAR 1W,RUSFAR 1 неделя,18.63,18.63,18.63,18.63,23271065000.0,,,2,,RUB,,3,,2024-09-20,
MMIX,RUSFAR1W,2024-09-23,RUSFAR 1W,RUSFAR 1 неделя,18.65,18.65,18.65,18.65,13390269000.0,,,2,,RUB,,3,,2024-09-23,
MMIX,RUSFAR1W,2024-09-24,RUSFAR 1W,RUSFAR 1 неделя,18.74,18.74,18.74,18.74,6399548000.0,,,2,,RUB,,3,,2024-09-24,
MMIX,RUSFAR1W,2024-09-25,RUSFAR 1W,RUSFAR 1 неделя,18.56,18.56,18.56,18.56,3018034000.0,,,2,,RUB,,3,,2024-09-25,
MMIX,RUSFAR1W,2024-09-26,RUSFAR 1W,RUSFAR 1 неделя,18.57,18.57,18.57,18.57,2571798000.0,,,2,,RUB,,3,,2024-09-26,
MMIX,RUSFAR1W,2024-09-27,RUSFAR 1W,RUSFAR 1 неделя,18.53,18.53,18.53,18.53,12858987000.0,,,2,,RUB,,3,,2024-09-27,
MMIX,RUSFAR1W,2024-09-30,RUSFAR 1W,RUSFAR 1 неделя,18.63,18.63,18.63,18.63,3972832000.0,,,2,,RUB,,3,,2024-09-30,
MMIX,RUSFAR1W,2024-10-01,RUSFAR 1W,RUSFAR 1 неделя,18.6,18.6,18.6,18.6,3127197000.0,,,2,,RUB,,3,,2024-10-01,
MMIX,RUSFAR1W,2024-10-02,RUSFAR 1W,RUSFAR 1 неделя,18.64,18.64,18.64,18.64,10233839000.0,,,2,,RUB,,3,,2024-10-02,
MMIX,RUSFAR1W,2024-10-03,RUSFAR 1W,RUSFAR 1 неделя,18.67,18.67,18.67,18.67,3364715000.0,,,2,,RUB,,3,,2024-10-03,
MMIX,RUSFAR1W,2024-10-04,RUSFAR 1W,RUSFAR 1 неделя,18.63,18.63,18.63,18.63,3733610000.0,,,2,,RUB,,3,,2024-10-04,
MMIX,RUSFAR1W,2024-10-07,RUSFAR 1W,RUSFAR 1 неделя,18.78,18.78,18.78,18.78,18477806000.0,,,2,,RUB,,3,,2024-10-07,
MMIX,RUSFAR1W,2024-10-08,RUSFAR 1W,RUSFAR 1 неделя,18.91,18.91,18.91,18.91,5983469000.0,,,2,,RUB,,3,,2024-10-08,
MMIX,RUSFAR1W,2024-10-09,RUSFAR 1W,RUSFAR 1 неделя,18.94,18.94,18.94,18.94,3528315000.0,,,2,,RUB,,3,,2024-10-09,
MMIX,RUSFAR1W,2024-10-10,RUSFAR 1W,RUSFAR 1 неделя,18.95,18.95,18.95,18.95,5086362000.0,,,2,,RUB,,3,,2024-10-10,
MMIX,RUSFAR1W,2024-10-11,RUSFAR 1W,RUSFAR 1 неделя,18.88,18.88,18.88,18.88,9495951000.0,,,2,,RUB,,3,,2024-10-11,
MMIX,RUSFAR1W,2024-10-14,RUSFAR 1W,RUSFAR 1 неделя,18.82,18.82,18.82,18.82,11109793000.0,,,2,,RUB,,3,,2024-10-14,
MMIX,RUSFAR1W,2024-10-15,RUSFAR 1W,RUSFAR 1 неделя,18.86,18.86,18.86,18.86,11339933000.0,,,2,,RUB,,3,,2024-10-15,
MMIX,RUSFAR1W,2024-10-16,RUSFAR 1W,RUSFAR 1 неделя,18.85,18.85,18.85,18.85,4116878000.0,,,2,,RUB,,3,,2024-10-16,
MMIX,RUSFAR1W,2024-10-17,RUSFAR 1W,RUSFAR 1 неделя,19.01,19.01,19.01,19.01,10404161000.0,,,2,,RUB,,3,,2024-10-17,
MMIX,RUSFAR1W,2024-10-18,RUSFAR 1W,RUSFAR 1 неделя,18.97,18.97,18.97,18.97,8622807000.0,,,2,,RUB,,3,,2024-10-18,
MMIX,RUSFAR1W,2024-10-21,RUSFAR 1W,RUSFAR 1 неделя,19.01,19.01,19.01,19.01,7096019000.0,,,2,,RUB,,3,,2024-10-21,
MMIX,RUSFAR1W,2024-10-22,RUSFAR 1W,RUSFAR 1 неделя,19.03,19.03,19.03,19.03,10299079000.0,,,2,,RUB,,3,,2024-10-22,
MMIX,RUSFAR1W,2024-10-23,RUSFAR 1W,RUSFAR 1 неделя,19.08,19.08,19.08,19.08,1307560000.0,,,2,,RUB,,3,,2024-10-23,
MMIX,RUSFAR1W,2024-10-24,RUSFAR 1W,RUSFAR 1 неделя,19.21,19.21,19.21,19.21,5638696000.0,,,2,,RUB,,3,,2024-10-24,
MMIX,RUSFAR1W,2024-10-25,RUSFAR 1W,RUSFAR 1 неделя,19.23,19.23,19.23,19.23,3696858000.0,,,2,,RUB,,3,,2024-10-25,
MMIX,RUSFAR1W,2024-10-28,RUSFAR 1W,RUSFAR 1 неделя,20.6,20.6,20.6,20.6,31968237000.0,,,2,,RUB,,3,,2024-10-28,
MMIX,RUSFAR1W,2024-10-29,RUSFAR 1W,RUSFAR 1 неделя,20.77,20.77,20.77,20.77,20345579000.0,,,2,,RUB,,3,,2024-10-29,
MMIX,RUSFAR1W,2024-10-30,RUSFAR 1W,RUSFAR 1 неделя,20.74,20.74,20.74,20.74,4553516000.0,,,2,,RUB,,3,,2024-10-30,
MMIX,RUSFAR1W,2024-10-31,RUSFAR 1W,RUSFAR 1 неделя,20.72,20.72,20.72,20.72,7646400000.0,,,2,,RUB,,3,,2024-10-31,
MMIX,RUSFAR1W,2024-11-01,RUSFAR 1W,RUSFAR 1 неделя,20.7,20.7,20.7,20.7,9006827000.0,,,2,,RUB,,3,,2024-11-01,
MMIX,RUSFAR1W,2024-11-05,RUSFAR 1W,RUSFAR 1 неделя,20.72,20.72,20.72,20.72,11829887000.0,,,2,,RUB,,3,,2024-11-05,
MMIX,RUSFAR1W,2024-11-06,RUSFAR 1W,RUSFAR 1 неделя,20.68,20.68,20.68,20.68,6483872000.0,,,2,,RUB,,3,,2024-11-06,
MMIX,RUSFAR1W,2024-11-07,RUSFAR 1W,RUSFAR 1 неделя,20.71,20.71,20.71,20.71,1328945000.0,,,2,,RUB,,3,,2024-11-07,
MMIX,RUSFAR1W,2024-11-08,RUSFAR 1W,RUSFAR 1 неделя,20.69,20.69,20.69,20.69,11731032000.0,,,2,,RUB,,3,,2024-11-08,
MMIX,RUSFAR1W,2024-11-11,RUSFAR 1W,RUSFAR 1 неделя,20.78,20.78,20.78,20.78,11157656000.0,,,2,,RUB,,3,,2024-11-11,
MMIX,RUSFAR1W,2024-11-12,RUSFAR 1W,RUSFAR 1 неделя,21.23,21.23,21.23,21.23,9711545000.0,,,2,,RUB,,3,,2024-11-12,
MMIX,RUSFAR1W,2024-11-13,RUSFAR 1W,RUSFAR 1 неделя,20.79,20.79,20.79,20.79,5439163000.0,,,2,,RUB,,3,,2024-11-13,
MMIX,RUSFAR1W,2024-11-14,RUSFAR 1W,RUSFAR 1 неделя,20.79,20.79,20.79,20.79,2545905000.0,,,2,,RUB,,3,,2024-11-14,
MMIX,RUSFAR1W,2024-11-15,RUSFAR 1W,RUSFAR 1 неделя,20.71,20.71,20.71,20.71,9680139000.0,,,2,,RUB,,3,,2024-11-15,
MMIX,RUSFAR1W,2024-11-18,RUSFAR 1W,RUSFAR 1 неделя,20.79,20.79,20.79,20.79,7997981000.0,,,2,,RUB,,3,,2024-11-18,
MMIX,RUSFAR1W,2024-11-19,RUSFAR 1W,RUSFAR 1 неделя,20.82,20.82,20.82,20.82,17293236000.0,,,2,,RUB,,3,,2024-11-19,
MMIX,RUSFAR1W,2024-11-20,RUSFAR 1W,RUSFAR 1 неделя,20.78,20.78,20.78,20.78,9700882000.0,,,2,,RUB,,3,,2024-11-20,
MMIX,RUSFAR1W,2024-11-21,RUSFAR 1W,RUSFAR 1 неделя,20.78,20.78,20.78,20.78,8333567000.0,,,2,,RUB,,3,,2024-11-21,
MMIX,RUSFAR1W,2024-11-22,RUSFAR 1W,RUSFAR 1 неделя,20.69,20.69,20.69,20.69,20121187000.0,,,2,,RUB,,3,,2024-11-22,
MMIX,RUSFAR1W,2024-11-25,RUSFAR 1W,RUSFAR 1 неделя,20.85,20.85,20.85,20.85,21731690000.0,,,2,,RUB,,3,,2024-11-25,
MMIX,RUSFAR1W,2024-11-26,RUSFAR 1W,RUSFAR 1 неделя,20.78,20.78,20.78,20.78,15157960000.0,,,2,,RUB,,3,,2024-11-26,
MMIX,RUSFAR1W,2024-11-27,RUSFAR 1W,RUSFAR 1 неделя,20.8,20.8,20.8,20.8,8130550000.0,,,2,,RUB,,3,,2024-11-27,
MMIX,RUSFAR1W,2024-11-28,RUSFAR 1W,RUSFAR 1 неделя,20.92,20.92,20.92,20.92,3648510000.0,,,2,,RUB,,3,,2024-11-28,
MMIX,RUSFAR1W,2024-11-29,RUSFAR 1W,RUSFAR 1 неделя,20.84,20.84,20.84,20.84,18046162000.0,,,2,,RUB,,3,,2024-11-29,
MMIX,RUSFAR1W,2024-12-02,RUSFAR 1W,RUSFAR 1 неделя,20.87,20.87,20.87,20.87,3975003000.0,,,2,,RUB,,3,,2024-12-02,
MMIX,RUSFAR1W,2024-12-03,RUSFAR 1W,RUSFAR 1 неделя,21.05,21.05,21.05,21.05,10289279000.0,,,2,,RUB,,3,,2024-12-03,
MMIX,RUSFAR1W,2024-12-04,RUSFAR 1W,RUSFAR 1 неделя,20.97,20.97,20.97,20.97,19913031000.0,,,2,,RUB,,3,,2024-12-04,
MMIX,RUSFAR1W,2024-12-05,RUSFAR 1W,RUSFAR 1 неделя,20.78,20.78,20.78,20.78,7341440000.0,,,2,,RUB,,3,,2024-12-05,
MMIX,RUSFAR1W,2024-12-06,RUSFAR 1W,RUSFAR 1 неделя,20.78,20.78,20.78,20.78,3875426000.0,,,2,,RUB,,3,,2024-12-06,
MMIX,RUSFAR1W,2024-12-09,RUSFAR 1W,RUSFAR 1 неделя,20.77,20.77,20.77,20.77,12157013000.0,,,2,,RUB,,3,,2024-12-09,
MMIX,RUSFAR1W,2024-12-10,RUSFAR 1W,RUSFAR 1 неделя,20.96,20.96,20.96,20.96,17006548000.0,,,2,,RUB,,3,,2024-12-10,
MMIX,RUSFAR1W,2024-12-11,RUSFAR 1W,RUSFAR 1 неделя,21.35,21.35,21.35,21.35,7676203000.0,,,2,,RUB,,3,,2024-12-11,
MMIX,RUSFAR1W,2024-12-12,RUSFAR 1W,RUSFAR 1 неделя,21.73,21.73,21.73,21.73,20874116000.0,,,2,,RUB,,3,,2024-12-12,
MMIX,RUSFAR1W,2024-12-13,RUSFAR 1W,RUSFAR 1 неделя,21.99,21.99,21.99,21.99,14888830000.0,,,2,,RUB,,3,,2024-12-13,
MMIX,RUSFAR1W,2024-12-16,RUSFAR 1W,RUSFAR 1 неделя,21.93,21.93,21.93,21.93,6037171000.0,,,2,,RUB,,3,,2024-12-16,
MMIX,RUSFAR1W,2024-12-17,RUSFAR 1W,RUSFAR 1 неделя,21.99,21.99,21.99,21.99,4165316000.0,,,2,,RUB,,3,,2024-12-17,
MMIX,RUSFAR1W,2024-12-18,RUSFAR 1W,RUSFAR 1 неделя,22.08,22.08,22.08,22.08,1384491000.0,,,2,,RUB,,3,,2024-12-18,
MMIX,RUSFAR1W,2024-12-19,RUSFAR 1W,RUSFAR 1 неделя,22.14,22.14,22.14,22.14,3566668000.0,,,2,,RUB,,3,,2024-12-19,
MMIX,RUSFAR1W,2024-12-20,RUSFAR 1W,RUSFAR 1 неделя,22.29,22.29,22.29,22.29,2783716000.0,,,2,,RUB,,3,,2024-12-20,
MMIX,RUSFAR1W,2024-12-23,RUSFAR 1W,RUSFAR 1 неделя,20.84,20.84,20.84,20.84,3292214000.0,,,2,,RUB,,3,,2024-12-23,
MMIX,RUSFAR1W,2024-12-24,RUSFAR 1W,RUSFAR 1 неделя,20.8,20.8,20.8,20.8,20922928000.0,,,2,,RUB,,3,,2024-12-24,
MMIX,RUSFAR1W,2024-12-25,RUSFAR 1W,RUSFAR 1 неделя,20.87,20.87,20.87,20.87,13865983000.0,,,2,,RUB,,3,,2024-12-25,
MMIX,RUSFAR1W,2024-12-26,RUSFAR 1W,RUSFAR 1 неделя,20.85,20.85,20.85,20.85,32301044000.0,,,2,,RUB,,3,,2024-12-26,
MMIX,RUSFAR1W,2024-12-27,RUSFAR 1W,RUSFAR 1 неделя,20.81,20.81,20.81,20.81,103982581000.0,,,2,,RUB,,3,,2024-12-27,
MMIX,RUSFAR1W,2025-01-09,RUSFAR 1W,RUSFAR 1 неделя,20.73,20.73,20.73,20.73,24948143000.0,,,2,,RUB,,3,,2025-01-09,
MMIX,RUSFAR1W,2025-01-10,RUSFAR 1W,RUSFAR 1 неделя,20.7,20.7,20.7,20.7,24919552000.0,,,2,,RUB,,3,,2025-01-10,
MMIX,RUSFAR1W,2025-01-13,RUSFAR 1W,RUSFAR 1 неделя,20.62,20.62,20.62,20.62,37519380000.0,,,2,,RUB,,3,,2025-01-13,
MMIX,RUSFAR1W,2025-01-14,RUSFAR 1W,RUSFAR 1 неделя,20.69,20.69,20.69,20.69,13005553000.0,,,2,,RUB,,3,,2025-01-14,
MMIX,RUSFAR1W,2025-01-15,RUSFAR 1W,RUSFAR 1 неделя,20.75,20.75,20.75,20.75,41908397000.0,,,2,,RUB,,3,,2025-01-15,
MMIX,RUSFAR1W,2025-01-16,RUSFAR 1W,RUSFAR 1 неделя,20.91,20.91,20.91,20.91,21186249000.0,,,2,,RUB,,3,,2025-01-16,
MMIX,RUSFAR1W,2025-01-17,RUSFAR 1W,RUSFAR 1 неделя,20.92,20.92,20.92,20.92,5920989000.0,,,2,,RUB,,3,,2025-01-17,
MMIX,RUSFAR1W,2025-01-20,RUSFAR 1W,RUSFAR 1 неделя,21.01,21.01,21.01,21.01,13375568000.0,,,2,,RUB,,3,,2025-01-20,
MMIX,RUSFAR1W,2025-01-21,RUSFAR 1W,RUSFAR 1 неделя,21.0,21.0,21.0,21.0,8032933000.0,,,2,,RUB,,3,,2025-01-21,
MMIX,RUSFAR1W,2025-01-22,RUSFAR 1W,RUSFAR 1 неделя,20.99,20.99,20.99,20.99,11384892000.0,,,2,,RUB,,3,,2025-01-22,
MMIX,RUSFAR1W,2025-01-23,RUSFAR 1W,RUSFAR 1 неделя,20.76,20.76,20.76,20.76,10136812000.0,,,2,,RUB,,3,,2025-01-23,
MMIX,RUSFAR1W,2025-01-24,RUSFAR 1W,RUSFAR 1 неделя,20.67,20.67,20.67,20.67,13464177000.0,,,2,,RUB,,3,,2025-01-24,
MMIX,RUSFAR1W,2025-01-27,RUSFAR 1W,RUSFAR 1 неделя,20.67,20.67,20.67,20.67,15483930000.0,,,2,,RUB,,3,,2025-01-27,
MMIX,RUSFAR1W,2025-01-28,RUSFAR 1W,RUSFAR 1 неделя,20.78,20.78,20.78,20.78,31021383000.0,,,2,,RUB,,3,,2025-01-28,
MMIX,RUSFAR1W,2025-01-29,RUSFAR 1W,RUSFAR 1 неделя,20.82,20.82,20.82,20.82,14532548000.0,,,2,,RUB,,3,,2025-01-29,
MMIX,RUSFAR1W,2025-01-30,RUSFAR 1W,RUSFAR 1 неделя,20.73,20.73,20.73,20.73,7804783000.0,,,2,,RUB,,3,,2025-01-30,
MMIX,RUSFAR1W,2025-01-31,RUSFAR 1W,RUSFAR 1 неделя,20.65,20.65,20.65,20.65,11130406000.0,,,2,,RUB,,3,,2025-01-31,
MMIX,RUSFAR1W,2025-02-03,RUSFAR 1W,RUSFAR 1 неделя,20.62,20.62,20.62,20.62,14254834000.0,,,2,,RUB,,3,,2025-02-03,
MMIX,RUSFAR1W,2025-02-04,RUSFAR 1W,RUSFAR 1 неделя,20.54,20.54,20.54,20.54,39197978000.0,,,2,,RUB,,3,,2025-02-04,
MMIX,RUSFAR1W,2025-02-05,RUSFAR 1W,RUSFAR 1 неделя,20.64,20.64,20.64,20.64,27542332000.0,,,2,,RUB,,3,,2025-02-05,
MMIX,RUSFAR1W,2025-02-06,RUSFAR 1W,RUSFAR 1 неделя,20.59,20.59,20.59,20.59,4981118000.0,,,2,,RUB,,3,,2025-02-06,
MMIX,RUSFAR1W,2025-02-07,RUSFAR 1W,RUSFAR 1 неделя,20.47,20.47,20.47,20.47,24008009000.0,,,2,,RUB,,3,,2025-02-07,
MMIX,RUSFAR1W,2025-02-10,RUSFAR 1W,RUSFAR 1 неделя,20.69,20.69,20.69,20.69,6858639000.0,,,2,,RUB,,3,,2025-02-10,
MMIX,RUSFAR1W,2025-02-11,RUSFAR 1W,RUSFAR 1 неделя,20.97,20.97,20.97,20.97,37956025000.0,,,2,,RUB,,3,,2025-02-11,
MMIX,RUSFAR1W,2025-02-12,RUSFAR 1W,RUSFAR 1 неделя,20.83,20.83,20.83,20.83,5537460000.0,,,2,,RUB,,3,,2025-02-12,
MMIX,RUSFAR1W,2025-02-13,RUSFAR 1W,RUSFAR 1 неделя,20.95,20.95,20.95,20.95,25356605000.0,,,2,,RUB,,3,,2025-02-13,
MMIX,RUSFAR1W,2025-02-14,RUSFAR 1W,RUSFAR 1 неделя,20.87,20.87,20.87,20.87,14092877000.0,,,2,,RUB,,3,,2025-02-14,
MMIX,RUSFAR1W,2025-02-17,RUSFAR 1W,RUSFAR 1 неделя,20.85,20.85,20.85,20.85,17165560000.0,,,2,,RUB,,3,,2025-02-17,
MMIX,RUSFAR1W,2025-02-18,RUSFAR 1W,RUSFAR 1 неделя,20.97,20.97,20.97,20.97,28336361000.0,,,2,,RUB,,3,,2025-02-18,
MMIX,RUSFAR1W,2025-02-19,RUSFAR 1W,RUSFAR 1 неделя,20.9,20.9,20.9,20.9,3754499000.0,,,2,,RUB,,3,,2025-02-19,
MMIX,RUSFAR1W,2025-02-20,RUSFAR 1W,RUSFAR 1 неделя,20.99,20.99,20.99,20.99,5386387000.0,,,2,,RUB,,3,,2025-02-20,
MMIX,RUSFAR1W,2025-02-21,RUSFAR 1W,RUSFAR 1 неделя,21.1,21.1,21.1,21.1,8053957000.0,,,2,,RUB,,3,,2025-02-21,
MMIX,RUSFAR1W,2025-02-24,RUSFAR 1W,RUSFAR 1 неделя,21.15,21.15,21.15,21.15,30200433000.0,,,2,,RUB,,3,,2025-02-24,
MMIX,RUSFAR1W,2025-02-25,RUSFAR 1W,RUSFAR 1 неделя,21.08,21.08,21.08,21.08,14884153000.0,,,2,,RUB,,3,,2025-02-25,
MMIX,RUSFAR1W,2025-02-26,RUSFAR 1W,RUSFAR 1 неделя,21.1,21.1,21.1,21.1,22541116000.0,,,2,,RUB,,3,,2025-02-26,
MMIX,RUSFAR1W,2025-02-27,RUSFAR 1W,RUSFAR 1 неделя,21.12,21.12,21.12,21.12,11541557000.0,,,2,,RUB,,3,,2025-02-27,
MMIX,RUSFAR1W,2025-02-28,RUSFAR 1W,RUSFAR 1 неделя,21.15,21.15,21.15,21.15,27750659000.0,,,2,,RUB,,3,,2025-02-28,
MMIX,RUSFAR1W,2025-03-03,RUSFAR 1W,RUSFAR 1 неделя,21.23,21.23,21.23,21.23,14251401000.0,,,2,,RUB,,3,,2025-03-03,
MMIX,RUSFAR1W,2025-03-04,RUSFAR 1W,RUSFAR 1 неделя,21.26,21.26,21.26,21.26,24968446000.0,,,2,,RUB,,3,,2025-03-04,
MMIX,RUSFAR1W,2025-03-05,RUSFAR 1W,RUSFAR 1 неделя,21.32,21.32,21.32,21.32,19115123000.0,,,2,,RUB,,3,,2025-03-05,
MMIX,RUSFAR1W,2025-03-06,RUSFAR 1W,RUSFAR 1 неделя,21.32,21.32,21.32,21.32,39212029000.0,,,2,,RUB,,3,,2025-03-06,
MMIX,RUSFAR1W,2025-03-07,RUSFAR 1W,RUSFAR 1 неделя,21.32,21.32,21.32,21.32,20535321000.0,,,2,,RUB,,3,,2025-03-07,
MMIX,RUSFAR1W,2025-03-10,RUSFAR 1W,RUSFAR 1 неделя,21.28,21.28,21.28,21.28,23559234000.0,,,2,,RUB,,3,,2025-03-10,
MMIX,RUSFAR1W,2025-03-11,RUSFAR 1W,RUSFAR 1 неделя,21.07,21.07,21.07,21.07,37286731000.0,,,2,,RUB,,3,,2025-03-11,
MMIX,RUSFAR1W,2025-03-12,RUSFAR 1W,RUSFAR 1 неделя,21.08,21.08,21.08,21.08,33356126000.0,,,2,,RUB,,3,,2025-03-12,
MMIX,RUSFAR1W,2025-03-13,RUSFAR 1W,RUSFAR 1 неделя,21.35,21.35,21.35,21.35,29662726000.0,,,2,,RUB,,3,,2025-03-13,
MMIX,RUSFAR1W,2025-03-14,RUSFAR 1W,RUSFAR 1 неделя,21.37,21.37,21.37,21.37,10581172000.0,,,2,,RUB,,3,,2025-03-14,
MMIX,RUSFAR1W,2025-03-17,RUSFAR 1W,RUSFAR 1 неделя,21.39,21.39,21.39,21.39,30406190000.0,,,2,,RUB,,3,,2025-03-17,
MMIX,RUSFAR1W,2025-03-18,RUSFAR 1W,RUSFAR 1 неделя,21.36,21.36,21.36,21.36,23670509000.0,,,2,,RUB,,3,,2025-03-18,
MMIX,RUSFAR1W,2025-03-19,RUSFAR 1W,RUSFAR 1 неделя,21.37,21.37,21.37,21.37,36355832000.0,,,2,,RUB,,3,,2025-03-19,
MMIX,RUSFAR1W,2025-03-20,RUSFAR 1W,RUSFAR 1 неделя,21.47,21.47,21.47,21.47,27921192000.0,,,2,,RUB,,3,,2025-03-20,
MMIX,RUSFAR1W,2025-03-21,RUSFAR 1W,RUSFAR 1 неделя,21.4,21.4,21.4,21.4,14595488000.0,,,2,,RUB,,3,,2025-03-21,
MMIX,RUSFAR1W,2025-03-24,RUSFAR 1W,RUSFAR 1 неделя,21.43,21.43,21.43,21.43,40930909000.0,,,2,,RUB,,3,,2025-03-24,
MMIX,RUSFAR1W,2025-03-25,RUSFAR 1W,RUSFAR 1 неделя,21.53,21.53,21.53,21.53,92407505000.0,,,2,,RUB,,3,,2025-03-25,
MMIX,RUSFAR1W,2025-03-26,RUSFAR 1W,RUSFAR 1 неделя,21.54,21.54,21.54,21.54,49815237000.0,,,2,,RUB,,3,,2025-03-26,
MMIX,RUSFAR1W,2025-03-27,RUSFAR 1W,RUSFAR 1 неделя,21.5,21.5,21.5,21.5,22946662000.0,,,2,,RUB,,3,,2025-03-27,
MMIX,RUSFAR1W,2025-03-28,RUSFAR 1W,RUSFAR 1 неделя,21.16,21.16,21.16,21.16,3630605000.0,,,2,,RUB,,3,,2025-03-28,
MMIX,RUSFAR1W,2025-03-31,RUSFAR 1W,RUSFAR 1 неделя,21.56,21.56,21.56,21.56,39051108000.0,,,2,,RUB,,3,,2025-03-31,
MMIX,RUSFAR1W,2025-04-01,RUSFAR 1W,RUSFAR 1 неделя,21.56,21.56,21.56,21.56,32386308000.0,,,2,,RUB,,3,,2025-04-01,
MMIX,RUSFAR1W,2025-04-02,RUSFAR 1W,RUSFAR 1 неделя,21.57,21.57,21.57,21.57,60230332000.0,,,2,,RUB,,3,,2025-04-02,
MMIX,RUSFAR1W,2025-04-03,RUSFAR 1W,RUSFAR 1 неделя,21.56,21.56,21.56,21.56,38255162000.0,,,2,,RUB,,3,,2025-04-03,
MMIX,RUSFAR1W,2025-04-04,RUSFAR 1W,RUSFAR 1 неделя,21.58,21.58,21.58,21.58,56537308000.0,,,2,,RUB,,3,,2025-04-04,
MMIX,RUSFAR1W,2025-04-07,RUSFAR 1W,RUSFAR 1 неделя,21.47,21.47,21.47,21.47,53799180000.0,,,2,,RUB,,3,,2025-04-07,
MMIX,RUSFAR1W,2025-04-08,RUSFAR 1W,RUSFAR 1 неделя,21.44,21.44,21.44,21.44,52216409000.0,,,2,,RUB,,3,,2025-04-08,
MMIX,RUSFAR1W,2025-04-09,RUSFAR 1W,RUSFAR 1 неделя,21.46,21.46,21.46,21.46,56357348000.0,,,2,,RUB,,3,,2025-04-09,
MMIX,RUSFAR1W,2025-04-10,RUSFAR 1W,RUSFAR 1 неделя,21.49,21.49,21.49,21.49,19423524000.0,,,2,,RUB,,3,,2025-04-10,
MMIX,RUSFAR1W,2025-04-11,RUSFAR 1W,RUSFAR 1 неделя,21.47,21.47,21.47,21.47,49922249000.0,,,2,,RUB,,3,,2025-04-11,
MMIX,RUSFAR1W,2025-04-14,RUSFAR 1W,RUSFAR 1 неделя,21.38,21.38,21.38,21.38,16835705000.0,,,2,,RUB,,3,,2025-04-14,
MMIX,RUSFAR1W,2025-04-15,RUSFAR 1W,RUSFAR 1 неделя,21.26,21.26,21.26,21.26,4994161000.0,,,2,,RUB,,3,,2025-04-15,
MMIX,RUSFAR1W,2025-04-16,RUSFAR 1W,RUSFAR 1 неделя,21.0,21.0,21.0,21.0,14424167000.0,,,2,,RUB,,3,,2025-04-16,
MMIX,RUSFAR1W,2025-04-17,RUSFAR 1W,RUSFAR 1 неделя,20.59,20.59,20.59,20.59,11683067000.0,,,2,,RUB,,3,,2025-04-17,
MMIX,RUSFAR1W,2025-04-18,RUSFAR 1W,RUSFAR 1 неделя,20.7,20.7,20.7,20.7,4381742000.0,,,2,,RUB,,3,,2025-04-18,
MMIX,RUSFAR1W,2025-04-21,RUSFAR 1W,RUSFAR 1 неделя,20.75,20.75,20.75,20.75,21913839000.0,,,2,,RUB,,3,,2025-04-21,
MMIX,RUSFAR1W,2025-04-22,RUSFAR 1W,RUSFAR 1 неделя,20.88,20.88,20.88,20.88,19270711000.0,,,2,,RUB,,3,,2025-04-22,
MMIX,RUSFAR1W,2025-04-23,RUSFAR 1W,RUSFAR 1 неделя,20.92,20.92,20.92,20.92,7083822000.0,,,2,,RUB,,3,,2025-04-23,
MMIX,RUSFAR1W,2025-04-24,RUSFAR 1W,RUSFAR 1 неделя,20.99,20.99,20.99,20.99,16688822000.0,,,2,,RUB,,3,,2025-04-24,
MMIX,RUSFAR1W,2025-04-25,RUSFAR 1W,RUSFAR 1 неделя,20.87,20.87,20.87,20.87,14919453000.0,,,2,,RUB,,3,,2025-04-25,
MMIX,RUSFAR1W,2025-04-28,RUSFAR 1W,RUSFAR 1 неделя,20.79,20.79,20.79,20.79,26630212000.0,,,2,,RUB,,3,,2025-04-28,
MMIX,RUSFAR1W,2025-04-29,RUSFAR 1W,RUSFAR 1 неделя,20.83,20.83,20.83,20.83,42880868000.0,,,2,,RUB,,3,,2025-04-29,
MMIX,RUSFAR1W,2025-04-30,RUSFAR 1W,RUSFAR 1 неделя,20.85,20.85,20.85,20.85,26798112000.0,,,2,,RUB,,3,,2025-04-30,
MMIX,RUSFAR1W,2025-05-05,RUSFAR 1W,RUSFAR 1 неделя,20.61,20.61,20.61,20.61,25853347000.0,,,2,,RUB,,3,,2025-05-05,
MMIX,RUSFAR1W,2025-05-06,RUSFAR 1W,RUSFAR 1 неделя,20.88,20.88,20.88,20.88,75754112000.0,,,2,,RUB,,3,,2025-05-06,
MMIX,RUSFAR1W,2025-05-07,RUSFAR 1W,RUSFAR 1 неделя,20.75,20.75,20.75,20.75,17885384000.0,,,2,,RUB,,3,,2025-05-07,
MMIX,RUSFAR1W,2025-05-12,RUSFAR 1W,RUSFAR 1 неделя,20.8,20.8,20.8,20.8,23156631000.0,,,2,,RUB,,3,,2025-05-12,
MMIX,RUSFAR1W,2025-05-13,RUSFAR 1W,RUSFAR 1 неделя,20.86,20.86,20.86,20.86,22232858000.0,,,2,,RUB,,3,,2025-05-13,
MMIX,RUSFAR1W,2025-05-14,RUSFAR 1W,RUSFAR 1 неделя,20.93,20.93,20.93,20.93,10513488000.0,,,2,,RUB,,3,,2025-05-14,
MMIX,RUSFAR1W,2025-05-15,RUSFAR 1W,RUSFAR 1 неделя,21.04,21.04,21.04,21.04,2979784000.0,,,2,,RUB,,3,,2025-05-15,
MMIX,RUSFAR1W,2025-05-16,RUSFAR 1W,RUSFAR 1 неделя,21.07,21.07,21.07,21.07,4603878000.0,,,2,,RUB,,3,,2025-05-16,
MMIX,RUSFAR1W,2025-05-19,RUSFAR 1W,RUSFAR 1 неделя,20.9,20.9,20.9,20.9,15813793000.0,,,2,,RUB,,3,,2025-05-19,
MMIX,RUSFAR1W,2025-05-20,RUSFAR 1W,RUSFAR 1 неделя,20.84,20.84,20.84,20.84,13816260000.0,,,2,,RUB,,3,,2025-05-20,
MMIX,RUSFAR1W,2025-05-21,RUSFAR 1W,RUSFAR 1 неделя,20.88,20.88,20.88,20.88,6967097000.0,,,2,,RUB,,3,,2025-05-21,
MMIX,RUSFAR1W,2025-05-22,RUSFAR 1W,RUSFAR 1 неделя,20.89,20.89,20.89,20.89,2888406000.0,,,2,,RUB,,3,,2025-05-22,
MMIX,RUSFAR1W,2025-05-23,RUSFAR 1W,RUSFAR 1 неделя,20.85,20.85,20.85,20.85,3840252000.0,,,2,,RUB,,3,,2025-05-23,
MMIX,RUSFAR1W,2025-05-26,RUSFAR 1W,RUSFAR 1 неделя,20.81,20.81,20.81,20.81,15937369000.0,,,2,,RUB,,3,,2025-05-26,
MMIX,RUSFAR1W,2025-05-27,RUSFAR 1W,RUSFAR 1 неделя,20.81,20.81,20.81,20.81,28593998000.0,,,2,,RUB,,3,,2025-05-27,
MMIX,RUSFAR1W,2025-05-28,RUSFAR 1W,RUSFAR 1 неделя,21.08,21.08,21.08,21.08,25034669000.0,,,2,,RUB,,3,,2025-05-28,
MMIX,RUSFAR1W,2025-05-29,RUSFAR 1W,RUSFAR 1 неделя,21.02,21.02,21.02,21.02,6717155000.0,,,2,,RUB,,3,,2025-05-29,
MMIX,RUSFAR1W,2025-05-30,RUSFAR 1W,RUSFAR 1 неделя,20.98,20.98,20.98,20.98,2623642000.0,,,2,,RUB,,3,,2025-05-30,
MMIX,RUSFAR1W,2025-06-02,RUSFAR 1W,RUSFAR 1 неделя,21.01,21.01,21.01,21.01,9960985000.0,,,2,,RUB,,3,,2025-06-02,
MMIX,RUSFAR1W,2025-06-03,RUSFAR 1W,RUSFAR 1 неделя,21.07,21.07,21.07,21.07,12241936000.0,,,2,,RUB,,3,,2025-06-03,
MMIX,RUSFAR1W,2025-06-04,RUSFAR 1W,RUSFAR 1 неделя,20.65,20.65,20.65,20.65,5395098000.0,,,2,,RUB,,3,,2025-06-04,
MMIX,RUSFAR1W,2025-06-05,RUSFAR 1W,RUSFAR 1 неделя,20.32,20.32,20.32,20.32,4083750000.0,,,2,,RUB,,3,,2025-06-05,
MMIX,RUSFAR1W,2025-06-06,RUSFAR 1W,RUSFAR 1 неделя,19.95,19.95,19.95,19.95,723749000.0,,,2,,RUB,,3,,2025-06-06,
MMIX,RUSFAR1W,2025-06-09,RUSFAR 1W,RUSFAR 1 неделя,19.8,19.8,19.8,19.8,16286425000.0,,,2,,RUB,,3,,2025-06-09,
MMIX,RUSFAR1W,2025-06-10,RUSFAR 1W,RUSFAR 1 неделя,19.96,19.96,19.96,19.96,32433513000.0,,,2,,RUB,,3,,2025-06-10,
MMIX,RUSFAR1W,2025-06-11,RUSFAR 1W,RUSFAR 1 неделя,19.96,19.96,19.96,19.96,13465267000.0,,,2,,RUB,,3,,2025-06-11,
MMIX,RUSFAR1W,2025-06-16,RUSFAR 1W,RUSFAR 1 неделя,19.89,19.89,19.89,19.89,29716442000.0,,,2,,RUB,,3,,2025-06-16,
MMIX,RUSFAR1W,2025-06-17,RUSFAR 1W,RUSFAR 1 неделя,19.9,19.9,19.9,19.9,20164451000.0,,,2,,RUB,,3,,2025-06-17,
MMIX,RUSFAR1W,2025-06-18,RUSFAR 1W,RUSFAR 1 неделя,19.91,19.91,19.91,19.91,20785161000.0,,,2,,RUB,,3,,2025-06-18,
MMIX,RUSFAR1W,2025-06-19,RUSFAR 1W,RUSFAR 1 неделя,19.85,19.85,19.85,19.85,37772699000.0,,,2,,RUB,,3,,2025-06-19,
MMIX,RUSFAR1W,2025-06-20,RUSFAR 1W,RUSFAR 1 неделя,19.86,19.86,19.86,19.86,29433109000.0,,,2,,RUB,,3,,2025-06-20,
MMIX,RUSFAR1W,2025-06-23,RUSFAR 1W,RUSFAR 1 неделя,19.84,19.84,19.84,19.84,38931038000.0,,,2,,RUB,,3,,2025-06-23,
MMIX,RUSFAR1W,2025-06-24,RUSFAR 1W,RUSFAR 1 неделя,19.83,19.83,19.83,19.83,26245982000.0,,,2,,RUB,,3,,2025-06-24,
MMIX,RUSFAR1W,2025-06-25,RUSFAR 1W,RUSFAR 1 неделя,19.84,19.84,19.84,19.84,27770619000.0,,,2,,RUB,,3,,2025-06-25,
MMIX,RUSFAR1W,2025-06-26,RUSFAR 1W,RUSFAR 1 неделя,19.85,19.85,19.85,19.85,14671322000.0,,,2,,RUB,,3,,2025-06-26,
MMIX,RUSFAR1W,2025-06-27,RUSFAR 1W,RUSFAR 1 неделя,19.92,19.92,19.92,19.92,8657309000.0,,,2,,RUB,,3,,2025-06-27,
MMIX,RUSFAR1W,2025-06-30,RUSFAR 1W,RUSFAR 1 неделя,20.03,20.03,20.03,20.03,15995329000.0,,,2,,RUB,,3,,2025-06-30,
MMIX,RUSFAR1W,2025-07-01,RUSFAR 1W,RUSFAR 1 неделя,19.93,19.93,19.93,19.93,12107913000.0,,,2,,RUB,,3,,2025-07-01,
MMIX,RUSFAR1W,2025-07-02,RUSFAR 1W,RUSFAR 1 неделя,20.02,20.02,20.02,20.02,27827840000.0,,,2,,RUB,,3,,2025-07-02,
MMIX,RUSFAR1W,2025-07-03,RUSFAR 1W,RUSFAR 1 неделя,19.88,19.88,19.88,19.88,6253068000.0,,,2,,RUB,,3,,2025-07-03,
MMIX,RUSFAR1W,2025-07-04,RUSFAR 1W,RUSFAR 1 неделя,19.88,19.88,19.88,19.88,4446093000.0,,,2,,RUB,,3,,2025-07-04,
MMIX,RUSFAR1W,2025-07-07,RUSFAR 1W,RUSFAR 1 неделя,19.86,19.86,19.86,19.86,12826486000.0,,,2,,RUB,,3,,2025-07-07,
MMIX,RUSFAR1W,2025-07-08,RUSFAR 1W,RUSFAR 1 неделя,19.86,19.86,19.86,19.86,7454726000.0,,,2,,RUB,,3,,2025-07-08,
MMIX,RUSFAR1W,2025-07-09,RUSFAR 1W,RUSFAR 1 неделя,19.64,19.64,19.64,19.64,12809866000.0,,,2,,RUB,,3,,2025-07-09,
MMIX,RUSFAR1W,2025-07-10,RUSFAR 1W,RUSFAR 1 неделя,19.22,19.22,19.22,19.22,1818365000.0,,,2,,RUB,,3,,2025-07-10,
MMIX,RUSFAR1W,2025-07-11,RUSFAR 1W,RUSFAR 1 неделя,19.14,19.14,19.14,19.14,8924247000.0,,,2,,RUB,,3,,2025-07-11,
MMIX,RUSFAR1W,2025-07-14,RUSFAR 1W,RUSFAR 1 неделя,19.14,19.14,19.14,19.14,9007673000.0,,,2,,RUB,,3,,2025-07-14,
MMIX,RUSFAR1W,2025-07-15,RUSFAR 1W,RUSFAR 1 неделя,19.17,19.17,19.17,19.17,12070678000.0,,,2,,RUB,,3,,2025-07-15,
MMIX,RUSFAR1W,2025-07-16,RUSFAR 1W,RUSFAR 1 неделя,19.16,19.16,19.16,19.16,11970571000.0,,,2,,RUB,,3,,2025-07-16,
MMIX,RUSFAR1W,2025-07-17,RUSFAR 1W,RUSFAR 1 неделя,19.17,19.17,19.17,19.17,6141292000.0,,,2,,RUB,,3,,2025-07-17,
MMIX,RUSFAR1W,2025-07-18,RUSFAR 1W,RUSFAR 1 неделя,19.1,19.1,19.1,19.1,12361284000.0,,,2,,RUB,,3,,2025-07-18,
MMIX,RUSFAR1W,2025-07-21,RUSFAR 1W,RUSFAR 1 неделя,19.06,19.06,19.06,19.06,12112710000.0,,,2,,RUB,,3,,2025-07-21,
MMIX,RUSFAR1W,2025-07-22,RUSFAR 1W,RUSFAR 1 неделя,18.87,18.87,18.87,18.87,2915727000.0,,,2,,RUB,,3,,2025-07-22,
MMIX,RUSFAR1W,2025-07-23,RUSFAR 1W,RUSFAR 1 неделя,18.77,18.77,18.77,18.77,3494411000.0,,,2,,RUB,,3,,2025-07-23,
MMIX,RUSFAR1W,2025-07-24,RUSFAR 1W,RUSFAR 1 неделя,18.62,18.62,18.62,18.62,3644444000.0,,,2,,RUB,,3,,2025-07-24,
MMIX,RUSFAR1W,2025-07-25,RUSFAR 1W,RUSFAR 1 неделя,18.62,18.62,18.62,18.62,4282244000.0,,,2,,RUB,,3,,2025-07-25,
MMIX,RUSFAR1W,2025-07-28,RUSFAR 1W,RUSFAR 1 неделя,18.37,18.37,18.37,18.37,32113373000.0,,,2,,RUB,,3,,2025-07-28,
MMIX,RUSFAR1W,2025-07-29,RUSFAR 1W,RUSFAR 1 неделя,18.55,18.55,18.55,18.55,12759498000.0,,,2,,RUB,,3,,2025-07-29,
MMIX,RUSFAR1W,2025-07-30,RUSFAR 1W,RUSFAR 1 неделя,18.45,18.45,18.45,18.45,2992510000.0,,,2,,RUB,,3,,2025-07-30,
MMIX,RUSFAR1W,2025-07-31,RUSFAR 1W,RUSFAR 1 неделя,18.17,18.17,18.17,18.17,15948143000.0,,,2,,RUB,,3,,2025-07-31,
MMIX,RUSFAR1W,2025-08-01,RUSFAR 1W,RUSFAR 1 неделя,18.04,18.04,18.04,18.04,9394650000.0,,,2,,RUB,,3,,2025-08-01,
MMIX,RUSFAR1W,2025-08-04,RUSFAR 1W,RUSFAR 1 неделя,17.95,17.95,17.95,17.95,13080281000.0,,,2,,RUB,,3,,2025-08-04,
MMIX,RUSFAR1W,2025-08-05,RUSFAR 1W,RUSFAR 1 неделя,17.84,17.84,17.84,17.84,18290917000.0,,,2,,RUB,,3,,2025-08-05,
MMIX,RUSFAR1W,2025-08-06,RUSFAR 1W,RUSFAR 1 неделя,17.88,17.88,17.88,17.88,6345793000.0,,,2,,RUB,,3,,2025-08-06,
MMIX,RUSFAR1W,2025-08-07,RUSFAR 1W,RUSFAR 1 неделя,17.85,17.85,17.85,17.85,5728221000.0,,,2,,RUB,,3,,2025-08-07,
MMIX,RUSFAR1W,2025-08-08,RUSFAR 1W,RUSFAR 1 неделя,17.82,17.82,17.82,17.82,11263904000.0,,,2,,RUB,,3,,2025-08-08,
MMIX,RUSFAR1W,2025-08-11,RUSFAR 1W,RUSFAR 1 неделя,17.72,17.72,17.72,17.72,24320301000.0,,,2,,RUB,,3,,2025-08-11,
MMIX,RUSFAR1W,2025-08-12,RUSFAR 1W,RUSFAR 1 неделя,17.61,17.61,17.61,17.61,15513870000.0,,,2,,RUB,,3,,2025-08-12,
MMIX,RUSFAR1W,2025-08-13,RUSFAR 1W,RUSFAR 1 неделя,17.77,17.77,17.77,17.77,4704733000.0,,,2,,RUB,,3,,2025-08-13,
MMIX,RUSFAR1W,2025-08-14,RUSFAR 1W,RUSFAR 1 неделя,17.82,17.82,17.82,17.82,2874096000.0,,,2,,RUB,,3,,2025-08-14,
MMIX,RUSFAR1W,2025-08-15,RUSFAR 1W,RUSFAR 1 неделя,17.77,17.77,17.77,17.77,2747037000.0,,,2,,RUB,,3,,2025-08-15,
MMIX,RUSFAR1W,2025-08-18,RUSFAR 1W,RUSFAR 1 неделя,17.73,17.73,17.73,17.73,27116369000.0,,,2,,RUB,,3,,2025-08-18,
MMIX,RUSFAR1W,2025-08-19,RUSFAR 1W,RUSFAR 1 неделя,17.75,17.75,17.75,17.75,9163166000.0,,,2,,RUB,,3,,2025-08-19,
MMIX,RUSFAR1W,2025-08-20,RUSFAR 1W,RUSFAR 1 неделя,17.75,17.75,17.75,17.75,3069768000.0,,,2,,RUB,,3,,2025-08-20,
MMIX,RUSFAR1W,2025-08-21,RUSFAR 1W,RUSFAR 1 неделя,17.75,17.75,17.75,17.75,4576004000.0,,,2,,RUB,,3,,2025-08-21,
MMIX,RUSFAR1W,2025-08-22,RUSFAR 1W,RUSFAR 1 неделя,17.75,17.75,17.75,17.75,9326495000.0,,,2,,RUB,,3,,2025-08-22,
MMIX,RUSFAR1W,2025-08-25,RUSFAR 1W,RUSFAR 1 неделя,17.75,17.75,17.75,17.75,28625826000.0,,,2,,RUB,,3,,2025-08-25,
MMIX,RUSFAR1W,2025-08-26,RUSFAR 1W,RUSFAR 1 неделя,17.75,17.75,17.75,17.75,10893693000.0,,,2,,RUB,,3,,2025-08-26,
MMIX,RUSFAR1W,2025-08-27,RUSFAR 1W,RUSFAR 1 неделя,17.74,17.74,17.74,17.74,24433358000.0,,,2,,RUB,,3,,2025-08-27,
MMIX,RUSFAR1W,2025-08-28,RUSFAR 1W,RUSFAR 1 неделя,17.75,17.75,17.75,17.75,3825203000.0,,,2,,RUB,,3,,2025-08-28,
MMIX,RUSFAR1W,2025-08-29,RUSFAR 1W,RUSFAR 1 неделя,17.76,17.76,17.76,17.76,10002497000.0,,,2,,RUB,,3,,2025-08-29,
MMIX,RUSFAR1W,2025-09-01,RUSFAR 1W,RUSFAR 1 неделя,17.69,17.69,17.69,17.69,22172062000.0,,,2,,RUB,,3,,2025-09-01,
MMIX,RUSFAR1W,2025-09-02,RUSFAR 1W,RUSFAR 1 неделя,17.7,17.7,17.7,17.7,23983566000.0,,,2,,RUB,,3,,2025-09-02,
MMIX,RUSFAR1W,2025-09-03,RUSFAR 1W,RUSFAR 1 неделя,17.69,17.69,17.69,17.69,23473158000.0,,,2,,RUB,,3,,2025-09-03,
MMIX,RUSFAR1W,2025-09-04,RUSFAR 1W,RUSFAR 1 неделя,17.71,17.71,17.71,17.71,8480341000.0,,,2,,RUB,,3,,2025-09-04,
MMIX,RUSFAR1W,2025-09-05,RUSFAR 1W,RUSFAR 1 неделя,17.56,17.56,17.56,17.56,10390689000.0,,,2,,RUB,,3,,2025-09-05,
MMIX,RUSFAR1W,2025-09-08,RUSFAR 1W,RUSFAR 1 неделя,17.32,17.32,17.32,17.32,11243649000.0,,,2,,RUB,,3,,2025-09-08,
MMIX,RUSFAR1W,2025-09-09,RUSFAR 1W,RUSFAR 1 неделя,17.25,17.25,17.25,17.25,7038622000.0,,,2,,RUB,,3,,2025-09-09,
MMIX,RUSFAR1W,2025-09-10,RUSFAR 1W,RUSFAR 1 неделя,16.88,16.88,16.88,16.88,10462073000.0,,,2,,RUB,,3,,2025-09-10,
MMIX,RUSFAR1W,2025-09-11,RUSFAR 1W,RUSFAR 1 неделя,16.61,16.61,16.61,16.61,3156047000.0,,,2,,RUB,,3,,2025-09-11,
MMIX,RUSFAR1W,2025-09-12,RUSFAR 1W,RUSFAR 1 неделя,16.53,16.53,16.53,16.53,4403997000.0,,,2,,RUB,,3,,2025-09-12,
MMIX,RUSFAR1W,2025-09-15,RUSFAR 1W,RUSFAR 1 неделя,16.82,16.82,16.82,16.82,26418362000.0,,,2,,RUB,,3,,2025-09-15,
MMIX,RUSFAR1W,2025-09-16,RUSFAR 1W,RUSFAR 1 неделя,16.83,16.83,16.83,16.83,6452316000.0,,,2,,RUB,,3,,2025-09-16,
MMIX,RUSFAR1W,2025-09-17,RUSFAR 1W,RUSFAR 1 неделя,16.86,16.86,16.86,16.86,6404845000.0,,,2,,RUB,,3,,2025-09-17,
MMIX,RUSFAR1W,2025-09-18,RUSFAR 1W,RUSFAR 1 неделя,16.86,16.86,16.86,16.86,3814062000.0,,,2,,RUB,,3,,2025-09-18,
MMIX,RUSFAR1W,2025-09-19,RUSFAR 1W,RUSFAR 1 неделя,16.91,16.91,16.91,16.91,4880813000.0,,,2,,RUB,,3,,2025-09-19,
MMIX,RUSFAR1W,2025-09-22,RUSFAR 1W,RUSFAR 1 неделя,16.92,16.92,16.92,16.92,24874267000.0,,,2,,RUB,,3,,2025-09-22,
MMIX,RUSFAR1W,2025-09-23,RUSFAR 1W,RUSFAR 1 неделя,16.92,16.92,16.92,16.92,12636311000.0,,,2,,RUB,,3,,2025-09-23,
MMIX,RUSFAR1W,2025-09-24,RUSFAR 1W,RUSFAR 1 неделя,16.97,16.97,16.97,16.97,15438849000.0,,,2,,RUB,,3,,2025-09-24,
MMIX,RUSFAR1W,2025-09-25,RUSFAR 1W,RUSFAR 1 неделя,16.99,16.99,16.99,16.99,5107987000.0,,,2,,RUB,,3,,2025-09-25,
MMIX,RUSFAR1W,2025-09-26,RUSFAR 1W,RUSFAR 1 неделя,17.0,17.0,17.0,17.0,15982539000.0,,,2,,RUB,,3,,2025-09-26,
MMIX,RUSFAR1W,2025-09-29,RUSFAR 1W,RUSFAR 1 неделя,16.9,16.9,16.9,16.9,31959783000.0,,,2,,RUB,,3,,2025-09-29,
MMIX,RUSFAR1W,2025-09-30,RUSFAR 1W,RUSFAR 1 неделя,17.01,17.01,17.01,17.01,22552137000.0,,,2,,RUB,,3,,2025-09-30,
MMIX,RUSFAR1W,2025-10-01,RUSFAR 1W,RUSFAR 1 неделя,16.95,16.95,16.95,16.95,20157269000.0,,,2,,RUB,,3,,2025-10-01,
MMIX,RUSFAR1W,2025-10-02,RUSFAR 1W,RUSFAR 1 неделя,16.74,16.74,16.74,16.74,4957697000.0,,,2,,RUB,,3,,2025-10-02,
MMIX,RUSFAR1W,2025-10-03,RUSFAR 1W,RUSFAR 1 неделя,16.89,16.89,16.89,16.89,6578474000.0,,,2,,RUB,,3,,2025-10-03,
MMIX,RUSFAR1W,2025-10-06,RUSFAR 1W,RUSFAR 1 неделя,16.93,16.93,16.93,16.93,13611319000.0,,,2,,RUB,,3,,2025-10-06,
MMIX,RUSFAR1W,2025-10-07,RUSFAR 1W,RUSFAR 1 неделя,16.9,16.9,16.9,16.9,6643368000.0,,,2,,RUB,,3,,2025-10-07,
MMIX,RUSFAR1W,2025-10-08,RUSFAR 1W,RUSFAR 1 неделя,16.79,16.79,16.79,16.79,14552752000.0,,,2,,RUB,,3,,2025-10-08,
MMIX,RUSFAR1W,2025-10-09,RUSFAR 1W,RUSFAR 1 неделя,16.66,16.66,16.66,16.66,5127118000.0,,,2,,RUB,,3,,2025-10-09,
MMIX,RUSFAR1W,2025-10-10,RUSFAR 1W,RUSFAR 1 неделя,16.42,16.42,16.42,16.42,6933819000.0,,,2,,RUB,,3,,2025-10-10,
MMIX,RUSFAR1W,2025-10-13,RUSFAR 1W,RUSFAR 1 неделя,16.39,16.39,16.39,16.39,9511575000.0,,,2,,RUB,,3,,2025-10-13,
MMIX,RUSFAR1W,2025-10-14,RUSFAR 1W,RUSFAR 1 неделя,16.42,16.42,16.42,16.42,12930185000.0,,,2,,RUB,,3,,2025-10-14,
MMIX,RUSFAR1W,2025-10-15,RUSFAR 1W,RUSFAR 1 неделя,16.44,16.44,16.44,16.44,13164817000.0,,,2,,RUB,,3,,2025-10-15,
MMIX,RUSFAR1W,2025-10-16,RUSFAR 1W,RUSFAR 1 неделя,16.44,16.44,16.44,16.44,6478022000.0,,,2,,RUB,,3,,2025-10-16,
MMIX,RUSFAR1W,2025-10-17,RUSFAR 1W,RUSFAR 1 неделя,16.5,16.5,16.5,16.5,3439134000.0,,,2,,RUB,,3,,2025-10-17,
MMIX,RUSFAR1W,2025-10-20,RUSFAR 1W,RUSFAR 1 неделя,16.46,16.46,16.46,16.46,10352021000.0,,,2,,RUB,,3,,2025-10-20,
MMIX,RUSFAR1W,2025-10-21,RUSFAR 1W,RUSFAR 1 неделя,16.43,16.43,16.43,16.43,9197146000.0,,,2,,RUB,,3,,2025-10-21,
MMIX,RUSFAR1W,2025-10-22,RUSFAR 1W,RUSFAR 1 неделя,16.4,16.4,16.4,16.4,2450936000.0,,,2,,RUB,,3,,2025-10-22,
MMIX,RUSFAR1W,2025-10-23,RUSFAR 1W,RUSFAR 1 неделя,16.38,16.38,16.38,16.38,1885558000.0,,,2,,RUB,,3,,2025-10-23,
MMIX,RUSFAR1W,2025-10-24,RUSFAR 1W,RUSFAR 1 неделя,16.44,16.44,16.44,16.44,4378240000.0,,,2,,RUB,,3,,2025-10-24,
MMIX,RUSFAR1W,2025-10-27,RUSFAR 1W,RUSFAR 1 неделя,16.31,16.31,16.31,16.31,11617419000.0,,,2,,RUB,,3,,2025-10-27,
MMIX,RUSFAR1W,2025-10-28,RUSFAR 1W,RUSFAR 1 неделя,16.36,16.36,16.36,16.36,3707653000.0,,,2,,RUB,,3,,2025-10-28,
MMIX,RUSFAR1W,2025-10-29,RUSFAR 1W,RUSFAR 1 неделя,16.39,16.39,16.39,16.39,4824876000.0,,,2,,RUB,,3,,2025-10-29,
MMIX,RUSFAR1W,2025-10-30,RUSFAR 1W,RUSFAR 1 неделя,16.22,16.22,16.22,16.22,9747031000.0,,,2,,RUB,,3,,2025-10-30,
MMIX,RUSFAR1W,2025-10-31,RUSFAR 1W,RUSFAR 1 неделя,16.41,16.41,16.41,16.41,23556746000.0,,,2,,RUB,,3,,2025-10-31,
MMIX,RUSFAR1W,2025-11-05,RUSFAR 1W,RUSFAR 1 неделя,16.25,16.25,16.25,16.25,17972340000.0,,,2,,RUB,,3,,2025-11-05,
MMIX,RUSFAR1W,2025-11-06,RUSFAR 1W,RUSFAR 1 неделя,16.35,16.35,16.35,16.35,12192025000.0,,,2,,RUB,,3,,2025-11-06,
MMIX,RUSFAR1W,2025-11-07,RUSFAR 1W,RUSFAR 1 неделя,16.36,16.36,16.36,16.36,6828093000.0,,,2,,RUB,,3,,2025-11-07,
MMIX,RUSFAR1W,2025-11-10,RUSFAR 1W,RUSFAR 1 неделя,16.35,16.35,16.35,16.35,3527377000.0,,,2,,RUB,,3,,2025-11-10,
MMIX,RUSFAR1W,2025-11-11,RUSFAR 1W,RUSFAR 1 неделя,16.37,16.37,16.37,16.37,7062570000.0,,,2,,RUB,,3,,2025-11-11,
MMIX,RUSFAR1W,2025-11-12,RUSFAR 1W,RUSFAR 1 неделя,16.27,16.27,16.27,16.27,18135982000.0,,,2,,RUB,,3,,2025-11-12,
MMIX,RUSFAR1W,2025-11-13,RUSFAR 1W,RUSFAR 1 неделя,16.42,16.42,16.42,16.42,11642770000.0,,,2,,RUB,,3,,2025-11-13,
MMIX,RUSFAR1W,2025-11-14,RUSFAR 1W,RUSFAR 1 неделя,16.5,16.5,16.5,16.5,25054105000.0,,,2,,RUB,,3,,2025-11-14,
MMIX,RUSFAR1W,2025-11-17,RUSFAR 1W,RUSFAR 1 неделя,16.35,16.35,16.35,16.35,7742361000.0,,,2,,RUB,,3,,2025-11-17,
MMIX,RUSFAR1W,2025-11-18,RUSFAR 1W,RUSFAR 1 неделя,16.33,16.33,16.33,16.33,5309036000.0,,,2,,RUB,,3,,2025-11-18,
MMIX,RUSFAR1W,2025-11-19,RUSFAR 1W,RUSFAR 1 неделя,16.22,16.22,16.22,16.22,15191176000.0,,,2,,RUB,,3,,2025-11-19,
MMIX,RUSFAR1W,2025-11-20,RUSFAR 1W,RUSFAR 1 неделя,16.15,16.15,16.15,16.15,19625246000.0,,,2,,RUB,,3,,2025-11-20,
MMIX,RUSFAR1W,2025-11-21,RUSFAR 1W,RUSFAR 1 неделя,16.17,16.17,16.17,16.17,20302299000.0,,,2,,RUB,,3,,2025-11-21,
MMIX,RUSFAR1W,2025-11-24,RUSFAR 1W,RUSFAR 1 неделя,16.16,16.16,16.16,16.16,8557923000.0,,,2,,RUB,,3,,2025-11-24,
MMIX,RUSFAR1W,2025-11-25,RUSFAR 1W,RUSFAR 1 неделя,16.19,16.19,16.19,16.19,13145769000.0,,,2,,RUB,,3,,2025-11-25,
MMIX,RUSFAR1W,2025-11-26,RUSFAR 1W,RUSFAR 1 неделя,16.18,16.18,16.18,16.18,15510393000.0,,,2,,RUB,,3,,2025-11-26,
MMIX,RUSFAR1W,2025-11-27,RUSFAR 1W,RUSFAR 1 неделя,16.15,16.15,16.15,16.15,4546408000.0,,,2,,RUB,,3,,2025-11-27,
MMIX,RUSFAR1W,2025-11-28,RUSFAR 1W,RUSFAR 1 неделя,16.13,16.13,16.13,16.13,11563131000.0,,,2,,RUB,,3,,2025-11-28,
MMIX,RUSFAR1W,2025-12-01,RUSFAR 1W,RUSFAR 1 неделя,16.1,16.1,16.1,16.1,11903620000.0,,,2,,RUB,,3,,2025-12-01,
MMIX,RUSFAR1W,2025-12-02,RUSFAR 1W,RUSFAR 1 неделя,16.18,16.18,16.18,16.18,8700910000.0,,,2,,RUB,,3,,2025-12-02,
MMIX,RUSFAR1W,2025-12-03,RUSFAR 1W,RUSFAR 1 неделя,16.18,16.18,16.18,16.18,26527758000.0,,,2,,RUB,,3,,2025-12-03,
MMIX,RUSFAR1W,2025-12-04,RUSFAR 1W,RUSFAR 1 неделя,16.32,16.32,16.32,16.32,7938761000.0,,,2,,RUB,,3,,2025-12-04,
MMIX,RUSFAR1W,2025-12-05,RUSFAR 1W,RUSFAR 1 неделя,16.39,16.39,16.39,16.39,9449691000.0,,,2,,RUB,,3,,2025-12-05,
MMIX,RUSFAR1W,2025-12-08,RUSFAR 1W,RUSFAR 1 неделя,16.21,16.21,16.21,16.21,12538930000.0,,,2,,RUB,,3,,2025-12-08,
MMIX,RUSFAR1W,2025-12-09,RUSFAR 1W,RUSFAR 1 неделя,16.14,16.14,16.14,16.14,24515189000.0,,,2,,RUB,,3,,2025-12-09,
MMIX,RUSFAR1W,2025-12-10,RUSFAR 1W,RUSFAR 1 неделя,16.04,16.04,16.04,16.04,14822006000.0,,,2,,RUB,,3,,2025-12-10,
MMIX,RUSFAR1W,2025-12-11,RUSFAR 1W,RUSFAR 1 неделя,15.99,15.99,15.99,15.99,6829837000.0,,,2,,RUB,,3,,2025-12-11,
MMIX,RUSFAR1W,2025-12-12,RUSFAR 1W,RUSFAR 1 неделя,15.85,15.85,15.85,15.85,3954174000.0,,,2,,RUB,,3,,2025-12-12,
MMIX,RUSFAR1W,2025-12-15,RUSFAR 1W,RUSFAR 1 неделя,15.71,15.71,15.71,15.71,7208875000.0,,,2,,RUB,,3,,2025-12-15,
MMIX,RUSFAR1W,2025-12-16,RUSFAR 1W,RUSFAR 1 неделя,15.76,15.76,15.76,15.76,8259491000.0,,,2,,RUB,,3,,2025-12-16,
MMIX,RUSFAR1W,2025-12-17,RUSFAR 1W,RUSFAR 1 неделя,15.76,15.76,15.76,15.76,34209728000.0,,,2,,RUB,,3,,2025-12-17,
MMIX,RUSFAR1W,2025-12-18,RUSFAR 1W,RUSFAR 1 неделя,15.73,15.73,15.73,15.73,9541409000.0,,,2,,RUB,,3,,2025-12-18,
MMIX,RUSFAR1W,2025-12-19,RUSFAR 1W,RUSFAR 1 неделя,15.71,15.71,15.71,15.71,5754112000.0,,,2,,RUB,,3,,2025-12-19,
MMIX,RUSFAR1W,2025-12-22,RUSFAR 1W,RUSFAR 1 неделя,15.82,15.82,15.82,15.82,13446970000.0,,,2,,RUB,,3,,2025-12-22,
MMIX,RUSFAR1W,2025-12-23,RUSFAR 1W,RUSFAR 1 неделя,16.09,16.09,16.09,16.09,740705000.0,,,2,,RUB,,3,,2025-12-23,
MMIX,RUSFAR1W,2025-12-24,RUSFAR 1W,RUSFAR 1 неделя,16.11,16.11,16.11,16.11,40753006000.0,,,2,,RUB,,3,,2025-12-24,
MMIX,RUSFAR1W,2025-12-25,RUSFAR 1W,RUSFAR 1 неделя,15.95,15.95,15.95,15.95,22589334000.0,,,2,,RUB,,3,,2025-12-25,
MMIX,RUSFAR1W,2025-12-26,RUSFAR 1W,RUSFAR 1 неделя,15.91,15.91,15.91,15.91,10231831000.0,,,2,,RUB,,3,,2025-12-26,
MMIX,RUSFAR1W,2025-12-29,RUSFAR 1W,RUSFAR 1 неделя,15.88,15.88,15.88,15.88,42636897000.0,,,2,,RUB,,3,,2025-12-29,
MMIX,RUSFAR1W,2026-01-12,RUSFAR 1W,RUSFAR 1 неделя,15.7,15.7,15.7,15.7,22355632000.0,,,2,,RUB,,3,,2026-01-12,
MMIX,RUSFAR1W,2026-01-13,RUSFAR 1W,RUSFAR 1 неделя,15.48,15.48,15.48,15.48,31072853000.0,,,2,,RUB,,3,,2026-01-13,
MMIX,RUSFAR1W,2026-01-14,RUSFAR 1W,RUSFAR 1 неделя,15.58,15.58,15.58,15.58,2036265000.0,,,2,,RUB,,3,,2026-01-14,
MMIX,RUSFAR1W,2026-01-15,RUSFAR 1W,RUSFAR 1 неделя,15.69,15.69,15.69,15.69,3412178000.0,,,2,,RUB,,3,,2026-01-15,
MMIX,RUSFAR1W,2026-01-16,RUSFAR 1W,RUSFAR 1 неделя,15.81,15.81,15.81,15.81,2464914000.0,,,2,,RUB,,3,,2026-01-16,
MMIX,RUSFAR1W,2026-01-19,RUSFAR 1W,RUSFAR 1 неделя,15.75,15.75,15.75,15.75,16887560000.0,,,2,,RUB,,3,,2026-01-19,
MMIX,RUSFAR1W,2026-01-20,RUSFAR 1W,RUSFAR 1 неделя,15.71,15.71,15.71,15.71,9223158000.0,,,2,,RUB,,3,,2026-01-20,
MMIX,RUSFAR1W,2026-01-21,RUSFAR 1W,RUSFAR 1 неделя,15.72,15.72,15.72,15.72,5888158000.0,,,2,,RUB,,3,,2026-01-21,
MMIX,RUSFAR1W,2026-01-22,RUSFAR 1W,RUSFAR 1 неделя,15.65,15.65,15.65,15.65,6060134000.0,,,2,,RUB,,3,,2026-01-22,
MMIX,RUSFAR1W,2026-01-23,RUSFAR 1W,RUSFAR 1 неделя,15.62,15.62,15.62,15.62,5615165000.0,,,2,,RUB,,3,,2026-01-23,
MMIX,RUSFAR1W,2026-01-26,RUSFAR 1W,RUSFAR 1 неделя,15.68,15.68,15.68,15.68,19732128000.0,,,2,,RUB,,3,,2026-01-26,
MMIX,RUSFAR1W,2026-01-27,RUSFAR 1W,RUSFAR 1 неделя,15.6,15.6,15.6,15.6,15759092000.0,,,2,,RUB,,3,,2026-01-27,
MMIX,RUSFAR1W,2026-01-28,RUSFAR 1W,RUSFAR 1 неделя,15.75,15.75,15.75,15.75,7569035000.0,,,2,,RUB,,3,,2026-01-28,
MMIX,RUSFAR1W,2026-01-29,RUSFAR 1W,RUSFAR 1 неделя,15.75,15.75,15.75,15.75,1529264000.0,,,2,,RUB,,3,,2026-01-29,
MMIX,RUSFAR1W,2026-01-30,RUSFAR 1W,RUSFAR 1 неделя,15.81,15.81,15.81,15.81,2824318000.0,,,2,,RUB,,3,,2026-01-30,
MMIX,RUSFAR1W,2026-02-02,RUSFAR 1W,RUSFAR 1 неделя,15.72,15.72,15.72,15.72,16404239000.0,,,2,,RUB,,3,,2026-02-02,
MMIX,RUSFAR1W,2026-02-03,RUSFAR 1W,RUSFAR 1 неделя,15.68,15.68,15.68,15.68,11556842000.0,,,2,,RUB,,3,,2026-02-03,
MMIX,RUSFAR1W,2026-02-04,RUSFAR 1W,RUSFAR 1 неделя,15.61,15.61,15.61,15.61,17831176000.0,,,2,,RUB,,3,,2026-02-04,
MMIX,RUSFAR1W,2026-02-05,RUSFAR 1W,RUSFAR 1 неделя,15.53,15.53,15.53,15.53,7227923000.0,,,2,,RUB,,3,,2026-02-05,
MMIX,RUSFAR1W,2026-02-06,RUSFAR 1W,RUSFAR 1 неделя,15.41,15.41,15.41,15.41,1726337000.0,,,2,,RUB,,3,,2026-02-06,
MMIX,RUSFAR1W,2026-02-09,RUSFAR 1W,RUSFAR 1 неделя,15.36,15.36,15.36,15.36,28722538000.0,,,2,,RUB,,3,,2026-02-09,
MMIX,RUSFAR1W,2026-02-10,RUSFAR 1W,RUSFAR 1 неделя,15.36,15.36,15.36,15.36,29310905000.0,,,2,,RUB,,3,,2026-02-10,
MMIX,RUSFAR1W,2026-02-11,RUSFAR 1W,RUSFAR 1 неделя,15.39,15.39,15.39,15.39,9025124000.0,,,2,,RUB,,3,,2026-02-11,
MMIX,RUSFAR1W,2026-02-12,RUSFAR 1W,RUSFAR 1 неделя,15.35,15.35,15.35,15.35,5322244000.0,,,2,,RUB,,3,,2026-02-12,
MMIX,RUSFAR1W,2026-02-13,RUSFAR 1W,RUSFAR 1 неделя,15.3,15.3,15.3,15.3,16677210000.0,,,2,,RUB,,3,,2026-02-13,
MMIX,RUSFAR1W,2026-02-16,RUSFAR 1W,RUSFAR 1 неделя,15.18,15.18,15.18,15.18,13062010000.0,,,2,,RUB,,3,,2026-02-16,
MMIX,RUSFAR1W,2026-02-17,RUSFAR 1W,RUSFAR 1 неделя,15.2,15.2,15.2,15.2,14524942000.0,,,2,,RUB,,3,,2026-02-17,
MMIX,RUSFAR1W,2026-02-18,RUSFAR 1W,RUSFAR 1 неделя,15.29,15.29,15.29,15.29,9779471000.0,,,2,,RUB,,3,,2026-02-18,
MMIX,RUSFAR1W,2026-02-19,RUSFAR 1W,RUSFAR 1 неделя,15.21,15.21,15.21,15.21,1542171000.0,,,2,,RUB,,3,,2026-02-19,
MMIX,RUSFAR1W,2026-02-20,RUSFAR 1W,RUSFAR 1 неделя,15.3,15.3,15.3,15.3,1873118000.0,,,2,,RUB,,3,,2026-02-20,
MMIX,RUSFAR1W,2026-02-24,RUSFAR 1W,RUSFAR 1 неделя,15.26,15.26,15.26,15.26,15533211000.0,,,2,,RUB,,3,,2026-02-24,
MMIX,RUSFAR1W,2026-02-25,RUSFAR 1W,RUSFAR 1 неделя,15.2,15.2,15.2,15.2,8437362000.0,,,2,,RUB,,3,,2026-02-25,
MMIX,RUSFAR1W,2026-02-26,RUSFAR 1W,RUSFAR 1 неделя,15.18,15.18,15.18,15.18,5254060000.0,,,2,,RUB,,3,,2026-02-26,
MMIX,RUSFAR1W,2026-02-27,RUSFAR 1W,RUSFAR 1 неделя,15.21,15.21,15.21,15.21,5300163000.0,,,2,,RUB,,3,,2026-02-27,
MMIX,RUSFAR1W,2026-03-02,RUSFAR 1W,RUSFAR 1 неделя,15.21,15.21,15.21,15.21,3951972000.0,,,2,,RUB,,3,,2026-03-02,
MMIX,RUSFAR1W,2026-03-03,RUSFAR 1W,RUSFAR 1 неделя,15.24,15.24,15.24,15.24,12503241000.0,,,2,,RUB,,3,,2026-03-03,
MMIX,RUSFAR1W,2026-03-04,RUSFAR 1W,RUSFAR 1 неделя,15.23,15.23,15.23,15.23,22398289000.0,,,2,,RUB,,3,,2026-03-04,
MMIX,RUSFAR1W,2026-03-05,RUSFAR 1W,RUSFAR 1 неделя,15.26,15.26,15.26,15.26,6606866000.0,,,2,,RUB,,3,,2026-03-05,
MMIX,RUSFAR1W,2026-03-06,RUSFAR 1W,RUSFAR 1 неделя,15.28,15.28,15.28,15.28,5141795000.0,,,2,,RUB,,3,,2026-03-06,
MMIX,RUSFAR1W,2026-03-10,RUSFAR 1W,RUSFAR 1 неделя,15.26,15.26,15.26,15.26,13482574000.0,,,2,,RUB,,3,,2026-03-10,
MMIX,RUSFAR1W,2026-03-11,RUSFAR 1W,RUSFAR 1 неделя,15.11,15.11,15.11,15.11,25044700000.0,,,2,,RUB,,3,,2026-03-11,
MMIX,RUSFAR1W,2026-03-12,RUSFAR 1W,RUSFAR 1 неделя,14.97,14.97,14.97,14.97,6532678000.0,,,2,,RUB,,3,,2026-03-12,
MMIX,RUSFAR1W,2026-03-13,RUSFAR 1W,RUSFAR 1 неделя,14.86,14.86,14.86,14.86,28446366000.0,,,2,,RUB,,3,,2026-03-13,
MMIX,RUSFAR1W,2026-03-16,RUSFAR 1W,RUSFAR 1 неделя,14.83,14.83,14.83,14.83,6671088000.0,,,2,,RUB,,3,,2026-03-16,
MMIX,RUSFAR1W,2026-03-17,RUSFAR 1W,RUSFAR 1 неделя,14.77,14.77,14.77,14.77,12958668000.0,,,2,,RUB,,3,,2026-03-17,
MMIX,RUSFAR1W,2026-03-18,RUSFAR 1W,RUSFAR 1 неделя,14.79,14.79,14.79,14.79,5380595000.0,,,2,,RUB,,3,,2026-03-18,
MMIX,RUSFAR1W,2026-03-19,RUSFAR 1W,RUSFAR 1 неделя,14.75,14.75,14.75,14.75,1547995000.0,,,2,,RUB,,3,,2026-03-19,
MMIX,RUSFAR1W,2026-03-20,RUSFAR 1W,RUSFAR 1 неделя,14.75,14.75,14.75,14.75,1466701000.0,,,2,,RUB,,3,,2026-03-20,
MMIX,RUSFAR1W,2026-03-23,RUSFAR 1W,RUSFAR 1 неделя,14.74,14.74,14.74,14.74,4897353000.0,,,2,,RUB,,3,,2026-03-23,
MMIX,RUSFAR1W,2026-03-24,RUSFAR 1W,RUSFAR 1 неделя,14.82,14.82,14.82,14.82,27636537000.0,,,2,,RUB,,3,,2026-03-24,
MMIX,RUSFAR1W,2026-03-25,RUSFAR 1W,RUSFAR 1 неделя,14.84,14.84,14.84,14.84,19040922000.0,,,2,,RUB,,3,,2026-03-25,
MMIX,RUSFAR1W,2026-03-26,RUSFAR 1W,RUSFAR 1 неделя,14.66,14.66,14.66,14.66,18085510000.0,,,2,,RUB,,3,,2026-03-26,
MMIX,RUSFAR1W,2026-03-27,RUSFAR 1W,RUSFAR 1 неделя,14.69,14.69,14.69,14.69,10416165000.0,,,2,,RUB,,3,,2026-03-27,
MMIX,RUSFAR1W,2026-03-30,RUSFAR 1W,RUSFAR 1 неделя,14.7,14.7,14.7,14.7,6735177000.0,,,2,,RUB,,3,,2026-03-30,
MMIX,RUSFAR1W,2026-03-31,RUSFAR 1W,RUSFAR 1 неделя,14.7,14.7,14.7,14.7,21225273000.0,,,2,,RUB,,3,,2026-03-31,
MMIX,RUSFAR1W,2026-04-01,RUSFAR 1W,RUSFAR 1 неделя,14.75,14.75,14.75,14.75,4507428000.0,,,2,,RUB,,3,,2026-04-01,
MMIX,RUSFAR1W,2026-04-02,RUSFAR 1W,RUSFAR 1 неделя,14.78,14.78,14.78,14.78,2157664000.0,,,2,,RUB,,3,,2026-04-02,
MMIX,RUSFAR1W,2026-04-03,RUSFAR 1W,RUSFAR 1 неделя,14.8,14.8,14.8,14.8,5783847000.0,,,2,,RUB,,3,,2026-04-03,
MMIX,RUSFAR1W,2026-04-06,RUSFAR 1W,RUSFAR 1 неделя,14.79,14.79,14.79,14.79,16292300000.0,,,2,,RUB,,3,,2026-04-06,
MMIX,RUSFAR1W,2026-04-07,RUSFAR 1W,RUSFAR 1 неделя,14.72,14.72,14.72,14.72,29373940000.0,,,2,,RUB,,3,,2026-04-07,
MMIX,RUSFAR1W,2026-04-08,RUSFAR 1W,RUSFAR 1 неделя,14.74,14.74,14.74,14.74,5182819000.0,,,2,,RUB,,3,,2026-04-08,
MMIX,RUSFAR1W,2026-04-09,RUSFAR 1W,RUSFAR 1 неделя,14.69,14.69,14.69,14.69,20363888000.0,,,2,,RUB,,3,,2026-04-09,
MMIX,RUSFAR1W,2026-04-10,RUSFAR 1W,RUSFAR 1 неделя,14.64,14.64,14.64,14.64,18923162000.0,,,2,,RUB,,3,,2026-04-10,
MMIX,RUSFAR1W,2026-04-13,RUSFAR 1W,RUSFAR 1 неделя,14.64,14.64,14.64,14.64,19539868000.0,,,2,,RUB,,3,,2026-04-13,
MMIX,RUSFAR1W,2026-04-14,RUSFAR 1W,RUSFAR 1 неделя,14.57,14.57,14.57,14.57,31410714000.0,,,2,,RUB,,3,,2026-04-14,
MMIX,RUSFAR1W,2026-04-15,RUSFAR 1W,RUSFAR 1 неделя,14.52,14.52,14.52,14.52,17300573000.0,,,2,,RUB,,3,,2026-04-15,
MMIX,RUSFAR1W,2026-04-16,RUSFAR 1W,RUSFAR 1 неделя,14.51,14.51,14.51,14.51,14883560000.0,,,2,,RUB,,3,,2026-04-16,
MMIX,RUSFAR1W,2026-04-17,RUSFAR 1W,RUSFAR 1 неделя,14.47,14.47,14.47,14.47,18136967000.0,,,2,,RUB,,3,,2026-04-17,
MMIX,RUSFAR1W,2026-04-20,RUSFAR 1W,RUSFAR 1 неделя,14.47,14.47,14.47,14.47,9791349000.0,,,2,,RUB,,3,,2026-04-20,
MMIX,RUSFAR1W,2026-04-21,RUSFAR 1W,RUSFAR 1 неделя,14.36,14.36,14.36,14.36,20285311000.0,,,2,,RUB,,3,,2026-04-21,
MMIX,RUSFAR1W,2026-04-22,RUSFAR 1W,RUSFAR 1 неделя,14.39,14.39,14.39,14.39,9512585000.0,,,2,,RUB,,3,,2026-04-22,
MMIX,RUSFAR1W,2026-04-23,RUSFAR 1W,RUSFAR 1 неделя,14.29,14.29,14.29,14.29,6135861000.0,,,2,,RUB,,3,,2026-04-23,
MMIX,RUSFAR1W,2026-04-24,RUSFAR 1W,RUSFAR 1 неделя,14.2,14.2,14.2,14.2,2098770000.0,,,2,,RUB,,3,,2026-04-24,
MMIX,RUSFAR1W,2026-04-27,RUSFAR 1W,RUSFAR 1 неделя,14.46,14.46,14.46,14.46,15319781000.0,,,2,,RUB,,3,,2026-04-27,
MMIX,RUSFAR1W,2026-04-28,RUSFAR 1W,RUSFAR 1 неделя,14.58,14.58,14.58,14.58,18354007000.0,,,2,,RUB,,3,,2026-04-28,
MMIX,RUSFAR1W,2026-04-29,RUSFAR 1W,RUSFAR 1 неделя,14.46,14.46,14.46,14.46,21826014000.0,,,2,,RUB,,3,,2026-04-29,
MMIX,RUSFAR1W,2026-04-30,RUSFAR 1W,RUSFAR 1 неделя,14.4,14.4,14.4,14.4,19538082000.0,,,2,,RUB,,3,,2026-04-30,
MMIX,RUSFAR1W,2026-05-04,RUSFAR 1W,RUSFAR 1 неделя,14.41,14.41,14.41,14.41,25966392000.0,,,2,,RUB,,3,,2026-05-04,
MMIX,RUSFAR1W,2026-05-05,RUSFAR 1W,RUSFAR 1 неделя,14.28,14.28,14.28,14.28,20333427000.0,,,2,,RUB,,3,,2026-05-05,
MMIX,RUSFAR1W,2026-05-06,RUSFAR 1W,RUSFAR 1 неделя,14.1,14.1,14.1,14.1,29367233000.0,,,2,,RUB,,3,,2026-05-06,
MMIX,RUSFAR1W,2026-05-07,RUSFAR 1W,RUSFAR 1 неделя,14.08,14.08,14.08,14.08,25044053000.0,,,2,,RUB,,3,,2026-05-07,
MMIX,RUSFAR1W,2026-05-08,RUSFAR 1W,RUSFAR 1 неделя,13.92,13.92,13.92,13.92,14895244000.0,,,2,,RUB,,3,,2026-05-08,
MMIX,RUSFAR1W,2026-05-12,RUSFAR 1W,RUSFAR 1 неделя,14.09,14.09,14.09,14.09,43519728000.0,,,2,,RUB,,3,,2026-05-12,
MMIX,RUSFAR1W,2026-05-13,RUSFAR 1W,RUSFAR 1 неделя,14.13,14.13,14.13,14.13,46946982000.0,,,2,,RUB,,3,,2026-05-13,
MMIX,RUSFAR1W,2026-05-14,RUSFAR 1W,RUSFAR 1 неделя,14.19,14.19,14.19,14.19,16529143000.0,,,2,,RUB,,3,,2026-05-14,
MMIX,RUSFAR1W,2026-05-15,RUSFAR 1W,RUSFAR 1 неделя,14.21,14.21,14.21,14.21,3219089000.0,,,2,,RUB,,3,,2026-05-15,
MMIX,RUSFAR1W,2026-05-18,RUSFAR 1W,RUSFAR 1 неделя,14.18,14.18,14.18,14.18,1953501000.0,,,2,,RUB,,3,,2026-05-18,
MMIX,RUSFAR1W,2026-05-19,RUSFAR 1W,RUSFAR 1 неделя,14.24,14.24,14.24,14.24,33086383000.0,,,2,,RUB,,3,,2026-05-19,
MMIX,RUSFAR1W,2026-05-20,RUSFAR 1W,RUSFAR 1 неделя,14.16,14.16,14.16,14.16,15886334000.0,,,2,,RUB,,3,,2026-05-20,
MMIX,RUSFAR1W,2026-05-21,RUSFAR 1W,RUSFAR 1 неделя,14.19,14.19,14.19,14.19,25299186000.0,,,2,,RUB,,3,,2026-05-21,
MMIX,RUSFAR1W,2026-05-22,RUSFAR 1W,RUSFAR 1 неделя,14.13,14.13,14.13,14.13,2079132000.0,,,2,,RUB,,3,,2026-05-22,
MMIX,RUSFAR1W,2026-05-25,RUSFAR 1W,RUSFAR 1 неделя,14.15,14.15,14.15,14.15,18862471000.0,,,2,,RUB,,3,,2026-05-25,
MMIX,RUSFAR1W,2026-05-26,RUSFAR 1W,RUSFAR 1 неделя,14.16,14.16,14.16,14.16,20006715000.0,,,2,,RUB,,3,,2026-05-26,
MMIX,RUSFAR1W,2026-05-27,RUSFAR 1W,RUSFAR 1 неделя,14.24,14.24,14.24,14.24,5176762000.0,,,2,,RUB,,3,,2026-05-27,
MMIX,RUSFAR1W,2026-05-28,RUSFAR 1W,RUSFAR 1 неделя,14.19,14.19,14.19,14.19,8547303000.0,,,2,,RUB,,3,,2026-05-28,
MMIX,RUSFAR1W,2026-05-29,RUSFAR 1W,RUSFAR 1 неделя,14.21,14.21,14.21,14.21,4462485000.0,,,2,,RUB,,3,,2026-05-29,
MMIX,RUSFAR1W,2026-06-01,RUSFAR 1W,RUSFAR 1 неделя,14.18,14.18,14.18,14.18,20140435000.0,,,2,,RUB,,3,,2026-06-01,
MMIX,RUSFAR1W,2026-06-02,RUSFAR 1W,RUSFAR 1 неделя,14.17,14.17,14.17,14.17,11571489000.0,,,2,,RUB,,3,,2026-06-02,
MMIX,RUSFAR1W,2026-06-03,RUSFAR 1W,RUSFAR 1 неделя,14.18,14.18,14.18,14.18,5691992000.0,,,2,,RUB,,3,,2026-06-03,
MMIX,RUSFAR1W,2026-06-04,RUSFAR 1W,RUSFAR 1 неделя,14.12,14.12,14.12,14.12,6781990000.0,,,2,,RUB,,3,,2026-06-04,
MMIX,RUSFAR1W,2026-06-05,RUSFAR 1W,RUSFAR 1 неделя,14.16,14.16,14.16,14.16,13151714000.0,,,2,,RUB,,3,,2026-06-05,
MMIX,RUSFAR1W,2026-06-08,RUSFAR 1W,RUSFAR 1 неделя,14.11,14.11,14.11,14.11,26836320000.0,,,2,,RUB,,3,,2026-06-08,
MMIX,RUSFAR1W,2026-06-09,RUSFAR 1W,RUSFAR 1 неделя,14.05,14.05,14.05,14.05,23205130000.0,,,2,,RUB,,3,,2026-06-09,
MMIX,RUSFAR1W,2026-06-10,RUSFAR 1W,RUSFAR 1 неделя,13.96,13.96,13.96,13.96,42200523000.0,,,2,,RUB,,3,,2026-06-10,
MMIX,RUSFAR1W,2026-06-11,RUSFAR 1W,RUSFAR 1 неделя,13.91,13.91,13.91,13.91,13785212000.0,,,2,,RUB,,3,,2026-06-11,
MMIX,RUSFAR1W,2026-06-15,RUSFAR 1W,RUSFAR 1 неделя,13.83,13.83,13.83,13.83,43822336000.0,,,2,,RUB,,3,,2026-06-15,
MMIX,RUSFAR1W,2026-06-16,RUSFAR 1W,RUSFAR 1 неделя,13.77,13.77,13.77,13.77,12871528000.0,,,2,,RUB,,3,,2026-06-16,
MMIX,RUSFAR1W,2026-06-17,RUSFAR 1W,RUSFAR 1 неделя,13.71,13.71,13.71,13.71,4603369000.0,,,2,,RUB,,3,,2026-06-17,
MMIX,RUSFAR1W,2026-06-18,RUSFAR 1W,RUSFAR 1 неделя,13.69,13.69,13.69,13.69,5009524000.0,,,2,,RUB,,3,,2026-06-18,
MMIX,RUSFAR1W,2026-06-19,RUSFAR 1W,RUSFAR 1 неделя,13.71,13.71,13.71,13.71,3234667000.0,,,2,,RUB,,3,,2026-06-19,
MMIX,RUSFAR1W,2026-06-22,RUSFAR 1W,RUSFAR 1 неделя,14.06,14.06,14.06,14.06,21859377000.0,,,2,,RUB,,3,,2026-06-22,
MMIX,RUSFAR1W,2026-06-23,RUSFAR 1W,RUSFAR 1 неделя,14.13,14.13,14.13,14.13,24562209000.0,,,2,,RUB,,3,,2026-06-23,
MMIX,RUSFAR1W,2026-06-24,RUSFAR 1W,RUSFAR 1 неделя,14.18,14.18,14.18,14.18,89039103000.0,,,2,,RUB,,3,,2026-06-24,
MMIX,RUSFAR1W,2026-06-25,RUSFAR 1W,RUSFAR 1 неделя,14.07,14.07,14.07,14.07,7122478000.0,,,2,,RUB,,3,,2026-06-25,
MMIX,RUSFAR1W,2026-06-26,RUSFAR 1W,RUSFAR 1 неделя,14.08,14.08,14.08,14.08,2494407000.0,,,2,,RUB,,3,,2026-06-26,
MMIX,RUSFAR1W,2026-06-29,RUSFAR 1W,RUSFAR 1 неделя,14.17,14.17,14.17,14.17,33907355000.0,,,2,,RUB,,3,,2026-06-29,
MMIX,RUSFAR1W,2026-06-30,RUSFAR 1W,RUSFAR 1 неделя,14.18,14.18,14.18,14.18,8378439000.0,,,2,,RUB,,3,,2026-06-30,
MMIX,RUSFAR1W,2026-07-01,RUSFAR 1W,RUSFAR 1 неделя,14.22,14.22,14.22,14.22,10450765000.0,,,2,,RUB,,3,,2026-07-01,
MMIX,RUSFAR1W,2026-07-02,RUSFAR 1W,RUSFAR 1 неделя,14.27,14.27,14.27,14.27,5098939000.0,,,2,,RUB,,3,,2026-07-02,
MMIX,RUSFAR1W,2026-07-03,RUSFAR 1W,RUSFAR 1 неделя,14.35,14.35,14.35,14.35,7047893000.0,,,2,,RUB,,3,,2026-07-03,
MMIX,RUSFAR1W,2026-07-06,RUSFAR 1W,RUSFAR 1 неделя,14.34,14.34,14.34,14.34,26828350000.0,,,2,,RUB,,3,,2026-07-06,
MMIX,RUSFAR1W,2026-07-07,RUSFAR 1W,RUSFAR 1 неделя,14.36,14.36,14.36,14.36,13776818000.0,,,2,,RUB,,3,,2026-07-07,
MMIX,RUSFAR1W,2026-07-08,RUSFAR 1W,RUSFAR 1 неделя,14.36,14.36,14.36,14.36,24720653000.0,,,2,,RUB,,3,,2026-07-08,
MMIX,RUSFAR1W,2026-07-09,RUSFAR 1W,RUSFAR 1 неделя,14.44,14.44,14.44,14.44,13548680000.0,,,2,,RUB,,3,,2026-07-09,
MMIX,RUSFAR1W,2026-07-10,RUSFAR 1W,RUSFAR 1 неделя,14.59,14.59,14.59,14.59,5907489000.0,,,2,,RUB,,3,,2026-07-10,
MMIX,RUSFAR1W,2026-07-13,RUSFAR 1W,RUSFAR 1 неделя,14.45,14.45,14.45,14.45,14596205000.0,,,2,,RUB,,3,,2026-07-13,
MMIX,RUSFAR1W,2026-07-14,RUSFAR 1W,RUSFAR 1 неделя,14.14,14.14,14.14,14.14,22234108000.0,,,2,,RUB,,3,,2026-07-14,
MMIX,RUSFAR1W,2026-07-15,RUSFAR 1W,RUSFAR 1 неделя,14.3,14.3,14.3,14.3,17186827000.0,,,2,,RUB,,3,,2026-07-15,
MMIX,RUSFAR1W,2026-07-16,RUSFAR 1W,RUSFAR 1 неделя,14.49,14.49,14.49,14.49,5801384000.0,,,2,,RUB,,3,,2026-07-16,
MMIX,RUSFAR1W,2026-07-17,RUSFAR 1W,RUSFAR 1 неделя,14.52,14.52,14.52,14.52,5760427000.0,,,2,,RUB,,3,,2026-07-17,
MMIX,RUSFARCNY,2022-09-26,RUSFARCNY,RUSFAR CNY,0.11,0.11,0.11,0.11,47117919.86,,,2,,CNY,,3,,2022-09-26,
MMIX,RUSFARCNY,2022-09-27,RUSFARCNY,RUSFAR CNY,-0.05,-0.05,-0.05,-0.05,157652736.0,,,2,,CNY,,3,,2022-09-27,
MMIX,RUSFARCNY,2022-09-28,RUSFARCNY,RUSFAR CNY,-0.14,-0.14,-0.14,-0.14,290325323.0,,,2,,CNY,,3,,2022-09-28,
MMIX,RUSFARCNY,2022-09-29,RUSFARCNY,RUSFAR CNY,-0.21,-0.21,-0.21,-0.21,518251440.0,,,2,,CNY,,3,,2022-09-29,
MMIX,RUSFARCNY,2022-09-30,RUSFARCNY,RUSFAR CNY,-1.95,-1.95,-1.95,-1.95,1371757068.0,,,2,,CNY,,3,,2022-09-30,
MMIX,RUSFARCNY,2022-10-10,RUSFARCNY,RUSFAR CNY,0.08,0.08,0.08,0.08,0.0,,,2,,CNY,,3,,2022-10-10,
MMIX,RUSFARCNY,2022-10-11,RUSFARCNY,RUSFAR CNY,-0.21,-0.21,-0.21,-0.21,489098313.0,,,2,,CNY,,3,,2022-10-11,
MMIX,RUSFARCNY,2022-10-12,RUSFARCNY,RUSFAR CNY,-0.02,-0.02,-0.02,-0.02,209994834.0,,,2,,CNY,,3,,2022-10-12,
MMIX,RUSFARCNY,2022-10-13,RUSFARCNY,RUSFAR CNY,-0.02,0.0,0.0,0.0,2312137.0,,,2,,CNY,,3,,2022-10-13,
MMIX,RUSFARCNY,2022-10-14,RUSFARCNY,RUSFAR CNY,0.32,0.32,0.32,0.32,837119692.0,,,2,,CNY,,3,,2022-10-14,
MMIX,RUSFARCNY,2022-10-17,RUSFARCNY,RUSFAR CNY,0.43,0.43,0.43,0.43,810457063.0,,,2,,CNY,,3,,2022-10-17,
MMIX,RUSFARCNY,2022-10-18,RUSFARCNY,RUSFAR CNY,0.33,0.33,0.33,0.33,319231649.0,,,2,,CNY,,3,,2022-10-18,
MMIX,RUSFARCNY,2022-10-19,RUSFARCNY,RUSFAR CNY,0.34,0.34,0.34,0.34,545657769.0,,,2,,CNY,,3,,2022-10-19,
MMIX,RUSFARCNY,2022-10-20,RUSFARCNY,RUSFAR CNY,0.34,0.34,0.34,0.34,353382310.0,,,2,,CNY,,3,,2022-10-20,
MMIX,RUSFARCNY,2022-10-21,RUSFARCNY,RUSFAR CNY,0.33,0.33,0.33,0.33,513492276.0,,,2,,CNY,,3,,2022-10-21,
MMIX,RUSFARCNY,2022-10-24,RUSFARCNY,RUSFAR CNY,0.31,0.31,0.31,0.31,412955595.0,,,2,,CNY,,3,,2022-10-24,
MMIX,RUSFARCNY,2022-10-25,RUSFARCNY,RUSFAR CNY,0.31,0.31,0.31,0.31,1022405136.0,,,2,,CNY,,3,,2022-10-25,
MMIX,RUSFARCNY,2022-10-26,RUSFARCNY,RUSFAR CNY,0.17,0.17,0.17,0.17,269191483.0,,,2,,CNY,,3,,2022-10-26,
MMIX,RUSFARCNY,2022-10-27,RUSFARCNY,RUSFAR CNY,0.15,0.15,0.15,0.15,78708564.0,,,2,,CNY,,3,,2022-10-27,
MMIX,RUSFARCNY,2022-10-28,RUSFARCNY,RUSFAR CNY,0.08,0.08,0.08,0.08,36360680.0,,,2,,CNY,,3,,2022-10-28,
MMIX,RUSFARCNY,2022-10-31,RUSFARCNY,RUSFAR CNY,0.16,0.16,0.16,0.16,671273247.0,,,2,,CNY,,3,,2022-10-31,
MMIX,RUSFARCNY,2022-11-01,RUSFARCNY,RUSFAR CNY,0.15,0.15,0.15,0.15,875535060.0,,,2,,CNY,,3,,2022-11-01,
MMIX,RUSFARCNY,2022-11-02,RUSFARCNY,RUSFAR CNY,0.14,0.14,0.14,0.14,1236967680.0,,,2,,CNY,,3,,2022-11-02,
MMIX,RUSFARCNY,2022-11-03,RUSFARCNY,RUSFAR CNY,0.11,0.11,0.11,0.11,1435050335.0,,,2,,CNY,,3,,2022-11-03,
MMIX,RUSFARCNY,2022-11-07,RUSFARCNY,RUSFAR CNY,0.21,0.21,0.21,0.21,813137271.0,,,2,,CNY,,3,,2022-11-07,
MMIX,RUSFARCNY,2022-11-08,RUSFARCNY,RUSFAR CNY,0.15,0.15,0.15,0.15,1211381486.0,,,2,,CNY,,3,,2022-11-08,
MMIX,RUSFARCNY,2022-11-09,RUSFARCNY,RUSFAR CNY,0.13,0.13,0.13,0.13,769228694.0,,,2,,CNY,,3,,2022-11-09,
MMIX,RUSFARCNY,2022-11-10,RUSFARCNY,RUSFAR CNY,0.15,0.15,0.15,0.15,748186274.0,,,2,,CNY,,3,,2022-11-10,
MMIX,RUSFARCNY,2022-11-11,RUSFARCNY,RUSFAR CNY,0.21,0.21,0.21,0.21,2010684332.0,,,2,,CNY,,3,,2022-11-11,
MMIX,RUSFARCNY,2022-11-14,RUSFARCNY,RUSFAR CNY,0.17,0.17,0.17,0.17,1268662442.0,,,2,,CNY,,3,,2022-11-14,
MMIX,RUSFARCNY,2022-11-15,RUSFARCNY,RUSFAR CNY,0.15,0.15,0.15,0.15,1228428996.0,,,2,,CNY,,3,,2022-11-15,
MMIX,RUSFARCNY,2022-11-16,RUSFARCNY,RUSFAR CNY,0.17,0.17,0.17,0.17,954647058.0,,,2,,CNY,,3,,2022-11-16,
MMIX,RUSFARCNY,2022-11-17,RUSFARCNY,RUSFAR CNY,0.18,0.18,0.18,0.18,979582238.0,,,2,,CNY,,3,,2022-11-17,
MMIX,RUSFARCNY,2022-11-18,RUSFARCNY,RUSFAR CNY,0.23,0.23,0.23,0.23,405830182.0,,,2,,CNY,,3,,2022-11-18,
MMIX,RUSFARCNY,2022-11-21,RUSFARCNY,RUSFAR CNY,0.18,0.18,0.18,0.18,364322982.0,,,2,,CNY,,3,,2022-11-21,
MMIX,RUSFARCNY,2022-11-22,RUSFARCNY,RUSFAR CNY,0.12,0.12,0.12,0.12,520136261.0,,,2,,CNY,,3,,2022-11-22,
MMIX,RUSFARCNY,2022-11-23,RUSFARCNY,RUSFAR CNY,0.17,0.17,0.17,0.17,317389113.0,,,2,,CNY,,3,,2022-11-23,
MMIX,RUSFARCNY,2022-11-24,RUSFARCNY,RUSFAR CNY,0.17,0.17,0.17,0.17,271489456.0,,,2,,CNY,,3,,2022-11-24,
MMIX,RUSFARCNY,2022-11-25,RUSFARCNY,RUSFAR CNY,0.16,0.16,0.16,0.16,287167700.0,,,2,,CNY,,3,,2022-11-25,
MMIX,RUSFARCNY,2022-11-28,RUSFARCNY,RUSFAR CNY,0.16,0.16,0.16,0.16,292843214.0,,,2,,CNY,,3,,2022-11-28,
MMIX,RUSFARCNY,2022-11-29,RUSFARCNY,RUSFAR CNY,0.16,0.16,0.16,0.16,191228140.0,,,2,,CNY,,3,,2022-11-29,
MMIX,RUSFARCNY,2022-11-30,RUSFARCNY,RUSFAR CNY,0.17,0.17,0.17,0.17,499264175.0,,,2,,CNY,,3,,2022-11-30,
MMIX,RUSFARCNY,2022-12-01,RUSFARCNY,RUSFAR CNY,0.2,0.2,0.2,0.2,685017917.0,,,2,,CNY,,3,,2022-12-01,
MMIX,RUSFARCNY,2022-12-02,RUSFARCNY,RUSFAR CNY,0.21,0.21,0.21,0.21,618514896.0,,,2,,CNY,,3,,2022-12-02,
MMIX,RUSFARCNY,2022-12-05,RUSFARCNY,RUSFAR CNY,0.36,0.36,0.36,0.36,812675138.0,,,2,,CNY,,3,,2022-12-05,
MMIX,RUSFARCNY,2022-12-06,RUSFARCNY,RUSFAR CNY,0.41,0.41,0.41,0.41,831611074.0,,,2,,CNY,,3,,2022-12-06,
MMIX,RUSFARCNY,2022-12-07,RUSFARCNY,RUSFAR CNY,0.37,0.37,0.37,0.37,1015985156.0,,,2,,CNY,,3,,2022-12-07,
MMIX,RUSFARCNY,2022-12-08,RUSFARCNY,RUSFAR CNY,0.29,0.29,0.29,0.29,275349373.0,,,2,,CNY,,3,,2022-12-08,
MMIX,RUSFARCNY,2022-12-09,RUSFARCNY,RUSFAR CNY,0.23,0.23,0.23,0.23,272723355.0,,,2,,CNY,,3,,2022-12-09,
MMIX,RUSFARCNY,2022-12-12,RUSFARCNY,RUSFAR CNY,0.15,0.15,0.15,0.15,469388955.0,,,2,,CNY,,3,,2022-12-12,
MMIX,RUSFARCNY,2022-12-13,RUSFARCNY,RUSFAR CNY,0.16,0.16,0.16,0.16,276889160.0,,,2,,CNY,,3,,2022-12-13,
MMIX,RUSFARCNY,2022-12-14,RUSFARCNY,RUSFAR CNY,0.17,0.17,0.17,0.17,667254068.0,,,2,,CNY,,3,,2022-12-14,
MMIX,RUSFARCNY,2022-12-15,RUSFARCNY,RUSFAR CNY,0.28,0.28,0.28,0.28,1218893009.0,,,2,,CNY,,3,,2022-12-15,
MMIX,RUSFARCNY,2022-12-16,RUSFARCNY,RUSFAR CNY,0.28,0.28,0.28,0.28,943037854.0,,,2,,CNY,,3,,2022-12-16,
MMIX,RUSFARCNY,2022-12-19,RUSFARCNY,RUSFAR CNY,0.25,0.25,0.25,0.25,1074644160.0,,,2,,CNY,,3,,2022-12-19,
MMIX,RUSFARCNY,2022-12-20,RUSFARCNY,RUSFAR CNY,0.26,0.26,0.26,0.26,1402591532.0,,,2,,CNY,,3,,2022-12-20,
MMIX,RUSFARCNY,2022-12-21,RUSFARCNY,RUSFAR CNY,0.49,0.49,0.49,0.49,1734532939.0,,,2,,CNY,,3,,2022-12-21,
MMIX,RUSFARCNY,2022-12-22,RUSFARCNY,RUSFAR CNY,2.66,2.66,2.66,2.66,1485052151.0,,,2,,CNY,,3,,2022-12-22,
MMIX,RUSFARCNY,2022-12-23,RUSFARCNY,RUSFAR CNY,2.54,2.54,2.54,2.54,1441831956.0,,,2,,CNY,,3,,2022-12-23,
MMIX,RUSFARCNY,2022-12-26,RUSFARCNY,RUSFAR CNY,2.0,2.0,2.0,2.0,1260198746.0,,,2,,CNY,,3,,2022-12-26,
MMIX,RUSFARCNY,2022-12-27,RUSFARCNY,RUSFAR CNY,2.57,2.57,2.57,2.57,1717868461.0,,,2,,CNY,,3,,2022-12-27,
MMIX,RUSFARCNY,2022-12-28,RUSFARCNY,RUSFAR CNY,6.21,6.21,6.21,6.21,1377392673.0,,,2,,CNY,,3,,2022-12-28,
MMIX,RUSFARCNY,2022-12-29,RUSFARCNY,RUSFAR CNY,7.28,7.28,7.28,7.28,1220049826.0,,,2,,CNY,,3,,2022-12-29,
MMIX,RUSFARCNY,2023-01-09,RUSFARCNY,RUSFAR CNY,4.4,4.4,4.4,4.4,1759598492.0,,,2,,CNY,,3,,2023-01-09,
MMIX,RUSFARCNY,2023-01-10,RUSFARCNY,RUSFAR CNY,5.33,5.33,5.33,5.33,1554011433.0,,,2,,CNY,,3,,2023-01-10,
MMIX,RUSFARCNY,2023-01-11,RUSFARCNY,RUSFAR CNY,2.96,2.96,2.96,2.96,1511636519.0,,,2,,CNY,,3,,2023-01-11,
MMIX,RUSFARCNY,2023-01-12,RUSFARCNY,RUSFAR CNY,1.56,1.56,1.56,1.56,1697809934.0,,,2,,CNY,,3,,2023-01-12,
MMIX,RUSFARCNY,2023-01-13,RUSFARCNY,RUSFAR CNY,2.01,2.01,2.01,2.01,1613069016.0,,,2,,CNY,,3,,2023-01-13,
MMIX,RUSFARCNY,2023-01-16,RUSFARCNY,RUSFAR CNY,2.58,2.58,2.58,2.58,1875464396.0,,,2,,CNY,,3,,2023-01-16,
MMIX,RUSFARCNY,2023-01-17,RUSFARCNY,RUSFAR CNY,3.03,3.03,3.03,3.03,1844279671.0,,,2,,CNY,,3,,2023-01-17,
MMIX,RUSFARCNY,2023-01-18,RUSFARCNY,RUSFAR CNY,3.79,3.79,3.79,3.79,1636857762.0,,,2,,CNY,,3,,2023-01-18,
MMIX,RUSFARCNY,2023-01-19,RUSFARCNY,RUSFAR CNY,1.73,1.73,1.73,1.73,1354047705.0,,,2,,CNY,,3,,2023-01-19,
MMIX,RUSFARCNY,2023-01-20,RUSFARCNY,RUSFAR CNY,1.05,1.05,1.05,1.05,964265325.0,,,2,,CNY,,3,,2023-01-20,
MMIX,RUSFARCNY,2023-01-30,RUSFARCNY,RUSFAR CNY,0.94,0.94,0.94,0.94,1896509909.0,,,2,,CNY,,3,,2023-01-30,
MMIX,RUSFARCNY,2023-01-31,RUSFARCNY,RUSFAR CNY,0.94,0.94,0.94,0.94,1359145289.0,,,2,,CNY,,3,,2023-01-31,
MMIX,RUSFARCNY,2023-02-01,RUSFARCNY,RUSFAR CNY,0.64,0.64,0.64,0.64,863949763.0,,,2,,CNY,,3,,2023-02-01,
MMIX,RUSFARCNY,2023-02-02,RUSFARCNY,RUSFAR CNY,0.43,0.43,0.43,0.43,772139885.0,,,2,,CNY,,3,,2023-02-02,
MMIX,RUSFARCNY,2023-02-03,RUSFARCNY,RUSFAR CNY,0.33,0.33,0.33,0.33,1546866473.0,,,2,,CNY,,3,,2023-02-03,
MMIX,RUSFARCNY,2023-02-06,RUSFARCNY,RUSFAR CNY,0.21,0.21,0.21,0.21,1603512094.0,,,2,,CNY,,3,,2023-02-06,
MMIX,RUSFARCNY,2023-02-07,RUSFARCNY,RUSFAR CNY,0.23,0.23,0.23,0.23,1614653731.0,,,2,,CNY,,3,,2023-02-07,
MMIX,RUSFARCNY,2023-02-08,RUSFARCNY,RUSFAR CNY,0.19,0.19,0.19,0.19,2256210420.0,,,2,,CNY,,3,,2023-02-08,
MMIX,RUSFARCNY,2023-02-09,RUSFARCNY,RUSFAR CNY,0.25,0.25,0.25,0.25,1853143651.0,,,2,,CNY,,3,,2023-02-09,
MMIX,RUSFARCNY,2023-02-10,RUSFARCNY,RUSFAR CNY,0.22,0.22,0.22,0.22,1625975625.0,,,2,,CNY,,3,,2023-02-10,
MMIX,RUSFARCNY,2023-02-13,RUSFARCNY,RUSFAR CNY,0.5,0.5,0.5,0.5,1353230245.0,,,2,,CNY,,3,,2023-02-13,
MMIX,RUSFARCNY,2023-02-14,RUSFARCNY,RUSFAR CNY,0.39,0.39,0.39,0.39,2400588705.0,,,2,,CNY,,3,,2023-02-14,
MMIX,RUSFARCNY,2023-02-15,RUSFARCNY,RUSFAR CNY,0.38,0.38,0.38,0.38,2409757543.0,,,2,,CNY,,3,,2023-02-15,
MMIX,RUSFARCNY,2023-02-16,RUSFARCNY,RUSFAR CNY,0.45,0.45,0.45,0.45,3253983503.0,,,2,,CNY,,3,,2023-02-16,
MMIX,RUSFARCNY,2023-02-17,RUSFARCNY,RUSFAR CNY,0.46,0.46,0.46,0.46,2992290335.0,,,2,,CNY,,3,,2023-02-17,
MMIX,RUSFARCNY,2023-02-20,RUSFARCNY,RUSFAR CNY,0.46,0.46,0.46,0.46,3452863159.0,,,2,,CNY,,3,,2023-02-20,
MMIX,RUSFARCNY,2023-02-21,RUSFARCNY,RUSFAR CNY,0.53,0.53,0.53,0.53,3356185516.0,,,2,,CNY,,3,,2023-02-21,
MMIX,RUSFARCNY,2023-02-22,RUSFARCNY,RUSFAR CNY,1.12,1.12,1.12,1.12,2249602214.0,,,2,,CNY,,3,,2023-02-22,
MMIX,RUSFARCNY,2023-02-27,RUSFARCNY,RUSFAR CNY,1.03,1.03,1.03,1.03,2894470486.0,,,2,,CNY,,3,,2023-02-27,
MMIX,RUSFARCNY,2023-02-28,RUSFARCNY,RUSFAR CNY,1.88,1.88,1.88,1.88,2794490052.0,,,2,,CNY,,3,,2023-02-28,
MMIX,RUSFARCNY,2023-03-01,RUSFARCNY,RUSFAR CNY,1.31,1.31,1.31,1.31,3492619372.0,,,2,,CNY,,3,,2023-03-01,
MMIX,RUSFARCNY,2023-03-02,RUSFARCNY,RUSFAR CNY,1.11,1.11,1.11,1.11,3434052377.0,,,2,,CNY,,3,,2023-03-02,
MMIX,RUSFARCNY,2023-03-03,RUSFARCNY,RUSFAR CNY,1.09,1.09,1.09,1.09,2940835981.0,,,2,,CNY,,3,,2023-03-03,
MMIX,RUSFARCNY,2023-03-06,RUSFARCNY,RUSFAR CNY,1.09,1.09,1.09,1.09,3161105809.0,,,2,,CNY,,3,,2023-03-06,
MMIX,RUSFARCNY,2023-03-07,RUSFARCNY,RUSFAR CNY,0.99,0.99,0.99,0.99,3665185966.0,,,2,,CNY,,3,,2023-03-07,
MMIX,RUSFARCNY,2023-03-09,RUSFARCNY,RUSFAR CNY,1.08,1.08,1.08,1.08,3620980444.0,,,2,,CNY,,3,,2023-03-09,
MMIX,RUSFARCNY,2023-03-10,RUSFARCNY,RUSFAR CNY,0.99,0.99,0.99,0.99,3592826016.0,,,2,,CNY,,3,,2023-03-10,
MMIX,RUSFARCNY,2023-03-13,RUSFARCNY,RUSFAR CNY,0.83,0.83,0.83,0.83,2280257728.0,,,2,,CNY,,3,,2023-03-13,
MMIX,RUSFARCNY,2023-03-14,RUSFARCNY,RUSFAR CNY,0.82,0.82,0.82,0.82,4288048610.0,,,2,,CNY,,3,,2023-03-14,
MMIX,RUSFARCNY,2023-03-15,RUSFARCNY,RUSFAR CNY,0.88,0.88,0.88,0.88,4262418751.0,,,2,,CNY,,3,,2023-03-15,
MMIX,RUSFARCNY,2023-03-16,RUSFARCNY,RUSFAR CNY,0.81,0.81,0.81,0.81,4211201381.0,,,2,,CNY,,3,,2023-03-16,
MMIX,RUSFARCNY,2023-03-17,RUSFARCNY,RUSFAR CNY,1.02,1.02,1.02,1.02,3537532831.0,,,2,,CNY,,3,,2023-03-17,
MMIX,RUSFARCNY,2023-03-20,RUSFARCNY,RUSFAR CNY,2.4,2.4,2.4,2.4,3437899358.0,,,2,,CNY,,3,,2023-03-20,
MMIX,RUSFARCNY,2023-03-21,RUSFARCNY,RUSFAR CNY,3.12,3.12,3.12,3.12,4023754655.0,,,2,,CNY,,3,,2023-03-21,
MMIX,RUSFARCNY,2023-03-22,RUSFARCNY,RUSFAR CNY,1.43,1.43,1.43,1.43,3841076886.0,,,2,,CNY,,3,,2023-03-22,
MMIX,RUSFARCNY,2023-03-23,RUSFARCNY,RUSFAR CNY,1.09,1.09,1.09,1.09,4107408938.0,,,2,,CNY,,3,,2023-03-23,
MMIX,RUSFARCNY,2023-03-24,RUSFARCNY,RUSFAR CNY,1.27,1.27,1.27,1.27,3945926383.0,,,2,,CNY,,3,,2023-03-24,
MMIX,RUSFARCNY,2023-03-27,RUSFARCNY,RUSFAR CNY,1.94,1.94,1.94,1.94,3777365859.0,,,2,,CNY,,3,,2023-03-27,
MMIX,RUSFARCNY,2023-03-28,RUSFARCNY,RUSFAR CNY,2.62,2.62,2.62,2.62,3755532836.0,,,2,,CNY,,3,,2023-03-28,
MMIX,RUSFARCNY,2023-03-29,RUSFARCNY,RUSFAR CNY,2.79,2.79,2.79,2.79,3246863269.0,,,2,,CNY,,3,,2023-03-29,
MMIX,RUSFARCNY,2023-03-30,RUSFARCNY,RUSFAR CNY,2.85,2.85,2.85,2.85,2821135417.0,,,2,,CNY,,3,,2023-03-30,
MMIX,RUSFARCNY,2023-03-31,RUSFARCNY,RUSFAR CNY,3.18,3.18,3.18,3.18,2970978361.0,,,2,,CNY,,3,,2023-03-31,
MMIX,RUSFARCNY,2023-04-03,RUSFARCNY,RUSFAR CNY,3.29,3.29,3.29,3.29,3551327146.0,,,2,,CNY,,3,,2023-04-03,
MMIX,RUSFARCNY,2023-04-04,RUSFARCNY,RUSFAR CNY,4.41,4.41,4.41,4.41,3838890328.0,,,2,,CNY,,3,,2023-04-04,
MMIX,RUSFARCNY,2023-04-06,RUSFARCNY,RUSFAR CNY,3.73,3.73,3.73,3.73,4093944597.0,,,2,,CNY,,3,,2023-04-06,
MMIX,RUSFARCNY,2023-04-07,RUSFARCNY,RUSFAR CNY,3.92,3.92,3.92,3.92,5401443615.0,,,2,,CNY,,3,,2023-04-07,
MMIX,RUSFARCNY,2023-04-10,RUSFARCNY,RUSFAR CNY,3.69,3.69,3.69,3.69,5461478799.0,,,2,,CNY,,3,,2023-04-10,
MMIX,RUSFARCNY,2023-04-11,RUSFARCNY,RUSFAR CNY,3.56,3.56,3.56,3.56,4880022292.0,,,2,,CNY,,3,,2023-04-11,
MMIX,RUSFARCNY,2023-04-12,RUSFARCNY,RUSFAR CNY,3.57,3.57,3.57,3.57,5061219095.0,,,2,,CNY,,3,,2023-04-12,
MMIX,RUSFARCNY,2023-04-13,RUSFARCNY,RUSFAR CNY,3.72,3.72,3.72,3.72,5220115606.0,,,2,,CNY,,3,,2023-04-13,
MMIX,RUSFARCNY,2023-04-14,RUSFARCNY,RUSFAR CNY,4.55,4.55,4.55,4.55,4478235777.0,,,2,,CNY,,3,,2023-04-14,
MMIX,RUSFARCNY,2023-04-17,RUSFARCNY,RUSFAR CNY,3.93,3.93,3.93,3.93,4223846691.0,,,2,,CNY,,3,,2023-04-17,
MMIX,RUSFARCNY,2023-04-18,RUSFARCNY,RUSFAR CNY,4.11,4.11,4.11,4.11,4488414165.0,,,2,,CNY,,3,,2023-04-18,
MMIX,RUSFARCNY,2023-04-19,RUSFARCNY,RUSFAR CNY,4.8,4.8,4.8,4.8,4619202078.0,,,2,,CNY,,3,,2023-04-19,
MMIX,RUSFARCNY,2023-04-20,RUSFARCNY,RUSFAR CNY,5.0,5.0,5.0,5.0,4589526692.0,,,2,,CNY,,3,,2023-04-20,
MMIX,RUSFARCNY,2023-04-21,RUSFARCNY,RUSFAR CNY,4.99,4.99,4.99,4.99,4744586668.0,,,2,,CNY,,3,,2023-04-21,
MMIX,RUSFARCNY,2023-04-24,RUSFARCNY,RUSFAR CNY,3.5,3.5,3.5,3.5,3659984908.0,,,2,,CNY,,3,,2023-04-24,
MMIX,RUSFARCNY,2023-04-25,RUSFARCNY,RUSFAR CNY,2.35,2.35,2.35,2.35,4255940027.0,,,2,,CNY,,3,,2023-04-25,
MMIX,RUSFARCNY,2023-04-26,RUSFARCNY,RUSFAR CNY,2.19,2.19,2.19,2.19,4279674041.0,,,2,,CNY,,3,,2023-04-26,
MMIX,RUSFARCNY,2023-04-27,RUSFARCNY,RUSFAR CNY,2.07,2.07,2.07,2.07,4406078035.0,,,2,,CNY,,3,,2023-04-27,
MMIX,RUSFARCNY,2023-04-28,RUSFARCNY,RUSFAR CNY,2.3,2.3,2.3,2.3,4260878167.0,,,2,,CNY,,3,,2023-04-28,
MMIX,RUSFARCNY,2023-05-04,RUSFARCNY,RUSFAR CNY,3.04,3.04,3.04,3.04,4609867095.0,,,2,,CNY,,3,,2023-05-04,
MMIX,RUSFARCNY,2023-05-05,RUSFARCNY,RUSFAR CNY,3.95,3.95,3.95,3.95,5043350879.0,,,2,,CNY,,3,,2023-05-05,
MMIX,RUSFARCNY,2023-05-10,RUSFARCNY,RUSFAR CNY,3.33,3.33,3.33,3.33,4486785322.0,,,2,,CNY,,3,,2023-05-10,
MMIX,RUSFARCNY,2023-05-11,RUSFARCNY,RUSFAR CNY,2.59,2.59,2.59,2.59,4828195820.0,,,2,,CNY,,3,,2023-05-11,
MMIX,RUSFARCNY,2023-05-12,RUSFARCNY,RUSFAR CNY,1.39,1.39,1.39,1.39,3378646327.0,,,2,,CNY,,3,,2023-05-12,
MMIX,RUSFARCNY,2023-05-15,RUSFARCNY,RUSFAR CNY,1.1,1.1,1.1,1.1,2272737014.0,,,2,,CNY,,3,,2023-05-15,
MMIX,RUSFARCNY,2023-05-16,RUSFARCNY,RUSFAR CNY,1.13,1.13,1.13,1.13,3232963565.0,,,2,,CNY,,3,,2023-05-16,
MMIX,RUSFARCNY,2023-05-17,RUSFARCNY,RUSFAR CNY,0.96,0.96,0.96,0.96,3621745130.0,,,2,,CNY,,3,,2023-05-17,
MMIX,RUSFARCNY,2023-05-18,RUSFARCNY,RUSFAR CNY,1.09,1.09,1.09,1.09,3172099678.0,,,2,,CNY,,3,,2023-05-18,
MMIX,RUSFARCNY,2023-05-19,RUSFARCNY,RUSFAR CNY,1.24,1.24,1.24,1.24,3309496855.0,,,2,,CNY,,3,,2023-05-19,
MMIX,RUSFARCNY,2023-05-22,RUSFARCNY,RUSFAR CNY,1.13,1.13,1.13,1.13,3112270688.0,,,2,,CNY,,3,,2023-05-22,
MMIX,RUSFARCNY,2023-05-23,RUSFARCNY,RUSFAR CNY,0.63,0.63,0.63,0.63,2716214718.0,,,2,,CNY,,3,,2023-05-23,
MMIX,RUSFARCNY,2023-05-24,RUSFARCNY,RUSFAR CNY,0.59,0.59,0.59,0.59,2810549255.0,,,2,,CNY,,3,,2023-05-24,
MMIX,RUSFARCNY,2023-05-25,RUSFARCNY,RUSFAR CNY,0.43,0.43,0.43,0.43,3479801632.0,,,2,,CNY,,3,,2023-05-25,
MMIX,RUSFARCNY,2023-05-26,RUSFARCNY,RUSFAR CNY,0.41,0.41,0.41,0.41,2917866203.0,,,2,,CNY,,3,,2023-05-26,
MMIX,RUSFARCNY,2023-05-29,RUSFARCNY,RUSFAR CNY,0.47,0.47,0.47,0.47,3003994971.0,,,2,,CNY,,3,,2023-05-29,
MMIX,RUSFARCNY,2023-05-30,RUSFARCNY,RUSFAR CNY,0.53,0.53,0.53,0.53,3060705418.0,,,2,,CNY,,3,,2023-05-30,
MMIX,RUSFARCNY,2023-05-31,RUSFARCNY,RUSFAR CNY,0.66,0.66,0.66,0.66,3172544744.0,,,2,,CNY,,3,,2023-05-31,
MMIX,RUSFARCNY,2023-06-01,RUSFARCNY,RUSFAR CNY,0.66,0.66,0.66,0.66,2782195517.0,,,2,,CNY,,3,,2023-06-01,
MMIX,RUSFARCNY,2023-06-02,RUSFARCNY,RUSFAR CNY,0.68,0.68,0.68,0.68,3101250924.0,,,2,,CNY,,3,,2023-06-02,
MMIX,RUSFARCNY,2023-06-05,RUSFARCNY,RUSFAR CNY,0.68,0.68,0.68,0.68,2826752419.0,,,2,,CNY,,3,,2023-06-05,
MMIX,RUSFARCNY,2023-06-06,RUSFARCNY,RUSFAR CNY,0.67,0.67,0.67,0.67,3200460468.0,,,2,,CNY,,3,,2023-06-06,
MMIX,RUSFARCNY,2023-06-07,RUSFARCNY,RUSFAR CNY,0.74,0.74,0.74,0.74,3262781748.0,,,2,,CNY,,3,,2023-06-07,
MMIX,RUSFARCNY,2023-06-08,RUSFARCNY,RUSFAR CNY,1.39,1.39,1.39,1.39,3028113807.0,,,2,,CNY,,3,,2023-06-08,
MMIX,RUSFARCNY,2023-06-09,RUSFARCNY,RUSFAR CNY,1.34,1.34,1.34,1.34,3151752331.0,,,2,,CNY,,3,,2023-06-09,
MMIX,RUSFARCNY,2023-06-13,RUSFARCNY,RUSFAR CNY,1.01,1.01,1.01,1.01,3831819449.0,,,2,,CNY,,3,,2023-06-13,
MMIX,RUSFARCNY,2023-06-14,RUSFARCNY,RUSFAR CNY,0.91,0.91,0.91,0.91,4074778797.0,,,2,,CNY,,3,,2023-06-14,
MMIX,RUSFARCNY,2023-06-15,RUSFARCNY,RUSFAR CNY,0.73,0.73,0.73,0.73,3655713125.0,,,2,,CNY,,3,,2023-06-15,
MMIX,RUSFARCNY,2023-06-16,RUSFARCNY,RUSFAR CNY,0.72,0.72,0.72,0.72,3225872107.0,,,2,,CNY,,3,,2023-06-16,
MMIX,RUSFARCNY,2023-06-19,RUSFARCNY,RUSFAR CNY,0.75,0.75,0.75,0.75,3993065126.0,,,2,,CNY,,3,,2023-06-19,
MMIX,RUSFARCNY,2023-06-20,RUSFARCNY,RUSFAR CNY,0.53,0.53,0.53,0.53,3698258496.0,,,2,,CNY,,3,,2023-06-20,
MMIX,RUSFARCNY,2023-06-21,RUSFARCNY,RUSFAR CNY,0.46,0.46,0.46,0.46,3262299149.0,,,2,,CNY,,3,,2023-06-21,
MMIX,RUSFARCNY,2023-06-26,RUSFARCNY,RUSFAR CNY,0.89,0.89,0.89,0.89,3278745333.0,,,2,,CNY,,3,,2023-06-26,
MMIX,RUSFARCNY,2023-06-27,RUSFARCNY,RUSFAR CNY,0.57,0.57,0.57,0.57,3580760222.0,,,2,,CNY,,3,,2023-06-27,
MMIX,RUSFARCNY,2023-06-28,RUSFARCNY,RUSFAR CNY,0.65,0.65,0.65,0.65,3787370176.0,,,2,,CNY,,3,,2023-06-28,
MMIX,RUSFARCNY,2023-06-29,RUSFARCNY,RUSFAR CNY,0.54,0.54,0.54,0.54,2168888889.0,,,2,,CNY,,3,,2023-06-29,
MMIX,RUSFARCNY,2023-06-30,RUSFARCNY,RUSFAR CNY,4.0,4.0,4.0,4.0,2866552386.0,,,2,,CNY,,3,,2023-06-30,
MMIX,RUSFARCNY,2023-07-03,RUSFARCNY,RUSFAR CNY,3.6,3.6,3.6,3.6,2659685992.0,,,2,,CNY,,3,,2023-07-03,
MMIX,RUSFARCNY,2023-07-04,RUSFARCNY,RUSFAR CNY,1.06,1.06,1.06,1.06,2780240680.0,,,2,,CNY,,3,,2023-07-04,
MMIX,RUSFARCNY,2023-07-05,RUSFARCNY,RUSFAR CNY,1.08,1.08,1.08,1.08,2320713498.0,,,2,,CNY,,3,,2023-07-05,
MMIX,RUSFARCNY,2023-07-06,RUSFARCNY,RUSFAR CNY,0.72,0.72,0.72,0.72,2379179147.0,,,2,,CNY,,3,,2023-07-06,
MMIX,RUSFARCNY,2023-07-07,RUSFARCNY,RUSFAR CNY,0.8,0.8,0.8,0.8,1337921943.0,,,2,,CNY,,3,,2023-07-07,
MMIX,RUSFARCNY,2023-07-10,RUSFARCNY,RUSFAR CNY,0.78,0.78,0.78,0.78,2150364671.0,,,2,,CNY,,3,,2023-07-10,
MMIX,RUSFARCNY,2023-07-11,RUSFARCNY,RUSFAR CNY,0.8,0.8,0.8,0.8,2801696430.0,,,2,,CNY,,3,,2023-07-11,
MMIX,RUSFARCNY,2023-07-12,RUSFARCNY,RUSFAR CNY,0.9,0.9,0.9,0.9,2715165857.0,,,2,,CNY,,3,,2023-07-12,
MMIX,RUSFARCNY,2023-07-13,RUSFARCNY,RUSFAR CNY,1.1,1.1,1.1,1.1,4187555420.0,,,2,,CNY,,3,,2023-07-13,
MMIX,RUSFARCNY,2023-07-14,RUSFARCNY,RUSFAR CNY,1.45,1.45,1.45,1.45,3496762585.0,,,2,,CNY,,3,,2023-07-14,
MMIX,RUSFARCNY,2023-07-17,RUSFARCNY,RUSFAR CNY,1.8,1.8,1.8,1.8,3183283862.0,,,2,,CNY,,3,,2023-07-17,
MMIX,RUSFARCNY,2023-07-18,RUSFARCNY,RUSFAR CNY,1.81,1.81,1.81,1.81,3562729143.0,,,2,,CNY,,3,,2023-07-18,
MMIX,RUSFARCNY,2023-07-19,RUSFARCNY,RUSFAR CNY,1.74,1.74,1.74,1.74,3195637420.0,,,2,,CNY,,3,,2023-07-19,
MMIX,RUSFARCNY,2023-07-20,RUSFARCNY,RUSFAR CNY,0.81,0.81,0.81,0.81,2826020764.0,,,2,,CNY,,3,,2023-07-20,
MMIX,RUSFARCNY,2023-07-21,RUSFARCNY,RUSFAR CNY,0.7,0.7,0.7,0.7,3028592776.0,,,2,,CNY,,3,,2023-07-21,
MMIX,RUSFARCNY,2023-07-24,RUSFARCNY,RUSFAR CNY,0.51,0.51,0.51,0.51,2566652427.0,,,2,,CNY,,3,,2023-07-24,
MMIX,RUSFARCNY,2023-07-25,RUSFARCNY,RUSFAR CNY,0.31,0.31,0.31,0.31,3582460891.0,,,2,,CNY,,3,,2023-07-25,
MMIX,RUSFARCNY,2023-07-26,RUSFARCNY,RUSFAR CNY,0.49,0.49,0.49,0.49,2767591940.0,,,2,,CNY,,3,,2023-07-26,
MMIX,RUSFARCNY,2023-07-27,RUSFARCNY,RUSFAR CNY,0.79,0.79,0.79,0.79,2883787534.0,,,2,,CNY,,3,,2023-07-27,
MMIX,RUSFARCNY,2023-07-28,RUSFARCNY,RUSFAR CNY,0.84,0.84,0.84,0.84,2971136773.0,,,2,,CNY,,3,,2023-07-28,
MMIX,RUSFARCNY,2023-07-31,RUSFARCNY,RUSFAR CNY,0.9,0.9,0.9,0.9,2431965767.0,,,2,,CNY,,3,,2023-07-31,
MMIX,RUSFARCNY,2023-08-01,RUSFARCNY,RUSFAR CNY,0.85,0.85,0.85,0.85,2265220518.0,,,2,,CNY,,3,,2023-08-01,
MMIX,RUSFARCNY,2023-08-02,RUSFARCNY,RUSFAR CNY,0.58,0.58,0.58,0.58,1776521754.0,,,2,,CNY,,3,,2023-08-02,
MMIX,RUSFARCNY,2023-08-03,RUSFARCNY,RUSFAR CNY,0.47,0.47,0.47,0.47,2021411551.0,,,2,,CNY,,3,,2023-08-03,
MMIX,RUSFARCNY,2023-08-04,RUSFARCNY,RUSFAR CNY,0.44,0.44,0.44,0.44,2398214069.0,,,2,,CNY,,3,,2023-08-04,
MMIX,RUSFARCNY,2023-08-07,RUSFARCNY,RUSFAR CNY,0.52,0.52,0.52,0.52,2603519734.0,,,2,,CNY,,3,,2023-08-07,
MMIX,RUSFARCNY,2023-08-08,RUSFARCNY,RUSFAR CNY,0.48,0.48,0.48,0.48,1850196527.0,,,2,,CNY,,3,,2023-08-08,
MMIX,RUSFARCNY,2023-08-09,RUSFARCNY,RUSFAR CNY,0.4,0.4,0.4,0.4,2391006592.0,,,2,,CNY,,3,,2023-08-09,
MMIX,RUSFARCNY,2023-08-10,RUSFARCNY,RUSFAR CNY,0.3,0.3,0.3,0.3,1534940901.0,,,2,,CNY,,3,,2023-08-10,
MMIX,RUSFARCNY,2023-08-11,RUSFARCNY,RUSFAR CNY,0.28,0.28,0.28,0.28,1799400525.0,,,2,,CNY,,3,,2023-08-11,
MMIX,RUSFARCNY,2023-08-14,RUSFARCNY,RUSFAR CNY,0.35,0.35,0.35,0.35,1052914335.0,,,2,,CNY,,3,,2023-08-14,
MMIX,RUSFARCNY,2023-08-15,RUSFARCNY,RUSFAR CNY,0.59,0.59,0.59,0.59,1685263722.0,,,2,,CNY,,3,,2023-08-15,
MMIX,RUSFARCNY,2023-08-16,RUSFARCNY,RUSFAR CNY,0.3,0.3,0.3,0.3,1587425995.0,,,2,,CNY,,3,,2023-08-16,
MMIX,RUSFARCNY,2023-08-17,RUSFARCNY,RUSFAR CNY,0.6,0.6,0.6,0.6,2192358298.0,,,2,,CNY,,3,,2023-08-17,
MMIX,RUSFARCNY,2023-08-18,RUSFARCNY,RUSFAR CNY,0.81,0.81,0.81,0.81,2333339465.0,,,2,,CNY,,3,,2023-08-18,
MMIX,RUSFARCNY,2023-08-21,RUSFARCNY,RUSFAR CNY,0.93,0.93,0.93,0.93,2431970491.0,,,2,,CNY,,3,,2023-08-21,
MMIX,RUSFARCNY,2023-08-22,RUSFARCNY,RUSFAR CNY,0.84,0.84,0.84,0.84,2448432207.0,,,2,,CNY,,3,,2023-08-22,
MMIX,RUSFARCNY,2023-08-23,RUSFARCNY,RUSFAR CNY,0.7,0.7,0.7,0.7,2811885809.0,,,2,,CNY,,3,,2023-08-23,
MMIX,RUSFARCNY,2023-08-24,RUSFARCNY,RUSFAR CNY,1.07,1.07,1.07,1.07,2451616715.0,,,2,,CNY,,3,,2023-08-24,
MMIX,RUSFARCNY,2023-08-25,RUSFARCNY,RUSFAR CNY,0.93,0.93,0.93,0.93,2974803782.0,,,2,,CNY,,3,,2023-08-25,
MMIX,RUSFARCNY,2023-08-28,RUSFARCNY,RUSFAR CNY,1.02,1.02,1.02,1.02,1790070804.0,,,2,,CNY,,3,,2023-08-28,
MMIX,RUSFARCNY,2023-08-29,RUSFARCNY,RUSFAR CNY,1.15,1.15,1.15,1.15,2817051733.0,,,2,,CNY,,3,,2023-08-29,
MMIX,RUSFARCNY,2023-08-30,RUSFARCNY,RUSFAR CNY,1.31,1.31,1.31,1.31,2150866506.0,,,2,,CNY,,3,,2023-08-30,
MMIX,RUSFARCNY,2023-08-31,RUSFARCNY,RUSFAR CNY,1.42,1.42,1.42,1.42,1887392582.0,,,2,,CNY,,3,,2023-08-31,
MMIX,RUSFARCNY,2023-09-01,RUSFARCNY,RUSFAR CNY,1.25,1.25,1.25,1.25,3210157293.0,,,2,,CNY,,3,,2023-09-01,
MMIX,RUSFARCNY,2023-09-04,RUSFARCNY,RUSFAR CNY,0.99,0.99,0.99,0.99,3844580650.0,,,2,,CNY,,3,,2023-09-04,
MMIX,RUSFARCNY,2023-09-05,RUSFARCNY,RUSFAR CNY,0.69,0.69,0.69,0.69,3527838707.0,,,2,,CNY,,3,,2023-09-05,
MMIX,RUSFARCNY,2023-09-06,RUSFARCNY,RUSFAR CNY,0.5,0.5,0.5,0.5,3236157260.0,,,2,,CNY,,3,,2023-09-06,
MMIX,RUSFARCNY,2023-09-07,RUSFARCNY,RUSFAR CNY,0.49,0.49,0.49,0.49,2942514571.0,,,2,,CNY,,3,,2023-09-07,
MMIX,RUSFARCNY,2023-09-08,RUSFARCNY,RUSFAR CNY,0.44,0.44,0.44,0.44,4778660674.0,,,2,,CNY,,3,,2023-09-08,
MMIX,RUSFARCNY,2023-09-11,RUSFARCNY,RUSFAR CNY,0.4,0.4,0.4,0.4,3420986884.0,,,2,,CNY,,3,,2023-09-11,
MMIX,RUSFARCNY,2023-09-12,RUSFARCNY,RUSFAR CNY,0.59,0.59,0.59,0.59,4746215391.0,,,2,,CNY,,3,,2023-09-12,
MMIX,RUSFARCNY,2023-09-13,RUSFARCNY,RUSFAR CNY,0.73,0.73,0.73,0.73,3969185001.0,,,2,,CNY,,3,,2023-09-13,
MMIX,RUSFARCNY,2023-09-14,RUSFARCNY,RUSFAR CNY,1.04,1.04,1.04,1.04,2686189108.0,,,2,,CNY,,3,,2023-09-14,
MMIX,RUSFARCNY,2023-09-15,RUSFARCNY,RUSFAR CNY,1.72,1.72,1.72,1.72,3811032667.0,,,2,,CNY,,3,,2023-09-15,
MMIX,RUSFARCNY,2023-09-18,RUSFARCNY,RUSFAR CNY,0.77,0.77,0.77,0.77,3244527913.0,,,2,,CNY,,3,,2023-09-18,
MMIX,RUSFARCNY,2023-09-19,RUSFARCNY,RUSFAR CNY,0.61,0.61,0.61,0.61,2736662842.0,,,2,,CNY,,3,,2023-09-19,
MMIX,RUSFARCNY,2023-09-20,RUSFARCNY,RUSFAR CNY,0.68,0.68,0.68,0.68,2720229391.0,,,2,,CNY,,3,,2023-09-20,
MMIX,RUSFARCNY,2023-09-21,RUSFARCNY,RUSFAR CNY,0.59,0.59,0.59,0.59,2288556754.0,,,2,,CNY,,3,,2023-09-21,
MMIX,RUSFARCNY,2023-09-22,RUSFARCNY,RUSFAR CNY,0.48,0.48,0.48,0.48,3032209464.0,,,2,,CNY,,3,,2023-09-22,
MMIX,RUSFARCNY,2023-09-25,RUSFARCNY,RUSFAR CNY,0.35,0.35,0.35,0.35,3548373229.0,,,2,,CNY,,3,,2023-09-25,
MMIX,RUSFARCNY,2023-09-26,RUSFARCNY,RUSFAR CNY,0.3,0.3,0.3,0.3,2521130912.0,,,2,,CNY,,3,,2023-09-26,
MMIX,RUSFARCNY,2023-09-27,RUSFARCNY,RUSFAR CNY,0.41,0.41,0.41,0.41,2227812736.0,,,2,,CNY,,3,,2023-09-27,
MMIX,RUSFARCNY,2023-09-28,RUSFARCNY,RUSFAR CNY,1.78,1.78,1.78,1.78,1783399626.0,,,2,,CNY,,3,,2023-09-28,
MMIX,RUSFARCNY,2023-10-09,RUSFARCNY,RUSFAR CNY,1.6,1.6,1.6,1.6,1682290609.0,,,2,,CNY,,3,,2023-10-09,
MMIX,RUSFARCNY,2023-10-10,RUSFARCNY,RUSFAR CNY,1.79,1.79,1.79,1.79,1581833480.0,,,2,,CNY,,3,,2023-10-10,
MMIX,RUSFARCNY,2023-10-11,RUSFARCNY,RUSFAR CNY,1.27,1.27,1.27,1.27,1328171660.0,,,2,,CNY,,3,,2023-10-11,
MMIX,RUSFARCNY,2023-10-12,RUSFARCNY,RUSFAR CNY,1.07,1.07,1.07,1.07,1712627761.0,,,2,,CNY,,3,,2023-10-12,
MMIX,RUSFARCNY,2023-10-13,RUSFARCNY,RUSFAR CNY,1.15,1.15,1.15,1.15,1756203478.0,,,2,,CNY,,3,,2023-10-13,
MMIX,RUSFARCNY,2023-10-16,RUSFARCNY,RUSFAR CNY,0.88,0.88,0.88,0.88,2659488926.0,,,2,,CNY,,3,,2023-10-16,
MMIX,RUSFARCNY,2023-10-17,RUSFARCNY,RUSFAR CNY,0.94,0.94,0.94,0.94,2675661120.0,,,2,,CNY,,3,,2023-10-17,
MMIX,RUSFARCNY,2023-10-18,RUSFARCNY,RUSFAR CNY,0.98,0.98,0.98,0.98,3580517442.0,,,2,,CNY,,3,,2023-10-18,
MMIX,RUSFARCNY,2023-10-19,RUSFARCNY,RUSFAR CNY,1.17,1.17,1.17,1.17,1776378117.0,,,2,,CNY,,3,,2023-10-19,
MMIX,RUSFARCNY,2023-10-20,RUSFARCNY,RUSFAR CNY,1.41,1.41,1.41,1.41,2723317783.0,,,2,,CNY,,3,,2023-10-20,
MMIX,RUSFARCNY,2023-10-23,RUSFARCNY,RUSFAR CNY,1.44,1.44,1.44,1.44,2215417203.0,,,2,,CNY,,3,,2023-10-23,
MMIX,RUSFARCNY,2023-10-24,RUSFARCNY,RUSFAR CNY,1.28,1.28,1.28,1.28,3630479007.0,,,2,,CNY,,3,,2023-10-24,
MMIX,RUSFARCNY,2023-10-25,RUSFARCNY,RUSFAR CNY,1.12,1.12,1.12,1.12,3139696154.0,,,2,,CNY,,3,,2023-10-25,
MMIX,RUSFARCNY,2023-10-26,RUSFARCNY,RUSFAR CNY,0.99,0.99,0.99,0.99,2275311661.0,,,2,,CNY,,3,,2023-10-26,
MMIX,RUSFARCNY,2023-10-27,RUSFARCNY,RUSFAR CNY,0.94,0.94,0.94,0.94,1891652835.0,,,2,,CNY,,3,,2023-10-27,
MMIX,RUSFARCNY,2023-10-30,RUSFARCNY,RUSFAR CNY,1.07,1.07,1.07,1.07,1537487166.0,,,2,,CNY,,3,,2023-10-30,
MMIX,RUSFARCNY,2023-10-31,RUSFARCNY,RUSFAR CNY,1.7,1.7,1.7,1.7,1616179220.0,,,2,,CNY,,3,,2023-10-31,
MMIX,RUSFARCNY,2023-11-01,RUSFARCNY,RUSFAR CNY,2.12,2.12,2.12,2.12,2824291965.0,,,2,,CNY,,3,,2023-11-01,
MMIX,RUSFARCNY,2023-11-02,RUSFARCNY,RUSFAR CNY,2.0,2.0,2.0,2.0,2793876549.0,,,2,,CNY,,3,,2023-11-02,
MMIX,RUSFARCNY,2023-11-03,RUSFARCNY,RUSFAR CNY,1.34,1.34,1.34,1.34,2212972655.0,,,2,,CNY,,3,,2023-11-03,
MMIX,RUSFARCNY,2023-11-07,RUSFARCNY,RUSFAR CNY,0.82,0.82,0.82,0.82,2740047812.0,,,2,,CNY,,3,,2023-11-07,
MMIX,RUSFARCNY,2023-11-08,RUSFARCNY,RUSFAR CNY,0.46,0.46,0.46,0.46,3206140974.0,,,2,,CNY,,3,,2023-11-08,
MMIX,RUSFARCNY,2023-11-09,RUSFARCNY,RUSFAR CNY,0.37,0.37,0.37,0.37,3562925339.0,,,2,,CNY,,3,,2023-11-09,
MMIX,RUSFARCNY,2023-11-10,RUSFARCNY,RUSFAR CNY,0.43,0.43,0.43,0.43,4594239257.0,,,2,,CNY,,3,,2023-11-10,
MMIX,RUSFARCNY,2023-11-13,RUSFARCNY,RUSFAR CNY,0.41,0.41,0.41,0.41,4082991595.0,,,2,,CNY,,3,,2023-11-13,
MMIX,RUSFARCNY,2023-11-14,RUSFARCNY,RUSFAR CNY,0.24,0.24,0.24,0.24,5036929324.0,,,2,,CNY,,3,,2023-11-14,
MMIX,RUSFARCNY,2023-11-15,RUSFARCNY,RUSFAR CNY,0.2,0.2,0.2,0.2,5808134719.0,,,2,,CNY,,3,,2023-11-15,
MMIX,RUSFARCNY,2023-11-16,RUSFARCNY,RUSFAR CNY,0.26,0.26,0.26,0.26,5407024395.0,,,2,,CNY,,3,,2023-11-16,
MMIX,RUSFARCNY,2023-11-17,RUSFARCNY,RUSFAR CNY,0.72,0.72,0.72,0.72,6424790446.0,,,2,,CNY,,3,,2023-11-17,
MMIX,RUSFARCNY,2023-11-20,RUSFARCNY,RUSFAR CNY,0.75,0.75,0.75,0.75,5284529367.0,,,2,,CNY,,3,,2023-11-20,
MMIX,RUSFARCNY,2023-11-21,RUSFARCNY,RUSFAR CNY,0.68,0.68,0.68,0.68,3920892358.0,,,2,,CNY,,3,,2023-11-21,
MMIX,RUSFARCNY,2023-11-22,RUSFARCNY,RUSFAR CNY,0.51,0.51,0.51,0.51,4569967005.0,,,2,,CNY,,3,,2023-11-22,
MMIX,RUSFARCNY,2023-11-23,RUSFARCNY,RUSFAR CNY,0.41,0.41,0.41,0.41,1946600838.0,,,2,,CNY,,3,,2023-11-23,
MMIX,RUSFARCNY,2023-11-24,RUSFARCNY,RUSFAR CNY,0.4,0.4,0.4,0.4,2311957812.0,,,2,,CNY,,3,,2023-11-24,
MMIX,RUSFARCNY,2023-11-27,RUSFARCNY,RUSFAR CNY,0.46,0.46,0.46,0.46,2401043617.0,,,2,,CNY,,3,,2023-11-27,
MMIX,RUSFARCNY,2023-11-28,RUSFARCNY,RUSFAR CNY,0.54,0.54,0.54,0.54,2312516437.0,,,2,,CNY,,3,,2023-11-28,
MMIX,RUSFARCNY,2023-11-29,RUSFARCNY,RUSFAR CNY,0.64,0.64,0.64,0.64,2432092635.0,,,2,,CNY,,3,,2023-11-29,
MMIX,RUSFARCNY,2023-11-30,RUSFARCNY,RUSFAR CNY,1.26,1.26,1.26,1.26,1429801116.0,,,2,,CNY,,3,,2023-11-30,
MMIX,RUSFARCNY,2023-12-01,RUSFARCNY,RUSFAR CNY,1.47,1.47,1.47,1.47,2848014060.0,,,2,,CNY,,3,,2023-12-01,
MMIX,RUSFARCNY,2023-12-04,RUSFARCNY,RUSFAR CNY,0.51,0.51,0.51,0.51,2506737058.0,,,2,,CNY,,3,,2023-12-04,
MMIX,RUSFARCNY,2023-12-05,RUSFARCNY,RUSFAR CNY,0.54,0.54,0.54,0.54,2848871510.0,,,2,,CNY,,3,,2023-12-05,
MMIX,RUSFARCNY,2023-12-06,RUSFARCNY,RUSFAR CNY,0.45,0.45,0.45,0.45,3249956052.0,,,2,,CNY,,3,,2023-12-06,
MMIX,RUSFARCNY,2023-12-07,RUSFARCNY,RUSFAR CNY,0.48,0.48,0.48,0.48,2930049067.0,,,2,,CNY,,3,,2023-12-07,
MMIX,RUSFARCNY,2023-12-08,RUSFARCNY,RUSFAR CNY,0.57,0.57,0.57,0.57,3497385713.0,,,2,,CNY,,3,,2023-12-08,
MMIX,RUSFARCNY,2023-12-11,RUSFARCNY,RUSFAR CNY,0.9,0.9,0.9,0.9,4922910805.0,,,2,,CNY,,3,,2023-12-11,
MMIX,RUSFARCNY,2023-12-12,RUSFARCNY,RUSFAR CNY,0.85,0.85,0.85,0.85,2509600848.0,,,2,,CNY,,3,,2023-12-12,
MMIX,RUSFARCNY,2023-12-13,RUSFARCNY,RUSFAR CNY,1.17,1.17,1.17,1.17,1799148807.0,,,2,,CNY,,3,,2023-12-13,
MMIX,RUSFARCNY,2023-12-14,RUSFARCNY,RUSFAR CNY,1.08,1.08,1.08,1.08,1802458146.0,,,2,,CNY,,3,,2023-12-14,
MMIX,RUSFARCNY,2023-12-15,RUSFARCNY,RUSFAR CNY,0.6,0.6,0.6,0.6,1389430568.0,,,2,,CNY,,3,,2023-12-15,
MMIX,RUSFARCNY,2023-12-18,RUSFARCNY,RUSFAR CNY,0.31,0.31,0.31,0.31,1215323224.0,,,2,,CNY,,3,,2023-12-18,
MMIX,RUSFARCNY,2023-12-19,RUSFARCNY,RUSFAR CNY,0.47,0.47,0.47,0.47,1138130630.0,,,2,,CNY,,3,,2023-12-19,
MMIX,RUSFARCNY,2023-12-20,RUSFARCNY,RUSFAR CNY,2.65,2.65,2.65,2.65,2420302504.0,,,2,,CNY,,3,,2023-12-20,
MMIX,RUSFARCNY,2023-12-21,RUSFARCNY,RUSFAR CNY,4.24,4.24,4.24,4.24,2073033210.0,,,2,,CNY,,3,,2023-12-21,
MMIX,RUSFARCNY,2023-12-22,RUSFARCNY,RUSFAR CNY,2.28,2.28,2.28,2.28,2880308865.0,,,2,,CNY,,3,,2023-12-22,
MMIX,RUSFARCNY,2023-12-25,RUSFARCNY,RUSFAR CNY,1.54,1.54,1.54,1.54,2750354157.0,,,2,,CNY,,3,,2023-12-25,
MMIX,RUSFARCNY,2023-12-26,RUSFARCNY,RUSFAR CNY,1.05,1.05,1.05,1.05,2034983935.0,,,2,,CNY,,3,,2023-12-26,
MMIX,RUSFARCNY,2023-12-27,RUSFARCNY,RUSFAR CNY,0.87,0.87,0.87,0.87,1434281858.0,,,2,,CNY,,3,,2023-12-27,
MMIX,RUSFARCNY,2023-12-28,RUSFARCNY,RUSFAR CNY,4.37,4.37,4.37,4.37,1256569885.0,,,2,,CNY,,3,,2023-12-28,
MMIX,RUSFARCNY,2024-01-09,RUSFARCNY,RUSFAR CNY,2.77,2.77,2.77,2.77,2320641676.0,,,2,,CNY,,3,,2024-01-09,
MMIX,RUSFARCNY,2024-01-10,RUSFARCNY,RUSFAR CNY,1.09,1.09,1.09,1.09,4143659466.0,,,2,,CNY,,3,,2024-01-10,
MMIX,RUSFARCNY,2024-01-11,RUSFARCNY,RUSFAR CNY,0.28,0.28,0.28,0.28,1503460230.0,,,2,,CNY,,3,,2024-01-11,
MMIX,RUSFARCNY,2024-01-12,RUSFARCNY,RUSFAR CNY,0.18,0.18,0.18,0.18,2147568350.0,,,2,,CNY,,3,,2024-01-12,
MMIX,RUSFARCNY,2024-01-15,RUSFARCNY,RUSFAR CNY,0.5,0.5,0.5,0.5,3960504880.0,,,2,,CNY,,3,,2024-01-15,
MMIX,RUSFARCNY,2024-01-16,RUSFARCNY,RUSFAR CNY,0.32,0.32,0.32,0.32,2560867350.0,,,2,,CNY,,3,,2024-01-16,
MMIX,RUSFARCNY,2024-01-17,RUSFARCNY,RUSFAR CNY,2.4,2.4,2.4,2.4,4219279826.0,,,2,,CNY,,3,,2024-01-17,
MMIX,RUSFARCNY,2024-01-18,RUSFARCNY,RUSFAR CNY,2.07,2.07,2.07,2.07,3410907553.0,,,2,,CNY,,3,,2024-01-18,
MMIX,RUSFARCNY,2024-01-19,RUSFARCNY,RUSFAR CNY,2.18,2.18,2.18,2.18,4763541040.0,,,2,,CNY,,3,,2024-01-19,
MMIX,RUSFARCNY,2024-01-22,RUSFARCNY,RUSFAR CNY,3.26,3.26,3.26,3.26,4801268181.0,,,2,,CNY,,3,,2024-01-22,
MMIX,RUSFARCNY,2024-01-23,RUSFARCNY,RUSFAR CNY,4.27,4.27,4.27,4.27,5183222299.0,,,2,,CNY,,3,,2024-01-23,
MMIX,RUSFARCNY,2024-01-24,RUSFARCNY,RUSFAR CNY,3.25,3.25,3.25,3.25,4567366407.0,,,2,,CNY,,3,,2024-01-24,
MMIX,RUSFARCNY,2024-01-25,RUSFARCNY,RUSFAR CNY,3.46,3.46,3.46,3.46,3894749364.0,,,2,,CNY,,3,,2024-01-25,
MMIX,RUSFARCNY,2024-01-26,RUSFARCNY,RUSFAR CNY,3.56,3.56,3.56,3.56,2812628237.0,,,2,,CNY,,3,,2024-01-26,
MMIX,RUSFARCNY,2024-01-29,RUSFARCNY,RUSFAR CNY,4.58,4.58,4.58,4.58,3251917515.0,,,2,,CNY,,3,,2024-01-29,
MMIX,RUSFARCNY,2024-01-30,RUSFARCNY,RUSFAR CNY,4.87,4.87,4.87,4.87,3001775976.0,,,2,,CNY,,3,,2024-01-30,
MMIX,RUSFARCNY,2024-01-31,RUSFARCNY,RUSFAR CNY,7.34,7.34,7.34,7.34,3860532969.0,,,2,,CNY,,3,,2024-01-31,
MMIX,RUSFARCNY,2024-02-01,RUSFARCNY,RUSFAR CNY,5.67,5.67,5.67,5.67,2292321047.0,,,2,,CNY,,3,,2024-02-01,
MMIX,RUSFARCNY,2024-02-02,RUSFARCNY,RUSFAR CNY,3.68,3.68,3.68,3.68,3992388817.0,,,2,,CNY,,3,,2024-02-02,
MMIX,RUSFARCNY,2024-02-05,RUSFARCNY,RUSFAR CNY,4.41,4.41,4.41,4.41,1802269970.0,,,2,,CNY,,3,,2024-02-05,
MMIX,RUSFARCNY,2024-02-06,RUSFARCNY,RUSFAR CNY,5.04,5.04,5.04,5.04,2241010341.0,,,2,,CNY,,3,,2024-02-06,
MMIX,RUSFARCNY,2024-02-07,RUSFARCNY,RUSFAR CNY,5.15,5.15,5.15,5.15,2596751016.0,,,2,,CNY,,3,,2024-02-07,
MMIX,RUSFARCNY,2024-02-08,RUSFARCNY,RUSFAR CNY,4.63,4.63,4.63,4.63,2261381523.0,,,2,,CNY,,3,,2024-02-08,
MMIX,RUSFARCNY,2024-02-09,RUSFARCNY,RUSFAR CNY,3.96,3.96,3.96,3.96,1847136374.0,,,2,,CNY,,3,,2024-02-09,
MMIX,RUSFARCNY,2024-02-19,RUSFARCNY,RUSFAR CNY,2.86,2.86,2.86,2.86,4203079842.0,,,2,,CNY,,3,,2024-02-19,
MMIX,RUSFARCNY,2024-02-20,RUSFARCNY,RUSFAR CNY,1.78,1.78,1.78,1.78,2430849938.0,,,2,,CNY,,3,,2024-02-20,
MMIX,RUSFARCNY,2024-02-21,RUSFARCNY,RUSFAR CNY,3.43,3.43,3.43,3.43,2937509274.0,,,2,,CNY,,3,,2024-02-21,
MMIX,RUSFARCNY,2024-02-22,RUSFARCNY,RUSFAR CNY,3.14,3.14,3.14,3.14,2875579521.0,,,2,,CNY,,3,,2024-02-22,
MMIX,RUSFARCNY,2024-02-26,RUSFARCNY,RUSFAR CNY,3.19,3.19,3.19,3.19,3830647531.0,,,2,,CNY,,3,,2024-02-26,
MMIX,RUSFARCNY,2024-02-27,RUSFARCNY,RUSFAR CNY,3.18,3.18,3.18,3.18,4405784136.0,,,2,,CNY,,3,,2024-02-27,
MMIX,RUSFARCNY,2024-02-28,RUSFARCNY,RUSFAR CNY,4.62,4.62,4.62,4.62,1536077447.0,,,2,,CNY,,3,,2024-02-28,
MMIX,RUSFARCNY,2024-02-29,RUSFARCNY,RUSFAR CNY,9.59,9.59,9.59,9.59,2380949472.0,,,2,,CNY,,3,,2024-02-29,
MMIX,RUSFARCNY,2024-03-01,RUSFARCNY,RUSFAR CNY,13.1,13.1,13.1,13.1,2826834709.0,,,2,,CNY,,3,,2024-03-01,
MMIX,RUSFARCNY,2024-03-04,RUSFARCNY,RUSFAR CNY,3.46,3.46,3.46,3.46,4041841899.0,,,2,,CNY,,3,,2024-03-04,
MMIX,RUSFARCNY,2024-03-05,RUSFARCNY,RUSFAR CNY,4.25,4.25,4.25,4.25,3900547811.0,,,2,,CNY,,3,,2024-03-05,
MMIX,RUSFARCNY,2024-03-06,RUSFARCNY,RUSFAR CNY,5.21,5.21,5.21,5.21,4235879795.0,,,2,,CNY,,3,,2024-03-06,
MMIX,RUSFARCNY,2024-03-07,RUSFARCNY,RUSFAR CNY,5.8,5.8,5.8,5.8,4236949823.0,,,2,,CNY,,3,,2024-03-07,
MMIX,RUSFARCNY,2024-03-11,RUSFARCNY,RUSFAR CNY,5.25,5.25,5.25,5.25,3762374216.0,,,2,,CNY,,3,,2024-03-11,
MMIX,RUSFARCNY,2024-03-12,RUSFARCNY,RUSFAR CNY,4.68,4.68,4.68,4.68,4870155277.0,,,2,,CNY,,3,,2024-03-12,
MMIX,RUSFARCNY,2024-03-13,RUSFARCNY,RUSFAR CNY,4.3,4.3,4.3,4.3,3985104034.0,,,2,,CNY,,3,,2024-03-13,
MMIX,RUSFARCNY,2024-03-14,RUSFARCNY,RUSFAR CNY,4.29,4.29,4.29,4.29,2844570172.0,,,2,,CNY,,3,,2024-03-14,
MMIX,RUSFARCNY,2024-03-15,RUSFARCNY,RUSFAR CNY,3.03,3.03,3.03,3.03,3545633082.0,,,2,,CNY,,3,,2024-03-15,
MMIX,RUSFARCNY,2024-03-18,RUSFARCNY,RUSFAR CNY,3.13,3.13,3.13,3.13,2305990016.0,,,2,,CNY,,3,,2024-03-18,
MMIX,RUSFARCNY,2024-03-19,RUSFARCNY,RUSFAR CNY,3.32,3.32,3.32,3.32,4897449114.0,,,2,,CNY,,3,,2024-03-19,
MMIX,RUSFARCNY,2024-03-20,RUSFARCNY,RUSFAR CNY,2.92,2.92,2.92,2.92,6612230245.0,,,2,,CNY,,3,,2024-03-20,
MMIX,RUSFARCNY,2024-03-21,RUSFARCNY,RUSFAR CNY,2.55,2.55,2.55,2.55,7481268904.0,,,2,,CNY,,3,,2024-03-21,
MMIX,RUSFARCNY,2024-03-22,RUSFARCNY,RUSFAR CNY,1.11,1.11,1.11,1.11,5111270996.0,,,2,,CNY,,3,,2024-03-22,
MMIX,RUSFARCNY,2024-03-25,RUSFARCNY,RUSFAR CNY,1.57,1.57,1.57,1.57,2831242275.0,,,2,,CNY,,3,,2024-03-25,
MMIX,RUSFARCNY,2024-03-26,RUSFARCNY,RUSFAR CNY,1.19,1.19,1.19,1.19,3029834826.0,,,2,,CNY,,3,,2024-03-26,
MMIX,RUSFARCNY,2024-03-27,RUSFARCNY,RUSFAR CNY,1.21,1.21,1.21,1.21,1961519193.0,,,2,,CNY,,3,,2024-03-27,
MMIX,RUSFARCNY,2024-03-28,RUSFARCNY,RUSFAR CNY,2.28,2.28,2.28,2.28,2175243224.0,,,2,,CNY,,3,,2024-03-28,
MMIX,RUSFARCNY,2024-03-29,RUSFARCNY,RUSFAR CNY,5.1,5.1,5.1,5.1,2561021914.0,,,2,,CNY,,3,,2024-03-29,
MMIX,RUSFARCNY,2024-04-01,RUSFARCNY,RUSFAR CNY,1.35,1.35,1.35,1.35,2636423240.0,,,2,,CNY,,3,,2024-04-01,
MMIX,RUSFARCNY,2024-04-02,RUSFARCNY,RUSFAR CNY,1.38,1.38,1.38,1.38,3354311027.0,,,2,,CNY,,3,,2024-04-02,
MMIX,RUSFARCNY,2024-04-03,RUSFARCNY,RUSFAR CNY,4.42,4.42,4.42,4.42,4174356248.0,,,2,,CNY,,3,,2024-04-03,
MMIX,RUSFARCNY,2024-04-08,RUSFARCNY,RUSFAR CNY,3.93,3.93,3.93,3.93,4297160595.0,,,2,,CNY,,3,,2024-04-08,
MMIX,RUSFARCNY,2024-04-09,RUSFARCNY,RUSFAR CNY,2.86,2.86,2.86,2.86,3339505882.0,,,2,,CNY,,3,,2024-04-09,
MMIX,RUSFARCNY,2024-04-10,RUSFARCNY,RUSFAR CNY,1.65,1.65,1.65,1.65,2648301142.0,,,2,,CNY,,3,,2024-04-10,
MMIX,RUSFARCNY,2024-04-11,RUSFARCNY,RUSFAR CNY,1.99,1.99,1.99,1.99,2874805832.0,,,2,,CNY,,3,,2024-04-11,
MMIX,RUSFARCNY,2024-04-12,RUSFARCNY,RUSFAR CNY,3.41,3.41,3.41,3.41,2265466847.0,,,2,,CNY,,3,,2024-04-12,
MMIX,RUSFARCNY,2024-04-15,RUSFARCNY,RUSFAR CNY,3.14,3.14,3.14,3.14,2574245387.0,,,2,,CNY,,3,,2024-04-15,
MMIX,RUSFARCNY,2024-04-16,RUSFARCNY,RUSFAR CNY,2.68,2.68,2.68,2.68,2201303764.0,,,2,,CNY,,3,,2024-04-16,
MMIX,RUSFARCNY,2024-04-17,RUSFARCNY,RUSFAR CNY,2.87,2.87,2.87,2.87,3217063536.0,,,2,,CNY,,3,,2024-04-17,
MMIX,RUSFARCNY,2024-04-18,RUSFARCNY,RUSFAR CNY,3.39,3.39,3.39,3.39,3658433514.0,,,2,,CNY,,3,,2024-04-18,
MMIX,RUSFARCNY,2024-04-19,RUSFARCNY,RUSFAR CNY,4.73,4.73,4.73,4.73,3043271298.0,,,2,,CNY,,3,,2024-04-19,
MMIX,RUSFARCNY,2024-04-22,RUSFARCNY,RUSFAR CNY,3.34,3.34,3.34,3.34,2554873587.0,,,2,,CNY,,3,,2024-04-22,
MMIX,RUSFARCNY,2024-04-23,RUSFARCNY,RUSFAR CNY,2.41,2.41,2.41,2.41,1958640324.0,,,2,,CNY,,3,,2024-04-23,
MMIX,RUSFARCNY,2024-04-24,RUSFARCNY,RUSFAR CNY,2.17,2.17,2.17,2.17,1656958617.0,,,2,,CNY,,3,,2024-04-24,
MMIX,RUSFARCNY,2024-04-25,RUSFARCNY,RUSFAR CNY,3.46,3.46,3.46,3.46,1443459688.0,,,2,,CNY,,3,,2024-04-25,
MMIX,RUSFARCNY,2024-04-26,RUSFARCNY,RUSFAR CNY,6.49,6.49,6.49,6.49,1625973057.0,,,2,,CNY,,3,,2024-04-26,
MMIX,RUSFARCNY,2024-05-06,RUSFARCNY,RUSFAR CNY,3.34,3.34,3.34,3.34,1510486161.0,,,2,,CNY,,3,,2024-05-06,
MMIX,RUSFARCNY,2024-05-07,RUSFARCNY,RUSFAR CNY,1.17,1.17,1.17,1.17,2179031045.0,,,2,,CNY,,3,,2024-05-07,
MMIX,RUSFARCNY,2024-05-08,RUSFARCNY,RUSFAR CNY,1.14,1.14,1.14,1.14,1823240502.0,,,2,,CNY,,3,,2024-05-08,
MMIX,RUSFARCNY,2024-05-13,RUSFARCNY,RUSFAR CNY,1.31,1.31,1.31,1.31,2693495404.0,,,2,,CNY,,3,,2024-05-13,
MMIX,RUSFARCNY,2024-05-14,RUSFARCNY,RUSFAR CNY,1.28,1.28,1.28,1.28,2570484830.0,,,2,,CNY,,3,,2024-05-14,
MMIX,RUSFARCNY,2024-05-15,RUSFARCNY,RUSFAR CNY,2.49,2.49,2.49,2.49,5670425722.0,,,2,,CNY,,3,,2024-05-15,
MMIX,RUSFARCNY,2024-05-16,RUSFARCNY,RUSFAR CNY,3.01,3.01,3.01,3.01,6231543115.0,,,2,,CNY,,3,,2024-05-16,
MMIX,RUSFARCNY,2024-05-17,RUSFARCNY,RUSFAR CNY,4.93,4.93,4.93,4.93,4994144075.0,,,2,,CNY,,3,,2024-05-17,
MMIX,RUSFARCNY,2024-05-20,RUSFARCNY,RUSFAR CNY,2.9,2.9,2.9,2.9,3611227320.0,,,2,,CNY,,3,,2024-05-20,
MMIX,RUSFARCNY,2024-05-21,RUSFARCNY,RUSFAR CNY,3.73,3.73,3.73,3.73,4449996924.0,,,2,,CNY,,3,,2024-05-21,
MMIX,RUSFARCNY,2024-05-22,RUSFARCNY,RUSFAR CNY,2.25,2.25,2.25,2.25,4177007526.0,,,2,,CNY,,3,,2024-05-22,
MMIX,RUSFARCNY,2024-05-23,RUSFARCNY,RUSFAR CNY,1.03,1.03,1.03,1.03,2883531236.0,,,2,,CNY,,3,,2024-05-23,
MMIX,RUSFARCNY,2024-05-24,RUSFARCNY,RUSFAR CNY,0.98,0.98,0.98,0.98,3731246415.0,,,2,,CNY,,3,,2024-05-24,
MMIX,RUSFARCNY,2024-05-27,RUSFARCNY,RUSFAR CNY,0.73,0.73,0.73,0.73,2187805361.0,,,2,,CNY,,3,,2024-05-27,
MMIX,RUSFARCNY,2024-05-28,RUSFARCNY,RUSFAR CNY,1.97,1.97,1.97,1.97,1582935260.0,,,2,,CNY,,3,,2024-05-28,
MMIX,RUSFARCNY,2024-05-29,RUSFARCNY,RUSFAR CNY,1.16,1.16,1.16,1.16,1492072019.0,,,2,,CNY,,3,,2024-05-29,
MMIX,RUSFARCNY,2024-05-30,RUSFARCNY,RUSFAR CNY,1.91,1.91,1.91,1.91,1766119804.0,,,2,,CNY,,3,,2024-05-30,
MMIX,RUSFARCNY,2024-05-31,RUSFARCNY,RUSFAR CNY,3.83,3.83,3.83,3.83,2827410573.0,,,2,,CNY,,3,,2024-05-31,
MMIX,RUSFARCNY,2024-06-03,RUSFARCNY,RUSFAR CNY,2.04,2.04,2.04,2.04,2177924703.0,,,2,,CNY,,3,,2024-06-03,
MMIX,RUSFARCNY,2024-06-04,RUSFARCNY,RUSFAR CNY,1.87,1.87,1.87,1.87,2840691439.0,,,2,,CNY,,3,,2024-06-04,
MMIX,RUSFARCNY,2024-06-05,RUSFARCNY,RUSFAR CNY,1.06,1.06,1.06,1.06,1990267515.0,,,2,,CNY,,3,,2024-06-05,
MMIX,RUSFARCNY,2024-06-06,RUSFARCNY,RUSFAR CNY,1.03,1.03,1.03,1.03,2393931961.0,,,2,,CNY,,3,,2024-06-06,
MMIX,RUSFARCNY,2024-06-07,RUSFARCNY,RUSFAR CNY,1.16,1.16,1.16,1.16,2931136054.0,,,2,,CNY,,3,,2024-06-07,
MMIX,RUSFARCNY,2024-06-11,RUSFARCNY,RUSFAR CNY,1.33,1.33,1.33,1.33,2822008232.0,,,2,,CNY,,3,,2024-06-11,
MMIX,RUSFARCNY,2024-06-13,RUSFARCNY,RUSFAR CNY,26.89,26.89,26.89,26.89,2684657434.0,,,2,,CNY,,3,,2024-06-13,
MMIX,RUSFARCNY,2024-06-14,RUSFARCNY,RUSFAR CNY,6.03,6.03,6.03,6.03,3978355308.0,,,2,,CNY,,3,,2024-06-14,
MMIX,RUSFARCNY,2024-06-17,RUSFARCNY,RUSFAR CNY,5.6,5.6,5.6,5.6,4084764612.0,,,2,,CNY,,3,,2024-06-17,
MMIX,RUSFARCNY,2024-06-18,RUSFARCNY,RUSFAR CNY,5.44,5.44,5.44,5.44,3362167774.0,,,2,,CNY,,3,,2024-06-18,
MMIX,RUSFARCNY,2024-06-19,RUSFARCNY,RUSFAR CNY,5.75,5.75,5.75,5.75,4632183699.0,,,2,,CNY,,3,,2024-06-19,
MMIX,RUSFARCNY,2024-06-20,RUSFARCNY,RUSFAR CNY,5.51,5.51,5.51,5.51,4360576793.0,,,2,,CNY,,3,,2024-06-20,
MMIX,RUSFARCNY,2024-06-21,RUSFARCNY,RUSFAR CNY,7.35,7.35,7.35,7.35,4700605910.0,,,2,,CNY,,3,,2024-06-21,
MMIX,RUSFARCNY,2024-06-24,RUSFARCNY,RUSFAR CNY,6.57,6.57,6.57,6.57,2369296988.0,,,2,,CNY,,3,,2024-06-24,
MMIX,RUSFARCNY,2024-06-25,RUSFARCNY,RUSFAR CNY,5.57,5.57,5.57,5.57,2619423429.0,,,2,,CNY,,3,,2024-06-25,
MMIX,RUSFARCNY,2024-06-26,RUSFARCNY,RUSFAR CNY,4.55,4.55,4.55,4.55,2358588438.0,,,2,,CNY,,3,,2024-06-26,
MMIX,RUSFARCNY,2024-06-27,RUSFARCNY,RUSFAR CNY,5.41,5.41,5.41,5.41,2283006761.0,,,2,,CNY,,3,,2024-06-27,
MMIX,RUSFARCNY,2024-06-28,RUSFARCNY,RUSFAR CNY,6.02,6.02,6.02,6.02,4100736561.0,,,2,,CNY,,3,,2024-06-28,
MMIX,RUSFARCNY,2024-07-01,RUSFARCNY,RUSFAR CNY,6.66,6.66,6.66,6.66,3095809686.0,,,2,,CNY,,3,,2024-07-01,
MMIX,RUSFARCNY,2024-07-02,RUSFARCNY,RUSFAR CNY,7.68,7.68,7.68,7.68,3187083395.0,,,2,,CNY,,3,,2024-07-02,
MMIX,RUSFARCNY,2024-07-03,RUSFARCNY,RUSFAR CNY,9.81,9.81,9.81,9.81,3664074130.0,,,2,,CNY,,3,,2024-07-03,
MMIX,RUSFARCNY,2024-07-04,RUSFARCNY,RUSFAR CNY,6.47,6.47,6.47,6.47,3204168726.0,,,2,,CNY,,3,,2024-07-04,
MMIX,RUSFARCNY,2024-07-05,RUSFARCNY,RUSFAR CNY,6.17,6.17,6.17,6.17,3238229744.0,,,2,,CNY,,3,,2024-07-05,
MMIX,RUSFARCNY,2024-07-08,RUSFARCNY,RUSFAR CNY,5.71,5.71,5.71,5.71,3735500138.0,,,2,,CNY,,3,,2024-07-08,
MMIX,RUSFARCNY,2024-07-09,RUSFARCNY,RUSFAR CNY,5.57,5.57,5.57,5.57,3955698676.0,,,2,,CNY,,3,,2024-07-09,
MMIX,RUSFARCNY,2024-07-10,RUSFARCNY,RUSFAR CNY,6.21,6.21,6.21,6.21,3559632868.0,,,2,,CNY,,3,,2024-07-10,
MMIX,RUSFARCNY,2024-07-11,RUSFARCNY,RUSFAR CNY,6.65,6.65,6.65,6.65,2662055000.0,,,2,,CNY,,3,,2024-07-11,
MMIX,RUSFARCNY,2024-07-12,RUSFARCNY,RUSFAR CNY,6.93,6.93,6.93,6.93,3455460065.0,,,2,,CNY,,3,,2024-07-12,
MMIX,RUSFARCNY,2024-07-15,RUSFARCNY,RUSFAR CNY,6.92,6.92,6.92,6.92,3533308013.0,,,2,,CNY,,3,,2024-07-15,
MMIX,RUSFARCNY,2024-07-16,RUSFARCNY,RUSFAR CNY,4.89,4.89,4.89,4.89,4100253729.0,,,2,,CNY,,3,,2024-07-16,
MMIX,RUSFARCNY,2024-07-17,RUSFARCNY,RUSFAR CNY,3.9,3.9,3.9,3.9,4055176206.0,,,2,,CNY,,3,,2024-07-17,
MMIX,RUSFARCNY,2024-07-18,RUSFARCNY,RUSFAR CNY,2.73,2.73,2.73,2.73,4966155552.0,,,2,,CNY,,3,,2024-07-18,
MMIX,RUSFARCNY,2024-07-19,RUSFARCNY,RUSFAR CNY,4.58,4.58,4.58,4.58,4671158610.0,,,2,,CNY,,3,,2024-07-19,
MMIX,RUSFARCNY,2024-07-22,RUSFARCNY,RUSFAR CNY,5.2,5.2,5.2,5.2,4437461059.0,,,2,,CNY,,3,,2024-07-22,
MMIX,RUSFARCNY,2024-07-23,RUSFARCNY,RUSFAR CNY,7.06,7.06,7.06,7.06,5113323229.0,,,2,,CNY,,3,,2024-07-23,
MMIX,RUSFARCNY,2024-07-24,RUSFARCNY,RUSFAR CNY,8.29,8.29,8.29,8.29,4330931240.0,,,2,,CNY,,3,,2024-07-24,
MMIX,RUSFARCNY,2024-07-25,RUSFARCNY,RUSFAR CNY,6.84,6.84,6.84,6.84,5697019222.0,,,2,,CNY,,3,,2024-07-25,
MMIX,RUSFARCNY,2024-07-26,RUSFARCNY,RUSFAR CNY,6.61,6.61,6.61,6.61,4340888749.0,,,2,,CNY,,3,,2024-07-26,
MMIX,RUSFARCNY,2024-07-29,RUSFARCNY,RUSFAR CNY,7.05,7.05,7.05,7.05,3940196262.0,,,2,,CNY,,3,,2024-07-29,
MMIX,RUSFARCNY,2024-07-30,RUSFARCNY,RUSFAR CNY,5.44,5.44,5.44,5.44,4442263979.0,,,2,,CNY,,3,,2024-07-30,
MMIX,RUSFARCNY,2024-07-31,RUSFARCNY,RUSFAR CNY,6.63,6.63,6.63,6.63,4438570701.0,,,2,,CNY,,3,,2024-07-31,
MMIX,RUSFARCNY,2024-08-01,RUSFARCNY,RUSFAR CNY,7.68,7.68,7.68,7.68,3251909963.0,,,2,,CNY,,3,,2024-08-01,
MMIX,RUSFARCNY,2024-08-02,RUSFARCNY,RUSFAR CNY,8.53,8.53,8.53,8.53,3418161315.0,,,2,,CNY,,3,,2024-08-02,
MMIX,RUSFARCNY,2024-08-05,RUSFARCNY,RUSFAR CNY,9.96,9.96,9.96,9.96,4036371426.0,,,2,,CNY,,3,,2024-08-05,
MMIX,RUSFARCNY,2024-08-06,RUSFARCNY,RUSFAR CNY,20.19,20.19,20.19,20.19,4076138914.0,,,2,,CNY,,3,,2024-08-06,
MMIX,RUSFARCNY,2024-08-07,RUSFARCNY,RUSFAR CNY,14.71,14.71,14.71,14.71,5225374897.0,,,2,,CNY,,3,,2024-08-07,
MMIX,RUSFARCNY,2024-08-08,RUSFARCNY,RUSFAR CNY,7.47,7.47,7.47,7.47,4241702540.0,,,2,,CNY,,3,,2024-08-08,
MMIX,RUSFARCNY,2024-08-09,RUSFARCNY,RUSFAR CNY,7.44,7.44,7.44,7.44,4394690871.0,,,2,,CNY,,3,,2024-08-09,
MMIX,RUSFARCNY,2024-08-12,RUSFARCNY,RUSFAR CNY,7.77,7.77,7.77,7.77,4896580284.0,,,2,,CNY,,3,,2024-08-12,
MMIX,RUSFARCNY,2024-08-13,RUSFARCNY,RUSFAR CNY,8.48,8.48,8.48,8.48,4745177254.0,,,2,,CNY,,3,,2024-08-13,
MMIX,RUSFARCNY,2024-08-14,RUSFARCNY,RUSFAR CNY,8.46,8.46,8.46,8.46,4246409746.0,,,2,,CNY,,3,,2024-08-14,
MMIX,RUSFARCNY,2024-08-15,RUSFARCNY,RUSFAR CNY,8.27,8.27,8.27,8.27,4432913000.0,,,2,,CNY,,3,,2024-08-15,
MMIX,RUSFARCNY,2024-08-16,RUSFARCNY,RUSFAR CNY,8.2,8.2,8.2,8.2,4866882146.0,,,2,,CNY,,3,,2024-08-16,
MMIX,RUSFARCNY,2024-08-19,RUSFARCNY,RUSFAR CNY,8.13,8.13,8.13,8.13,4346195272.0,,,2,,CNY,,3,,2024-08-19,
MMIX,RUSFARCNY,2024-08-20,RUSFARCNY,RUSFAR CNY,7.89,7.89,7.89,7.89,5467819692.0,,,2,,CNY,,3,,2024-08-20,
MMIX,RUSFARCNY,2024-08-21,RUSFARCNY,RUSFAR CNY,7.98,7.98,7.98,7.98,4717766451.0,,,2,,CNY,,3,,2024-08-21,
MMIX,RUSFARCNY,2024-08-22,RUSFARCNY,RUSFAR CNY,8.01,8.01,8.01,8.01,4906136514.0,,,2,,CNY,,3,,2024-08-22,
MMIX,RUSFARCNY,2024-08-23,RUSFARCNY,RUSFAR CNY,8.27,8.27,8.27,8.27,7765176553.0,,,2,,CNY,,3,,2024-08-23,
MMIX,RUSFARCNY,2024-08-26,RUSFARCNY,RUSFAR CNY,8.4,8.4,8.4,8.4,5967987135.0,,,2,,CNY,,3,,2024-08-26,
MMIX,RUSFARCNY,2024-08-27,RUSFARCNY,RUSFAR CNY,8.48,8.48,8.48,8.48,3616704657.0,,,2,,CNY,,3,,2024-08-27,
MMIX,RUSFARCNY,2024-08-28,RUSFARCNY,RUSFAR CNY,8.44,8.44,8.44,8.44,3720747852.0,,,2,,CNY,,3,,2024-08-28,
MMIX,RUSFARCNY,2024-08-29,RUSFARCNY,RUSFAR CNY,8.49,8.49,8.49,8.49,3205616867.0,,,2,,CNY,,3,,2024-08-29,
MMIX,RUSFARCNY,2024-08-30,RUSFARCNY,RUSFAR CNY,42.15,42.15,42.15,42.15,4548277060.0,,,2,,CNY,,3,,2024-08-30,
MMIX,RUSFARCNY,2024-09-02,RUSFARCNY,RUSFAR CNY,52.5,52.5,52.5,52.5,5781356800.0,,,2,,CNY,,3,,2024-09-02,
MMIX,RUSFARCNY,2024-09-03,RUSFARCNY,RUSFAR CNY,59.93,59.93,59.93,59.93,3328043390.0,,,2,,CNY,,3,,2024-09-03,
MMIX,RUSFARCNY,2024-09-04,RUSFARCNY,RUSFAR CNY,212.08,212.08,212.08,212.08,5498634143.0,,,2,,CNY,,3,,2024-09-04,
MMIX,RUSFARCNY,2024-09-05,RUSFARCNY,RUSFAR CNY,72.02,72.02,72.02,72.02,8127684146.0,,,2,,CNY,,3,,2024-09-05,
MMIX,RUSFARCNY,2024-09-06,RUSFARCNY,RUSFAR CNY,21.02,21.02,21.02,21.02,6570943902.0,,,2,,CNY,,3,,2024-09-06,
MMIX,RUSFARCNY,2024-09-09,RUSFARCNY,RUSFAR CNY,20.07,20.07,20.07,20.07,6669447122.0,,,2,,CNY,,3,,2024-09-09,
MMIX,RUSFARCNY,2024-09-10,RUSFARCNY,RUSFAR CNY,11.73,11.73,11.73,11.73,5859046120.0,,,2,,CNY,,3,,2024-09-10,
MMIX,RUSFARCNY,2024-09-11,RUSFARCNY,RUSFAR CNY,11.39,11.39,11.39,11.39,5916482809.0,,,2,,CNY,,3,,2024-09-11,
MMIX,RUSFARCNY,2024-09-12,RUSFARCNY,RUSFAR CNY,12.5,12.5,12.5,12.5,6443220867.0,,,2,,CNY,,3,,2024-09-12,
MMIX,RUSFARCNY,2024-09-13,RUSFARCNY,RUSFAR CNY,43.94,43.94,43.94,43.94,5517128855.0,,,2,,CNY,,3,,2024-09-13,
MMIX,RUSFARCNY,2024-09-18,RUSFARCNY,RUSFAR CNY,87.55,87.55,87.55,87.55,6065571933.0,,,2,,CNY,,3,,2024-09-18,
MMIX,RUSFARCNY,2024-09-19,RUSFARCNY,RUSFAR CNY,59.41,59.41,59.41,59.41,6779648862.0,,,2,,CNY,,3,,2024-09-19,
MMIX,RUSFARCNY,2024-09-20,RUSFARCNY,RUSFAR CNY,17.76,17.76,17.76,17.76,5145278973.0,,,2,,CNY,,3,,2024-09-20,
MMIX,RUSFARCNY,2024-09-23,RUSFARCNY,RUSFAR CNY,13.54,13.54,13.54,13.54,4376614062.0,,,2,,CNY,,3,,2024-09-23,
MMIX,RUSFARCNY,2024-09-24,RUSFARCNY,RUSFAR CNY,12.95,12.95,12.95,12.95,4143992608.0,,,2,,CNY,,3,,2024-09-24,
MMIX,RUSFARCNY,2024-09-25,RUSFARCNY,RUSFAR CNY,13.27,13.27,13.27,13.27,4128726462.0,,,2,,CNY,,3,,2024-09-25,
MMIX,RUSFARCNY,2024-09-26,RUSFARCNY,RUSFAR CNY,13.15,13.15,13.15,13.15,4347961048.0,,,2,,CNY,,3,,2024-09-26,
MMIX,RUSFARCNY,2024-09-27,RUSFARCNY,RUSFAR CNY,13.27,13.27,13.27,13.27,4000864916.0,,,2,,CNY,,3,,2024-09-27,
MMIX,RUSFARCNY,2024-09-30,RUSFARCNY,RUSFAR CNY,14.51,14.51,14.51,14.51,2750266671.0,,,2,,CNY,,3,,2024-09-30,
MMIX,RUSFARCNY,2024-10-08,RUSFARCNY,RUSFAR CNY,13.95,13.95,13.95,13.95,6348342063.0,,,2,,CNY,,3,,2024-10-08,
MMIX,RUSFARCNY,2024-10-09,RUSFARCNY,RUSFAR CNY,13.98,13.98,13.98,13.98,6706784357.0,,,2,,CNY,,3,,2024-10-09,
MMIX,RUSFARCNY,2024-10-10,RUSFARCNY,RUSFAR CNY,14.05,14.05,14.05,14.05,4260365209.0,,,2,,CNY,,3,,2024-10-10,
MMIX,RUSFARCNY,2024-10-11,RUSFARCNY,RUSFAR CNY,14.22,14.22,14.22,14.22,4624469768.0,,,2,,CNY,,3,,2024-10-11,
MMIX,RUSFARCNY,2024-10-14,RUSFARCNY,RUSFAR CNY,13.88,13.88,13.88,13.88,3803090198.0,,,2,,CNY,,3,,2024-10-14,
MMIX,RUSFARCNY,2024-10-15,RUSFARCNY,RUSFAR CNY,13.78,13.78,13.78,13.78,4207537727.0,,,2,,CNY,,3,,2024-10-15,
MMIX,RUSFARCNY,2024-10-16,RUSFARCNY,RUSFAR CNY,13.77,13.77,13.77,13.77,3907742635.0,,,2,,CNY,,3,,2024-10-16,
MMIX,RUSFARCNY,2024-10-17,RUSFARCNY,RUSFAR CNY,13.64,13.64,13.64,13.64,4294722849.0,,,2,,CNY,,3,,2024-10-17,
MMIX,RUSFARCNY,2024-10-18,RUSFARCNY,RUSFAR CNY,13.9,13.9,13.9,13.9,3843835022.0,,,2,,CNY,,3,,2024-10-18,
MMIX,RUSFARCNY,2024-10-21,RUSFARCNY,RUSFAR CNY,13.91,13.91,13.91,13.91,3730594250.0,,,2,,CNY,,3,,2024-10-21,
MMIX,RUSFARCNY,2024-10-22,RUSFARCNY,RUSFAR CNY,13.97,13.97,13.97,13.97,4330511123.0,,,2,,CNY,,3,,2024-10-22,
MMIX,RUSFARCNY,2024-10-23,RUSFARCNY,RUSFAR CNY,14.04,14.04,14.04,14.04,4427629369.0,,,2,,CNY,,3,,2024-10-23,
MMIX,RUSFARCNY,2024-10-24,RUSFARCNY,RUSFAR CNY,14.19,14.19,14.19,14.19,4462215558.0,,,2,,CNY,,3,,2024-10-24,
MMIX,RUSFARCNY,2024-10-25,RUSFARCNY,RUSFAR CNY,13.97,13.97,13.97,13.97,3871252102.0,,,2,,CNY,,3,,2024-10-25,
MMIX,RUSFARCNY,2024-10-28,RUSFARCNY,RUSFAR CNY,20.12,20.12,20.12,20.12,4583514046.0,,,2,,CNY,,3,,2024-10-28,
MMIX,RUSFARCNY,2024-10-29,RUSFARCNY,RUSFAR CNY,19.49,19.49,19.49,19.49,4246529328.0,,,2,,CNY,,3,,2024-10-29,
MMIX,RUSFARCNY,2024-10-30,RUSFARCNY,RUSFAR CNY,19.66,19.66,19.66,19.66,4013424463.0,,,2,,CNY,,3,,2024-10-30,
MMIX,RUSFARCNY,2024-10-31,RUSFARCNY,RUSFAR CNY,20.32,20.32,20.32,20.32,4618997014.0,,,2,,CNY,,3,,2024-10-31,
MMIX,RUSFARCNY,2024-11-01,RUSFARCNY,RUSFAR CNY,20.16,20.16,20.16,20.16,4592054205.0,,,2,,CNY,,3,,2024-11-01,
MMIX,RUSFARCNY,2024-11-05,RUSFARCNY,RUSFAR CNY,19.95,19.95,19.95,19.95,4378176309.0,,,2,,CNY,,3,,2024-11-05,
MMIX,RUSFARCNY,2024-11-06,RUSFARCNY,RUSFAR CNY,11.48,11.48,11.48,11.48,4601444225.0,,,2,,CNY,,3,,2024-11-06,
MMIX,RUSFARCNY,2024-11-07,RUSFARCNY,RUSFAR CNY,6.09,6.09,6.09,6.09,3445970656.0,,,2,,CNY,,3,,2024-11-07,
MMIX,RUSFARCNY,2024-11-08,RUSFARCNY,RUSFAR CNY,2.44,2.44,2.44,2.44,5463980016.0,,,2,,CNY,,3,,2024-11-08,
MMIX,RUSFARCNY,2024-11-11,RUSFARCNY,RUSFAR CNY,2.57,2.57,2.57,2.57,4175842077.0,,,2,,CNY,,3,,2024-11-11,
MMIX,RUSFARCNY,2024-11-12,RUSFARCNY,RUSFAR CNY,4.6,4.6,4.6,4.6,4285716662.0,,,2,,CNY,,3,,2024-11-12,
MMIX,RUSFARCNY,2024-11-13,RUSFARCNY,RUSFAR CNY,4.66,4.66,4.66,4.66,4216974913.0,,,2,,CNY,,3,,2024-11-13,
MMIX,RUSFARCNY,2024-11-14,RUSFARCNY,RUSFAR CNY,7.3,7.3,7.3,7.3,4884649959.0,,,2,,CNY,,3,,2024-11-14,
MMIX,RUSFARCNY,2024-11-15,RUSFARCNY,RUSFAR CNY,20.14,20.14,20.14,20.14,5370654361.0,,,2,,CNY,,3,,2024-11-15,
MMIX,RUSFARCNY,2024-11-18,RUSFARCNY,RUSFAR CNY,16.32,16.32,16.32,16.32,5617561536.0,,,2,,CNY,,3,,2024-11-18,
MMIX,RUSFARCNY,2024-11-19,RUSFARCNY,RUSFAR CNY,19.1,19.1,19.1,19.1,5615501544.0,,,2,,CNY,,3,,2024-11-19,
MMIX,RUSFARCNY,2024-11-20,RUSFARCNY,RUSFAR CNY,19.86,19.86,19.86,19.86,4724489825.0,,,2,,CNY,,3,,2024-11-20,
MMIX,RUSFARCNY,2024-11-21,RUSFARCNY,RUSFAR CNY,19.81,19.81,19.81,19.81,4894197904.0,,,2,,CNY,,3,,2024-11-21,
MMIX,RUSFARCNY,2024-11-22,RUSFARCNY,RUSFAR CNY,20.9,20.9,20.9,20.9,5278383456.0,,,2,,CNY,,3,,2024-11-22,
MMIX,RUSFARCNY,2024-11-25,RUSFARCNY,RUSFAR CNY,15.78,15.78,15.78,15.78,5104621339.0,,,2,,CNY,,3,,2024-11-25,
MMIX,RUSFARCNY,2024-11-26,RUSFARCNY,RUSFAR CNY,3.82,3.82,3.82,3.82,4245018192.0,,,2,,CNY,,3,,2024-11-26,
MMIX,RUSFARCNY,2024-11-27,RUSFARCNY,RUSFAR CNY,2.61,2.61,2.61,2.61,3759613831.0,,,2,,CNY,,3,,2024-11-27,
MMIX,RUSFARCNY,2024-11-28,RUSFARCNY,RUSFAR CNY,1.51,1.51,1.51,1.51,3874818051.0,,,2,,CNY,,3,,2024-11-28,
MMIX,RUSFARCNY,2024-11-29,RUSFARCNY,RUSFAR CNY,1.28,1.28,1.28,1.28,4598238149.0,,,2,,CNY,,3,,2024-11-29,
MMIX,RUSFARCNY,2024-12-02,RUSFARCNY,RUSFAR CNY,2.79,2.79,2.79,2.79,4596329267.0,,,2,,CNY,,3,,2024-12-02,
MMIX,RUSFARCNY,2024-12-03,RUSFARCNY,RUSFAR CNY,1.77,1.77,1.77,1.77,3539935485.0,,,2,,CNY,,3,,2024-12-03,
MMIX,RUSFARCNY,2024-12-04,RUSFARCNY,RUSFAR CNY,1.05,1.05,1.05,1.05,3787610134.0,,,2,,CNY,,3,,2024-12-04,
MMIX,RUSFARCNY,2024-12-05,RUSFARCNY,RUSFAR CNY,0.76,0.76,0.76,0.76,3411534010.0,,,2,,CNY,,3,,2024-12-05,
MMIX,RUSFARCNY,2024-12-06,RUSFARCNY,RUSFAR CNY,0.52,0.52,0.52,0.52,3573696022.0,,,2,,CNY,,3,,2024-12-06,
MMIX,RUSFARCNY,2024-12-09,RUSFARCNY,RUSFAR CNY,0.71,0.71,0.71,0.71,3215890177.0,,,2,,CNY,,3,,2024-12-09,
MMIX,RUSFARCNY,2024-12-10,RUSFARCNY,RUSFAR CNY,1.89,1.89,1.89,1.89,4072972604.0,,,2,,CNY,,3,,2024-12-10,
MMIX,RUSFARCNY,2024-12-11,RUSFARCNY,RUSFAR CNY,1.89,1.89,1.89,1.89,4329863556.0,,,2,,CNY,,3,,2024-12-11,
MMIX,RUSFARCNY,2024-12-12,RUSFARCNY,RUSFAR CNY,1.27,1.27,1.27,1.27,4139433657.0,,,2,,CNY,,3,,2024-12-12,
MMIX,RUSFARCNY,2024-12-13,RUSFARCNY,RUSFAR CNY,0.99,0.99,0.99,0.99,3863617653.0,,,2,,CNY,,3,,2024-12-13,
MMIX,RUSFARCNY,2024-12-16,RUSFARCNY,RUSFAR CNY,1.05,1.05,1.05,1.05,4581260029.0,,,2,,CNY,,3,,2024-12-16,
MMIX,RUSFARCNY,2024-12-17,RUSFARCNY,RUSFAR CNY,0.77,0.77,0.77,0.77,2882861475.0,,,2,,CNY,,3,,2024-12-17,
MMIX,RUSFARCNY,2024-12-18,RUSFARCNY,RUSFAR CNY,1.66,1.66,1.66,1.66,4625843612.0,,,2,,CNY,,3,,2024-12-18,
MMIX,RUSFARCNY,2024-12-19,RUSFARCNY,RUSFAR CNY,1.48,1.48,1.48,1.48,3111285598.0,,,2,,CNY,,3,,2024-12-19,
MMIX,RUSFARCNY,2024-12-20,RUSFARCNY,RUSFAR CNY,0.83,0.83,0.83,0.83,2748415467.0,,,2,,CNY,,3,,2024-12-20,
MMIX,RUSFARCNY,2024-12-23,RUSFARCNY,RUSFAR CNY,0.35,0.35,0.35,0.35,1689316823.0,,,2,,CNY,,3,,2024-12-23,
MMIX,RUSFARCNY,2024-12-24,RUSFARCNY,RUSFAR CNY,0.09,0.09,0.09,0.09,1144367468.0,,,2,,CNY,,3,,2024-12-24,
MMIX,RUSFARCNY,2024-12-25,RUSFARCNY,RUSFAR CNY,-0.16,-0.16,-0.16,-0.16,1748013004.0,,,2,,CNY,,3,,2024-12-25,
MMIX,RUSFARCNY,2024-12-26,RUSFARCNY,RUSFAR CNY,-0.48,-0.48,-0.48,-0.48,1474886615.0,,,2,,CNY,,3,,2024-12-26,
MMIX,RUSFARCNY,2024-12-27,RUSFARCNY,RUSFAR CNY,0.38,0.38,0.38,0.38,886347348.0,,,2,,CNY,,3,,2024-12-27,
MMIX,RUSFARCNY,2025-01-09,RUSFARCNY,RUSFAR CNY,0.14,0.14,0.14,0.14,1604989959.0,,,2,,CNY,,3,,2025-01-09,
MMIX,RUSFARCNY,2025-01-10,RUSFARCNY,RUSFAR CNY,-0.49,-0.49,-0.49,-0.49,1628966616.0,,,2,,CNY,,3,,2025-01-10,
MMIX,RUSFARCNY,2025-01-13,RUSFARCNY,RUSFAR CNY,-0.33,-0.33,-0.33,-0.33,1924497581.0,,,2,,CNY,,3,,2025-01-13,
MMIX,RUSFARCNY,2025-01-14,RUSFARCNY,RUSFAR CNY,-0.3,-0.3,-0.3,-0.3,1218647696.0,,,2,,CNY,,3,,2025-01-14,
MMIX,RUSFARCNY,2025-01-15,RUSFARCNY,RUSFAR CNY,0.01,0.01,0.01,0.01,1141029884.0,,,2,,CNY,,3,,2025-01-15,
MMIX,RUSFARCNY,2025-01-16,RUSFARCNY,RUSFAR CNY,0.12,0.12,0.12,0.12,1285949561.0,,,2,,CNY,,3,,2025-01-16,
MMIX,RUSFARCNY,2025-01-17,RUSFARCNY,RUSFAR CNY,0.19,0.19,0.19,0.19,1183855378.0,,,2,,CNY,,3,,2025-01-17,
MMIX,RUSFARCNY,2025-01-20,RUSFARCNY,RUSFAR CNY,0.14,0.14,0.14,0.14,1284477027.0,,,2,,CNY,,3,,2025-01-20,
MMIX,RUSFARCNY,2025-01-21,RUSFARCNY,RUSFAR CNY,0.14,0.14,0.14,0.14,1286818521.0,,,2,,CNY,,3,,2025-01-21,
MMIX,RUSFARCNY,2025-01-22,RUSFARCNY,RUSFAR CNY,-0.01,-0.01,-0.01,-0.01,1328561238.0,,,2,,CNY,,3,,2025-01-22,
MMIX,RUSFARCNY,2025-01-23,RUSFARCNY,RUSFAR CNY,-0.36,-0.36,-0.36,-0.36,1264972923.0,,,2,,CNY,,3,,2025-01-23,
MMIX,RUSFARCNY,2025-01-24,RUSFARCNY,RUSFAR CNY,-0.48,-0.48,-0.48,-0.48,1224583168.0,,,2,,CNY,,3,,2025-01-24,
MMIX,RUSFARCNY,2025-01-27,RUSFARCNY,RUSFAR CNY,-0.55,-0.55,-0.55,-0.55,1309113262.0,,,2,,CNY,,3,,2025-01-27,
MMIX,RUSFARCNY,2025-02-05,RUSFARCNY,RUSFAR CNY,-0.48,-0.48,-0.48,-0.48,920259756.0,,,2,,CNY,,3,,2025-02-05,
MMIX,RUSFARCNY,2025-02-06,RUSFARCNY,RUSFAR CNY,-0.32,-0.32,-0.32,-0.32,1384944615.0,,,2,,CNY,,3,,2025-02-06,
MMIX,RUSFARCNY,2025-02-07,RUSFARCNY,RUSFAR CNY,-0.67,-0.67,-0.67,-0.67,1432850597.0,,,2,,CNY,,3,,2025-02-07,
MMIX,RUSFARCNY,2025-02-10,RUSFARCNY,RUSFAR CNY,-0.78,-0.78,-0.78,-0.78,1174246802.0,,,2,,CNY,,3,,2025-02-10,
MMIX,RUSFARCNY,2025-02-11,RUSFARCNY,RUSFAR CNY,-0.46,-0.46,-0.46,-0.46,991091955.0,,,2,,CNY,,3,,2025-02-11,
MMIX,RUSFARCNY,2025-02-12,RUSFARCNY,RUSFAR CNY,-0.55,-0.55,-0.55,-0.55,1341807797.0,,,2,,CNY,,3,,2025-02-12,
MMIX,RUSFARCNY,2025-02-13,RUSFARCNY,RUSFAR CNY,0.22,0.22,0.22,0.22,1302281230.0,,,2,,CNY,,3,,2025-02-13,
MMIX,RUSFARCNY,2025-02-14,RUSFARCNY,RUSFAR CNY,0.0,0.0,0.0,0.0,1097349774.0,,,2,,CNY,,3,,2025-02-14,
MMIX,RUSFARCNY,2025-02-17,RUSFARCNY,RUSFAR CNY,0.03,0.03,0.03,0.03,1107486508.0,,,2,,CNY,,3,,2025-02-17,
MMIX,RUSFARCNY,2025-02-18,RUSFARCNY,RUSFAR CNY,-0.13,-0.13,-0.13,-0.13,1147989722.0,,,2,,CNY,,3,,2025-02-18,
MMIX,RUSFARCNY,2025-02-19,RUSFARCNY,RUSFAR CNY,-0.26,-0.26,-0.26,-0.26,1093155380.0,,,2,,CNY,,3,,2025-02-19,
MMIX,RUSFARCNY,2025-02-20,RUSFARCNY,RUSFAR CNY,-0.65,-0.65,-0.65,-0.65,1218159042.0,,,2,,CNY,,3,,2025-02-20,
MMIX,RUSFARCNY,2025-02-21,RUSFARCNY,RUSFAR CNY,-0.21,-0.21,-0.21,-0.21,1015005276.0,,,2,,CNY,,3,,2025-02-21,
MMIX,RUSFARCNY,2025-02-24,RUSFARCNY,RUSFAR CNY,0.28,0.28,0.28,0.28,1298637045.0,,,2,,CNY,,3,,2025-02-24,
MMIX,RUSFARCNY,2025-02-25,RUSFARCNY,RUSFAR CNY,0.17,0.17,0.17,0.17,1103813399.0,,,2,,CNY,,3,,2025-02-25,
MMIX,RUSFARCNY,2025-02-26,RUSFARCNY,RUSFAR CNY,-0.03,-0.03,-0.03,-0.03,1208477928.0,,,2,,CNY,,3,,2025-02-26,
MMIX,RUSFARCNY,2025-02-27,RUSFARCNY,RUSFAR CNY,0.0,0.0,0.0,0.0,882832112.0,,,2,,CNY,,3,,2025-02-27,
MMIX,RUSFARCNY,2025-02-28,RUSFARCNY,RUSFAR CNY,-0.41,-0.41,-0.41,-0.41,909189274.0,,,2,,CNY,,3,,2025-02-28,
MMIX,RUSFARCNY,2025-03-03,RUSFARCNY,RUSFAR CNY,-0.43,-0.43,-0.43,-0.43,1072369276.0,,,2,,CNY,,3,,2025-03-03,
MMIX,RUSFARCNY,2025-03-04,RUSFARCNY,RUSFAR CNY,-0.6,-0.6,-0.6,-0.6,908666904.0,,,2,,CNY,,3,,2025-03-04,
MMIX,RUSFARCNY,2025-03-05,RUSFARCNY,RUSFAR CNY,-0.39,-0.39,-0.39,-0.39,1287049851.0,,,2,,CNY,,3,,2025-03-05,
MMIX,RUSFARCNY,2025-03-06,RUSFARCNY,RUSFAR CNY,-0.19,-0.19,-0.19,-0.19,1075265380.0,,,2,,CNY,,3,,2025-03-06,
MMIX,RUSFARCNY,2025-03-07,RUSFARCNY,RUSFAR CNY,-0.1,-0.1,-0.1,-0.1,1052079839.0,,,2,,CNY,,3,,2025-03-07,
MMIX,RUSFARCNY,2025-03-10,RUSFARCNY,RUSFAR CNY,0.09,0.09,0.09,0.09,1252796608.0,,,2,,CNY,,3,,2025-03-10,
MMIX,RUSFARCNY,2025-03-11,RUSFARCNY,RUSFAR CNY,0.08,0.08,0.08,0.08,1235209731.0,,,2,,CNY,,3,,2025-03-11,
MMIX,RUSFARCNY,2025-03-12,RUSFARCNY,RUSFAR CNY,0.09,0.09,0.09,0.09,1261926187.0,,,2,,CNY,,3,,2025-03-12,
MMIX,RUSFARCNY,2025-03-13,RUSFARCNY,RUSFAR CNY,0.27,0.27,0.27,0.27,995890833.0,,,2,,CNY,,3,,2025-03-13,
MMIX,RUSFARCNY,2025-03-14,RUSFARCNY,RUSFAR CNY,0.14,0.14,0.14,0.14,1140677622.0,,,2,,CNY,,3,,2025-03-14,
MMIX,RUSFARCNY,2025-03-17,RUSFARCNY,RUSFAR CNY,0.19,0.19,0.19,0.19,998243724.0,,,2,,CNY,,3,,2025-03-17,
MMIX,RUSFARCNY,2025-03-18,RUSFARCNY,RUSFAR CNY,0.22,0.22,0.22,0.22,979747032.0,,,2,,CNY,,3,,2025-03-18,
MMIX,RUSFARCNY,2025-03-19,RUSFARCNY,RUSFAR CNY,0.09,0.09,0.09,0.09,919183514.0,,,2,,CNY,,3,,2025-03-19,
MMIX,RUSFARCNY,2025-03-20,RUSFARCNY,RUSFAR CNY,0.08,0.08,0.08,0.08,858073315.0,,,2,,CNY,,3,,2025-03-20,
MMIX,RUSFARCNY,2025-03-21,RUSFARCNY,RUSFAR CNY,0.15,0.15,0.15,0.15,1196870014.0,,,2,,CNY,,3,,2025-03-21,
MMIX,RUSFARCNY,2025-03-24,RUSFARCNY,RUSFAR CNY,0.15,0.15,0.15,0.15,1003553896.0,,,2,,CNY,,3,,2025-03-24,
MMIX,RUSFARCNY,2025-03-25,RUSFARCNY,RUSFAR CNY,0.16,0.16,0.16,0.16,1056791789.0,,,2,,CNY,,3,,2025-03-25,
MMIX,RUSFARCNY,2025-03-26,RUSFARCNY,RUSFAR CNY,0.08,0.08,0.08,0.08,999400535.0,,,2,,CNY,,3,,2025-03-26,
MMIX,RUSFARCNY,2025-03-27,RUSFARCNY,RUSFAR CNY,0.13,0.13,0.13,0.13,1063241794.0,,,2,,CNY,,3,,2025-03-27,
MMIX,RUSFARCNY,2025-03-28,RUSFARCNY,RUSFAR CNY,0.16,0.16,0.16,0.16,1078740682.0,,,2,,CNY,,3,,2025-03-28,
MMIX,RUSFARCNY,2025-03-31,RUSFARCNY,RUSFAR CNY,-0.23,-0.23,-0.23,-0.23,1554269866.0,,,2,,CNY,,3,,2025-03-31,
MMIX,RUSFARCNY,2025-04-01,RUSFARCNY,RUSFAR CNY,-0.46,-0.46,-0.46,-0.46,1829539620.0,,,2,,CNY,,3,,2025-04-01,
MMIX,RUSFARCNY,2025-04-02,RUSFARCNY,RUSFAR CNY,-0.43,-0.43,-0.43,-0.43,1631097555.0,,,2,,CNY,,3,,2025-04-02,
MMIX,RUSFARCNY,2025-04-03,RUSFARCNY,RUSFAR CNY,-0.06,-0.06,-0.06,-0.06,1266654509.0,,,2,,CNY,,3,,2025-04-03,
MMIX,RUSFARCNY,2025-04-07,RUSFARCNY,RUSFAR CNY,-0.21,-0.21,-0.21,-0.21,1888054834.0,,,2,,CNY,,3,,2025-04-07,
MMIX,RUSFARCNY,2025-04-08,RUSFARCNY,RUSFAR CNY,-0.29,-0.29,-0.29,-0.29,1352636271.0,,,2,,CNY,,3,,2025-04-08,
MMIX,RUSFARCNY,2025-04-09,RUSFARCNY,RUSFAR CNY,-0.06,-0.06,-0.06,-0.06,1092053740.0,,,2,,CNY,,3,,2025-04-09,
MMIX,RUSFARCNY,2025-04-10,RUSFARCNY,RUSFAR CNY,-0.08,-0.08,-0.08,-0.08,960866894.0,,,2,,CNY,,3,,2025-04-10,
MMIX,RUSFARCNY,2025-04-11,RUSFARCNY,RUSFAR CNY,-0.05,-0.05,-0.05,-0.05,1094710447.0,,,2,,CNY,,3,,2025-04-11,
MMIX,RUSFARCNY,2025-04-14,RUSFARCNY,RUSFAR CNY,-0.03,-0.03,-0.03,-0.03,1118235866.0,,,2,,CNY,,3,,2025-04-14,
MMIX,RUSFARCNY,2025-04-15,RUSFARCNY,RUSFAR CNY,-0.04,-0.04,-0.04,-0.04,1238816360.0,,,2,,CNY,,3,,2025-04-15,
MMIX,RUSFARCNY,2025-04-16,RUSFARCNY,RUSFAR CNY,-0.11,-0.11,-0.11,-0.11,1255538082.0,,,2,,CNY,,3,,2025-04-16,
MMIX,RUSFARCNY,2025-04-17,RUSFARCNY,RUSFAR CNY,-0.01,-0.01,-0.01,-0.01,978121866.0,,,2,,CNY,,3,,2025-04-17,
MMIX,RUSFARCNY,2025-04-18,RUSFARCNY,RUSFAR CNY,0.02,0.02,0.02,0.02,837405130.0,,,2,,CNY,,3,,2025-04-18,
MMIX,RUSFARCNY,2025-04-21,RUSFARCNY,RUSFAR CNY,0.29,0.29,0.29,0.29,900370818.0,,,2,,CNY,,3,,2025-04-21,
MMIX,RUSFARCNY,2025-04-22,RUSFARCNY,RUSFAR CNY,0.33,0.33,0.33,0.33,883374965.0,,,2,,CNY,,3,,2025-04-22,
MMIX,RUSFARCNY,2025-04-23,RUSFARCNY,RUSFAR CNY,0.37,0.37,0.37,0.37,819971882.0,,,2,,CNY,,3,,2025-04-23,
MMIX,RUSFARCNY,2025-04-24,RUSFARCNY,RUSFAR CNY,0.18,0.18,0.18,0.18,920792305.0,,,2,,CNY,,3,,2025-04-24,
MMIX,RUSFARCNY,2025-04-25,RUSFARCNY,RUSFAR CNY,0.14,0.14,0.14,0.14,1037940014.0,,,2,,CNY,,3,,2025-04-25,
MMIX,RUSFARCNY,2025-04-28,RUSFARCNY,RUSFAR CNY,-0.44,-0.44,-0.44,-0.44,2067519095.0,,,2,,CNY,,3,,2025-04-28,
MMIX,RUSFARCNY,2025-04-29,RUSFARCNY,RUSFAR CNY,-0.73,-0.73,-0.73,-0.73,706099820.0,,,2,,CNY,,3,,2025-04-29,
MMIX,RUSFARCNY,2025-04-30,RUSFARCNY,RUSFAR CNY,-0.31,-0.31,-0.31,-0.31,627936577.0,,,2,,CNY,,3,,2025-04-30,
MMIX,RUSFARCNY,2025-05-06,RUSFARCNY,RUSFAR CNY,-0.15,-0.15,-0.15,-0.15,1007024825.0,,,2,,CNY,,3,,2025-05-06,
MMIX,RUSFARCNY,2025-05-07,RUSFARCNY,RUSFAR CNY,0.04,0.04,0.04,0.04,706101339.0,,,2,,CNY,,3,,2025-05-07,
MMIX,RUSFARCNY,2025-05-12,RUSFARCNY,RUSFAR CNY,0.11,0.11,0.11,0.11,466875979.0,,,2,,CNY,,3,,2025-05-12,
MMIX,RUSFARCNY,2025-05-13,RUSFARCNY,RUSFAR CNY,0.21,0.21,0.21,0.21,794488198.0,,,2,,CNY,,3,,2025-05-13,
MMIX,RUSFARCNY,2025-05-14,RUSFARCNY,RUSFAR CNY,0.3,0.3,0.3,0.3,1167022347.0,,,2,,CNY,,3,,2025-05-14,
MMIX,RUSFARCNY,2025-05-15,RUSFARCNY,RUSFAR CNY,0.15,0.15,0.15,0.15,889875073.0,,,2,,CNY,,3,,2025-05-15,
MMIX,RUSFARCNY,2025-05-16,RUSFARCNY,RUSFAR CNY,0.14,0.14,0.14,0.14,971734309.0,,,2,,CNY,,3,,2025-05-16,
MMIX,RUSFARCNY,2025-05-19,RUSFARCNY,RUSFAR CNY,0.1,0.1,0.1,0.1,901246300.0,,,2,,CNY,,3,,2025-05-19,
MMIX,RUSFARCNY,2025-05-20,RUSFARCNY,RUSFAR CNY,0.17,0.17,0.17,0.17,1292732018.0,,,2,,CNY,,3,,2025-05-20,
MMIX,RUSFARCNY,2025-05-21,RUSFARCNY,RUSFAR CNY,0.14,0.14,0.14,0.14,952165714.0,,,2,,CNY,,3,,2025-05-21,
MMIX,RUSFARCNY,2025-05-22,RUSFARCNY,RUSFAR CNY,0.18,0.18,0.18,0.18,1083795514.0,,,2,,CNY,,3,,2025-05-22,
MMIX,RUSFARCNY,2025-05-23,RUSFARCNY,RUSFAR CNY,0.17,0.17,0.17,0.17,1000160198.0,,,2,,CNY,,3,,2025-05-23,
MMIX,RUSFARCNY,2025-05-26,RUSFARCNY,RUSFAR CNY,0.13,0.13,0.13,0.13,796034971.0,,,2,,CNY,,3,,2025-05-26,
MMIX,RUSFARCNY,2025-05-27,RUSFARCNY,RUSFAR CNY,0.25,0.25,0.25,0.25,1399022569.0,,,2,,CNY,,3,,2025-05-27,
MMIX,RUSFARCNY,2025-05-28,RUSFARCNY,RUSFAR CNY,-0.1,-0.1,-0.1,-0.1,807200609.0,,,2,,CNY,,3,,2025-05-28,
MMIX,RUSFARCNY,2025-05-29,RUSFARCNY,RUSFAR CNY,-0.08,-0.08,-0.08,-0.08,766475331.0,,,2,,CNY,,3,,2025-05-29,
MMIX,RUSFARCNY,2025-05-30,RUSFARCNY,RUSFAR CNY,-0.03,-0.03,-0.03,-0.03,737875195.0,,,2,,CNY,,3,,2025-05-30,
MMIX,RUSFARCNY,2025-06-03,RUSFARCNY,RUSFAR CNY,0.16,0.16,0.16,0.16,664693236.0,,,2,,CNY,,3,,2025-06-03,
MMIX,RUSFARCNY,2025-06-04,RUSFARCNY,RUSFAR CNY,0.06,0.06,0.06,0.06,715227848.0,,,2,,CNY,,3,,2025-06-04,
MMIX,RUSFARCNY,2025-06-05,RUSFARCNY,RUSFAR CNY,0.03,0.03,0.03,0.03,834325732.0,,,2,,CNY,,3,,2025-06-05,
MMIX,RUSFARCNY,2025-06-06,RUSFARCNY,RUSFAR CNY,-0.06,-0.06,-0.06,-0.06,887472008.0,,,2,,CNY,,3,,2025-06-06,
MMIX,RUSFARCNY,2025-06-09,RUSFARCNY,RUSFAR CNY,-0.06,-0.06,-0.06,-0.06,722774969.0,,,2,,CNY,,3,,2025-06-09,
MMIX,RUSFARCNY,2025-06-10,RUSFARCNY,RUSFAR CNY,0.14,0.14,0.14,0.14,718134862.0,,,2,,CNY,,3,,2025-06-10,
MMIX,RUSFARCNY,2025-06-11,RUSFARCNY,RUSFAR CNY,0.02,0.02,0.02,0.02,1095149951.0,,,2,,CNY,,3,,2025-06-11,
MMIX,RUSFARCNY,2025-06-16,RUSFARCNY,RUSFAR CNY,-0.08,-0.08,-0.08,-0.08,859652670.0,,,2,,CNY,,3,,2025-06-16,
MMIX,RUSFARCNY,2025-06-17,RUSFARCNY,RUSFAR CNY,0.09,0.09,0.09,0.09,875643613.0,,,2,,CNY,,3,,2025-06-17,
MMIX,RUSFARCNY,2025-06-18,RUSFARCNY,RUSFAR CNY,0.02,0.02,0.02,0.02,651862704.0,,,2,,CNY,,3,,2025-06-18,
MMIX,RUSFARCNY,2025-06-19,RUSFARCNY,RUSFAR CNY,0.05,0.05,0.05,0.05,752421796.0,,,2,,CNY,,3,,2025-06-19,
MMIX,RUSFARCNY,2025-06-20,RUSFARCNY,RUSFAR CNY,0.04,0.04,0.04,0.04,1103063468.0,,,2,,CNY,,3,,2025-06-20,
MMIX,RUSFARCNY,2025-06-23,RUSFARCNY,RUSFAR CNY,0.04,0.04,0.04,0.04,905977105.0,,,2,,CNY,,3,,2025-06-23,
MMIX,RUSFARCNY,2025-06-24,RUSFARCNY,RUSFAR CNY,0.02,0.02,0.02,0.02,979100048.0,,,2,,CNY,,3,,2025-06-24,
MMIX,RUSFARCNY,2025-06-25,RUSFARCNY,RUSFAR CNY,-0.04,-0.04,-0.04,-0.04,1025322061.0,,,2,,CNY,,3,,2025-06-25,
MMIX,RUSFARCNY,2025-06-26,RUSFARCNY,RUSFAR CNY,-0.01,-0.01,-0.01,-0.01,896952943.0,,,2,,CNY,,3,,2025-06-26,
MMIX,RUSFARCNY,2025-06-27,RUSFARCNY,RUSFAR CNY,0.02,0.02,0.02,0.02,804496055.0,,,2,,CNY,,3,,2025-06-27,
MMIX,RUSFARCNY,2025-06-30,RUSFARCNY,RUSFAR CNY,0.09,0.09,0.09,0.09,769444020.0,,,2,,CNY,,3,,2025-06-30,
MMIX,RUSFARCNY,2025-07-01,RUSFARCNY,RUSFAR CNY,0.02,0.02,0.02,0.02,1177540954.0,,,2,,CNY,,3,,2025-07-01,
MMIX,RUSFARCNY,2025-07-02,RUSFARCNY,RUSFAR CNY,-0.04,-0.04,-0.04,-0.04,1136523825.0,,,2,,CNY,,3,,2025-07-02,
MMIX,RUSFARCNY,2025-07-03,RUSFARCNY,RUSFAR CNY,-0.16,-0.16,-0.16,-0.16,968178719.0,,,2,,CNY,,3,,2025-07-03,
MMIX,RUSFARCNY,2025-07-04,RUSFARCNY,RUSFAR CNY,0.03,0.03,0.03,0.03,922305444.0,,,2,,CNY,,3,,2025-07-04,
MMIX,RUSFARCNY,2025-07-07,RUSFARCNY,RUSFAR CNY,0.03,0.03,0.03,0.03,1078844521.0,,,2,,CNY,,3,,2025-07-07,
MMIX,RUSFARCNY,2025-07-08,RUSFARCNY,RUSFAR CNY,-0.03,-0.03,-0.03,-0.03,1009182396.0,,,2,,CNY,,3,,2025-07-08,
MMIX,RUSFARCNY,2025-07-09,RUSFARCNY,RUSFAR CNY,-0.03,-0.03,-0.03,-0.03,1250596198.0,,,2,,CNY,,3,,2025-07-09,
MMIX,RUSFARCNY,2025-07-10,RUSFARCNY,RUSFAR CNY,-0.08,-0.08,-0.08,-0.08,1243220709.0,,,2,,CNY,,3,,2025-07-10,
MMIX,RUSFARCNY,2025-07-11,RUSFARCNY,RUSFAR CNY,0.05,0.05,0.05,0.05,984067163.0,,,2,,CNY,,3,,2025-07-11,
MMIX,RUSFARCNY,2025-07-14,RUSFARCNY,RUSFAR CNY,-0.08,-0.08,-0.08,-0.08,1195791831.0,,,2,,CNY,,3,,2025-07-14,
MMIX,RUSFARCNY,2025-07-15,RUSFARCNY,RUSFAR CNY,-0.15,-0.15,-0.15,-0.15,1210793039.0,,,2,,CNY,,3,,2025-07-15,
MMIX,RUSFARCNY,2025-07-16,RUSFARCNY,RUSFAR CNY,-0.24,-0.24,-0.24,-0.24,1038282567.0,,,2,,CNY,,3,,2025-07-16,
MMIX,RUSFARCNY,2025-07-17,RUSFARCNY,RUSFAR CNY,-0.31,-0.31,-0.31,-0.31,1092028763.0,,,2,,CNY,,3,,2025-07-17,
MMIX,RUSFARCNY,2025-07-18,RUSFARCNY,RUSFAR CNY,-0.31,-0.31,-0.31,-0.31,992387481.0,,,2,,CNY,,3,,2025-07-18,
MMIX,RUSFARCNY,2025-07-21,RUSFARCNY,RUSFAR CNY,-0.16,-0.16,-0.16,-0.16,785798853.0,,,2,,CNY,,3,,2025-07-21,
MMIX,RUSFARCNY,2025-07-22,RUSFARCNY,RUSFAR CNY,-0.06,-0.06,-0.06,-0.06,955215482.0,,,2,,CNY,,3,,2025-07-22,
MMIX,RUSFARCNY,2025-07-23,RUSFARCNY,RUSFAR CNY,-0.06,-0.06,-0.06,-0.06,910746361.0,,,2,,CNY,,3,,2025-07-23,
MMIX,RUSFARCNY,2025-07-24,RUSFARCNY,RUSFAR CNY,-0.04,-0.04,-0.04,-0.04,1007529571.0,,,2,,CNY,,3,,2025-07-24,
MMIX,RUSFARCNY,2025-07-25,RUSFARCNY,RUSFAR CNY,-0.22,-0.22,-0.22,-0.22,1059520997.0,,,2,,CNY,,3,,2025-07-25,
MMIX,RUSFARCNY,2025-07-28,RUSFARCNY,RUSFAR CNY,-0.13,-0.13,-0.13,-0.13,1001772972.0,,,2,,CNY,,3,,2025-07-28,
MMIX,RUSFARCNY,2025-07-29,RUSFARCNY,RUSFAR CNY,-0.13,-0.13,-0.13,-0.13,900667078.0,,,2,,CNY,,3,,2025-07-29,
MMIX,RUSFARCNY,2025-07-30,RUSFARCNY,RUSFAR CNY,-0.21,-0.21,-0.21,-0.21,913881189.0,,,2,,CNY,,3,,2025-07-30,
MMIX,RUSFARCNY,2025-07-31,RUSFARCNY,RUSFAR CNY,-0.18,-0.18,-0.18,-0.18,1075837421.0,,,2,,CNY,,3,,2025-07-31,
MMIX,RUSFARCNY,2025-08-01,RUSFARCNY,RUSFAR CNY,-0.22,-0.22,-0.22,-0.22,776930091.0,,,2,,CNY,,3,,2025-08-01,
MMIX,RUSFARCNY,2025-08-04,RUSFARCNY,RUSFAR CNY,-0.21,-0.21,-0.21,-0.21,866884929.0,,,2,,CNY,,3,,2025-08-04,
MMIX,RUSFARCNY,2025-08-05,RUSFARCNY,RUSFAR CNY,-0.18,-0.18,-0.18,-0.18,931140258.0,,,2,,CNY,,3,,2025-08-05,
MMIX,RUSFARCNY,2025-08-06,RUSFARCNY,RUSFAR CNY,-0.18,-0.18,-0.18,-0.18,961771642.0,,,2,,CNY,,3,,2025-08-06,
MMIX,RUSFARCNY,2025-08-07,RUSFARCNY,RUSFAR CNY,-0.39,-0.39,-0.39,-0.39,948747193.0,,,2,,CNY,,3,,2025-08-07,
MMIX,RUSFARCNY,2025-08-08,RUSFARCNY,RUSFAR CNY,-0.31,-0.31,-0.31,-0.31,719297788.0,,,2,,CNY,,3,,2025-08-08,
MMIX,RUSFARCNY,2025-08-11,RUSFARCNY,RUSFAR CNY,-0.15,-0.15,-0.15,-0.15,686306764.0,,,2,,CNY,,3,,2025-08-11,
MMIX,RUSFARCNY,2025-08-12,RUSFARCNY,RUSFAR CNY,-0.18,-0.18,-0.18,-0.18,907759483.0,,,2,,CNY,,3,,2025-08-12,
MMIX,RUSFARCNY,2025-08-13,RUSFARCNY,RUSFAR CNY,-0.05,-0.05,-0.05,-0.05,1020911836.0,,,2,,CNY,,3,,2025-08-13,
MMIX,RUSFARCNY,2025-08-14,RUSFARCNY,RUSFAR CNY,-0.14,-0.14,-0.14,-0.14,904352780.0,,,2,,CNY,,3,,2025-08-14,
MMIX,RUSFARCNY,2025-08-15,RUSFARCNY,RUSFAR CNY,-0.08,-0.08,-0.08,-0.08,685514768.0,,,2,,CNY,,3,,2025-08-15,
MMIX,RUSFARCNY,2025-08-18,RUSFARCNY,RUSFAR CNY,-0.08,-0.08,-0.08,-0.08,867413165.0,,,2,,CNY,,3,,2025-08-18,
MMIX,RUSFARCNY,2025-08-19,RUSFARCNY,RUSFAR CNY,-0.17,-0.17,-0.17,-0.17,928161936.0,,,2,,CNY,,3,,2025-08-19,
MMIX,RUSFARCNY,2025-08-20,RUSFARCNY,RUSFAR CNY,-0.14,-0.14,-0.14,-0.14,722946469.0,,,2,,CNY,,3,,2025-08-20,
MMIX,RUSFARCNY,2025-08-21,RUSFARCNY,RUSFAR CNY,-0.17,-0.17,-0.17,-0.17,921653196.0,,,2,,CNY,,3,,2025-08-21,
MMIX,RUSFARCNY,2025-08-22,RUSFARCNY,RUSFAR CNY,-0.18,-0.18,-0.18,-0.18,1067032108.0,,,2,,CNY,,3,,2025-08-22,
MMIX,RUSFARCNY,2025-08-25,RUSFARCNY,RUSFAR CNY,-0.17,-0.17,-0.17,-0.17,885733774.0,,,2,,CNY,,3,,2025-08-25,
MMIX,RUSFARCNY,2025-08-26,RUSFARCNY,RUSFAR CNY,-0.18,-0.18,-0.18,-0.18,884786748.0,,,2,,CNY,,3,,2025-08-26,
MMIX,RUSFARCNY,2025-08-27,RUSFARCNY,RUSFAR CNY,-0.13,-0.13,-0.13,-0.13,1131417815.0,,,2,,CNY,,3,,2025-08-27,
MMIX,RUSFARCNY,2025-08-28,RUSFARCNY,RUSFAR CNY,-0.16,-0.16,-0.16,-0.16,912558202.0,,,2,,CNY,,3,,2025-08-28,
MMIX,RUSFARCNY,2025-08-29,RUSFARCNY,RUSFAR CNY,-0.21,-0.21,-0.21,-0.21,952531953.0,,,2,,CNY,,3,,2025-08-29,
MMIX,RUSFARCNY,2025-09-01,RUSFARCNY,RUSFAR CNY,-0.23,-0.23,-0.23,-0.23,998246571.0,,,2,,CNY,,3,,2025-09-01,
MMIX,RUSFARCNY,2025-09-02,RUSFARCNY,RUSFAR CNY,-0.28,-0.28,-0.28,-0.28,978504861.0,,,2,,CNY,,3,,2025-09-02,
MMIX,RUSFARCNY,2025-09-03,RUSFARCNY,RUSFAR CNY,-0.33,-0.33,-0.33,-0.33,937903386.0,,,2,,CNY,,3,,2025-09-03,
MMIX,RUSFARCNY,2025-09-04,RUSFARCNY,RUSFAR CNY,-0.34,-0.34,-0.34,-0.34,867298214.0,,,2,,CNY,,3,,2025-09-04,
MMIX,RUSFARCNY,2025-09-05,RUSFARCNY,RUSFAR CNY,-0.38,-0.38,-0.38,-0.38,1090099087.0,,,2,,CNY,,3,,2025-09-05,
MMIX,RUSFARCNY,2025-09-08,RUSFARCNY,RUSFAR CNY,-0.29,-0.29,-0.29,-0.29,1032253231.0,,,2,,CNY,,3,,2025-09-08,
MMIX,RUSFARCNY,2025-09-09,RUSFARCNY,RUSFAR CNY,-0.2,-0.2,-0.2,-0.2,1123288405.0,,,2,,CNY,,3,,2025-09-09,
MMIX,RUSFARCNY,2025-09-10,RUSFARCNY,RUSFAR CNY,-0.32,-0.32,-0.32,-0.32,1144019513.0,,,2,,CNY,,3,,2025-09-10,
MMIX,RUSFARCNY,2025-09-11,RUSFARCNY,RUSFAR CNY,0.04,0.04,0.04,0.04,781304195.0,,,2,,CNY,,3,,2025-09-11,
MMIX,RUSFARCNY,2025-09-12,RUSFARCNY,RUSFAR CNY,0.13,0.13,0.13,0.13,820682907.0,,,2,,CNY,,3,,2025-09-12,
MMIX,RUSFARCNY,2025-09-15,RUSFARCNY,RUSFAR CNY,0.3,0.3,0.3,0.3,873804492.0,,,2,,CNY,,3,,2025-09-15,
MMIX,RUSFARCNY,2025-09-16,RUSFARCNY,RUSFAR CNY,0.24,0.24,0.24,0.24,899964221.0,,,2,,CNY,,3,,2025-09-16,
MMIX,RUSFARCNY,2025-09-17,RUSFARCNY,RUSFAR CNY,0.24,0.24,0.24,0.24,1065094298.0,,,2,,CNY,,3,,2025-09-17,
MMIX,RUSFARCNY,2025-09-18,RUSFARCNY,RUSFAR CNY,0.25,0.25,0.25,0.25,899491516.0,,,2,,CNY,,3,,2025-09-18,
MMIX,RUSFARCNY,2025-09-19,RUSFARCNY,RUSFAR CNY,0.23,0.23,0.23,0.23,911983930.0,,,2,,CNY,,3,,2025-09-19,
MMIX,RUSFARCNY,2025-09-22,RUSFARCNY,RUSFAR CNY,0.17,0.17,0.17,0.17,854697361.0,,,2,,CNY,,3,,2025-09-22,
MMIX,RUSFARCNY,2025-09-23,RUSFARCNY,RUSFAR CNY,0.12,0.12,0.12,0.12,792043746.0,,,2,,CNY,,3,,2025-09-23,
MMIX,RUSFARCNY,2025-09-24,RUSFARCNY,RUSFAR CNY,0.13,0.13,0.13,0.13,856585747.0,,,2,,CNY,,3,,2025-09-24,
MMIX,RUSFARCNY,2025-09-25,RUSFARCNY,RUSFAR CNY,0.12,0.12,0.12,0.12,756664919.0,,,2,,CNY,,3,,2025-09-25,
MMIX,RUSFARCNY,2025-09-26,RUSFARCNY,RUSFAR CNY,0.14,0.14,0.14,0.14,1167974024.0,,,2,,CNY,,3,,2025-09-26,
MMIX,RUSFARCNY,2025-09-29,RUSFARCNY,RUSFAR CNY,0.17,0.17,0.17,0.17,1241416367.0,,,2,,CNY,,3,,2025-09-29,
MMIX,RUSFARCNY,2025-09-30,RUSFARCNY,RUSFAR CNY,-0.23,-0.23,-0.23,-0.23,1115575332.0,,,2,,CNY,,3,,2025-09-30,
MMIX,RUSFARCNY,2025-10-09,RUSFARCNY,RUSFAR CNY,0.04,0.04,0.04,0.04,1453121896.0,,,2,,CNY,,3,,2025-10-09,
MMIX,RUSFARCNY,2025-10-10,RUSFARCNY,RUSFAR CNY,0.08,0.08,0.08,0.08,1351720402.0,,,2,,CNY,,3,,2025-10-10,
MMIX,RUSFARCNY,2025-10-13,RUSFARCNY,RUSFAR CNY,0.15,0.15,0.15,0.15,991658602.0,,,2,,CNY,,3,,2025-10-13,
MMIX,RUSFARCNY,2025-10-14,RUSFARCNY,RUSFAR CNY,0.18,0.18,0.18,0.18,1137473998.0,,,2,,CNY,,3,,2025-10-14,
MMIX,RUSFARCNY,2025-10-15,RUSFARCNY,RUSFAR CNY,0.21,0.21,0.21,0.21,1106190523.0,,,2,,CNY,,3,,2025-10-15,
MMIX,RUSFARCNY,2025-10-16,RUSFARCNY,RUSFAR CNY,0.21,0.21,0.21,0.21,1083027732.0,,,2,,CNY,,3,,2025-10-16,
MMIX,RUSFARCNY,2025-10-17,RUSFARCNY,RUSFAR CNY,0.19,0.19,0.19,0.19,1075183830.0,,,2,,CNY,,3,,2025-10-17,
MMIX,RUSFARCNY,2025-10-20,RUSFARCNY,RUSFAR CNY,0.24,0.24,0.24,0.24,1301650095.0,,,2,,CNY,,3,,2025-10-20,
MMIX,RUSFARCNY,2025-10-21,RUSFARCNY,RUSFAR CNY,0.23,0.23,0.23,0.23,1349616368.0,,,2,,CNY,,3,,2025-10-21,
MMIX,RUSFARCNY,2025-10-22,RUSFARCNY,RUSFAR CNY,0.19,0.19,0.19,0.19,1252312923.0,,,2,,CNY,,3,,2025-10-22,
MMIX,RUSFARCNY,2025-10-23,RUSFARCNY,RUSFAR CNY,0.25,0.25,0.25,0.25,1333804942.0,,,2,,CNY,,3,,2025-10-23,
MMIX,RUSFARCNY,2025-10-24,RUSFARCNY,RUSFAR CNY,0.23,0.23,0.23,0.23,1049344524.0,,,2,,CNY,,3,,2025-10-24,
MMIX,RUSFARCNY,2025-10-27,RUSFARCNY,RUSFAR CNY,0.22,0.22,0.22,0.22,835371045.0,,,2,,CNY,,3,,2025-10-27,
MMIX,RUSFARCNY,2025-10-28,RUSFARCNY,RUSFAR CNY,0.2,0.2,0.2,0.2,1176230783.0,,,2,,CNY,,3,,2025-10-28,
MMIX,RUSFARCNY,2025-10-29,RUSFARCNY,RUSFAR CNY,0.09,0.09,0.09,0.09,1222243315.0,,,2,,CNY,,3,,2025-10-29,
MMIX,RUSFARCNY,2025-10-30,RUSFARCNY,RUSFAR CNY,0.14,0.14,0.14,0.14,878833482.0,,,2,,CNY,,3,,2025-10-30,
MMIX,RUSFARCNY,2025-10-31,RUSFARCNY,RUSFAR CNY,0.1,0.1,0.1,0.1,1009906957.0,,,2,,CNY,,3,,2025-10-31,
MMIX,RUSFARCNY,2025-11-05,RUSFARCNY,RUSFAR CNY,0.16,0.16,0.16,0.16,1555311831.0,,,2,,CNY,,3,,2025-11-05,
MMIX,RUSFARCNY,2025-11-06,RUSFARCNY,RUSFAR CNY,0.21,0.21,0.21,0.21,1058484132.0,,,2,,CNY,,3,,2025-11-06,
MMIX,RUSFARCNY,2025-11-07,RUSFARCNY,RUSFAR CNY,0.34,0.34,0.34,0.34,1281407372.0,,,2,,CNY,,3,,2025-11-07,
MMIX,RUSFARCNY,2025-11-10,RUSFARCNY,RUSFAR CNY,0.28,0.28,0.28,0.28,1242901780.0,,,2,,CNY,,3,,2025-11-10,
MMIX,RUSFARCNY,2025-11-11,RUSFARCNY,RUSFAR CNY,0.2,0.2,0.2,0.2,925026075.0,,,2,,CNY,,3,,2025-11-11,
MMIX,RUSFARCNY,2025-11-12,RUSFARCNY,RUSFAR CNY,0.17,0.17,0.17,0.17,941423599.0,,,2,,CNY,,3,,2025-11-12,
MMIX,RUSFARCNY,2025-11-13,RUSFARCNY,RUSFAR CNY,0.29,0.29,0.29,0.29,883697991.0,,,2,,CNY,,3,,2025-11-13,
MMIX,RUSFARCNY,2025-11-14,RUSFARCNY,RUSFAR CNY,0.32,0.32,0.32,0.32,1032090248.0,,,2,,CNY,,3,,2025-11-14,
MMIX,RUSFARCNY,2025-11-17,RUSFARCNY,RUSFAR CNY,0.29,0.29,0.29,0.29,924839421.0,,,2,,CNY,,3,,2025-11-17,
MMIX,RUSFARCNY,2025-11-18,RUSFARCNY,RUSFAR CNY,0.29,0.29,0.29,0.29,880396843.0,,,2,,CNY,,3,,2025-11-18,
MMIX,RUSFARCNY,2025-11-19,RUSFARCNY,RUSFAR CNY,0.2,0.2,0.2,0.2,1030069506.0,,,2,,CNY,,3,,2025-11-19,
MMIX,RUSFARCNY,2025-11-20,RUSFARCNY,RUSFAR CNY,0.23,0.23,0.23,0.23,1197269048.0,,,2,,CNY,,3,,2025-11-20,
MMIX,RUSFARCNY,2025-11-21,RUSFARCNY,RUSFAR CNY,0.21,0.21,0.21,0.21,1781399528.0,,,2,,CNY,,3,,2025-11-21,
MMIX,RUSFARCNY,2025-11-24,RUSFARCNY,RUSFAR CNY,0.25,0.25,0.25,0.25,1153958283.0,,,2,,CNY,,3,,2025-11-24,
MMIX,RUSFARCNY,2025-11-25,RUSFARCNY,RUSFAR CNY,0.18,0.18,0.18,0.18,1081656505.0,,,2,,CNY,,3,,2025-11-25,
MMIX,RUSFARCNY,2025-11-26,RUSFARCNY,RUSFAR CNY,0.22,0.22,0.22,0.22,1090922763.0,,,2,,CNY,,3,,2025-11-26,
MMIX,RUSFARCNY,2025-11-27,RUSFARCNY,RUSFAR CNY,0.22,0.22,0.22,0.22,1034652079.0,,,2,,CNY,,3,,2025-11-27,
MMIX,RUSFARCNY,2025-11-28,RUSFARCNY,RUSFAR CNY,0.16,0.16,0.16,0.16,1039804266.0,,,2,,CNY,,3,,2025-11-28,
MMIX,RUSFARCNY,2025-12-01,RUSFARCNY,RUSFAR CNY,0.24,0.24,0.24,0.24,1101198965.0,,,2,,CNY,,3,,2025-12-01,
MMIX,RUSFARCNY,2025-12-02,RUSFARCNY,RUSFAR CNY,0.12,0.12,0.12,0.12,1199093286.0,,,2,,CNY,,3,,2025-12-02,
MMIX,RUSFARCNY,2025-12-03,RUSFARCNY,RUSFAR CNY,0.02,0.02,0.02,0.02,1039000086.0,,,2,,CNY,,3,,2025-12-03,
MMIX,RUSFARCNY,2025-12-04,RUSFARCNY,RUSFAR CNY,-0.03,-0.03,-0.03,-0.03,1383827386.0,,,2,,CNY,,3,,2025-12-04,
MMIX,RUSFARCNY,2025-12-05,RUSFARCNY,RUSFAR CNY,-0.02,-0.02,-0.02,-0.02,1252079509.0,,,2,,CNY,,3,,2025-12-05,
MMIX,RUSFARCNY,2025-12-08,RUSFARCNY,RUSFAR CNY,0.38,0.38,0.38,0.38,1544710612.0,,,2,,CNY,,3,,2025-12-08,
MMIX,RUSFARCNY,2025-12-09,RUSFARCNY,RUSFAR CNY,0.38,0.38,0.38,0.38,1996109431.0,,,2,,CNY,,3,,2025-12-09,
MMIX,RUSFARCNY,2025-12-10,RUSFARCNY,RUSFAR CNY,0.35,0.35,0.35,0.35,1516952748.0,,,2,,CNY,,3,,2025-12-10,
MMIX,RUSFARCNY,2025-12-11,RUSFARCNY,RUSFAR CNY,0.33,0.33,0.33,0.33,2897342450.0,,,2,,CNY,,3,,2025-12-11,
MMIX,RUSFARCNY,2025-12-12,RUSFARCNY,RUSFAR CNY,0.35,0.35,0.35,0.35,2117460635.0,,,2,,CNY,,3,,2025-12-12,
MMIX,RUSFARCNY,2025-12-15,RUSFARCNY,RUSFAR CNY,0.4,0.4,0.4,0.4,1819409397.0,,,2,,CNY,,3,,2025-12-15,
MMIX,RUSFARCNY,2025-12-16,RUSFARCNY,RUSFAR CNY,0.34,0.34,0.34,0.34,1778360479.0,,,2,,CNY,,3,,2025-12-16,
MMIX,RUSFARCNY,2025-12-17,RUSFARCNY,RUSFAR CNY,0.27,0.27,0.27,0.27,1873274223.0,,,2,,CNY,,3,,2025-12-17,
MMIX,RUSFARCNY,2025-12-18,RUSFARCNY,RUSFAR CNY,0.29,0.29,0.29,0.29,1602414515.0,,,2,,CNY,,3,,2025-12-18,
MMIX,RUSFARCNY,2025-12-19,RUSFARCNY,RUSFAR CNY,0.28,0.28,0.28,0.28,1569466547.0,,,2,,CNY,,3,,2025-12-19,
MMIX,RUSFARCNY,2025-12-22,RUSFARCNY,RUSFAR CNY,0.35,0.35,0.35,0.35,1387624559.0,,,2,,CNY,,3,,2025-12-22,
MMIX,RUSFARCNY,2025-12-23,RUSFARCNY,RUSFAR CNY,0.4,0.4,0.4,0.4,1367105199.0,,,2,,CNY,,3,,2025-12-23,
MMIX,RUSFARCNY,2025-12-24,RUSFARCNY,RUSFAR CNY,0.44,0.44,0.44,0.44,1686804392.0,,,2,,CNY,,3,,2025-12-24,
MMIX,RUSFARCNY,2025-12-25,RUSFARCNY,RUSFAR CNY,0.47,0.47,0.47,0.47,1044591397.0,,,2,,CNY,,3,,2025-12-25,
MMIX,RUSFARCNY,2025-12-26,RUSFARCNY,RUSFAR CNY,0.36,0.36,0.36,0.36,1429008141.0,,,2,,CNY,,3,,2025-12-26,
MMIX,RUSFARCNY,2025-12-29,RUSFARCNY,RUSFAR CNY,0.32,0.32,0.32,0.32,1368948010.0,,,2,,CNY,,3,,2025-12-29,
MMIX,RUSFARCNY,2026-01-12,RUSFARCNY,RUSFAR CNY,0.5,0.5,0.5,0.5,1637699328.0,,,2,,CNY,,3,,2026-01-12,
MMIX,RUSFARCNY,2026-01-13,RUSFARCNY,RUSFAR CNY,0.32,0.32,0.32,0.32,1495572824.0,,,2,,CNY,,3,,2026-01-13,
MMIX,RUSFARCNY,2026-01-14,RUSFARCNY,RUSFAR CNY,0.29,0.29,0.29,0.29,1104350711.0,,,2,,CNY,,3,,2026-01-14,
MMIX,RUSFARCNY,2026-01-15,RUSFARCNY,RUSFAR CNY,0.29,0.29,0.29,0.29,1265031804.0,,,2,,CNY,,3,,2026-01-15,
MMIX,RUSFARCNY,2026-01-16,RUSFARCNY,RUSFAR CNY,0.24,0.24,0.24,0.24,1047245185.0,,,2,,CNY,,3,,2026-01-16,
MMIX,RUSFARCNY,2026-01-19,RUSFARCNY,RUSFAR CNY,0.24,0.24,0.24,0.24,1399375337.0,,,2,,CNY,,3,,2026-01-19,
MMIX,RUSFARCNY,2026-01-20,RUSFARCNY,RUSFAR CNY,0.3,0.3,0.3,0.3,1599906767.0,,,2,,CNY,,3,,2026-01-20,
MMIX,RUSFARCNY,2026-01-21,RUSFARCNY,RUSFAR CNY,0.98,0.98,0.98,0.98,2966581182.0,,,2,,CNY,,3,,2026-01-21,
MMIX,RUSFARCNY,2026-01-22,RUSFARCNY,RUSFAR CNY,1.64,1.64,1.64,1.64,3348938445.0,,,2,,CNY,,3,,2026-01-22,
MMIX,RUSFARCNY,2026-01-23,RUSFARCNY,RUSFAR CNY,0.73,0.73,0.73,0.73,1297554425.0,,,2,,CNY,,3,,2026-01-23,
MMIX,RUSFARCNY,2026-01-26,RUSFARCNY,RUSFAR CNY,0.79,0.79,0.79,0.79,2334906007.0,,,2,,CNY,,3,,2026-01-26,
MMIX,RUSFARCNY,2026-01-27,RUSFARCNY,RUSFAR CNY,0.75,0.75,0.75,0.75,2503487481.0,,,2,,CNY,,3,,2026-01-27,
MMIX,RUSFARCNY,2026-01-28,RUSFARCNY,RUSFAR CNY,0.68,0.68,0.68,0.68,3772448264.0,,,2,,CNY,,3,,2026-01-28,
MMIX,RUSFARCNY,2026-01-29,RUSFARCNY,RUSFAR CNY,0.5,0.5,0.5,0.5,2982288234.0,,,2,,CNY,,3,,2026-01-29,
MMIX,RUSFARCNY,2026-01-30,RUSFARCNY,RUSFAR CNY,0.53,0.53,0.53,0.53,2699195188.0,,,2,,CNY,,3,,2026-01-30,
MMIX,RUSFARCNY,2026-02-02,RUSFARCNY,RUSFAR CNY,0.78,0.78,0.78,0.78,3618714365.0,,,2,,CNY,,3,,2026-02-02,
MMIX,RUSFARCNY,2026-02-03,RUSFARCNY,RUSFAR CNY,0.94,0.94,0.94,0.94,4955158692.0,,,2,,CNY,,3,,2026-02-03,
MMIX,RUSFARCNY,2026-02-04,RUSFARCNY,RUSFAR CNY,1.04,1.04,1.04,1.04,4826290438.0,,,2,,CNY,,3,,2026-02-04,
MMIX,RUSFARCNY,2026-02-05,RUSFARCNY,RUSFAR CNY,1.01,1.01,1.01,1.01,3840790632.0,,,2,,CNY,,3,,2026-02-05,
MMIX,RUSFARCNY,2026-02-06,RUSFARCNY,RUSFAR CNY,10.08,10.08,10.08,10.08,7373232439.0,,,2,,CNY,,3,,2026-02-06,
MMIX,RUSFARCNY,2026-02-09,RUSFARCNY,RUSFAR CNY,8.92,8.92,8.92,8.92,7094623939.0,,,2,,CNY,,3,,2026-02-09,
MMIX,RUSFARCNY,2026-02-10,RUSFARCNY,RUSFAR CNY,3.0,3.0,3.0,3.0,5512058512.0,,,2,,CNY,,3,,2026-02-10,
MMIX,RUSFARCNY,2026-02-11,RUSFARCNY,RUSFAR CNY,12.77,12.77,12.77,12.77,10280686234.0,,,2,,CNY,,3,,2026-02-11,
MMIX,RUSFARCNY,2026-02-12,RUSFARCNY,RUSFAR CNY,8.46,8.46,8.46,8.46,10863498694.0,,,2,,CNY,,3,,2026-02-12,
MMIX,RUSFARCNY,2026-02-13,RUSFARCNY,RUSFAR CNY,7.47,7.47,7.47,7.47,5652075487.0,,,2,,CNY,,3,,2026-02-13,
MMIX,RUSFARCNY,2026-02-24,RUSFARCNY,RUSFAR CNY,10.6,10.6,10.6,10.6,6439223435.0,,,2,,CNY,,3,,2026-02-24,
MMIX,RUSFARCNY,2026-02-25,RUSFARCNY,RUSFAR CNY,10.4,10.4,10.4,10.4,8981877982.0,,,2,,CNY,,3,,2026-02-25,
MMIX,RUSFARCNY,2026-02-26,RUSFARCNY,RUSFAR CNY,10.31,10.31,10.31,10.31,13446177029.0,,,2,,CNY,,3,,2026-02-26,
MMIX,RUSFARCNY,2026-02-27,RUSFARCNY,RUSFAR CNY,8.49,8.49,8.49,8.49,13465396740.0,,,2,,CNY,,3,,2026-02-27,
MMIX,RUSFARCNY,2026-03-02,RUSFARCNY,RUSFAR CNY,6.35,6.35,6.35,6.35,13041729916.0,,,2,,CNY,,3,,2026-03-02,
MMIX,RUSFARCNY,2026-03-03,RUSFARCNY,RUSFAR CNY,5.57,5.57,5.57,5.57,9804492601.0,,,2,,CNY,,3,,2026-03-03,
MMIX,RUSFARCNY,2026-03-04,RUSFARCNY,RUSFAR CNY,6.62,6.62,6.62,6.62,9624846567.0,,,2,,CNY,,3,,2026-03-04,
MMIX,RUSFARCNY,2026-03-05,RUSFARCNY,RUSFAR CNY,6.19,6.19,6.19,6.19,7242247608.0,,,2,,CNY,,3,,2026-03-05,
MMIX,RUSFARCNY,2026-03-06,RUSFARCNY,RUSFAR CNY,6.81,6.81,6.81,6.81,13651382101.0,,,2,,CNY,,3,,2026-03-06,
MMIX,RUSFARCNY,2026-03-10,RUSFARCNY,RUSFAR CNY,6.0,6.0,6.0,6.0,11035332698.0,,,2,,CNY,,3,,2026-03-10,
MMIX,RUSFARCNY,2026-03-11,RUSFARCNY,RUSFAR CNY,8.54,8.54,8.54,8.54,10005415972.0,,,2,,CNY,,3,,2026-03-11,
MMIX,RUSFARCNY,2026-03-12,RUSFARCNY,RUSFAR CNY,11.53,11.53,11.53,11.53,14998555272.0,,,2,,CNY,,3,,2026-03-12,
MMIX,RUSFARCNY,2026-03-13,RUSFARCNY,RUSFAR CNY,12.32,12.32,12.32,12.32,14119030872.0,,,2,,CNY,,3,,2026-03-13,
MMIX,RUSFARCNY,2026-03-16,RUSFARCNY,RUSFAR CNY,13.86,13.86,13.86,13.86,11996744407.0,,,2,,CNY,,3,,2026-03-16,
MMIX,RUSFARCNY,2026-03-17,RUSFARCNY,RUSFAR CNY,14.32,14.32,14.32,14.32,9013911018.0,,,2,,CNY,,3,,2026-03-17,
MMIX,RUSFARCNY,2026-03-18,RUSFARCNY,RUSFAR CNY,20.81,20.81,20.81,20.81,11165022973.0,,,2,,CNY,,3,,2026-03-18,
MMIX,RUSFARCNY,2026-03-19,RUSFARCNY,RUSFAR CNY,43.93,43.93,43.93,43.93,12479005826.0,,,2,,CNY,,3,,2026-03-19,
MMIX,RUSFARCNY,2026-03-20,RUSFARCNY,RUSFAR CNY,16.02,16.02,16.02,16.02,14914980612.0,,,2,,CNY,,3,,2026-03-20,
MMIX,RUSFARCNY,2026-03-23,RUSFARCNY,RUSFAR CNY,7.23,7.23,7.23,7.23,14040764290.0,,,2,,CNY,,3,,2026-03-23,
MMIX,RUSFARCNY,2026-03-24,RUSFARCNY,RUSFAR CNY,9.4,9.4,9.4,9.4,13099394706.0,,,2,,CNY,,3,,2026-03-24,
MMIX,RUSFARCNY,2026-03-25,RUSFARCNY,RUSFAR CNY,12.44,12.44,12.44,12.44,13374763733.0,,,2,,CNY,,3,,2026-03-25,
MMIX,RUSFARCNY,2026-03-26,RUSFARCNY,RUSFAR CNY,9.42,9.42,9.42,9.42,17980752221.0,,,2,,CNY,,3,,2026-03-26,
MMIX,RUSFARCNY,2026-03-27,RUSFARCNY,RUSFAR CNY,8.45,8.45,8.45,8.45,16114836077.0,,,2,,CNY,,3,,2026-03-27,
MMIX,RUSFARCNY,2026-03-30,RUSFARCNY,RUSFAR CNY,4.87,4.87,4.87,4.87,11569797724.0,,,2,,CNY,,3,,2026-03-30,
MMIX,RUSFARCNY,2026-03-31,RUSFARCNY,RUSFAR CNY,2.56,2.56,2.56,2.56,9898343660.0,,,2,,CNY,,3,,2026-03-31,
MMIX,RUSFARCNY,2026-04-01,RUSFARCNY,RUSFAR CNY,3.68,3.68,3.68,3.68,9651281607.0,,,2,,CNY,,3,,2026-04-01,
MMIX,RUSFARCNY,2026-04-02,RUSFARCNY,RUSFAR CNY,4.43,4.43,4.43,4.43,10265328773.0,,,2,,CNY,,3,,2026-04-02,
MMIX,RUSFARCNY,2026-04-03,RUSFARCNY,RUSFAR CNY,5.37,5.37,5.37,5.37,8256042107.0,,,2,,CNY,,3,,2026-04-03,
MMIX,RUSFARCNY,2026-04-07,RUSFARCNY,RUSFAR CNY,3.62,3.62,3.62,3.62,9196987464.0,,,2,,CNY,,3,,2026-04-07,
MMIX,RUSFARCNY,2026-04-08,RUSFARCNY,RUSFAR CNY,1.07,1.07,1.07,1.07,5671183129.0,,,2,,CNY,,3,,2026-04-08,
MMIX,RUSFARCNY,2026-04-09,RUSFARCNY,RUSFAR CNY,0.93,0.93,0.93,0.93,6462491769.0,,,2,,CNY,,3,,2026-04-09,
MMIX,RUSFARCNY,2026-04-10,RUSFARCNY,RUSFAR CNY,0.92,0.92,0.92,0.92,8129916950.0,,,2,,CNY,,3,,2026-04-10,
MMIX,RUSFARCNY,2026-04-13,RUSFARCNY,RUSFAR CNY,3.04,3.04,3.04,3.04,8403971779.0,,,2,,CNY,,3,,2026-04-13,
MMIX,RUSFARCNY,2026-04-14,RUSFARCNY,RUSFAR CNY,1.8,1.8,1.8,1.8,6382626510.0,,,2,,CNY,,3,,2026-04-14,
MMIX,RUSFARCNY,2026-04-15,RUSFARCNY,RUSFAR CNY,0.68,0.68,0.68,0.68,4179774676.0,,,2,,CNY,,3,,2026-04-15,
MMIX,RUSFARCNY,2026-04-16,RUSFARCNY,RUSFAR CNY,0.55,0.55,0.55,0.55,4860355682.0,,,2,,CNY,,3,,2026-04-16,
MMIX,RUSFARCNY,2026-04-17,RUSFARCNY,RUSFAR CNY,0.5,0.5,0.5,0.5,4164291153.0,,,2,,CNY,,3,,2026-04-17,
MMIX,RUSFARCNY,2026-04-20,RUSFARCNY,RUSFAR CNY,0.55,0.55,0.55,0.55,5813530862.0,,,2,,CNY,,3,,2026-04-20,
MMIX,RUSFARCNY,2026-04-21,RUSFARCNY,RUSFAR CNY,0.27,0.27,0.27,0.27,3239168722.0,,,2,,CNY,,3,,2026-04-21,
MMIX,RUSFARCNY,2026-04-22,RUSFARCNY,RUSFAR CNY,0.21,0.21,0.21,0.21,3636067912.0,,,2,,CNY,,3,,2026-04-22,
MMIX,RUSFARCNY,2026-04-23,RUSFARCNY,RUSFAR CNY,0.2,0.2,0.2,0.2,2339414826.0,,,2,,CNY,,3,,2026-04-23,
MMIX,RUSFARCNY,2026-04-24,RUSFARCNY,RUSFAR CNY,0.19,0.19,0.19,0.19,2018578723.0,,,2,,CNY,,3,,2026-04-24,
MMIX,RUSFARCNY,2026-04-27,RUSFARCNY,RUSFAR CNY,0.29,0.29,0.29,0.29,2671346724.0,,,2,,CNY,,3,,2026-04-27,
MMIX,RUSFARCNY,2026-04-28,RUSFARCNY,RUSFAR CNY,0.25,0.25,0.25,0.25,2059633022.0,,,2,,CNY,,3,,2026-04-28,
MMIX,RUSFARCNY,2026-04-29,RUSFARCNY,RUSFAR CNY,0.21,0.21,0.21,0.21,2085389585.0,,,2,,CNY,,3,,2026-04-29,
MMIX,RUSFARCNY,2026-04-30,RUSFARCNY,RUSFAR CNY,0.08,0.08,0.08,0.08,2182348394.0,,,2,,CNY,,3,,2026-04-30,
MMIX,RUSFARCNY,2026-05-06,RUSFARCNY,RUSFAR CNY,0.05,0.05,0.05,0.05,1677587665.0,,,2,,CNY,,3,,2026-05-06,
MMIX,RUSFARCNY,2026-05-07,RUSFARCNY,RUSFAR CNY,0.14,0.14,0.14,0.14,1434923069.0,,,2,,CNY,,3,,2026-05-07,
MMIX,RUSFARCNY,2026-05-08,RUSFARCNY,RUSFAR CNY,0.24,0.24,0.24,0.24,2755224469.0,,,2,,CNY,,3,,2026-05-08,
MMIX,RUSFARCNY,2026-05-12,RUSFARCNY,RUSFAR CNY,0.27,0.27,0.27,0.27,1811082264.0,,,2,,CNY,,3,,2026-05-12,
MMIX,RUSFARCNY,2026-05-13,RUSFARCNY,RUSFAR CNY,0.18,0.18,0.18,0.18,1193848068.0,,,2,,CNY,,3,,2026-05-13,
MMIX,RUSFARCNY,2026-05-14,RUSFARCNY,RUSFAR CNY,0.19,0.19,0.19,0.19,1902898347.0,,,2,,CNY,,3,,2026-05-14,
MMIX,RUSFARCNY,2026-05-15,RUSFARCNY,RUSFAR CNY,0.18,0.18,0.18,0.18,1032903800.0,,,2,,CNY,,3,,2026-05-15,
MMIX,RUSFARCNY,2026-05-18,RUSFARCNY,RUSFAR CNY,0.18,0.18,0.18,0.18,1250935251.0,,,2,,CNY,,3,,2026-05-18,
MMIX,RUSFARCNY,2026-05-19,RUSFARCNY,RUSFAR CNY,0.16,0.16,0.16,0.16,1690750530.0,,,2,,CNY,,3,,2026-05-19,
MMIX,RUSFARCNY,2026-05-20,RUSFARCNY,RUSFAR CNY,0.18,0.18,0.18,0.18,1831393918.0,,,2,,CNY,,3,,2026-05-20,
MMIX,RUSFARCNY,2026-05-21,RUSFARCNY,RUSFAR CNY,0.16,0.16,0.16,0.16,1517455632.0,,,2,,CNY,,3,,2026-05-21,
MMIX,RUSFARCNY,2026-05-22,RUSFARCNY,RUSFAR CNY,0.05,0.05,0.05,0.05,1105973901.0,,,2,,CNY,,3,,2026-05-22,
MMIX,RUSFARCNY,2026-05-25,RUSFARCNY,RUSFAR CNY,0.01,0.01,0.01,0.01,813656707.0,,,2,,CNY,,3,,2026-05-25,
MMIX,RUSFARCNY,2026-05-26,RUSFARCNY,RUSFAR CNY,0.01,0.01,0.01,0.01,746581572.0,,,2,,CNY,,3,,2026-05-26,
MMIX,RUSFARCNY,2026-05-27,RUSFARCNY,RUSFAR CNY,0.32,0.32,0.32,0.32,2713189541.0,,,2,,CNY,,3,,2026-05-27,
MMIX,RUSFARCNY,2026-05-28,RUSFARCNY,RUSFAR CNY,0.14,0.14,0.14,0.14,1150590984.0,,,2,,CNY,,3,,2026-05-28,
MMIX,RUSFARCNY,2026-05-29,RUSFARCNY,RUSFAR CNY,0.18,0.18,0.18,0.18,1798417034.0,,,2,,CNY,,3,,2026-05-29,
MMIX,RUSFARCNY,2026-06-01,RUSFARCNY,RUSFAR CNY,3.58,3.58,3.58,3.58,4927269600.0,,,2,,CNY,,3,,2026-06-01,
MMIX,RUSFARCNY,2026-06-02,RUSFARCNY,RUSFAR CNY,0.79,0.79,0.79,0.79,2327516014.0,,,2,,CNY,,3,,2026-06-02,
MMIX,RUSFARCNY,2026-06-03,RUSFARCNY,RUSFAR CNY,0.64,0.64,0.64,0.64,5765361368.0,,,2,,CNY,,3,,2026-06-03,
MMIX,RUSFARCNY,2026-06-04,RUSFARCNY,RUSFAR CNY,0.47,0.47,0.47,0.47,4791318373.0,,,2,,CNY,,3,,2026-06-04,
MMIX,RUSFARCNY,2026-06-05,RUSFARCNY,RUSFAR CNY,0.29,0.29,0.29,0.29,4130863010.0,,,2,,CNY,,3,,2026-06-05,
MMIX,RUSFARCNY,2026-06-08,RUSFARCNY,RUSFAR CNY,0.21,0.21,0.21,0.21,3538523992.0,,,2,,CNY,,3,,2026-06-08,
MMIX,RUSFARCNY,2026-06-09,RUSFARCNY,RUSFAR CNY,0.2,0.2,0.2,0.2,1823897490.0,,,2,,CNY,,3,,2026-06-09,
MMIX,RUSFARCNY,2026-06-10,RUSFARCNY,RUSFAR CNY,0.24,0.24,0.24,0.24,1896555086.0,,,2,,CNY,,3,,2026-06-10,
MMIX,RUSFARCNY,2026-06-11,RUSFARCNY,RUSFAR CNY,0.22,0.22,0.22,0.22,1840551593.0,,,2,,CNY,,3,,2026-06-11,
MMIX,RUSFARCNY,2026-06-15,RUSFARCNY,RUSFAR CNY,0.25,0.25,0.25,0.25,1397658642.0,,,2,,CNY,,3,,2026-06-15,
MMIX,RUSFARCNY,2026-06-16,RUSFARCNY,RUSFAR CNY,2.11,2.11,2.11,2.11,3818796508.0,,,2,,CNY,,3,,2026-06-16,
MMIX,RUSFARCNY,2026-06-17,RUSFARCNY,RUSFAR CNY,1.7,1.7,1.7,1.7,4575924843.0,,,2,,CNY,,3,,2026-06-17,
MMIX,RUSFARCNY,2026-06-18,RUSFARCNY,RUSFAR CNY,3.55,3.55,3.55,3.55,6927513877.0,,,2,,CNY,,3,,2026-06-18,
MMIX,RUSFARCNY,2026-06-22,RUSFARCNY,RUSFAR CNY,4.18,4.18,4.18,4.18,5177805457.0,,,2,,CNY,,3,,2026-06-22,
MMIX,RUSFARCNY,2026-06-23,RUSFARCNY,RUSFAR CNY,5.57,5.57,5.57,5.57,3554260246.0,,,2,,CNY,,3,,2026-06-23,
MMIX,RUSFARCNY,2026-06-24,RUSFARCNY,RUSFAR CNY,2.17,2.17,2.17,2.17,3309371116.0,,,2,,CNY,,3,,2026-06-24,
MMIX,RUSFARCNY,2026-06-25,RUSFARCNY,RUSFAR CNY,2.59,2.59,2.59,2.59,3721384287.0,,,2,,CNY,,3,,2026-06-25,
MMIX,RUSFARCNY,2026-06-26,RUSFARCNY,RUSFAR CNY,1.34,1.34,1.34,1.34,4101775944.0,,,2,,CNY,,3,,2026-06-26,
MMIX,RUSFARCNY,2026-06-29,RUSFARCNY,RUSFAR CNY,0.85,0.85,0.85,0.85,1679229647.0,,,2,,CNY,,3,,2026-06-29,
MMIX,RUSFARCNY,2026-06-30,RUSFARCNY,RUSFAR CNY,0.47,0.47,0.47,0.47,1643521201.0,,,2,,CNY,,3,,2026-06-30,
MMIX,RUSFARCNY,2026-07-01,RUSFARCNY,RUSFAR CNY,0.7,0.7,0.7,0.7,2949629247.0,,,2,,CNY,,3,,2026-07-01,
MMIX,RUSFARCNY,2026-07-02,RUSFARCNY,RUSFAR CNY,0.72,0.72,0.72,0.72,3857831076.0,,,2,,CNY,,3,,2026-07-02,
MMIX,RUSFARCNY,2026-07-03,RUSFARCNY,RUSFAR CNY,0.59,0.59,0.59,0.59,1307763691.0,,,2,,CNY,,3,,2026-07-03,
MMIX,RUSFARCNY,2026-07-06,RUSFARCNY,RUSFAR CNY,0.51,0.51,0.51,0.51,1104653873.0,,,2,,CNY,,3,,2026-07-06,
MMIX,RUSFARCNY,2026-07-07,RUSFARCNY,RUSFAR CNY,0.48,0.48,0.48,0.48,1410604893.0,,,2,,CNY,,3,,2026-07-07,
MMIX,RUSFARCNY,2026-07-08,RUSFARCNY,RUSFAR CNY,1.11,1.11,1.11,1.11,3885828705.0,,,2,,CNY,,3,,2026-07-08,
MMIX,RUSFARCNY,2026-07-09,RUSFARCNY,RUSFAR CNY,0.93,0.93,0.93,0.93,1366521129.0,,,2,,CNY,,3,,2026-07-09,
MMIX,RUSFARCNY,2026-07-10,RUSFARCNY,RUSFAR CNY,1.38,1.38,1.38,1.38,3294650317.0,,,2,,CNY,,3,,2026-07-10,
MMIX,RUSFARCNY,2026-07-13,RUSFARCNY,RUSFAR CNY,0.93,0.93,0.93,0.93,2000138651.0,,,2,,CNY,,3,,2026-07-13,
MMIX,RUSFARCNY,2026-07-14,RUSFARCNY,RUSFAR CNY,1.77,1.77,1.77,1.77,2985556728.0,,,2,,CNY,,3,,2026-07-14,
MMIX,RUSFARCNY,2026-07-15,RUSFARCNY,RUSFAR CNY,1.6,1.6,1.6,1.6,1725644859.0,,,2,,CNY,,3,,2026-07-15,
MMIX,RUSFARCNY,2026-07-16,RUSFARCNY,RUSFAR CNY,3.41,3.41,3.41,3.41,2677132150.0,,,2,,CNY,,3,,2026-07-16,
MMIX,RUSFARCNY,2026-07-17,RUSFARCNY,RUSFAR CNY,1.77,1.77,1.77,1.77,2093836212.0,,,2,,CNY,,3,,2026-07-17,
MMIX,RUSFAR,2022-07-01,RUSFAR,RUSFAR,8.99,8.99,8.99,8.99,169251764000.0,,,2,,RUB,,3,,2022-07-01,
MMIX,RUSFAR,2022-07-04,RUSFAR,RUSFAR,8.87,8.87,8.87,8.87,137573205000.0,,,2,,RUB,,3,,2022-07-04,
MMIX,RUSFAR,2022-07-05,RUSFAR,RUSFAR,8.86,8.86,8.86,8.86,155689008000.0,,,2,,RUB,,3,,2022-07-05,
MMIX,RUSFAR,2022-07-06,RUSFAR,RUSFAR,9.0,9.0,9.0,9.0,66162357000.0,,,2,,RUB,,3,,2022-07-06,
MMIX,RUSFAR,2022-07-07,RUSFAR,RUSFAR,9.03,9.03,9.03,9.03,121221400000.0,,,2,,RUB,,3,,2022-07-07,
MMIX,RUSFAR,2022-07-08,RUSFAR,RUSFAR,9.09,9.09,9.09,9.09,89474321000.0,,,2,,RUB,,3,,2022-07-08,
MMIX,RUSFAR,2022-07-11,RUSFAR,RUSFAR,9.24,9.24,9.24,9.24,90713925000.0,,,2,,RUB,,3,,2022-07-11,
MMIX,RUSFAR,2022-07-12,RUSFAR,RUSFAR,9.49,9.49,9.49,9.49,99123548000.0,,,2,,RUB,,3,,2022-07-12,
MMIX,RUSFAR,2022-07-13,RUSFAR,RUSFAR,9.32,9.32,9.32,9.32,86241241000.0,,,2,,RUB,,3,,2022-07-13,
MMIX,RUSFAR,2022-07-14,RUSFAR,RUSFAR,9.3,9.3,9.3,9.3,102990049000.0,,,2,,RUB,,3,,2022-07-14,
MMIX,RUSFAR,2022-07-15,RUSFAR,RUSFAR,9.33,9.33,9.33,9.33,76489509000.0,,,2,,RUB,,3,,2022-07-15,
MMIX,RUSFAR,2022-07-18,RUSFAR,RUSFAR,9.37,9.37,9.37,9.37,88261559000.0,,,2,,RUB,,3,,2022-07-18,
MMIX,RUSFAR,2022-07-19,RUSFAR,RUSFAR,9.46,9.46,9.46,9.46,80947910000.0,,,2,,RUB,,3,,2022-07-19,
MMIX,RUSFAR,2022-07-20,RUSFAR,RUSFAR,9.5,9.5,9.5,9.5,160336507000.0,,,2,,RUB,,3,,2022-07-20,
MMIX,RUSFAR,2022-07-21,RUSFAR,RUSFAR,9.47,9.47,9.47,9.47,220606758000.0,,,2,,RUB,,3,,2022-07-21,
MMIX,RUSFAR,2022-07-22,RUSFAR,RUSFAR,9.31,9.31,9.31,9.31,164075017000.0,,,2,,RUB,,3,,2022-07-22,
MMIX,RUSFAR,2022-07-25,RUSFAR,RUSFAR,8.09,8.09,8.09,8.09,125682751000.0,,,2,,RUB,,3,,2022-07-25,
MMIX,RUSFAR,2022-07-26,RUSFAR,RUSFAR,8.29,8.29,8.29,8.29,52561024000.0,,,2,,RUB,,3,,2022-07-26,
MMIX,RUSFAR,2022-07-27,RUSFAR,RUSFAR,8.24,8.24,8.24,8.24,210043181000.0,,,2,,RUB,,3,,2022-07-27,
MMIX,RUSFAR,2022-07-28,RUSFAR,RUSFAR,8.1,8.1,8.1,8.1,267810406000.0,,,2,,RUB,,3,,2022-07-28,
MMIX,RUSFAR,2022-07-29,RUSFAR,RUSFAR,8.15,8.15,8.15,8.15,139403065000.0,,,2,,RUB,,3,,2022-07-29,
MMIX,RUSFAR,2022-08-01,RUSFAR,RUSFAR,8.02,8.02,8.02,8.02,154308183000.0,,,2,,RUB,,3,,2022-08-01,
MMIX,RUSFAR,2022-08-02,RUSFAR,RUSFAR,8.0,8.0,8.0,8.0,222426998000.0,,,2,,RUB,,3,,2022-08-02,
MMIX,RUSFAR,2022-08-03,RUSFAR,RUSFAR,7.82,7.82,7.82,7.82,92976412000.0,,,2,,RUB,,3,,2022-08-03,
MMIX,RUSFAR,2022-08-04,RUSFAR,RUSFAR,7.8,7.8,7.8,7.8,262125961000.0,,,2,,RUB,,3,,2022-08-04,
MMIX,RUSFAR,2022-08-05,RUSFAR,RUSFAR,7.75,7.75,7.75,7.75,378190969000.0,,,2,,RUB,,3,,2022-08-05,
MMIX,RUSFAR,2022-08-08,RUSFAR,RUSFAR,7.75,7.75,7.75,7.75,240772141000.0,,,2,,RUB,,3,,2022-08-08,
MMIX,RUSFAR,2022-08-09,RUSFAR,RUSFAR,7.91,7.91,7.91,7.91,176905465000.0,,,2,,RUB,,3,,2022-08-09,
MMIX,RUSFAR,2022-08-10,RUSFAR,RUSFAR,7.89,7.89,7.89,7.89,63171756000.0,,,2,,RUB,,3,,2022-08-10,
MMIX,RUSFAR,2022-08-11,RUSFAR,RUSFAR,7.9,7.9,7.9,7.9,103158143000.0,,,2,,RUB,,3,,2022-08-11,
MMIX,RUSFAR,2022-08-12,RUSFAR,RUSFAR,7.9,7.9,7.9,7.9,102791289000.0,,,2,,RUB,,3,,2022-08-12,
MMIX,RUSFAR,2022-08-15,RUSFAR,RUSFAR,7.9,7.9,7.9,7.9,84778345000.0,,,2,,RUB,,3,,2022-08-15,
MMIX,RUSFAR,2022-08-16,RUSFAR,RUSFAR,7.91,7.91,7.91,7.91,76487576000.0,,,2,,RUB,,3,,2022-08-16,
MMIX,RUSFAR,2022-08-17,RUSFAR,RUSFAR,7.91,7.91,7.91,7.91,42759931000.0,,,2,,RUB,,3,,2022-08-17,
MMIX,RUSFAR,2022-08-18,RUSFAR,RUSFAR,7.91,7.91,7.91,7.91,63115136000.0,,,2,,RUB,,3,,2022-08-18,
MMIX,RUSFAR,2022-08-19,RUSFAR,RUSFAR,7.92,7.92,7.92,7.92,87466269000.0,,,2,,RUB,,3,,2022-08-19,
MMIX,RUSFAR,2022-08-22,RUSFAR,RUSFAR,7.91,7.91,7.91,7.91,77039804000.0,,,2,,RUB,,3,,2022-08-22,
MMIX,RUSFAR,2022-08-23,RUSFAR,RUSFAR,7.91,7.91,7.91,7.91,79275680000.0,,,2,,RUB,,3,,2022-08-23,
MMIX,RUSFAR,2022-08-24,RUSFAR,RUSFAR,7.92,7.92,7.92,7.92,63066302000.0,,,2,,RUB,,3,,2022-08-24,
MMIX,RUSFAR,2022-08-25,RUSFAR,RUSFAR,7.98,7.98,7.98,7.98,87227710000.0,,,2,,RUB,,3,,2022-08-25,
MMIX,RUSFAR,2022-08-26,RUSFAR,RUSFAR,8.12,8.12,8.12,8.12,67088176000.0,,,2,,RUB,,3,,2022-08-26,
MMIX,RUSFAR,2022-08-29,RUSFAR,RUSFAR,8.12,8.12,8.12,8.12,62037243000.0,,,2,,RUB,,3,,2022-08-29,
MMIX,RUSFAR,2022-08-30,RUSFAR,RUSFAR,8.08,8.08,8.08,8.08,82984238000.0,,,2,,RUB,,3,,2022-08-30,
MMIX,RUSFAR,2022-08-31,RUSFAR,RUSFAR,7.93,7.93,7.93,7.93,60964086000.0,,,2,,RUB,,3,,2022-08-31,
MMIX,RUSFAR,2022-09-01,RUSFAR,RUSFAR,7.87,7.87,7.87,7.87,65871971000.0,,,2,,RUB,,3,,2022-09-01,
MMIX,RUSFAR,2022-09-02,RUSFAR,RUSFAR,7.87,7.87,7.87,7.87,84078361000.0,,,2,,RUB,,3,,2022-09-02,
MMIX,RUSFAR,2022-09-05,RUSFAR,RUSFAR,7.88,7.88,7.88,7.88,87598382000.0,,,2,,RUB,,3,,2022-09-05,
MMIX,RUSFAR,2022-09-06,RUSFAR,RUSFAR,7.9,7.9,7.9,7.9,88640873000.0,,,2,,RUB,,3,,2022-09-06,
MMIX,RUSFAR,2022-09-07,RUSFAR,RUSFAR,7.77,7.77,7.77,7.77,91495380000.0,,,2,,RUB,,3,,2022-09-07,
MMIX,RUSFAR,2022-09-08,RUSFAR,RUSFAR,7.77,7.77,7.77,7.77,126725161000.0,,,2,,RUB,,3,,2022-09-08,
MMIX,RUSFAR,2022-09-09,RUSFAR,RUSFAR,7.79,7.79,7.79,7.79,87990128000.0,,,2,,RUB,,3,,2022-09-09,
MMIX,RUSFAR,2022-09-12,RUSFAR,RUSFAR,7.61,7.61,7.61,7.61,78663331000.0,,,2,,RUB,,3,,2022-09-12,
MMIX,RUSFAR,2022-09-13,RUSFAR,RUSFAR,7.73,7.73,7.73,7.73,109498652000.0,,,2,,RUB,,3,,2022-09-13,
MMIX,RUSFAR,2022-09-14,RUSFAR,RUSFAR,7.78,7.78,7.78,7.78,91188782000.0,,,2,,RUB,,3,,2022-09-14,
MMIX,RUSFAR,2022-09-15,RUSFAR,RUSFAR,7.71,7.71,7.71,7.71,108997930000.0,,,2,,RUB,,3,,2022-09-15,
MMIX,RUSFAR,2022-09-16,RUSFAR,RUSFAR,7.56,7.56,7.56,7.56,109463862000.0,,,2,,RUB,,3,,2022-09-16,
MMIX,RUSFAR,2022-09-19,RUSFAR,RUSFAR,7.35,7.35,7.35,7.35,92149889000.0,,,2,,RUB,,3,,2022-09-19,
MMIX,RUSFAR,2022-09-20,RUSFAR,RUSFAR,7.48,7.48,7.48,7.48,118932202000.0,,,2,,RUB,,3,,2022-09-20,
MMIX,RUSFAR,2022-09-21,RUSFAR,RUSFAR,7.52,7.52,7.52,7.52,91612977000.0,,,2,,RUB,,3,,2022-09-21,
MMIX,RUSFAR,2022-09-22,RUSFAR,RUSFAR,7.45,7.45,7.45,7.45,88215900000.0,,,2,,RUB,,3,,2022-09-22,
MMIX,RUSFAR,2022-09-23,RUSFAR,RUSFAR,7.43,7.43,7.43,7.43,86112736000.0,,,2,,RUB,,3,,2022-09-23,
MMIX,RUSFAR,2022-09-26,RUSFAR,RUSFAR,7.48,7.48,7.48,7.48,90347317000.0,,,2,,RUB,,3,,2022-09-26,
MMIX,RUSFAR,2022-09-27,RUSFAR,RUSFAR,7.7,7.7,7.7,7.7,79500082000.0,,,2,,RUB,,3,,2022-09-27,
MMIX,RUSFAR,2022-09-28,RUSFAR,RUSFAR,7.74,7.74,7.74,7.74,73895437000.0,,,2,,RUB,,3,,2022-09-28,
MMIX,RUSFAR,2022-09-29,RUSFAR,RUSFAR,7.79,7.79,7.79,7.79,66348994000.0,,,2,,RUB,,3,,2022-09-29,
MMIX,RUSFAR,2022-09-30,RUSFAR,RUSFAR,7.87,7.87,7.87,7.87,77198216000.0,,,2,,RUB,,3,,2022-09-30,
MMIX,RUSFAR,2022-10-03,RUSFAR,RUSFAR,8.08,8.08,8.08,8.08,71876867000.0,,,2,,RUB,,3,,2022-10-03,
MMIX,RUSFAR,2022-10-04,RUSFAR,RUSFAR,7.95,7.95,7.95,7.95,89869575000.0,,,2,,RUB,,3,,2022-10-04,
MMIX,RUSFAR,2022-10-05,RUSFAR,RUSFAR,7.94,7.94,7.94,7.94,117749757000.0,,,2,,RUB,,3,,2022-10-05,
MMIX,RUSFAR,2022-10-06,RUSFAR,RUSFAR,7.84,7.84,7.84,7.84,109787080000.0,,,2,,RUB,,3,,2022-10-06,
MMIX,RUSFAR,2022-10-07,RUSFAR,RUSFAR,7.78,7.78,7.78,7.78,100103098000.0,,,2,,RUB,,3,,2022-10-07,
MMIX,RUSFAR,2022-10-10,RUSFAR,RUSFAR,7.65,7.65,7.65,7.65,76867453000.0,,,2,,RUB,,3,,2022-10-10,
MMIX,RUSFAR,2022-10-11,RUSFAR,RUSFAR,7.52,7.52,7.52,7.52,93281838000.0,,,2,,RUB,,3,,2022-10-11,
MMIX,RUSFAR,2022-10-12,RUSFAR,RUSFAR,7.53,7.53,7.53,7.53,112485497000.0,,,2,,RUB,,3,,2022-10-12,
MMIX,RUSFAR,2022-10-13,RUSFAR,RUSFAR,7.45,7.45,7.45,7.45,115734466000.0,,,2,,RUB,,3,,2022-10-13,
MMIX,RUSFAR,2022-10-14,RUSFAR,RUSFAR,7.42,7.42,7.42,7.42,151215237000.0,,,2,,RUB,,3,,2022-10-14,
MMIX,RUSFAR,2022-10-17,RUSFAR,RUSFAR,7.5,7.5,7.5,7.5,128742623000.0,,,2,,RUB,,3,,2022-10-17,
MMIX,RUSFAR,2022-10-18,RUSFAR,RUSFAR,7.55,7.55,7.55,7.55,159339939000.0,,,2,,RUB,,3,,2022-10-18,
MMIX,RUSFAR,2022-10-19,RUSFAR,RUSFAR,7.49,7.49,7.49,7.49,144336258000.0,,,2,,RUB,,3,,2022-10-19,
MMIX,RUSFAR,2022-10-20,RUSFAR,RUSFAR,7.46,7.46,7.46,7.46,158457010000.0,,,2,,RUB,,3,,2022-10-20,
MMIX,RUSFAR,2022-10-21,RUSFAR,RUSFAR,7.39,7.39,7.39,7.39,157496925000.0,,,2,,RUB,,3,,2022-10-21,
MMIX,RUSFAR,2022-10-24,RUSFAR,RUSFAR,7.41,7.41,7.41,7.41,142496781000.0,,,2,,RUB,,3,,2022-10-24,
MMIX,RUSFAR,2022-10-25,RUSFAR,RUSFAR,7.46,7.46,7.46,7.46,191486458000.0,,,2,,RUB,,3,,2022-10-25,
MMIX,RUSFAR,2022-10-26,RUSFAR,RUSFAR,7.5,7.5,7.5,7.5,179420250000.0,,,2,,RUB,,3,,2022-10-26,
MMIX,RUSFAR,2022-10-27,RUSFAR,RUSFAR,7.51,7.51,7.51,7.51,185658985000.0,,,2,,RUB,,3,,2022-10-27,
MMIX,RUSFAR,2022-10-28,RUSFAR,RUSFAR,7.5,7.5,7.5,7.5,205831216000.0,,,2,,RUB,,3,,2022-10-28,
MMIX,RUSFAR,2022-10-31,RUSFAR,RUSFAR,7.5,7.5,7.5,7.5,162920611000.0,,,2,,RUB,,3,,2022-10-31,
MMIX,RUSFAR,2022-11-01,RUSFAR,RUSFAR,7.54,7.54,7.54,7.54,172456568000.0,,,2,,RUB,,3,,2022-11-01,
MMIX,RUSFAR,2022-11-02,RUSFAR,RUSFAR,7.57,7.57,7.57,7.57,166090449000.0,,,2,,RUB,,3,,2022-11-02,
MMIX,RUSFAR,2022-11-03,RUSFAR,RUSFAR,7.63,7.63,7.63,7.63,184965795000.0,,,2,,RUB,,3,,2022-11-03,
MMIX,RUSFAR,2022-11-07,RUSFAR,RUSFAR,7.61,7.61,7.61,7.61,186779218000.0,,,2,,RUB,,3,,2022-11-07,
MMIX,RUSFAR,2022-11-08,RUSFAR,RUSFAR,7.56,7.56,7.56,7.56,165812976000.0,,,2,,RUB,,3,,2022-11-08,
MMIX,RUSFAR,2022-11-09,RUSFAR,RUSFAR,7.54,7.54,7.54,7.54,192407955000.0,,,2,,RUB,,3,,2022-11-09,
MMIX,RUSFAR,2022-11-10,RUSFAR,RUSFAR,7.43,7.43,7.43,7.43,166791618000.0,,,2,,RUB,,3,,2022-11-10,
MMIX,RUSFAR,2022-11-11,RUSFAR,RUSFAR,7.39,7.39,7.39,7.39,190190461000.0,,,2,,RUB,,3,,2022-11-11,
MMIX,RUSFAR,2022-11-14,RUSFAR,RUSFAR,7.05,7.05,7.05,7.05,142770234000.0,,,2,,RUB,,3,,2022-11-14,
MMIX,RUSFAR,2022-11-15,RUSFAR,RUSFAR,7.2,7.2,7.2,7.2,186736302000.0,,,2,,RUB,,3,,2022-11-15,
MMIX,RUSFAR,2022-11-16,RUSFAR,RUSFAR,7.37,7.37,7.37,7.37,146472507000.0,,,2,,RUB,,3,,2022-11-16,
MMIX,RUSFAR,2022-11-17,RUSFAR,RUSFAR,7.43,7.43,7.43,7.43,134570452000.0,,,2,,RUB,,3,,2022-11-17,
MMIX,RUSFAR,2022-11-18,RUSFAR,RUSFAR,7.46,7.46,7.46,7.46,143174787000.0,,,2,,RUB,,3,,2022-11-18,
MMIX,RUSFAR,2022-11-21,RUSFAR,RUSFAR,7.42,7.42,7.42,7.42,154966591000.0,,,2,,RUB,,3,,2022-11-21,
MMIX,RUSFAR,2022-11-22,RUSFAR,RUSFAR,7.33,7.33,7.33,7.33,117010741000.0,,,2,,RUB,,3,,2022-11-22,
MMIX,RUSFAR,2022-11-23,RUSFAR,RUSFAR,7.07,7.07,7.07,7.07,117347159000.0,,,2,,RUB,,3,,2022-11-23,
MMIX,RUSFAR,2022-11-24,RUSFAR,RUSFAR,6.83,6.83,6.83,6.83,116061449000.0,,,2,,RUB,,3,,2022-11-24,
MMIX,RUSFAR,2022-11-25,RUSFAR,RUSFAR,6.84,6.84,6.84,6.84,70568607000.0,,,2,,RUB,,3,,2022-11-25,
MMIX,RUSFAR,2022-11-28,RUSFAR,RUSFAR,6.95,6.95,6.95,6.95,100756085000.0,,,2,,RUB,,3,,2022-11-28,
MMIX,RUSFAR,2022-11-29,RUSFAR,RUSFAR,7.06,7.06,7.06,7.06,144179946000.0,,,2,,RUB,,3,,2022-11-29,
MMIX,RUSFAR,2022-11-30,RUSFAR,RUSFAR,7.21,7.21,7.21,7.21,113245952000.0,,,2,,RUB,,3,,2022-11-30,
MMIX,RUSFAR,2022-12-01,RUSFAR,RUSFAR,7.05,7.05,7.05,7.05,107855044000.0,,,2,,RUB,,3,,2022-12-01,
MMIX,RUSFAR,2022-12-02,RUSFAR,RUSFAR,7.37,7.37,7.37,7.37,150917657000.0,,,2,,RUB,,3,,2022-12-02,
MMIX,RUSFAR,2022-12-05,RUSFAR,RUSFAR,7.24,7.24,7.24,7.24,165721534000.0,,,2,,RUB,,3,,2022-12-05,
MMIX,RUSFAR,2022-12-06,RUSFAR,RUSFAR,7.27,7.27,7.27,7.27,148515899000.0,,,2,,RUB,,3,,2022-12-06,
MMIX,RUSFAR,2022-12-07,RUSFAR,RUSFAR,7.33,7.33,7.33,7.33,179278094000.0,,,2,,RUB,,3,,2022-12-07,
MMIX,RUSFAR,2022-12-08,RUSFAR,RUSFAR,7.29,7.29,7.29,7.29,206757674000.0,,,2,,RUB,,3,,2022-12-08,
MMIX,RUSFAR,2022-12-09,RUSFAR,RUSFAR,7.32,7.32,7.32,7.32,272047981000.0,,,2,,RUB,,3,,2022-12-09,
MMIX,RUSFAR,2022-12-12,RUSFAR,RUSFAR,7.3,7.3,7.3,7.3,186773929000.0,,,2,,RUB,,3,,2022-12-12,
MMIX,RUSFAR,2022-12-13,RUSFAR,RUSFAR,7.34,7.34,7.34,7.34,254028286000.0,,,2,,RUB,,3,,2022-12-13,
MMIX,RUSFAR,2022-12-14,RUSFAR,RUSFAR,7.3,7.3,7.3,7.3,131175166000.0,,,2,,RUB,,3,,2022-12-14,
MMIX,RUSFAR,2022-12-15,RUSFAR,RUSFAR,7.32,7.32,7.32,7.32,148560402000.0,,,2,,RUB,,3,,2022-12-15,
MMIX,RUSFAR,2022-12-16,RUSFAR,RUSFAR,7.33,7.33,7.33,7.33,133141035000.0,,,2,,RUB,,3,,2022-12-16,
MMIX,RUSFAR,2022-12-19,RUSFAR,RUSFAR,7.33,7.33,7.33,7.33,150978403000.0,,,2,,RUB,,3,,2022-12-19,
MMIX,RUSFAR,2022-12-20,RUSFAR,RUSFAR,7.36,7.36,7.36,7.36,182388981000.0,,,2,,RUB,,3,,2022-12-20,
MMIX,RUSFAR,2022-12-21,RUSFAR,RUSFAR,7.35,7.35,7.35,7.35,154473453000.0,,,2,,RUB,,3,,2022-12-21,
MMIX,RUSFAR,2022-12-22,RUSFAR,RUSFAR,7.33,7.33,7.33,7.33,171481909000.0,,,2,,RUB,,3,,2022-12-22,
MMIX,RUSFAR,2022-12-23,RUSFAR,RUSFAR,7.25,7.25,7.25,7.25,194666201000.0,,,2,,RUB,,3,,2022-12-23,
MMIX,RUSFAR,2022-12-26,RUSFAR,RUSFAR,7.17,7.17,7.17,7.17,129422886000.0,,,2,,RUB,,3,,2022-12-26,
MMIX,RUSFAR,2022-12-27,RUSFAR,RUSFAR,7.16,7.16,7.16,7.16,142483989000.0,,,2,,RUB,,3,,2022-12-27,
MMIX,RUSFAR,2022-12-28,RUSFAR,RUSFAR,7.17,7.17,7.17,7.17,127988263000.0,,,2,,RUB,,3,,2022-12-28,
MMIX,RUSFAR,2022-12-29,RUSFAR,RUSFAR,7.2,7.2,7.2,7.2,204554150000.0,,,2,,RUB,,3,,2022-12-29,
MMIX,RUSFAR,2023-01-09,RUSFAR,RUSFAR,7.04,7.04,7.04,7.04,457999553000.0,,,2,,RUB,,3,,2023-01-09,
MMIX,RUSFAR,2023-01-10,RUSFAR,RUSFAR,7.1,7.1,7.1,7.1,125531790000.0,,,2,,RUB,,3,,2023-01-10,
MMIX,RUSFAR,2023-01-11,RUSFAR,RUSFAR,7.1,7.1,7.1,7.1,151570304000.0,,,2,,RUB,,3,,2023-01-11,
MMIX,RUSFAR,2023-01-12,RUSFAR,RUSFAR,6.85,6.85,6.85,6.85,177072137000.0,,,2,,RUB,,3,,2023-01-12,
MMIX,RUSFAR,2023-01-13,RUSFAR,RUSFAR,6.71,6.71,6.71,6.71,146380359000.0,,,2,,RUB,,3,,2023-01-13,
MMIX,RUSFAR,2023-01-16,RUSFAR,RUSFAR,6.81,6.81,6.81,6.81,139073509000.0,,,2,,RUB,,3,,2023-01-16,
MMIX,RUSFAR,2023-01-17,RUSFAR,RUSFAR,7.13,7.13,7.13,7.13,127469557000.0,,,2,,RUB,,3,,2023-01-17,
MMIX,RUSFAR,2023-01-18,RUSFAR,RUSFAR,7.04,7.04,7.04,7.04,126170175000.0,,,2,,RUB,,3,,2023-01-18,
MMIX,RUSFAR,2023-01-19,RUSFAR,RUSFAR,7.0,7.0,7.0,7.0,194576976000.0,,,2,,RUB,,3,,2023-01-19,
MMIX,RUSFAR,2023-01-20,RUSFAR,RUSFAR,6.9,6.9,6.9,6.9,138339735000.0,,,2,,RUB,,3,,2023-01-20,
MMIX,RUSFAR,2023-01-23,RUSFAR,RUSFAR,6.9,6.9,6.9,6.9,273514602000.0,,,2,,RUB,,3,,2023-01-23,
MMIX,RUSFAR,2023-01-24,RUSFAR,RUSFAR,6.84,6.84,6.84,6.84,143225322000.0,,,2,,RUB,,3,,2023-01-24,
MMIX,RUSFAR,2023-01-25,RUSFAR,RUSFAR,6.91,6.91,6.91,6.91,153140033000.0,,,2,,RUB,,3,,2023-01-25,
MMIX,RUSFAR,2023-01-26,RUSFAR,RUSFAR,6.87,6.87,6.87,6.87,90100371000.0,,,2,,RUB,,3,,2023-01-26,
MMIX,RUSFAR,2023-01-27,RUSFAR,RUSFAR,6.85,6.85,6.85,6.85,122239062000.0,,,2,,RUB,,3,,2023-01-27,
MMIX,RUSFAR,2023-01-30,RUSFAR,RUSFAR,6.86,6.86,6.86,6.86,144212713000.0,,,2,,RUB,,3,,2023-01-30,
MMIX,RUSFAR,2023-01-31,RUSFAR,RUSFAR,7.05,7.05,7.05,7.05,206361085000.0,,,2,,RUB,,3,,2023-01-31,
MMIX,RUSFAR,2023-02-01,RUSFAR,RUSFAR,7.01,7.01,7.01,7.01,104104138000.0,,,2,,RUB,,3,,2023-02-01,
MMIX,RUSFAR,2023-02-02,RUSFAR,RUSFAR,7.0,7.0,7.0,7.0,124969792000.0,,,2,,RUB,,3,,2023-02-02,
MMIX,RUSFAR,2023-02-03,RUSFAR,RUSFAR,6.94,6.94,6.94,6.94,108832146000.0,,,2,,RUB,,3,,2023-02-03,
MMIX,RUSFAR,2023-02-06,RUSFAR,RUSFAR,6.9,6.9,6.9,6.9,88192932000.0,,,2,,RUB,,3,,2023-02-06,
MMIX,RUSFAR,2023-02-07,RUSFAR,RUSFAR,6.81,6.81,6.81,6.81,98805094000.0,,,2,,RUB,,3,,2023-02-07,
MMIX,RUSFAR,2023-02-08,RUSFAR,RUSFAR,6.91,6.91,6.91,6.91,117412705000.0,,,2,,RUB,,3,,2023-02-08,
MMIX,RUSFAR,2023-02-09,RUSFAR,RUSFAR,6.81,6.81,6.81,6.81,114654653000.0,,,2,,RUB,,3,,2023-02-09,
MMIX,RUSFAR,2023-02-10,RUSFAR,RUSFAR,6.8,6.8,6.8,6.8,152113792000.0,,,2,,RUB,,3,,2023-02-10,
MMIX,RUSFAR,2023-02-13,RUSFAR,RUSFAR,6.73,6.73,6.73,6.73,113088876000.0,,,2,,RUB,,3,,2023-02-13,
MMIX,RUSFAR,2023-02-14,RUSFAR,RUSFAR,6.93,6.93,6.93,6.93,81017662000.0,,,2,,RUB,,3,,2023-02-14,
MMIX,RUSFAR,2023-02-15,RUSFAR,RUSFAR,7.05,7.05,7.05,7.05,100950322000.0,,,2,,RUB,,3,,2023-02-15,
MMIX,RUSFAR,2023-02-16,RUSFAR,RUSFAR,7.13,7.13,7.13,7.13,108850270000.0,,,2,,RUB,,3,,2023-02-16,
MMIX,RUSFAR,2023-02-17,RUSFAR,RUSFAR,7.24,7.24,7.24,7.24,116583275000.0,,,2,,RUB,,3,,2023-02-17,
MMIX,RUSFAR,2023-02-20,RUSFAR,RUSFAR,7.33,7.33,7.33,7.33,127349768000.0,,,2,,RUB,,3,,2023-02-20,
MMIX,RUSFAR,2023-02-21,RUSFAR,RUSFAR,7.46,7.46,7.46,7.46,122361402000.0,,,2,,RUB,,3,,2023-02-21,
MMIX,RUSFAR,2023-02-22,RUSFAR,RUSFAR,7.45,7.45,7.45,7.45,188902750000.0,,,2,,RUB,,3,,2023-02-22,
MMIX,RUSFAR,2023-02-27,RUSFAR,RUSFAR,7.44,7.44,7.44,7.44,73968427000.0,,,2,,RUB,,3,,2023-02-27,
MMIX,RUSFAR,2023-02-28,RUSFAR,RUSFAR,7.67,7.67,7.67,7.67,132568270000.0,,,2,,RUB,,3,,2023-02-28,
MMIX,RUSFAR,2023-03-01,RUSFAR,RUSFAR,7.65,7.65,7.65,7.65,96154036000.0,,,2,,RUB,,3,,2023-03-01,
MMIX,RUSFAR,2023-03-02,RUSFAR,RUSFAR,7.53,7.53,7.53,7.53,172302947000.0,,,2,,RUB,,3,,2023-03-02,
MMIX,RUSFAR,2023-03-03,RUSFAR,RUSFAR,7.67,7.67,7.67,7.67,206833255000.0,,,2,,RUB,,3,,2023-03-03,
MMIX,RUSFAR,2023-03-06,RUSFAR,RUSFAR,7.67,7.67,7.67,7.67,136481301000.0,,,2,,RUB,,3,,2023-03-06,
MMIX,RUSFAR,2023-03-07,RUSFAR,RUSFAR,7.72,7.72,7.72,7.72,136108632000.0,,,2,,RUB,,3,,2023-03-07,
MMIX,RUSFAR,2023-03-09,RUSFAR,RUSFAR,7.49,7.49,7.49,7.49,133290180000.0,,,2,,RUB,,3,,2023-03-09,
MMIX,RUSFAR,2023-03-10,RUSFAR,RUSFAR,7.22,7.22,7.22,7.22,264294403000.0,,,2,,RUB,,3,,2023-03-10,
MMIX,RUSFAR,2023-03-13,RUSFAR,RUSFAR,7.0,7.0,7.0,7.0,156115655000.0,,,2,,RUB,,3,,2023-03-13,
MMIX,RUSFAR,2023-03-14,RUSFAR,RUSFAR,7.11,7.11,7.11,7.11,99899263000.0,,,2,,RUB,,3,,2023-03-14,
MMIX,RUSFAR,2023-03-15,RUSFAR,RUSFAR,7.19,7.19,7.19,7.19,136613950000.0,,,2,,RUB,,3,,2023-03-15,
MMIX,RUSFAR,2023-03-16,RUSFAR,RUSFAR,7.19,7.19,7.19,7.19,130560184000.0,,,2,,RUB,,3,,2023-03-16,
MMIX,RUSFAR,2023-03-17,RUSFAR,RUSFAR,7.23,7.23,7.23,7.23,128013530000.0,,,2,,RUB,,3,,2023-03-17,
MMIX,RUSFAR,2023-03-20,RUSFAR,RUSFAR,7.19,7.19,7.19,7.19,109332354000.0,,,2,,RUB,,3,,2023-03-20,
MMIX,RUSFAR,2023-03-21,RUSFAR,RUSFAR,7.25,7.25,7.25,7.25,144505934000.0,,,2,,RUB,,3,,2023-03-21,
MMIX,RUSFAR,2023-03-22,RUSFAR,RUSFAR,7.2,7.2,7.2,7.2,90964477000.0,,,2,,RUB,,3,,2023-03-22,
MMIX,RUSFAR,2023-03-23,RUSFAR,RUSFAR,7.02,7.02,7.02,7.02,95498422000.0,,,2,,RUB,,3,,2023-03-23,
MMIX,RUSFAR,2023-03-24,RUSFAR,RUSFAR,7.04,7.04,7.04,7.04,91229939000.0,,,2,,RUB,,3,,2023-03-24,
MMIX,RUSFAR,2023-03-27,RUSFAR,RUSFAR,7.13,7.13,7.13,7.13,99155638000.0,,,2,,RUB,,3,,2023-03-27,
MMIX,RUSFAR,2023-03-28,RUSFAR,RUSFAR,7.2,7.2,7.2,7.2,99797555000.0,,,2,,RUB,,3,,2023-03-28,
MMIX,RUSFAR,2023-03-29,RUSFAR,RUSFAR,7.55,7.55,7.55,7.55,105691897000.0,,,2,,RUB,,3,,2023-03-29,
MMIX,RUSFAR,2023-03-30,RUSFAR,RUSFAR,7.17,7.17,7.17,7.17,108236431000.0,,,2,,RUB,,3,,2023-03-30,
MMIX,RUSFAR,2023-03-31,RUSFAR,RUSFAR,7.36,7.36,7.36,7.36,140234623000.0,,,2,,RUB,,3,,2023-03-31,
MMIX,RUSFAR,2023-04-03,RUSFAR,RUSFAR,7.13,7.13,7.13,7.13,80362731000.0,,,2,,RUB,,3,,2023-04-03,
MMIX,RUSFAR,2023-04-04,RUSFAR,RUSFAR,7.03,7.03,7.03,7.03,77090201000.0,,,2,,RUB,,3,,2023-04-04,
MMIX,RUSFAR,2023-04-05,RUSFAR,RUSFAR,6.93,6.93,6.93,6.93,98764004000.0,,,2,,RUB,,3,,2023-04-05,
MMIX,RUSFAR,2023-04-06,RUSFAR,RUSFAR,6.91,6.91,6.91,6.91,108747376000.0,,,2,,RUB,,3,,2023-04-06,
MMIX,RUSFAR,2023-04-07,RUSFAR,RUSFAR,7.02,7.02,7.02,7.02,80169608000.0,,,2,,RUB,,3,,2023-04-07,
MMIX,RUSFAR,2023-04-10,RUSFAR,RUSFAR,7.01,7.01,7.01,7.01,102133375000.0,,,2,,RUB,,3,,2023-04-10,
MMIX,RUSFAR,2023-04-11,RUSFAR,RUSFAR,7.12,7.12,7.12,7.12,76841972000.0,,,2,,RUB,,3,,2023-04-11,
MMIX,RUSFAR,2023-04-12,RUSFAR,RUSFAR,7.14,7.14,7.14,7.14,110499305000.0,,,2,,RUB,,3,,2023-04-12,
MMIX,RUSFAR,2023-04-13,RUSFAR,RUSFAR,7.18,7.18,7.18,7.18,101897296000.0,,,2,,RUB,,3,,2023-04-13,
MMIX,RUSFAR,2023-04-14,RUSFAR,RUSFAR,7.33,7.33,7.33,7.33,139279307000.0,,,2,,RUB,,3,,2023-04-14,
MMIX,RUSFAR,2023-04-17,RUSFAR,RUSFAR,7.38,7.38,7.38,7.38,109781376000.0,,,2,,RUB,,3,,2023-04-17,
MMIX,RUSFAR,2023-04-18,RUSFAR,RUSFAR,7.49,7.49,7.49,7.49,93581971000.0,,,2,,RUB,,3,,2023-04-18,
MMIX,RUSFAR,2023-04-19,RUSFAR,RUSFAR,7.42,7.42,7.42,7.42,108862340000.0,,,2,,RUB,,3,,2023-04-19,
MMIX,RUSFAR,2023-04-20,RUSFAR,RUSFAR,7.26,7.26,7.26,7.26,110661882000.0,,,2,,RUB,,3,,2023-04-20,
MMIX,RUSFAR,2023-04-21,RUSFAR,RUSFAR,7.11,7.11,7.11,7.11,134199305000.0,,,2,,RUB,,3,,2023-04-21,
MMIX,RUSFAR,2023-04-24,RUSFAR,RUSFAR,7.07,7.07,7.07,7.07,120024412000.0,,,2,,RUB,,3,,2023-04-24,
MMIX,RUSFAR,2023-04-25,RUSFAR,RUSFAR,7.05,7.05,7.05,7.05,90449614000.0,,,2,,RUB,,3,,2023-04-25,
MMIX,RUSFAR,2023-04-26,RUSFAR,RUSFAR,6.89,6.89,6.89,6.89,147195796000.0,,,2,,RUB,,3,,2023-04-26,
MMIX,RUSFAR,2023-04-27,RUSFAR,RUSFAR,6.76,6.76,6.76,6.76,106930336000.0,,,2,,RUB,,3,,2023-04-27,
MMIX,RUSFAR,2023-04-28,RUSFAR,RUSFAR,7.25,7.25,7.25,7.25,119654928000.0,,,2,,RUB,,3,,2023-04-28,
MMIX,RUSFAR,2023-05-02,RUSFAR,RUSFAR,7.4,7.4,7.4,7.4,126547468000.0,,,2,,RUB,,3,,2023-05-02,
MMIX,RUSFAR,2023-05-03,RUSFAR,RUSFAR,7.12,7.12,7.12,7.12,148505195000.0,,,2,,RUB,,3,,2023-05-03,
MMIX,RUSFAR,2023-05-04,RUSFAR,RUSFAR,7.11,7.11,7.11,7.11,85613581000.0,,,2,,RUB,,3,,2023-05-04,
MMIX,RUSFAR,2023-05-05,RUSFAR,RUSFAR,6.92,6.92,6.92,6.92,175318688000.0,,,2,,RUB,,3,,2023-05-05,
MMIX,RUSFAR,2023-05-10,RUSFAR,RUSFAR,7.24,7.24,7.24,7.24,87659743000.0,,,2,,RUB,,3,,2023-05-10,
MMIX,RUSFAR,2023-05-11,RUSFAR,RUSFAR,7.13,7.13,7.13,7.13,106451298000.0,,,2,,RUB,,3,,2023-05-11,
MMIX,RUSFAR,2023-05-12,RUSFAR,RUSFAR,7.04,7.04,7.04,7.04,145742418000.0,,,2,,RUB,,3,,2023-05-12,
MMIX,RUSFAR,2023-05-15,RUSFAR,RUSFAR,7.19,7.19,7.19,7.19,75381453000.0,,,2,,RUB,,3,,2023-05-15,
MMIX,RUSFAR,2023-05-16,RUSFAR,RUSFAR,7.41,7.41,7.41,7.41,121426138000.0,,,2,,RUB,,3,,2023-05-16,
MMIX,RUSFAR,2023-05-17,RUSFAR,RUSFAR,7.15,7.15,7.15,7.15,152527979000.0,,,2,,RUB,,3,,2023-05-17,
MMIX,RUSFAR,2023-05-18,RUSFAR,RUSFAR,7.24,7.24,7.24,7.24,158453742000.0,,,2,,RUB,,3,,2023-05-18,
MMIX,RUSFAR,2023-05-19,RUSFAR,RUSFAR,7.25,7.25,7.25,7.25,141999754000.0,,,2,,RUB,,3,,2023-05-19,
MMIX,RUSFAR,2023-05-22,RUSFAR,RUSFAR,7.26,7.26,7.26,7.26,119683974000.0,,,2,,RUB,,3,,2023-05-22,
MMIX,RUSFAR,2023-05-23,RUSFAR,RUSFAR,7.25,7.25,7.25,7.25,124716478000.0,,,2,,RUB,,3,,2023-05-23,
MMIX,RUSFAR,2023-05-24,RUSFAR,RUSFAR,7.25,7.25,7.25,7.25,141518200000.0,,,2,,RUB,,3,,2023-05-24,
MMIX,RUSFAR,2023-05-25,RUSFAR,RUSFAR,7.2,7.2,7.2,7.2,176450606000.0,,,2,,RUB,,3,,2023-05-25,
MMIX,RUSFAR,2023-05-26,RUSFAR,RUSFAR,7.17,7.17,7.17,7.17,222291621000.0,,,2,,RUB,,3,,2023-05-26,
MMIX,RUSFAR,2023-05-29,RUSFAR,RUSFAR,7.27,7.27,7.27,7.27,183075913000.0,,,2,,RUB,,3,,2023-05-29,
MMIX,RUSFAR,2023-05-30,RUSFAR,RUSFAR,7.21,7.21,7.21,7.21,173863779000.0,,,2,,RUB,,3,,2023-05-30,
MMIX,RUSFAR,2023-05-31,RUSFAR,RUSFAR,7.21,7.21,7.21,7.21,135945857000.0,,,2,,RUB,,3,,2023-05-31,
MMIX,RUSFAR,2023-06-01,RUSFAR,RUSFAR,7.22,7.22,7.22,7.22,150309894000.0,,,2,,RUB,,3,,2023-06-01,
MMIX,RUSFAR,2023-06-02,RUSFAR,RUSFAR,7.25,7.25,7.25,7.25,174018788000.0,,,2,,RUB,,3,,2023-06-02,
MMIX,RUSFAR,2023-06-05,RUSFAR,RUSFAR,7.25,7.25,7.25,7.25,160123131000.0,,,2,,RUB,,3,,2023-06-05,
MMIX,RUSFAR,2023-06-06,RUSFAR,RUSFAR,7.27,7.27,7.27,7.27,245760648000.0,,,2,,RUB,,3,,2023-06-06,
MMIX,RUSFAR,2023-06-07,RUSFAR,RUSFAR,7.28,7.28,7.28,7.28,163908655000.0,,,2,,RUB,,3,,2023-06-07,
MMIX,RUSFAR,2023-06-08,RUSFAR,RUSFAR,7.24,7.24,7.24,7.24,190868937000.0,,,2,,RUB,,3,,2023-06-08,
MMIX,RUSFAR,2023-06-09,RUSFAR,RUSFAR,7.21,7.21,7.21,7.21,160617618000.0,,,2,,RUB,,3,,2023-06-09,
MMIX,RUSFAR,2023-06-13,RUSFAR,RUSFAR,7.37,7.37,7.37,7.37,168059789000.0,,,2,,RUB,,3,,2023-06-13,
MMIX,RUSFAR,2023-06-14,RUSFAR,RUSFAR,7.33,7.33,7.33,7.33,120571216000.0,,,2,,RUB,,3,,2023-06-14,
MMIX,RUSFAR,2023-06-15,RUSFAR,RUSFAR,7.26,7.26,7.26,7.26,144800432000.0,,,2,,RUB,,3,,2023-06-15,
MMIX,RUSFAR,2023-06-16,RUSFAR,RUSFAR,7.25,7.25,7.25,7.25,141816861000.0,,,2,,RUB,,3,,2023-06-16,
MMIX,RUSFAR,2023-06-19,RUSFAR,RUSFAR,7.18,7.18,7.18,7.18,128560770000.0,,,2,,RUB,,3,,2023-06-19,
MMIX,RUSFAR,2023-06-20,RUSFAR,RUSFAR,7.1,7.1,7.1,7.1,145107731000.0,,,2,,RUB,,3,,2023-06-20,
MMIX,RUSFAR,2023-06-21,RUSFAR,RUSFAR,7.1,7.1,7.1,7.1,136309531000.0,,,2,,RUB,,3,,2023-06-21,
MMIX,RUSFAR,2023-06-22,RUSFAR,RUSFAR,7.11,7.11,7.11,7.11,149190658000.0,,,2,,RUB,,3,,2023-06-22,
MMIX,RUSFAR,2023-06-23,RUSFAR,RUSFAR,7.1,7.1,7.1,7.1,176379672000.0,,,2,,RUB,,3,,2023-06-23,
MMIX,RUSFAR,2023-06-26,RUSFAR,RUSFAR,7.14,7.14,7.14,7.14,147469503000.0,,,2,,RUB,,3,,2023-06-26,
MMIX,RUSFAR,2023-06-27,RUSFAR,RUSFAR,7.11,7.11,7.11,7.11,150368412000.0,,,2,,RUB,,3,,2023-06-27,
MMIX,RUSFAR,2023-06-28,RUSFAR,RUSFAR,7.23,7.23,7.23,7.23,110568178000.0,,,2,,RUB,,3,,2023-06-28,
MMIX,RUSFAR,2023-06-29,RUSFAR,RUSFAR,7.34,7.34,7.34,7.34,108271178000.0,,,2,,RUB,,3,,2023-06-29,
MMIX,RUSFAR,2023-06-30,RUSFAR,RUSFAR,7.44,7.44,7.44,7.44,143776585000.0,,,2,,RUB,,3,,2023-06-30,
MMIX,RUSFAR,2023-07-03,RUSFAR,RUSFAR,7.39,7.39,7.39,7.39,101822951000.0,,,2,,RUB,,3,,2023-07-03,
MMIX,RUSFAR,2023-07-04,RUSFAR,RUSFAR,7.15,7.15,7.15,7.15,220530797000.0,,,2,,RUB,,3,,2023-07-04,
MMIX,RUSFAR,2023-07-05,RUSFAR,RUSFAR,7.17,7.17,7.17,7.17,113264072000.0,,,2,,RUB,,3,,2023-07-05,
MMIX,RUSFAR,2023-07-06,RUSFAR,RUSFAR,7.18,7.18,7.18,7.18,115861654000.0,,,2,,RUB,,3,,2023-07-06,
MMIX,RUSFAR,2023-07-07,RUSFAR,RUSFAR,7.17,7.17,7.17,7.17,120872663000.0,,,2,,RUB,,3,,2023-07-07,
MMIX,RUSFAR,2023-07-10,RUSFAR,RUSFAR,7.19,7.19,7.19,7.19,108503197000.0,,,2,,RUB,,3,,2023-07-10,
MMIX,RUSFAR,2023-07-11,RUSFAR,RUSFAR,7.52,7.52,7.52,7.52,129801029000.0,,,2,,RUB,,3,,2023-07-11,
MMIX,RUSFAR,2023-07-12,RUSFAR,RUSFAR,7.48,7.48,7.48,7.48,206056679000.0,,,2,,RUB,,3,,2023-07-12,
MMIX,RUSFAR,2023-07-13,RUSFAR,RUSFAR,7.47,7.47,7.47,7.47,171114079000.0,,,2,,RUB,,3,,2023-07-13,
MMIX,RUSFAR,2023-07-14,RUSFAR,RUSFAR,7.6,7.6,7.6,7.6,220377696000.0,,,2,,RUB,,3,,2023-07-14,
MMIX,RUSFAR,2023-07-17,RUSFAR,RUSFAR,7.97,7.97,7.97,7.97,194778439000.0,,,2,,RUB,,3,,2023-07-17,
MMIX,RUSFAR,2023-07-18,RUSFAR,RUSFAR,7.89,7.89,7.89,7.89,215957320000.0,,,2,,RUB,,3,,2023-07-18,
MMIX,RUSFAR,2023-07-19,RUSFAR,RUSFAR,7.87,7.87,7.87,7.87,320706233000.0,,,2,,RUB,,3,,2023-07-19,
MMIX,RUSFAR,2023-07-20,RUSFAR,RUSFAR,7.89,7.89,7.89,7.89,294446902000.0,,,2,,RUB,,3,,2023-07-20,
MMIX,RUSFAR,2023-07-21,RUSFAR,RUSFAR,8.03,8.03,8.03,8.03,196507674000.0,,,2,,RUB,,3,,2023-07-21,
MMIX,RUSFAR,2023-07-24,RUSFAR,RUSFAR,8.2,8.2,8.2,8.2,207364620000.0,,,2,,RUB,,3,,2023-07-24,
MMIX,RUSFAR,2023-07-25,RUSFAR,RUSFAR,8.19,8.19,8.19,8.19,290006612000.0,,,2,,RUB,,3,,2023-07-25,
MMIX,RUSFAR,2023-07-26,RUSFAR,RUSFAR,8.19,8.19,8.19,8.19,225122560000.0,,,2,,RUB,,3,,2023-07-26,
MMIX,RUSFAR,2023-07-27,RUSFAR,RUSFAR,8.19,8.19,8.19,8.19,192280112000.0,,,2,,RUB,,3,,2023-07-27,
MMIX,RUSFAR,2023-07-28,RUSFAR,RUSFAR,8.2,8.2,8.2,8.2,158950876000.0,,,2,,RUB,,3,,2023-07-28,
MMIX,RUSFAR,2023-07-31,RUSFAR,RUSFAR,8.25,8.25,8.25,8.25,175140335000.0,,,2,,RUB,,3,,2023-07-31,
MMIX,RUSFAR,2023-08-01,RUSFAR,RUSFAR,8.16,8.16,8.16,8.16,204612687000.0,,,2,,RUB,,3,,2023-08-01,
MMIX,RUSFAR,2023-08-02,RUSFAR,RUSFAR,8.08,8.08,8.08,8.08,139993095000.0,,,2,,RUB,,3,,2023-08-02,
MMIX,RUSFAR,2023-08-03,RUSFAR,RUSFAR,7.93,7.93,7.93,7.93,131698945000.0,,,2,,RUB,,3,,2023-08-03,
MMIX,RUSFAR,2023-08-04,RUSFAR,RUSFAR,7.88,7.88,7.88,7.88,166521757000.0,,,2,,RUB,,3,,2023-08-04,
MMIX,RUSFAR,2023-08-07,RUSFAR,RUSFAR,7.9,7.9,7.9,7.9,165624573000.0,,,2,,RUB,,3,,2023-08-07,
MMIX,RUSFAR,2023-08-08,RUSFAR,RUSFAR,8.25,8.25,8.25,8.25,176945919000.0,,,2,,RUB,,3,,2023-08-08,
MMIX,RUSFAR,2023-08-09,RUSFAR,RUSFAR,8.31,8.31,8.31,8.31,172996461000.0,,,2,,RUB,,3,,2023-08-09,
MMIX,RUSFAR,2023-08-10,RUSFAR,RUSFAR,8.27,8.27,8.27,8.27,189481575000.0,,,2,,RUB,,3,,2023-08-10,
MMIX,RUSFAR,2023-08-11,RUSFAR,RUSFAR,8.45,8.45,8.45,8.45,242816064000.0,,,2,,RUB,,3,,2023-08-11,
MMIX,RUSFAR,2023-08-14,RUSFAR,RUSFAR,8.58,8.58,8.58,8.58,237288661000.0,,,2,,RUB,,3,,2023-08-14,
MMIX,RUSFAR,2023-08-15,RUSFAR,RUSFAR,11.44,11.44,11.44,11.44,196053561000.0,,,2,,RUB,,3,,2023-08-15,
MMIX,RUSFAR,2023-08-16,RUSFAR,RUSFAR,11.79,11.79,11.79,11.79,267879769000.0,,,2,,RUB,,3,,2023-08-16,
MMIX,RUSFAR,2023-08-17,RUSFAR,RUSFAR,11.82,11.82,11.82,11.82,294377003000.0,,,2,,RUB,,3,,2023-08-17,
MMIX,RUSFAR,2023-08-18,RUSFAR,RUSFAR,11.9,11.9,11.9,11.9,350729719000.0,,,2,,RUB,,3,,2023-08-18,
MMIX,RUSFAR,2023-08-21,RUSFAR,RUSFAR,11.89,11.89,11.89,11.89,315465229000.0,,,2,,RUB,,3,,2023-08-21,
MMIX,RUSFAR,2023-08-22,RUSFAR,RUSFAR,11.86,11.86,11.86,11.86,370305916000.0,,,2,,RUB,,3,,2023-08-22,
MMIX,RUSFAR,2023-08-23,RUSFAR,RUSFAR,11.86,11.86,11.86,11.86,376917284000.0,,,2,,RUB,,3,,2023-08-23,
MMIX,RUSFAR,2023-08-24,RUSFAR,RUSFAR,11.86,11.86,11.86,11.86,387935700000.0,,,2,,RUB,,3,,2023-08-24,
MMIX,RUSFAR,2023-08-25,RUSFAR,RUSFAR,11.89,11.89,11.89,11.89,407705504000.0,,,2,,RUB,,3,,2023-08-25,
MMIX,RUSFAR,2023-08-28,RUSFAR,RUSFAR,11.86,11.86,11.86,11.86,197363565000.0,,,2,,RUB,,3,,2023-08-28,
MMIX,RUSFAR,2023-08-29,RUSFAR,RUSFAR,11.88,11.88,11.88,11.88,359507879000.0,,,2,,RUB,,3,,2023-08-29,
MMIX,RUSFAR,2023-08-30,RUSFAR,RUSFAR,11.88,11.88,11.88,11.88,286363864000.0,,,2,,RUB,,3,,2023-08-30,
MMIX,RUSFAR,2023-08-31,RUSFAR,RUSFAR,11.82,11.82,11.82,11.82,194775103000.0,,,2,,RUB,,3,,2023-08-31,
MMIX,RUSFAR,2023-09-01,RUSFAR,RUSFAR,11.85,11.85,11.85,11.85,221876133000.0,,,2,,RUB,,3,,2023-09-01,
MMIX,RUSFAR,2023-09-04,RUSFAR,RUSFAR,11.86,11.86,11.86,11.86,288208183000.0,,,2,,RUB,,3,,2023-09-04,
MMIX,RUSFAR,2023-09-05,RUSFAR,RUSFAR,11.83,11.83,11.83,11.83,238138774000.0,,,2,,RUB,,3,,2023-09-05,
MMIX,RUSFAR,2023-09-06,RUSFAR,RUSFAR,11.77,11.77,11.77,11.77,514511859000.0,,,2,,RUB,,3,,2023-09-06,
MMIX,RUSFAR,2023-09-07,RUSFAR,RUSFAR,11.65,11.65,11.65,11.65,404796431000.0,,,2,,RUB,,3,,2023-09-07,
MMIX,RUSFAR,2023-09-08,RUSFAR,RUSFAR,11.57,11.57,11.57,11.57,375980911000.0,,,2,,RUB,,3,,2023-09-08,
MMIX,RUSFAR,2023-09-11,RUSFAR,RUSFAR,11.57,11.57,11.57,11.57,265868841000.0,,,2,,RUB,,3,,2023-09-11,
MMIX,RUSFAR,2023-09-12,RUSFAR,RUSFAR,11.99,11.99,11.99,11.99,350571469000.0,,,2,,RUB,,3,,2023-09-12,
MMIX,RUSFAR,2023-09-13,RUSFAR,RUSFAR,12.01,12.01,12.01,12.01,249834388000.0,,,2,,RUB,,3,,2023-09-13,
MMIX,RUSFAR,2023-09-14,RUSFAR,RUSFAR,12.34,12.34,12.34,12.34,299858042000.0,,,2,,RUB,,3,,2023-09-14,
MMIX,RUSFAR,2023-09-15,RUSFAR,RUSFAR,12.35,12.35,12.35,12.35,182994396000.0,,,2,,RUB,,3,,2023-09-15,
MMIX,RUSFAR,2023-09-18,RUSFAR,RUSFAR,12.59,12.59,12.59,12.59,471423642000.0,,,2,,RUB,,3,,2023-09-18,
MMIX,RUSFAR,2023-09-19,RUSFAR,RUSFAR,12.4,12.4,12.4,12.4,381846044000.0,,,2,,RUB,,3,,2023-09-19,
MMIX,RUSFAR,2023-09-20,RUSFAR,RUSFAR,12.47,12.47,12.47,12.47,229729726000.0,,,2,,RUB,,3,,2023-09-20,
MMIX,RUSFAR,2023-09-21,RUSFAR,RUSFAR,12.45,12.45,12.45,12.45,294399411000.0,,,2,,RUB,,3,,2023-09-21,
MMIX,RUSFAR,2023-09-22,RUSFAR,RUSFAR,12.33,12.33,12.33,12.33,273624338000.0,,,2,,RUB,,3,,2023-09-22,
MMIX,RUSFAR,2023-09-25,RUSFAR,RUSFAR,12.42,12.42,12.42,12.42,238993805000.0,,,2,,RUB,,3,,2023-09-25,
MMIX,RUSFAR,2023-09-26,RUSFAR,RUSFAR,12.45,12.45,12.45,12.45,270075048000.0,,,2,,RUB,,3,,2023-09-26,
MMIX,RUSFAR,2023-09-27,RUSFAR,RUSFAR,12.48,12.48,12.48,12.48,168916559000.0,,,2,,RUB,,3,,2023-09-27,
MMIX,RUSFAR,2023-09-28,RUSFAR,RUSFAR,12.55,12.55,12.55,12.55,199248436000.0,,,2,,RUB,,3,,2023-09-28,
MMIX,RUSFAR,2023-09-29,RUSFAR,RUSFAR,12.56,12.56,12.56,12.56,255421165000.0,,,2,,RUB,,3,,2023-09-29,
MMIX,RUSFAR,2023-10-02,RUSFAR,RUSFAR,12.46,12.46,12.46,12.46,177939126000.0,,,2,,RUB,,3,,2023-10-02,
MMIX,RUSFAR,2023-10-03,RUSFAR,RUSFAR,12.43,12.43,12.43,12.43,179029293000.0,,,2,,RUB,,3,,2023-10-03,
MMIX,RUSFAR,2023-10-04,RUSFAR,RUSFAR,12.41,12.41,12.41,12.41,186277114000.0,,,2,,RUB,,3,,2023-10-04,
MMIX,RUSFAR,2023-10-05,RUSFAR,RUSFAR,12.48,12.48,12.48,12.48,224951191000.0,,,2,,RUB,,3,,2023-10-05,
MMIX,RUSFAR,2023-10-06,RUSFAR,RUSFAR,12.55,12.55,12.55,12.55,209833165000.0,,,2,,RUB,,3,,2023-10-06,
MMIX,RUSFAR,2023-10-09,RUSFAR,RUSFAR,12.86,12.86,12.86,12.86,294837834000.0,,,2,,RUB,,3,,2023-10-09,
MMIX,RUSFAR,2023-10-10,RUSFAR,RUSFAR,13.0,13.0,13.0,13.0,186789458000.0,,,2,,RUB,,3,,2023-10-10,
MMIX,RUSFAR,2023-10-11,RUSFAR,RUSFAR,12.87,12.87,12.87,12.87,228894310000.0,,,2,,RUB,,3,,2023-10-11,
MMIX,RUSFAR,2023-10-12,RUSFAR,RUSFAR,12.97,12.97,12.97,12.97,200499519000.0,,,2,,RUB,,3,,2023-10-12,
MMIX,RUSFAR,2023-10-13,RUSFAR,RUSFAR,13.19,13.19,13.19,13.19,254363375000.0,,,2,,RUB,,3,,2023-10-13,
MMIX,RUSFAR,2023-10-16,RUSFAR,RUSFAR,13.15,13.15,13.15,13.15,219036145000.0,,,2,,RUB,,3,,2023-10-16,
MMIX,RUSFAR,2023-10-17,RUSFAR,RUSFAR,13.15,13.15,13.15,13.15,221304464000.0,,,2,,RUB,,3,,2023-10-17,
MMIX,RUSFAR,2023-10-18,RUSFAR,RUSFAR,13.15,13.15,13.15,13.15,182855704000.0,,,2,,RUB,,3,,2023-10-18,
MMIX,RUSFAR,2023-10-19,RUSFAR,RUSFAR,13.11,13.11,13.11,13.11,188044485000.0,,,2,,RUB,,3,,2023-10-19,
MMIX,RUSFAR,2023-10-20,RUSFAR,RUSFAR,13.13,13.13,13.13,13.13,313921838000.0,,,2,,RUB,,3,,2023-10-20,
MMIX,RUSFAR,2023-10-23,RUSFAR,RUSFAR,13.1,13.1,13.1,13.1,287323476000.0,,,2,,RUB,,3,,2023-10-23,
MMIX,RUSFAR,2023-10-24,RUSFAR,RUSFAR,13.03,13.03,13.03,13.03,305753043000.0,,,2,,RUB,,3,,2023-10-24,
MMIX,RUSFAR,2023-10-25,RUSFAR,RUSFAR,12.89,12.89,12.89,12.89,304707346000.0,,,2,,RUB,,3,,2023-10-25,
MMIX,RUSFAR,2023-10-26,RUSFAR,RUSFAR,12.64,12.64,12.64,12.64,273294412000.0,,,2,,RUB,,3,,2023-10-26,
MMIX,RUSFAR,2023-10-27,RUSFAR,RUSFAR,12.62,12.62,12.62,12.62,280912774000.0,,,2,,RUB,,3,,2023-10-27,
MMIX,RUSFAR,2023-10-30,RUSFAR,RUSFAR,14.2,14.2,14.2,14.2,207437150000.0,,,2,,RUB,,3,,2023-10-30,
MMIX,RUSFAR,2023-10-31,RUSFAR,RUSFAR,14.5,14.5,14.5,14.5,365328742000.0,,,2,,RUB,,3,,2023-10-31,
MMIX,RUSFAR,2023-11-01,RUSFAR,RUSFAR,14.38,14.38,14.38,14.38,234326759000.0,,,2,,RUB,,3,,2023-11-01,
MMIX,RUSFAR,2023-11-02,RUSFAR,RUSFAR,14.3,14.3,14.3,14.3,311479671000.0,,,2,,RUB,,3,,2023-11-02,
MMIX,RUSFAR,2023-11-03,RUSFAR,RUSFAR,14.13,14.13,14.13,14.13,327455406000.0,,,2,,RUB,,3,,2023-11-03,
MMIX,RUSFAR,2023-11-07,RUSFAR,RUSFAR,14.19,14.19,14.19,14.19,278554677000.0,,,2,,RUB,,3,,2023-11-07,
MMIX,RUSFAR,2023-11-08,RUSFAR,RUSFAR,14.3,14.3,14.3,14.3,268600938000.0,,,2,,RUB,,3,,2023-11-08,
MMIX,RUSFAR,2023-11-09,RUSFAR,RUSFAR,14.58,14.58,14.58,14.58,195667493000.0,,,2,,RUB,,3,,2023-11-09,
MMIX,RUSFAR,2023-11-10,RUSFAR,RUSFAR,14.56,14.56,14.56,14.56,194418460000.0,,,2,,RUB,,3,,2023-11-10,
MMIX,RUSFAR,2023-11-13,RUSFAR,RUSFAR,14.7,14.7,14.7,14.7,204974033000.0,,,2,,RUB,,3,,2023-11-13,
MMIX,RUSFAR,2023-11-14,RUSFAR,RUSFAR,15.03,15.03,15.03,15.03,158097114000.0,,,2,,RUB,,3,,2023-11-14,
MMIX,RUSFAR,2023-11-15,RUSFAR,RUSFAR,14.73,14.73,14.73,14.73,233883601000.0,,,2,,RUB,,3,,2023-11-15,
MMIX,RUSFAR,2023-11-16,RUSFAR,RUSFAR,14.99,14.99,14.99,14.99,316628074000.0,,,2,,RUB,,3,,2023-11-16,
MMIX,RUSFAR,2023-11-17,RUSFAR,RUSFAR,15.02,15.02,15.02,15.02,245443984000.0,,,2,,RUB,,3,,2023-11-17,
MMIX,RUSFAR,2023-11-20,RUSFAR,RUSFAR,15.06,15.06,15.06,15.06,258516750000.0,,,2,,RUB,,3,,2023-11-20,
MMIX,RUSFAR,2023-11-21,RUSFAR,RUSFAR,15.17,15.17,15.17,15.17,328670789000.0,,,2,,RUB,,3,,2023-11-21,
MMIX,RUSFAR,2023-11-22,RUSFAR,RUSFAR,15.14,15.14,15.14,15.14,279998463000.0,,,2,,RUB,,3,,2023-11-22,
MMIX,RUSFAR,2023-11-23,RUSFAR,RUSFAR,15.11,15.11,15.11,15.11,207213812000.0,,,2,,RUB,,3,,2023-11-23,
MMIX,RUSFAR,2023-11-24,RUSFAR,RUSFAR,15.14,15.14,15.14,15.14,205672796000.0,,,2,,RUB,,3,,2023-11-24,
MMIX,RUSFAR,2023-11-27,RUSFAR,RUSFAR,15.2,15.2,15.2,15.2,210766082000.0,,,2,,RUB,,3,,2023-11-27,
MMIX,RUSFAR,2023-11-28,RUSFAR,RUSFAR,15.24,15.24,15.24,15.24,205804063000.0,,,2,,RUB,,3,,2023-11-28,
MMIX,RUSFAR,2023-11-29,RUSFAR,RUSFAR,15.09,15.09,15.09,15.09,262769370000.0,,,2,,RUB,,3,,2023-11-29,
MMIX,RUSFAR,2023-11-30,RUSFAR,RUSFAR,15.02,15.02,15.02,15.02,276868848000.0,,,2,,RUB,,3,,2023-11-30,
MMIX,RUSFAR,2023-12-01,RUSFAR,RUSFAR,14.82,14.82,14.82,14.82,316884088000.0,,,2,,RUB,,3,,2023-12-01,
MMIX,RUSFAR,2023-12-04,RUSFAR,RUSFAR,14.75,14.75,14.75,14.75,316234101000.0,,,2,,RUB,,3,,2023-12-04,
MMIX,RUSFAR,2023-12-05,RUSFAR,RUSFAR,14.55,14.55,14.55,14.55,313296536000.0,,,2,,RUB,,3,,2023-12-05,
MMIX,RUSFAR,2023-12-06,RUSFAR,RUSFAR,14.56,14.56,14.56,14.56,230944621000.0,,,2,,RUB,,3,,2023-12-06,
MMIX,RUSFAR,2023-12-07,RUSFAR,RUSFAR,14.49,14.49,14.49,14.49,214466357000.0,,,2,,RUB,,3,,2023-12-07,
MMIX,RUSFAR,2023-12-08,RUSFAR,RUSFAR,14.51,14.51,14.51,14.51,263248253000.0,,,2,,RUB,,3,,2023-12-08,
MMIX,RUSFAR,2023-12-11,RUSFAR,RUSFAR,14.86,14.86,14.86,14.86,196391517000.0,,,2,,RUB,,3,,2023-12-11,
MMIX,RUSFAR,2023-12-12,RUSFAR,RUSFAR,15.05,15.05,15.05,15.05,296183145000.0,,,2,,RUB,,3,,2023-12-12,
MMIX,RUSFAR,2023-12-13,RUSFAR,RUSFAR,15.36,15.36,15.36,15.36,369987486000.0,,,2,,RUB,,3,,2023-12-13,
MMIX,RUSFAR,2023-12-14,RUSFAR,RUSFAR,15.7,15.7,15.7,15.7,394854615000.0,,,2,,RUB,,3,,2023-12-14,
MMIX,RUSFAR,2023-12-15,RUSFAR,RUSFAR,15.88,15.88,15.88,15.88,308144767000.0,,,2,,RUB,,3,,2023-12-15,
MMIX,RUSFAR,2023-12-18,RUSFAR,RUSFAR,15.7,15.7,15.7,15.7,186119883000.0,,,2,,RUB,,3,,2023-12-18,
MMIX,RUSFAR,2023-12-19,RUSFAR,RUSFAR,15.49,15.49,15.49,15.49,296515998000.0,,,2,,RUB,,3,,2023-12-19,
MMIX,RUSFAR,2023-12-20,RUSFAR,RUSFAR,15.51,15.51,15.51,15.51,150711342000.0,,,2,,RUB,,3,,2023-12-20,
MMIX,RUSFAR,2023-12-21,RUSFAR,RUSFAR,15.39,15.39,15.39,15.39,196112125000.0,,,2,,RUB,,3,,2023-12-21,
MMIX,RUSFAR,2023-12-22,RUSFAR,RUSFAR,15.39,15.39,15.39,15.39,253218970000.0,,,2,,RUB,,3,,2023-12-22,
MMIX,RUSFAR,2023-12-25,RUSFAR,RUSFAR,15.37,15.37,15.37,15.37,236110349000.0,,,2,,RUB,,3,,2023-12-25,
MMIX,RUSFAR,2023-12-26,RUSFAR,RUSFAR,15.36,15.36,15.36,15.36,207228887000.0,,,2,,RUB,,3,,2023-12-26,
MMIX,RUSFAR,2023-12-27,RUSFAR,RUSFAR,15.31,15.31,15.31,15.31,290680997000.0,,,2,,RUB,,3,,2023-12-27,
MMIX,RUSFAR,2023-12-28,RUSFAR,RUSFAR,15.31,15.31,15.31,15.31,215048135000.0,,,2,,RUB,,3,,2023-12-28,
MMIX,RUSFAR,2024-01-09,RUSFAR,RUSFAR,15.84,15.84,15.84,15.84,326344884000.0,,,2,,RUB,,3,,2024-01-09,
MMIX,RUSFAR,2024-01-10,RUSFAR,RUSFAR,15.38,15.38,15.38,15.38,268218835000.0,,,2,,RUB,,3,,2024-01-10,
MMIX,RUSFAR,2024-01-11,RUSFAR,RUSFAR,15.14,15.14,15.14,15.14,308118980000.0,,,2,,RUB,,3,,2024-01-11,
MMIX,RUSFAR,2024-01-12,RUSFAR,RUSFAR,15.09,15.09,15.09,15.09,224050604000.0,,,2,,RUB,,3,,2024-01-12,
MMIX,RUSFAR,2024-01-15,RUSFAR,RUSFAR,15.67,15.67,15.67,15.67,202657182000.0,,,2,,RUB,,3,,2024-01-15,
MMIX,RUSFAR,2024-01-16,RUSFAR,RUSFAR,15.59,15.59,15.59,15.59,178903341000.0,,,2,,RUB,,3,,2024-01-16,
MMIX,RUSFAR,2024-01-17,RUSFAR,RUSFAR,15.57,15.57,15.57,15.57,182116446000.0,,,2,,RUB,,3,,2024-01-17,
MMIX,RUSFAR,2024-01-18,RUSFAR,RUSFAR,15.56,15.56,15.56,15.56,164546137000.0,,,2,,RUB,,3,,2024-01-18,
MMIX,RUSFAR,2024-01-19,RUSFAR,RUSFAR,15.69,15.69,15.69,15.69,183271619000.0,,,2,,RUB,,3,,2024-01-19,
MMIX,RUSFAR,2024-01-22,RUSFAR,RUSFAR,15.78,15.78,15.78,15.78,163492813000.0,,,2,,RUB,,3,,2024-01-22,
MMIX,RUSFAR,2024-01-23,RUSFAR,RUSFAR,15.82,15.82,15.82,15.82,156727083000.0,,,2,,RUB,,3,,2024-01-23,
MMIX,RUSFAR,2024-01-24,RUSFAR,RUSFAR,15.87,15.87,15.87,15.87,172047037000.0,,,2,,RUB,,3,,2024-01-24,
MMIX,RUSFAR,2024-01-25,RUSFAR,RUSFAR,15.9,15.9,15.9,15.9,256440748000.0,,,2,,RUB,,3,,2024-01-25,
MMIX,RUSFAR,2024-01-26,RUSFAR,RUSFAR,15.7,15.7,15.7,15.7,201760394000.0,,,2,,RUB,,3,,2024-01-26,
MMIX,RUSFAR,2024-01-29,RUSFAR,RUSFAR,15.66,15.66,15.66,15.66,166660639000.0,,,2,,RUB,,3,,2024-01-29,
MMIX,RUSFAR,2024-01-30,RUSFAR,RUSFAR,15.8,15.8,15.8,15.8,178027068000.0,,,2,,RUB,,3,,2024-01-30,
MMIX,RUSFAR,2024-01-31,RUSFAR,RUSFAR,15.81,15.81,15.81,15.81,271896387000.0,,,2,,RUB,,3,,2024-01-31,
MMIX,RUSFAR,2024-02-01,RUSFAR,RUSFAR,15.79,15.79,15.79,15.79,237479438000.0,,,2,,RUB,,3,,2024-02-01,
MMIX,RUSFAR,2024-02-02,RUSFAR,RUSFAR,15.81,15.81,15.81,15.81,199973726000.0,,,2,,RUB,,3,,2024-02-02,
MMIX,RUSFAR,2024-02-05,RUSFAR,RUSFAR,15.85,15.85,15.85,15.85,288231457000.0,,,2,,RUB,,3,,2024-02-05,
MMIX,RUSFAR,2024-02-06,RUSFAR,RUSFAR,15.97,15.97,15.97,15.97,303305364000.0,,,2,,RUB,,3,,2024-02-06,
MMIX,RUSFAR,2024-02-07,RUSFAR,RUSFAR,16.0,16.0,16.0,16.0,301102701000.0,,,2,,RUB,,3,,2024-02-07,
MMIX,RUSFAR,2024-02-08,RUSFAR,RUSFAR,15.89,15.89,15.89,15.89,307783382000.0,,,2,,RUB,,3,,2024-02-08,
MMIX,RUSFAR,2024-02-09,RUSFAR,RUSFAR,15.84,15.84,15.84,15.84,183412548000.0,,,2,,RUB,,3,,2024-02-09,
MMIX,RUSFAR,2024-02-12,RUSFAR,RUSFAR,16.04,16.04,16.04,16.04,215557770000.0,,,2,,RUB,,3,,2024-02-12,
MMIX,RUSFAR,2024-02-13,RUSFAR,RUSFAR,16.05,16.05,16.05,16.05,239309194000.0,,,2,,RUB,,3,,2024-02-13,
MMIX,RUSFAR,2024-02-14,RUSFAR,RUSFAR,15.82,15.82,15.82,15.82,300005383000.0,,,2,,RUB,,3,,2024-02-14,
MMIX,RUSFAR,2024-02-15,RUSFAR,RUSFAR,15.49,15.49,15.49,15.49,315445264000.0,,,2,,RUB,,3,,2024-02-15,
MMIX,RUSFAR,2024-02-16,RUSFAR,RUSFAR,15.4,15.4,15.4,15.4,186503744000.0,,,2,,RUB,,3,,2024-02-16,
MMIX,RUSFAR,2024-02-19,RUSFAR,RUSFAR,15.36,15.36,15.36,15.36,229781552000.0,,,2,,RUB,,3,,2024-02-19,
MMIX,RUSFAR,2024-02-20,RUSFAR,RUSFAR,15.45,15.45,15.45,15.45,320099181000.0,,,2,,RUB,,3,,2024-02-20,
MMIX,RUSFAR,2024-02-21,RUSFAR,RUSFAR,15.46,15.46,15.46,15.46,323808430000.0,,,2,,RUB,,3,,2024-02-21,
MMIX,RUSFAR,2024-02-22,RUSFAR,RUSFAR,15.57,15.57,15.57,15.57,337066927000.0,,,2,,RUB,,3,,2024-02-22,
MMIX,RUSFAR,2024-02-26,RUSFAR,RUSFAR,15.61,15.61,15.61,15.61,277702927000.0,,,2,,RUB,,3,,2024-02-26,
MMIX,RUSFAR,2024-02-27,RUSFAR,RUSFAR,15.72,15.72,15.72,15.72,249849740000.0,,,2,,RUB,,3,,2024-02-27,
MMIX,RUSFAR,2024-02-28,RUSFAR,RUSFAR,15.75,15.75,15.75,15.75,299145204000.0,,,2,,RUB,,3,,2024-02-28,
MMIX,RUSFAR,2024-02-29,RUSFAR,RUSFAR,15.95,15.95,15.95,15.95,287209896000.0,,,2,,RUB,,3,,2024-02-29,
MMIX,RUSFAR,2024-03-01,RUSFAR,RUSFAR,15.65,15.65,15.65,15.65,268171898000.0,,,2,,RUB,,3,,2024-03-01,
MMIX,RUSFAR,2024-03-04,RUSFAR,RUSFAR,15.25,15.25,15.25,15.25,178011475000.0,,,2,,RUB,,3,,2024-03-04,
MMIX,RUSFAR,2024-03-05,RUSFAR,RUSFAR,15.26,15.26,15.26,15.26,199909142000.0,,,2,,RUB,,3,,2024-03-05,
MMIX,RUSFAR,2024-03-06,RUSFAR,RUSFAR,15.38,15.38,15.38,15.38,160959863000.0,,,2,,RUB,,3,,2024-03-06,
MMIX,RUSFAR,2024-03-07,RUSFAR,RUSFAR,15.5,15.5,15.5,15.5,174669265000.0,,,2,,RUB,,3,,2024-03-07,
MMIX,RUSFAR,2024-03-11,RUSFAR,RUSFAR,15.78,15.78,15.78,15.78,185414955000.0,,,2,,RUB,,3,,2024-03-11,
MMIX,RUSFAR,2024-03-12,RUSFAR,RUSFAR,16.03,16.03,16.03,16.03,298352804000.0,,,2,,RUB,,3,,2024-03-12,
MMIX,RUSFAR,2024-03-13,RUSFAR,RUSFAR,15.72,15.72,15.72,15.72,210056409000.0,,,2,,RUB,,3,,2024-03-13,
MMIX,RUSFAR,2024-03-14,RUSFAR,RUSFAR,15.78,15.78,15.78,15.78,253121526000.0,,,2,,RUB,,3,,2024-03-14,
MMIX,RUSFAR,2024-03-15,RUSFAR,RUSFAR,15.79,15.79,15.79,15.79,277311329000.0,,,2,,RUB,,3,,2024-03-15,
MMIX,RUSFAR,2024-03-18,RUSFAR,RUSFAR,15.76,15.76,15.76,15.76,174697049000.0,,,2,,RUB,,3,,2024-03-18,
MMIX,RUSFAR,2024-03-19,RUSFAR,RUSFAR,15.72,15.72,15.72,15.72,185849396000.0,,,2,,RUB,,3,,2024-03-19,
MMIX,RUSFAR,2024-03-20,RUSFAR,RUSFAR,15.55,15.55,15.55,15.55,150479953000.0,,,2,,RUB,,3,,2024-03-20,
MMIX,RUSFAR,2024-03-21,RUSFAR,RUSFAR,15.42,15.42,15.42,15.42,177441800000.0,,,2,,RUB,,3,,2024-03-21,
MMIX,RUSFAR,2024-03-22,RUSFAR,RUSFAR,15.39,15.39,15.39,15.39,159693444000.0,,,2,,RUB,,3,,2024-03-22,
MMIX,RUSFAR,2024-03-25,RUSFAR,RUSFAR,15.3,15.3,15.3,15.3,169426270000.0,,,2,,RUB,,3,,2024-03-25,
MMIX,RUSFAR,2024-03-26,RUSFAR,RUSFAR,15.66,15.66,15.66,15.66,157359896000.0,,,2,,RUB,,3,,2024-03-26,
MMIX,RUSFAR,2024-03-27,RUSFAR,RUSFAR,15.46,15.46,15.46,15.46,148830074000.0,,,2,,RUB,,3,,2024-03-27,
MMIX,RUSFAR,2024-03-28,RUSFAR,RUSFAR,15.4,15.4,15.4,15.4,138001800000.0,,,2,,RUB,,3,,2024-03-28,
MMIX,RUSFAR,2024-03-29,RUSFAR,RUSFAR,15.93,15.93,15.93,15.93,318955884000.0,,,2,,RUB,,3,,2024-03-29,
MMIX,RUSFAR,2024-04-01,RUSFAR,RUSFAR,15.43,15.43,15.43,15.43,134764232000.0,,,2,,RUB,,3,,2024-04-01,
MMIX,RUSFAR,2024-04-02,RUSFAR,RUSFAR,15.41,15.41,15.41,15.41,156554203000.0,,,2,,RUB,,3,,2024-04-02,
MMIX,RUSFAR,2024-04-03,RUSFAR,RUSFAR,15.47,15.47,15.47,15.47,233054229000.0,,,2,,RUB,,3,,2024-04-03,
MMIX,RUSFAR,2024-04-04,RUSFAR,RUSFAR,15.42,15.42,15.42,15.42,336239001000.0,,,2,,RUB,,3,,2024-04-04,
MMIX,RUSFAR,2024-04-05,RUSFAR,RUSFAR,15.38,15.38,15.38,15.38,485933939000.0,,,2,,RUB,,3,,2024-04-05,
MMIX,RUSFAR,2024-04-08,RUSFAR,RUSFAR,15.63,15.63,15.63,15.63,152685380000.0,,,2,,RUB,,3,,2024-04-08,
MMIX,RUSFAR,2024-04-09,RUSFAR,RUSFAR,15.59,15.59,15.59,15.59,151362367000.0,,,2,,RUB,,3,,2024-04-09,
MMIX,RUSFAR,2024-04-10,RUSFAR,RUSFAR,15.52,15.52,15.52,15.52,183188232000.0,,,2,,RUB,,3,,2024-04-10,
MMIX,RUSFAR,2024-04-11,RUSFAR,RUSFAR,15.65,15.65,15.65,15.65,208639974000.0,,,2,,RUB,,3,,2024-04-11,
MMIX,RUSFAR,2024-04-12,RUSFAR,RUSFAR,15.69,15.69,15.69,15.69,258508613000.0,,,2,,RUB,,3,,2024-04-12,
MMIX,RUSFAR,2024-04-15,RUSFAR,RUSFAR,15.68,15.68,15.68,15.68,223601894000.0,,,2,,RUB,,3,,2024-04-15,
MMIX,RUSFAR,2024-04-16,RUSFAR,RUSFAR,15.75,15.75,15.75,15.75,259351972000.0,,,2,,RUB,,3,,2024-04-16,
MMIX,RUSFAR,2024-04-17,RUSFAR,RUSFAR,15.66,15.66,15.66,15.66,100635284000.0,,,2,,RUB,,3,,2024-04-17,
MMIX,RUSFAR,2024-04-18,RUSFAR,RUSFAR,15.69,15.69,15.69,15.69,177173569000.0,,,2,,RUB,,3,,2024-04-18,
MMIX,RUSFAR,2024-04-19,RUSFAR,RUSFAR,15.71,15.71,15.71,15.71,192320876000.0,,,2,,RUB,,3,,2024-04-19,
MMIX,RUSFAR,2024-04-22,RUSFAR,RUSFAR,15.62,15.62,15.62,15.62,112342017000.0,,,2,,RUB,,3,,2024-04-22,
MMIX,RUSFAR,2024-04-23,RUSFAR,RUSFAR,15.57,15.57,15.57,15.57,110684740000.0,,,2,,RUB,,3,,2024-04-23,
MMIX,RUSFAR,2024-04-24,RUSFAR,RUSFAR,15.56,15.56,15.56,15.56,151940855000.0,,,2,,RUB,,3,,2024-04-24,
MMIX,RUSFAR,2024-04-25,RUSFAR,RUSFAR,15.53,15.53,15.53,15.53,144814162000.0,,,2,,RUB,,3,,2024-04-25,
MMIX,RUSFAR,2024-04-26,RUSFAR,RUSFAR,15.58,15.58,15.58,15.58,98646236000.0,,,2,,RUB,,3,,2024-04-26,
MMIX,RUSFAR,2024-05-02,RUSFAR,RUSFAR,15.92,15.92,15.92,15.92,225313418000.0,,,2,,RUB,,3,,2024-05-02,
MMIX,RUSFAR,2024-05-03,RUSFAR,RUSFAR,16.18,16.18,16.18,16.18,363967545000.0,,,2,,RUB,,3,,2024-05-03,
MMIX,RUSFAR,2024-05-06,RUSFAR,RUSFAR,16.24,16.24,16.24,16.24,356177392000.0,,,2,,RUB,,3,,2024-05-06,
MMIX,RUSFAR,2024-05-07,RUSFAR,RUSFAR,16.12,16.12,16.12,16.12,256076309000.0,,,2,,RUB,,3,,2024-05-07,
MMIX,RUSFAR,2024-05-08,RUSFAR,RUSFAR,16.16,16.16,16.16,16.16,335238149000.0,,,2,,RUB,,3,,2024-05-08,
MMIX,RUSFAR,2024-05-13,RUSFAR,RUSFAR,16.21,16.21,16.21,16.21,275576853000.0,,,2,,RUB,,3,,2024-05-13,
MMIX,RUSFAR,2024-05-14,RUSFAR,RUSFAR,16.26,16.26,16.26,16.26,256791931000.0,,,2,,RUB,,3,,2024-05-14,
MMIX,RUSFAR,2024-05-15,RUSFAR,RUSFAR,16.04,16.04,16.04,16.04,271763706000.0,,,2,,RUB,,3,,2024-05-15,
MMIX,RUSFAR,2024-05-16,RUSFAR,RUSFAR,15.86,15.86,15.86,15.86,282687942000.0,,,2,,RUB,,3,,2024-05-16,
MMIX,RUSFAR,2024-05-17,RUSFAR,RUSFAR,15.8,15.8,15.8,15.8,283078013000.0,,,2,,RUB,,3,,2024-05-17,
MMIX,RUSFAR,2024-05-20,RUSFAR,RUSFAR,15.82,15.82,15.82,15.82,249204857000.0,,,2,,RUB,,3,,2024-05-20,
MMIX,RUSFAR,2024-05-21,RUSFAR,RUSFAR,15.89,15.89,15.89,15.89,275176305000.0,,,2,,RUB,,3,,2024-05-21,
MMIX,RUSFAR,2024-05-22,RUSFAR,RUSFAR,15.9,15.9,15.9,15.9,193132893000.0,,,2,,RUB,,3,,2024-05-22,
MMIX,RUSFAR,2024-05-23,RUSFAR,RUSFAR,15.91,15.91,15.91,15.91,188979199000.0,,,2,,RUB,,3,,2024-05-23,
MMIX,RUSFAR,2024-05-24,RUSFAR,RUSFAR,15.88,15.88,15.88,15.88,247925048000.0,,,2,,RUB,,3,,2024-05-24,
MMIX,RUSFAR,2024-05-27,RUSFAR,RUSFAR,15.81,15.81,15.81,15.81,204230470000.0,,,2,,RUB,,3,,2024-05-27,
MMIX,RUSFAR,2024-05-28,RUSFAR,RUSFAR,15.78,15.78,15.78,15.78,201851593000.0,,,2,,RUB,,3,,2024-05-28,
MMIX,RUSFAR,2024-05-29,RUSFAR,RUSFAR,15.88,15.88,15.88,15.88,197981688000.0,,,2,,RUB,,3,,2024-05-29,
MMIX,RUSFAR,2024-05-30,RUSFAR,RUSFAR,16.0,16.0,16.0,16.0,158767329000.0,,,2,,RUB,,3,,2024-05-30,
MMIX,RUSFAR,2024-05-31,RUSFAR,RUSFAR,16.21,16.21,16.21,16.21,241229135000.0,,,2,,RUB,,3,,2024-05-31,
MMIX,RUSFAR,2024-06-03,RUSFAR,RUSFAR,16.01,16.01,16.01,16.01,247717701000.0,,,2,,RUB,,3,,2024-06-03,
MMIX,RUSFAR,2024-06-04,RUSFAR,RUSFAR,15.89,15.89,15.89,15.89,194332896000.0,,,2,,RUB,,3,,2024-06-04,
MMIX,RUSFAR,2024-06-05,RUSFAR,RUSFAR,16.04,16.04,16.04,16.04,229181110000.0,,,2,,RUB,,3,,2024-06-05,
MMIX,RUSFAR,2024-06-06,RUSFAR,RUSFAR,16.24,16.24,16.24,16.24,256439826000.0,,,2,,RUB,,3,,2024-06-06,
MMIX,RUSFAR,2024-06-07,RUSFAR,RUSFAR,16.3,16.3,16.3,16.3,294014753000.0,,,2,,RUB,,3,,2024-06-07,
MMIX,RUSFAR,2024-06-10,RUSFAR,RUSFAR,15.53,15.53,15.53,15.53,257513182000.0,,,2,,RUB,,3,,2024-06-10,
MMIX,RUSFAR,2024-06-11,RUSFAR,RUSFAR,15.36,15.36,15.36,15.36,323613115000.0,,,2,,RUB,,3,,2024-06-11,
MMIX,RUSFAR,2024-06-13,RUSFAR,RUSFAR,15.8,15.8,15.8,15.8,277392053000.0,,,2,,RUB,,3,,2024-06-13,
MMIX,RUSFAR,2024-06-14,RUSFAR,RUSFAR,15.46,15.46,15.46,15.46,199023606000.0,,,2,,RUB,,3,,2024-06-14,
MMIX,RUSFAR,2024-06-17,RUSFAR,RUSFAR,15.43,15.43,15.43,15.43,202889192000.0,,,2,,RUB,,3,,2024-06-17,
MMIX,RUSFAR,2024-06-18,RUSFAR,RUSFAR,15.31,15.31,15.31,15.31,218187258000.0,,,2,,RUB,,3,,2024-06-18,
MMIX,RUSFAR,2024-06-19,RUSFAR,RUSFAR,15.28,15.28,15.28,15.28,245743376000.0,,,2,,RUB,,3,,2024-06-19,
MMIX,RUSFAR,2024-06-20,RUSFAR,RUSFAR,15.24,15.24,15.24,15.24,301708268000.0,,,2,,RUB,,3,,2024-06-20,
MMIX,RUSFAR,2024-06-21,RUSFAR,RUSFAR,15.18,15.18,15.18,15.18,328228495000.0,,,2,,RUB,,3,,2024-06-21,
MMIX,RUSFAR,2024-06-24,RUSFAR,RUSFAR,15.18,15.18,15.18,15.18,244062360000.0,,,2,,RUB,,3,,2024-06-24,
MMIX,RUSFAR,2024-06-25,RUSFAR,RUSFAR,15.39,15.39,15.39,15.39,251042343000.0,,,2,,RUB,,3,,2024-06-25,
MMIX,RUSFAR,2024-06-26,RUSFAR,RUSFAR,15.38,15.38,15.38,15.38,245564380000.0,,,2,,RUB,,3,,2024-06-26,
MMIX,RUSFAR,2024-06-27,RUSFAR,RUSFAR,15.57,15.57,15.57,15.57,161716299000.0,,,2,,RUB,,3,,2024-06-27,
MMIX,RUSFAR,2024-06-28,RUSFAR,RUSFAR,15.93,15.93,15.93,15.93,286754717000.0,,,2,,RUB,,3,,2024-06-28,
MMIX,RUSFAR,2024-07-01,RUSFAR,RUSFAR,15.82,15.82,15.82,15.82,177089475000.0,,,2,,RUB,,3,,2024-07-01,
MMIX,RUSFAR,2024-07-02,RUSFAR,RUSFAR,16.42,16.42,16.42,16.42,183689065000.0,,,2,,RUB,,3,,2024-07-02,
MMIX,RUSFAR,2024-07-03,RUSFAR,RUSFAR,16.27,16.27,16.27,16.27,156116996000.0,,,2,,RUB,,3,,2024-07-03,
MMIX,RUSFAR,2024-07-04,RUSFAR,RUSFAR,15.58,15.58,15.58,15.58,235087315000.0,,,2,,RUB,,3,,2024-07-04,
MMIX,RUSFAR,2024-07-05,RUSFAR,RUSFAR,15.84,15.84,15.84,15.84,338969782000.0,,,2,,RUB,,3,,2024-07-05,
MMIX,RUSFAR,2024-07-08,RUSFAR,RUSFAR,15.76,15.76,15.76,15.76,227697815000.0,,,2,,RUB,,3,,2024-07-08,
MMIX,RUSFAR,2024-07-09,RUSFAR,RUSFAR,15.93,15.93,15.93,15.93,292421828000.0,,,2,,RUB,,3,,2024-07-09,
MMIX,RUSFAR,2024-07-10,RUSFAR,RUSFAR,16.32,16.32,16.32,16.32,308505176000.0,,,2,,RUB,,3,,2024-07-10,
MMIX,RUSFAR,2024-07-11,RUSFAR,RUSFAR,16.58,16.58,16.58,16.58,286097722000.0,,,2,,RUB,,3,,2024-07-11,
MMIX,RUSFAR,2024-07-12,RUSFAR,RUSFAR,16.39,16.39,16.39,16.39,184677624000.0,,,2,,RUB,,3,,2024-07-12,
MMIX,RUSFAR,2024-07-15,RUSFAR,RUSFAR,16.29,16.29,16.29,16.29,256273676000.0,,,2,,RUB,,3,,2024-07-15,
MMIX,RUSFAR,2024-07-16,RUSFAR,RUSFAR,16.21,16.21,16.21,16.21,262827758000.0,,,2,,RUB,,3,,2024-07-16,
MMIX,RUSFAR,2024-07-17,RUSFAR,RUSFAR,16.2,16.2,16.2,16.2,269415550000.0,,,2,,RUB,,3,,2024-07-17,
MMIX,RUSFAR,2024-07-18,RUSFAR,RUSFAR,16.11,16.11,16.11,16.11,345627397000.0,,,2,,RUB,,3,,2024-07-18,
MMIX,RUSFAR,2024-07-19,RUSFAR,RUSFAR,15.93,15.93,15.93,15.93,374079894000.0,,,2,,RUB,,3,,2024-07-19,
MMIX,RUSFAR,2024-07-22,RUSFAR,RUSFAR,15.4,15.4,15.4,15.4,350003212000.0,,,2,,RUB,,3,,2024-07-22,
MMIX,RUSFAR,2024-07-23,RUSFAR,RUSFAR,15.43,15.43,15.43,15.43,332685515000.0,,,2,,RUB,,3,,2024-07-23,
MMIX,RUSFAR,2024-07-24,RUSFAR,RUSFAR,15.25,15.25,15.25,15.25,257935199000.0,,,2,,RUB,,3,,2024-07-24,
MMIX,RUSFAR,2024-07-25,RUSFAR,RUSFAR,15.22,15.22,15.22,15.22,387657663000.0,,,2,,RUB,,3,,2024-07-25,
MMIX,RUSFAR,2024-07-26,RUSFAR,RUSFAR,15.53,15.53,15.53,15.53,319814514000.0,,,2,,RUB,,3,,2024-07-26,
MMIX,RUSFAR,2024-07-29,RUSFAR,RUSFAR,17.06,17.06,17.06,17.06,305549174000.0,,,2,,RUB,,3,,2024-07-29,
MMIX,RUSFAR,2024-07-30,RUSFAR,RUSFAR,17.01,17.01,17.01,17.01,216575447000.0,,,2,,RUB,,3,,2024-07-30,
MMIX,RUSFAR,2024-07-31,RUSFAR,RUSFAR,17.34,17.34,17.34,17.34,283349615000.0,,,2,,RUB,,3,,2024-07-31,
MMIX,RUSFAR,2024-08-01,RUSFAR,RUSFAR,17.13,17.13,17.13,17.13,208636635000.0,,,2,,RUB,,3,,2024-08-01,
MMIX,RUSFAR,2024-08-02,RUSFAR,RUSFAR,17.03,17.03,17.03,17.03,189701725000.0,,,2,,RUB,,3,,2024-08-02,
MMIX,RUSFAR,2024-08-05,RUSFAR,RUSFAR,17.09,17.09,17.09,17.09,296667504000.0,,,2,,RUB,,3,,2024-08-05,
MMIX,RUSFAR,2024-08-06,RUSFAR,RUSFAR,17.04,17.04,17.04,17.04,241121045000.0,,,2,,RUB,,3,,2024-08-06,
MMIX,RUSFAR,2024-08-07,RUSFAR,RUSFAR,17.23,17.23,17.23,17.23,348920227000.0,,,2,,RUB,,3,,2024-08-07,
MMIX,RUSFAR,2024-08-08,RUSFAR,RUSFAR,17.19,17.19,17.19,17.19,257798046000.0,,,2,,RUB,,3,,2024-08-08,
MMIX,RUSFAR,2024-08-09,RUSFAR,RUSFAR,17.22,17.22,17.22,17.22,336611483000.0,,,2,,RUB,,3,,2024-08-09,
MMIX,RUSFAR,2024-08-12,RUSFAR,RUSFAR,17.55,17.55,17.55,17.55,319091603000.0,,,2,,RUB,,3,,2024-08-12,
MMIX,RUSFAR,2024-08-13,RUSFAR,RUSFAR,18.14,18.14,18.14,18.14,359283101000.0,,,2,,RUB,,3,,2024-08-13,
MMIX,RUSFAR,2024-08-14,RUSFAR,RUSFAR,17.88,17.88,17.88,17.88,344204816000.0,,,2,,RUB,,3,,2024-08-14,
MMIX,RUSFAR,2024-08-15,RUSFAR,RUSFAR,17.6,17.6,17.6,17.6,281034899000.0,,,2,,RUB,,3,,2024-08-15,
MMIX,RUSFAR,2024-08-16,RUSFAR,RUSFAR,17.54,17.54,17.54,17.54,312254875000.0,,,2,,RUB,,3,,2024-08-16,
MMIX,RUSFAR,2024-08-19,RUSFAR,RUSFAR,17.47,17.47,17.47,17.47,275576094000.0,,,2,,RUB,,3,,2024-08-19,
MMIX,RUSFAR,2024-08-20,RUSFAR,RUSFAR,17.51,17.51,17.51,17.51,324064867000.0,,,2,,RUB,,3,,2024-08-20,
MMIX,RUSFAR,2024-08-21,RUSFAR,RUSFAR,17.58,17.58,17.58,17.58,230963606000.0,,,2,,RUB,,3,,2024-08-21,
MMIX,RUSFAR,2024-08-22,RUSFAR,RUSFAR,17.63,17.63,17.63,17.63,262115940000.0,,,2,,RUB,,3,,2024-08-22,
MMIX,RUSFAR,2024-08-23,RUSFAR,RUSFAR,18.06,18.06,18.06,18.06,309208072000.0,,,2,,RUB,,3,,2024-08-23,
MMIX,RUSFAR,2024-08-26,RUSFAR,RUSFAR,18.01,18.01,18.01,18.01,221250467000.0,,,2,,RUB,,3,,2024-08-26,
MMIX,RUSFAR,2024-08-27,RUSFAR,RUSFAR,18.42,18.42,18.42,18.42,314374097000.0,,,2,,RUB,,3,,2024-08-27,
MMIX,RUSFAR,2024-08-28,RUSFAR,RUSFAR,17.83,17.83,17.83,17.83,230102274000.0,,,2,,RUB,,3,,2024-08-28,
MMIX,RUSFAR,2024-08-29,RUSFAR,RUSFAR,18.14,18.14,18.14,18.14,335501429000.0,,,2,,RUB,,3,,2024-08-29,
MMIX,RUSFAR,2024-08-30,RUSFAR,RUSFAR,18.87,18.87,18.87,18.87,327780651000.0,,,2,,RUB,,3,,2024-08-30,
MMIX,RUSFAR,2024-09-02,RUSFAR,RUSFAR,18.65,18.65,18.65,18.65,257206577000.0,,,2,,RUB,,3,,2024-09-02,
MMIX,RUSFAR,2024-09-03,RUSFAR,RUSFAR,18.24,18.24,18.24,18.24,240415867000.0,,,2,,RUB,,3,,2024-09-03,
MMIX,RUSFAR,2024-09-04,RUSFAR,RUSFAR,18.34,18.34,18.34,18.34,304194351000.0,,,2,,RUB,,3,,2024-09-04,
MMIX,RUSFAR,2024-09-05,RUSFAR,RUSFAR,18.37,18.37,18.37,18.37,295780399000.0,,,2,,RUB,,3,,2024-09-05,
MMIX,RUSFAR,2024-09-06,RUSFAR,RUSFAR,18.49,18.49,18.49,18.49,392666077000.0,,,2,,RUB,,3,,2024-09-06,
MMIX,RUSFAR,2024-09-09,RUSFAR,RUSFAR,18.16,18.16,18.16,18.16,351325964000.0,,,2,,RUB,,3,,2024-09-09,
MMIX,RUSFAR,2024-09-10,RUSFAR,RUSFAR,17.78,17.78,17.78,17.78,348392046000.0,,,2,,RUB,,3,,2024-09-10,
MMIX,RUSFAR,2024-09-11,RUSFAR,RUSFAR,18.2,18.2,18.2,18.2,360832799000.0,,,2,,RUB,,3,,2024-09-11,
MMIX,RUSFAR,2024-09-12,RUSFAR,RUSFAR,18.36,18.36,18.36,18.36,216844581000.0,,,2,,RUB,,3,,2024-09-12,
MMIX,RUSFAR,2024-09-13,RUSFAR,RUSFAR,18.45,18.45,18.45,18.45,279943249000.0,,,2,,RUB,,3,,2024-09-13,
MMIX,RUSFAR,2024-09-16,RUSFAR,RUSFAR,18.8,18.8,18.8,18.8,335108527000.0,,,2,,RUB,,3,,2024-09-16,
MMIX,RUSFAR,2024-09-17,RUSFAR,RUSFAR,18.61,18.61,18.61,18.61,326092876000.0,,,2,,RUB,,3,,2024-09-17,
MMIX,RUSFAR,2024-09-18,RUSFAR,RUSFAR,18.51,18.51,18.51,18.51,304867224000.0,,,2,,RUB,,3,,2024-09-18,
MMIX,RUSFAR,2024-09-19,RUSFAR,RUSFAR,18.51,18.51,18.51,18.51,321019679000.0,,,2,,RUB,,3,,2024-09-19,
MMIX,RUSFAR,2024-09-20,RUSFAR,RUSFAR,18.36,18.36,18.36,18.36,327257627000.0,,,2,,RUB,,3,,2024-09-20,
MMIX,RUSFAR,2024-09-23,RUSFAR,RUSFAR,18.39,18.39,18.39,18.39,411161266000.0,,,2,,RUB,,3,,2024-09-23,
MMIX,RUSFAR,2024-09-24,RUSFAR,RUSFAR,18.27,18.27,18.27,18.27,402155834000.0,,,2,,RUB,,3,,2024-09-24,
MMIX,RUSFAR,2024-09-25,RUSFAR,RUSFAR,18.3,18.3,18.3,18.3,474943873000.0,,,2,,RUB,,3,,2024-09-25,
MMIX,RUSFAR,2024-09-26,RUSFAR,RUSFAR,18.3,18.3,18.3,18.3,521463669000.0,,,2,,RUB,,3,,2024-09-26,
MMIX,RUSFAR,2024-09-27,RUSFAR,RUSFAR,18.28,18.28,18.28,18.28,370050830000.0,,,2,,RUB,,3,,2024-09-27,
MMIX,RUSFAR,2024-09-30,RUSFAR,RUSFAR,18.34,18.34,18.34,18.34,271207548000.0,,,2,,RUB,,3,,2024-09-30,
MMIX,RUSFAR,2024-10-01,RUSFAR,RUSFAR,18.3,18.3,18.3,18.3,386470665000.0,,,2,,RUB,,3,,2024-10-01,
MMIX,RUSFAR,2024-10-02,RUSFAR,RUSFAR,18.31,18.31,18.31,18.31,275765928000.0,,,2,,RUB,,3,,2024-10-02,
MMIX,RUSFAR,2024-10-03,RUSFAR,RUSFAR,18.27,18.27,18.27,18.27,291175789000.0,,,2,,RUB,,3,,2024-10-03,
MMIX,RUSFAR,2024-10-04,RUSFAR,RUSFAR,18.24,18.24,18.24,18.24,303788245000.0,,,2,,RUB,,3,,2024-10-04,
MMIX,RUSFAR,2024-10-07,RUSFAR,RUSFAR,18.23,18.23,18.23,18.23,320728675000.0,,,2,,RUB,,3,,2024-10-07,
MMIX,RUSFAR,2024-10-08,RUSFAR,RUSFAR,18.37,18.37,18.37,18.37,345705440000.0,,,2,,RUB,,3,,2024-10-08,
MMIX,RUSFAR,2024-10-09,RUSFAR,RUSFAR,18.71,18.71,18.71,18.71,550724176000.0,,,2,,RUB,,3,,2024-10-09,
MMIX,RUSFAR,2024-10-10,RUSFAR,RUSFAR,18.68,18.68,18.68,18.68,422366433000.0,,,2,,RUB,,3,,2024-10-10,
MMIX,RUSFAR,2024-10-11,RUSFAR,RUSFAR,18.67,18.67,18.67,18.67,368595742000.0,,,2,,RUB,,3,,2024-10-11,
MMIX,RUSFAR,2024-10-14,RUSFAR,RUSFAR,18.54,18.54,18.54,18.54,363145325000.0,,,2,,RUB,,3,,2024-10-14,
MMIX,RUSFAR,2024-10-15,RUSFAR,RUSFAR,18.48,18.48,18.48,18.48,535430994000.0,,,2,,RUB,,3,,2024-10-15,
MMIX,RUSFAR,2024-10-16,RUSFAR,RUSFAR,18.65,18.65,18.65,18.65,454130991000.0,,,2,,RUB,,3,,2024-10-16,
MMIX,RUSFAR,2024-10-17,RUSFAR,RUSFAR,18.88,18.88,18.88,18.88,484881371000.0,,,2,,RUB,,3,,2024-10-17,
MMIX,RUSFAR,2024-10-18,RUSFAR,RUSFAR,18.82,18.82,18.82,18.82,516467589000.0,,,2,,RUB,,3,,2024-10-18,
MMIX,RUSFAR,2024-10-21,RUSFAR,RUSFAR,18.78,18.78,18.78,18.78,437826958000.0,,,2,,RUB,,3,,2024-10-21,
MMIX,RUSFAR,2024-10-22,RUSFAR,RUSFAR,18.64,18.64,18.64,18.64,417294993000.0,,,2,,RUB,,3,,2024-10-22,
MMIX,RUSFAR,2024-10-23,RUSFAR,RUSFAR,18.66,18.66,18.66,18.66,329661517000.0,,,2,,RUB,,3,,2024-10-23,
MMIX,RUSFAR,2024-10-24,RUSFAR,RUSFAR,18.49,18.49,18.49,18.49,535633031000.0,,,2,,RUB,,3,,2024-10-24,
MMIX,RUSFAR,2024-10-25,RUSFAR,RUSFAR,18.49,18.49,18.49,18.49,298992079000.0,,,2,,RUB,,3,,2024-10-25,
MMIX,RUSFAR,2024-10-28,RUSFAR,RUSFAR,20.12,20.12,20.12,20.12,389587312000.0,,,2,,RUB,,3,,2024-10-28,
MMIX,RUSFAR,2024-10-29,RUSFAR,RUSFAR,20.18,20.18,20.18,20.18,530060924000.0,,,2,,RUB,,3,,2024-10-29,
MMIX,RUSFAR,2024-10-30,RUSFAR,RUSFAR,20.46,20.46,20.46,20.46,581110746000.0,,,2,,RUB,,3,,2024-10-30,
MMIX,RUSFAR,2024-10-31,RUSFAR,RUSFAR,20.4,20.4,20.4,20.4,398284404000.0,,,2,,RUB,,3,,2024-10-31,
MMIX,RUSFAR,2024-11-01,RUSFAR,RUSFAR,20.32,20.32,20.32,20.32,404418113000.0,,,2,,RUB,,3,,2024-11-01,
MMIX,RUSFAR,2024-11-05,RUSFAR,RUSFAR,20.3,20.3,20.3,20.3,387700226000.0,,,2,,RUB,,3,,2024-11-05,
MMIX,RUSFAR,2024-11-06,RUSFAR,RUSFAR,20.26,20.26,20.26,20.26,494080851000.0,,,2,,RUB,,3,,2024-11-06,
MMIX,RUSFAR,2024-11-07,RUSFAR,RUSFAR,20.23,20.23,20.23,20.23,149834018000.0,,,2,,RUB,,3,,2024-11-07,
MMIX,RUSFAR,2024-11-08,RUSFAR,RUSFAR,20.38,20.38,20.38,20.38,464600316000.0,,,2,,RUB,,3,,2024-11-08,
MMIX,RUSFAR,2024-11-11,RUSFAR,RUSFAR,20.66,20.66,20.66,20.66,476820882000.0,,,2,,RUB,,3,,2024-11-11,
MMIX,RUSFAR,2024-11-12,RUSFAR,RUSFAR,21.53,21.53,21.53,21.53,480567428000.0,,,2,,RUB,,3,,2024-11-12,
MMIX,RUSFAR,2024-11-13,RUSFAR,RUSFAR,20.54,20.54,20.54,20.54,496702270000.0,,,2,,RUB,,3,,2024-11-13,
MMIX,RUSFAR,2024-11-14,RUSFAR,RUSFAR,20.64,20.64,20.64,20.64,467120413000.0,,,2,,RUB,,3,,2024-11-14,
MMIX,RUSFAR,2024-11-15,RUSFAR,RUSFAR,20.59,20.59,20.59,20.59,502563088000.0,,,2,,RUB,,3,,2024-11-15,
MMIX,RUSFAR,2024-11-18,RUSFAR,RUSFAR,20.63,20.63,20.63,20.63,500248548000.0,,,2,,RUB,,3,,2024-11-18,
MMIX,RUSFAR,2024-11-19,RUSFAR,RUSFAR,20.62,20.62,20.62,20.62,470336134000.0,,,2,,RUB,,3,,2024-11-19,
MMIX,RUSFAR,2024-11-20,RUSFAR,RUSFAR,20.62,20.62,20.62,20.62,505912313000.0,,,2,,RUB,,3,,2024-11-20,
MMIX,RUSFAR,2024-11-21,RUSFAR,RUSFAR,20.55,20.55,20.55,20.55,587598635000.0,,,2,,RUB,,3,,2024-11-21,
MMIX,RUSFAR,2024-11-22,RUSFAR,RUSFAR,20.43,20.43,20.43,20.43,544117801000.0,,,2,,RUB,,3,,2024-11-22,
MMIX,RUSFAR,2024-11-25,RUSFAR,RUSFAR,20.32,20.32,20.32,20.32,384493250000.0,,,2,,RUB,,3,,2024-11-25,
MMIX,RUSFAR,2024-11-26,RUSFAR,RUSFAR,20.33,20.33,20.33,20.33,632236105000.0,,,2,,RUB,,3,,2024-11-26,
MMIX,RUSFAR,2024-11-27,RUSFAR,RUSFAR,20.56,20.56,20.56,20.56,466170508000.0,,,2,,RUB,,3,,2024-11-27,
MMIX,RUSFAR,2024-11-28,RUSFAR,RUSFAR,20.87,20.87,20.87,20.87,509225357000.0,,,2,,RUB,,3,,2024-11-28,
MMIX,RUSFAR,2024-11-29,RUSFAR,RUSFAR,20.68,20.68,20.68,20.68,634460860000.0,,,2,,RUB,,3,,2024-11-29,
MMIX,RUSFAR,2024-12-02,RUSFAR,RUSFAR,20.87,20.87,20.87,20.87,588818056000.0,,,2,,RUB,,3,,2024-12-02,
MMIX,RUSFAR,2024-12-03,RUSFAR,RUSFAR,21.1,21.1,21.1,21.1,643127998000.0,,,2,,RUB,,3,,2024-12-03,
MMIX,RUSFAR,2024-12-04,RUSFAR,RUSFAR,20.91,20.91,20.91,20.91,569882807000.0,,,2,,RUB,,3,,2024-12-04,
MMIX,RUSFAR,2024-12-05,RUSFAR,RUSFAR,20.7,20.7,20.7,20.7,677806899000.0,,,2,,RUB,,3,,2024-12-05,
MMIX,RUSFAR,2024-12-06,RUSFAR,RUSFAR,20.63,20.63,20.63,20.63,587623014000.0,,,2,,RUB,,3,,2024-12-06,
MMIX,RUSFAR,2024-12-09,RUSFAR,RUSFAR,20.31,20.31,20.31,20.31,524753874000.0,,,2,,RUB,,3,,2024-12-09,
MMIX,RUSFAR,2024-12-10,RUSFAR,RUSFAR,20.35,20.35,20.35,20.35,535422008000.0,,,2,,RUB,,3,,2024-12-10,
MMIX,RUSFAR,2024-12-11,RUSFAR,RUSFAR,21.21,21.21,21.21,21.21,713991517000.0,,,2,,RUB,,3,,2024-12-11,
MMIX,RUSFAR,2024-12-12,RUSFAR,RUSFAR,21.62,21.62,21.62,21.62,583972621000.0,,,2,,RUB,,3,,2024-12-12,
MMIX,RUSFAR,2024-12-13,RUSFAR,RUSFAR,21.91,21.91,21.91,21.91,509841313000.0,,,2,,RUB,,3,,2024-12-13,
MMIX,RUSFAR,2024-12-16,RUSFAR,RUSFAR,21.82,21.82,21.82,21.82,482808756000.0,,,2,,RUB,,3,,2024-12-16,
MMIX,RUSFAR,2024-12-17,RUSFAR,RUSFAR,21.75,21.75,21.75,21.75,517183416000.0,,,2,,RUB,,3,,2024-12-17,
MMIX,RUSFAR,2024-12-18,RUSFAR,RUSFAR,21.7,21.7,21.7,21.7,571523083000.0,,,2,,RUB,,3,,2024-12-18,
MMIX,RUSFAR,2024-12-19,RUSFAR,RUSFAR,21.61,21.61,21.61,21.61,806081219000.0,,,2,,RUB,,3,,2024-12-19,
MMIX,RUSFAR,2024-12-20,RUSFAR,RUSFAR,21.71,21.71,21.71,21.71,641522090000.0,,,2,,RUB,,3,,2024-12-20,
MMIX,RUSFAR,2024-12-23,RUSFAR,RUSFAR,20.35,20.35,20.35,20.35,694428400000.0,,,2,,RUB,,3,,2024-12-23,
MMIX,RUSFAR,2024-12-24,RUSFAR,RUSFAR,20.36,20.36,20.36,20.36,596682323000.0,,,2,,RUB,,3,,2024-12-24,
MMIX,RUSFAR,2024-12-25,RUSFAR,RUSFAR,20.4,20.4,20.4,20.4,342099302000.0,,,2,,RUB,,3,,2024-12-25,
MMIX,RUSFAR,2024-12-26,RUSFAR,RUSFAR,20.36,20.36,20.36,20.36,228927677000.0,,,2,,RUB,,3,,2024-12-26,
MMIX,RUSFAR,2024-12-27,RUSFAR,RUSFAR,20.35,20.35,20.35,20.35,132824753000.0,,,2,,RUB,,3,,2024-12-27,
MMIX,RUSFAR,2025-01-09,RUSFAR,RUSFAR,20.59,20.59,20.59,20.59,421945478000.0,,,2,,RUB,,3,,2025-01-09,
MMIX,RUSFAR,2025-01-10,RUSFAR,RUSFAR,20.53,20.53,20.53,20.53,451659643000.0,,,2,,RUB,,3,,2025-01-10,
MMIX,RUSFAR,2025-01-13,RUSFAR,RUSFAR,20.26,20.26,20.26,20.26,434236306000.0,,,2,,RUB,,3,,2025-01-13,
MMIX,RUSFAR,2025-01-14,RUSFAR,RUSFAR,20.37,20.37,20.37,20.37,413899239000.0,,,2,,RUB,,3,,2025-01-14,
MMIX,RUSFAR,2025-01-15,RUSFAR,RUSFAR,20.62,20.62,20.62,20.62,575148385000.0,,,2,,RUB,,3,,2025-01-15,
MMIX,RUSFAR,2025-01-16,RUSFAR,RUSFAR,20.84,20.84,20.84,20.84,478760121000.0,,,2,,RUB,,3,,2025-01-16,
MMIX,RUSFAR,2025-01-17,RUSFAR,RUSFAR,20.97,20.97,20.97,20.97,488123377000.0,,,2,,RUB,,3,,2025-01-17,
MMIX,RUSFAR,2025-01-20,RUSFAR,RUSFAR,21.02,21.02,21.02,21.02,504858172000.0,,,2,,RUB,,3,,2025-01-20,
MMIX,RUSFAR,2025-01-21,RUSFAR,RUSFAR,21.02,21.02,21.02,21.02,615040515000.0,,,2,,RUB,,3,,2025-01-21,
MMIX,RUSFAR,2025-01-22,RUSFAR,RUSFAR,20.96,20.96,20.96,20.96,545167858000.0,,,2,,RUB,,3,,2025-01-22,
MMIX,RUSFAR,2025-01-23,RUSFAR,RUSFAR,20.62,20.62,20.62,20.62,799766850000.0,,,2,,RUB,,3,,2025-01-23,
MMIX,RUSFAR,2025-01-24,RUSFAR,RUSFAR,20.51,20.51,20.51,20.51,688491958000.0,,,2,,RUB,,3,,2025-01-24,
MMIX,RUSFAR,2025-01-27,RUSFAR,RUSFAR,20.47,20.47,20.47,20.47,589801550000.0,,,2,,RUB,,3,,2025-01-27,
MMIX,RUSFAR,2025-01-28,RUSFAR,RUSFAR,20.49,20.49,20.49,20.49,648377278000.0,,,2,,RUB,,3,,2025-01-28,
MMIX,RUSFAR,2025-01-29,RUSFAR,RUSFAR,20.54,20.54,20.54,20.54,546382577000.0,,,2,,RUB,,3,,2025-01-29,
MMIX,RUSFAR,2025-01-30,RUSFAR,RUSFAR,20.46,20.46,20.46,20.46,607100753000.0,,,2,,RUB,,3,,2025-01-30,
MMIX,RUSFAR,2025-01-31,RUSFAR,RUSFAR,20.43,20.43,20.43,20.43,740380471000.0,,,2,,RUB,,3,,2025-01-31,
MMIX,RUSFAR,2025-02-03,RUSFAR,RUSFAR,20.42,20.42,20.42,20.42,584200918000.0,,,2,,RUB,,3,,2025-02-03,
MMIX,RUSFAR,2025-02-04,RUSFAR,RUSFAR,20.25,20.25,20.25,20.25,692374082000.0,,,2,,RUB,,3,,2025-02-04,
MMIX,RUSFAR,2025-02-05,RUSFAR,RUSFAR,20.22,20.22,20.22,20.22,786195446000.0,,,2,,RUB,,3,,2025-02-05,
MMIX,RUSFAR,2025-02-06,RUSFAR,RUSFAR,20.33,20.33,20.33,20.33,869952797000.0,,,2,,RUB,,3,,2025-02-06,
MMIX,RUSFAR,2025-02-07,RUSFAR,RUSFAR,20.25,20.25,20.25,20.25,755193190000.0,,,2,,RUB,,3,,2025-02-07,
MMIX,RUSFAR,2025-02-10,RUSFAR,RUSFAR,20.41,20.41,20.41,20.41,690543537000.0,,,2,,RUB,,3,,2025-02-10,
MMIX,RUSFAR,2025-02-11,RUSFAR,RUSFAR,21.17,21.17,21.17,21.17,882153513000.0,,,2,,RUB,,3,,2025-02-11,
MMIX,RUSFAR,2025-02-12,RUSFAR,RUSFAR,20.74,20.74,20.74,20.74,485173833000.0,,,2,,RUB,,3,,2025-02-12,
MMIX,RUSFAR,2025-02-13,RUSFAR,RUSFAR,20.82,20.82,20.82,20.82,730390360000.0,,,2,,RUB,,3,,2025-02-13,
MMIX,RUSFAR,2025-02-14,RUSFAR,RUSFAR,20.85,20.85,20.85,20.85,568074409000.0,,,2,,RUB,,3,,2025-02-14,
MMIX,RUSFAR,2025-02-17,RUSFAR,RUSFAR,20.85,20.85,20.85,20.85,802972884000.0,,,2,,RUB,,3,,2025-02-17,
MMIX,RUSFAR,2025-02-18,RUSFAR,RUSFAR,20.92,20.92,20.92,20.92,1094411673000.0,,,2,,RUB,,3,,2025-02-18,
MMIX,RUSFAR,2025-02-19,RUSFAR,RUSFAR,20.94,20.94,20.94,20.94,1046665324000.0,,,2,,RUB,,3,,2025-02-19,
MMIX,RUSFAR,2025-02-20,RUSFAR,RUSFAR,21.08,21.08,21.08,21.08,801341738000.0,,,2,,RUB,,3,,2025-02-20,
MMIX,RUSFAR,2025-02-21,RUSFAR,RUSFAR,21.23,21.23,21.23,21.23,893078446000.0,,,2,,RUB,,3,,2025-02-21,
MMIX,RUSFAR,2025-02-24,RUSFAR,RUSFAR,21.25,21.25,21.25,21.25,1016651755000.0,,,2,,RUB,,3,,2025-02-24,
MMIX,RUSFAR,2025-02-25,RUSFAR,RUSFAR,21.09,21.09,21.09,21.09,1216428292000.0,,,2,,RUB,,3,,2025-02-25,
MMIX,RUSFAR,2025-02-26,RUSFAR,RUSFAR,21.1,21.1,21.1,21.1,1379155119000.0,,,2,,RUB,,3,,2025-02-26,
MMIX,RUSFAR,2025-02-27,RUSFAR,RUSFAR,21.1,21.1,21.1,21.1,1294494597000.0,,,2,,RUB,,3,,2025-02-27,
MMIX,RUSFAR,2025-02-28,RUSFAR,RUSFAR,21.11,21.11,21.11,21.11,1085395120000.0,,,2,,RUB,,3,,2025-02-28,
MMIX,RUSFAR,2025-03-03,RUSFAR,RUSFAR,21.4,21.4,21.4,21.4,1239688632000.0,,,2,,RUB,,3,,2025-03-03,
MMIX,RUSFAR,2025-03-04,RUSFAR,RUSFAR,21.5,21.5,21.5,21.5,965875119000.0,,,2,,RUB,,3,,2025-03-04,
MMIX,RUSFAR,2025-03-05,RUSFAR,RUSFAR,21.53,21.53,21.53,21.53,677807208000.0,,,2,,RUB,,3,,2025-03-05,
MMIX,RUSFAR,2025-03-06,RUSFAR,RUSFAR,21.39,21.39,21.39,21.39,956697672000.0,,,2,,RUB,,3,,2025-03-06,
MMIX,RUSFAR,2025-03-07,RUSFAR,RUSFAR,21.46,21.46,21.46,21.46,1230467805000.0,,,2,,RUB,,3,,2025-03-07,
MMIX,RUSFAR,2025-03-10,RUSFAR,RUSFAR,21.43,21.43,21.43,21.43,505674400000.0,,,2,,RUB,,3,,2025-03-10,
MMIX,RUSFAR,2025-03-11,RUSFAR,RUSFAR,21.07,21.07,21.07,21.07,1098869264000.0,,,2,,RUB,,3,,2025-03-11,
MMIX,RUSFAR,2025-03-12,RUSFAR,RUSFAR,21.15,21.15,21.15,21.15,821644921000.0,,,2,,RUB,,3,,2025-03-12,
MMIX,RUSFAR,2025-03-13,RUSFAR,RUSFAR,21.36,21.36,21.36,21.36,859925417000.0,,,2,,RUB,,3,,2025-03-13,
MMIX,RUSFAR,2025-03-14,RUSFAR,RUSFAR,21.48,21.48,21.48,21.48,945713934000.0,,,2,,RUB,,3,,2025-03-14,
MMIX,RUSFAR,2025-03-17,RUSFAR,RUSFAR,21.5,21.5,21.5,21.5,916263686000.0,,,2,,RUB,,3,,2025-03-17,
MMIX,RUSFAR,2025-03-18,RUSFAR,RUSFAR,21.5,21.5,21.5,21.5,1068494812000.0,,,2,,RUB,,3,,2025-03-18,
MMIX,RUSFAR,2025-03-19,RUSFAR,RUSFAR,21.5,21.5,21.5,21.5,1221971433000.0,,,2,,RUB,,3,,2025-03-19,
MMIX,RUSFAR,2025-03-20,RUSFAR,RUSFAR,21.5,21.5,21.5,21.5,1087717821000.0,,,2,,RUB,,3,,2025-03-20,
MMIX,RUSFAR,2025-03-21,RUSFAR,RUSFAR,21.45,21.45,21.45,21.45,1016866883000.0,,,2,,RUB,,3,,2025-03-21,
MMIX,RUSFAR,2025-03-24,RUSFAR,RUSFAR,21.45,21.45,21.45,21.45,810688683000.0,,,2,,RUB,,3,,2025-03-24,
MMIX,RUSFAR,2025-03-25,RUSFAR,RUSFAR,21.55,21.55,21.55,21.55,791222690000.0,,,2,,RUB,,3,,2025-03-25,
MMIX,RUSFAR,2025-03-26,RUSFAR,RUSFAR,21.6,21.6,21.6,21.6,963770402000.0,,,2,,RUB,,3,,2025-03-26,
MMIX,RUSFAR,2025-03-27,RUSFAR,RUSFAR,21.53,21.53,21.53,21.53,822910988000.0,,,2,,RUB,,3,,2025-03-27,
MMIX,RUSFAR,2025-03-28,RUSFAR,RUSFAR,20.95,20.95,20.95,20.95,520207285000.0,,,2,,RUB,,3,,2025-03-28,
MMIX,RUSFAR,2025-03-31,RUSFAR,RUSFAR,21.65,21.65,21.65,21.65,865629097000.0,,,2,,RUB,,3,,2025-03-31,
MMIX,RUSFAR,2025-04-01,RUSFAR,RUSFAR,21.65,21.65,21.65,21.65,856877547000.0,,,2,,RUB,,3,,2025-04-01,
MMIX,RUSFAR,2025-04-02,RUSFAR,RUSFAR,21.66,21.66,21.66,21.66,942026815000.0,,,2,,RUB,,3,,2025-04-02,
MMIX,RUSFAR,2025-04-03,RUSFAR,RUSFAR,21.66,21.66,21.66,21.66,1207793745000.0,,,2,,RUB,,3,,2025-04-03,
MMIX,RUSFAR,2025-04-04,RUSFAR,RUSFAR,21.66,21.66,21.66,21.66,1041461043000.0,,,2,,RUB,,3,,2025-04-04,
MMIX,RUSFAR,2025-04-07,RUSFAR,RUSFAR,21.46,21.46,21.46,21.46,713078631000.0,,,2,,RUB,,3,,2025-04-07,
MMIX,RUSFAR,2025-04-08,RUSFAR,RUSFAR,21.18,21.18,21.18,21.18,690352662000.0,,,2,,RUB,,3,,2025-04-08,
MMIX,RUSFAR,2025-04-09,RUSFAR,RUSFAR,21.45,21.45,21.45,21.45,847426398000.0,,,2,,RUB,,3,,2025-04-09,
MMIX,RUSFAR,2025-04-10,RUSFAR,RUSFAR,21.46,21.46,21.46,21.46,670912814000.0,,,2,,RUB,,3,,2025-04-10,
MMIX,RUSFAR,2025-04-11,RUSFAR,RUSFAR,21.48,21.48,21.48,21.48,912559646000.0,,,2,,RUB,,3,,2025-04-11,
MMIX,RUSFAR,2025-04-14,RUSFAR,RUSFAR,21.39,21.39,21.39,21.39,732163691000.0,,,2,,RUB,,3,,2025-04-14,
MMIX,RUSFAR,2025-04-15,RUSFAR,RUSFAR,21.3,21.3,21.3,21.3,1045173880000.0,,,2,,RUB,,3,,2025-04-15,
MMIX,RUSFAR,2025-04-16,RUSFAR,RUSFAR,20.81,20.81,20.81,20.81,776932101000.0,,,2,,RUB,,3,,2025-04-16,
MMIX,RUSFAR,2025-04-17,RUSFAR,RUSFAR,20.36,20.36,20.36,20.36,679232337000.0,,,2,,RUB,,3,,2025-04-17,
MMIX,RUSFAR,2025-04-18,RUSFAR,RUSFAR,20.4,20.4,20.4,20.4,802159829000.0,,,2,,RUB,,3,,2025-04-18,
MMIX,RUSFAR,2025-04-21,RUSFAR,RUSFAR,20.63,20.63,20.63,20.63,835341208000.0,,,2,,RUB,,3,,2025-04-21,
MMIX,RUSFAR,2025-04-22,RUSFAR,RUSFAR,20.67,20.67,20.67,20.67,786332281000.0,,,2,,RUB,,3,,2025-04-22,
MMIX,RUSFAR,2025-04-23,RUSFAR,RUSFAR,20.79,20.79,20.79,20.79,585164105000.0,,,2,,RUB,,3,,2025-04-23,
MMIX,RUSFAR,2025-04-24,RUSFAR,RUSFAR,20.69,20.69,20.69,20.69,624083885000.0,,,2,,RUB,,3,,2025-04-24,
MMIX,RUSFAR,2025-04-25,RUSFAR,RUSFAR,20.62,20.62,20.62,20.62,705277017000.0,,,2,,RUB,,3,,2025-04-25,
MMIX,RUSFAR,2025-04-28,RUSFAR,RUSFAR,20.47,20.47,20.47,20.47,732138104000.0,,,2,,RUB,,3,,2025-04-28,
MMIX,RUSFAR,2025-04-29,RUSFAR,RUSFAR,20.5,20.5,20.5,20.5,338095279000.0,,,2,,RUB,,3,,2025-04-29,
MMIX,RUSFAR,2025-04-30,RUSFAR,RUSFAR,20.75,20.75,20.75,20.75,377407804000.0,,,2,,RUB,,3,,2025-04-30,
MMIX,RUSFAR,2025-05-05,RUSFAR,RUSFAR,20.51,20.51,20.51,20.51,484487717000.0,,,2,,RUB,,3,,2025-05-05,
MMIX,RUSFAR,2025-05-06,RUSFAR,RUSFAR,20.69,20.69,20.69,20.69,644819215000.0,,,2,,RUB,,3,,2025-05-06,
MMIX,RUSFAR,2025-05-07,RUSFAR,RUSFAR,20.73,20.73,20.73,20.73,396454026000.0,,,2,,RUB,,3,,2025-05-07,
MMIX,RUSFAR,2025-05-12,RUSFAR,RUSFAR,20.67,20.67,20.67,20.67,488085055000.0,,,2,,RUB,,3,,2025-05-12,
MMIX,RUSFAR,2025-05-13,RUSFAR,RUSFAR,20.82,20.82,20.82,20.82,795691366000.0,,,2,,RUB,,3,,2025-05-13,
MMIX,RUSFAR,2025-05-14,RUSFAR,RUSFAR,20.89,20.89,20.89,20.89,471375410000.0,,,2,,RUB,,3,,2025-05-14,
MMIX,RUSFAR,2025-05-15,RUSFAR,RUSFAR,21.04,21.04,21.04,21.04,700207314000.0,,,2,,RUB,,3,,2025-05-15,
MMIX,RUSFAR,2025-05-16,RUSFAR,RUSFAR,21.1,21.1,21.1,21.1,663343466000.0,,,2,,RUB,,3,,2025-05-16,
MMIX,RUSFAR,2025-05-19,RUSFAR,RUSFAR,20.91,20.91,20.91,20.91,772873289000.0,,,2,,RUB,,3,,2025-05-19,
MMIX,RUSFAR,2025-05-20,RUSFAR,RUSFAR,20.79,20.79,20.79,20.79,800178265000.0,,,2,,RUB,,3,,2025-05-20,
MMIX,RUSFAR,2025-05-21,RUSFAR,RUSFAR,20.79,20.79,20.79,20.79,592870732000.0,,,2,,RUB,,3,,2025-05-21,
MMIX,RUSFAR,2025-05-22,RUSFAR,RUSFAR,20.75,20.75,20.75,20.75,636166620000.0,,,2,,RUB,,3,,2025-05-22,
MMIX,RUSFAR,2025-05-23,RUSFAR,RUSFAR,20.75,20.75,20.75,20.75,778452766000.0,,,2,,RUB,,3,,2025-05-23,
MMIX,RUSFAR,2025-05-26,RUSFAR,RUSFAR,20.67,20.67,20.67,20.67,370307864000.0,,,2,,RUB,,3,,2025-05-26,
MMIX,RUSFAR,2025-05-27,RUSFAR,RUSFAR,20.63,20.63,20.63,20.63,799807732000.0,,,2,,RUB,,3,,2025-05-27,
MMIX,RUSFAR,2025-05-28,RUSFAR,RUSFAR,21.04,21.04,21.04,21.04,637316887000.0,,,2,,RUB,,3,,2025-05-28,
MMIX,RUSFAR,2025-05-29,RUSFAR,RUSFAR,20.95,20.95,20.95,20.95,522666042000.0,,,2,,RUB,,3,,2025-05-29,
MMIX,RUSFAR,2025-05-30,RUSFAR,RUSFAR,21.01,21.01,21.01,21.01,550739590000.0,,,2,,RUB,,3,,2025-05-30,
MMIX,RUSFAR,2025-06-02,RUSFAR,RUSFAR,21.19,21.19,21.19,21.19,596171032000.0,,,2,,RUB,,3,,2025-06-02,
MMIX,RUSFAR,2025-06-03,RUSFAR,RUSFAR,21.38,21.38,21.38,21.38,514589697000.0,,,2,,RUB,,3,,2025-06-03,
MMIX,RUSFAR,2025-06-04,RUSFAR,RUSFAR,20.91,20.91,20.91,20.91,772952494000.0,,,2,,RUB,,3,,2025-06-04,
MMIX,RUSFAR,2025-06-05,RUSFAR,RUSFAR,20.51,20.51,20.51,20.51,631039392000.0,,,2,,RUB,,3,,2025-06-05,
MMIX,RUSFAR,2025-06-06,RUSFAR,RUSFAR,20.26,20.26,20.26,20.26,573725246000.0,,,2,,RUB,,3,,2025-06-06,
MMIX,RUSFAR,2025-06-09,RUSFAR,RUSFAR,19.75,19.75,19.75,19.75,629015631000.0,,,2,,RUB,,3,,2025-06-09,
MMIX,RUSFAR,2025-06-10,RUSFAR,RUSFAR,19.9,19.9,19.9,19.9,599519059000.0,,,2,,RUB,,3,,2025-06-10,
MMIX,RUSFAR,2025-06-11,RUSFAR,RUSFAR,19.92,19.92,19.92,19.92,645997424000.0,,,2,,RUB,,3,,2025-06-11,
MMIX,RUSFAR,2025-06-16,RUSFAR,RUSFAR,19.82,19.82,19.82,19.82,469152230000.0,,,2,,RUB,,3,,2025-06-16,
MMIX,RUSFAR,2025-06-17,RUSFAR,RUSFAR,19.8,19.8,19.8,19.8,646537770000.0,,,2,,RUB,,3,,2025-06-17,
MMIX,RUSFAR,2025-06-18,RUSFAR,RUSFAR,19.75,19.75,19.75,19.75,624223906000.0,,,2,,RUB,,3,,2025-06-18,
MMIX,RUSFAR,2025-06-19,RUSFAR,RUSFAR,19.74,19.74,19.74,19.74,597599705000.0,,,2,,RUB,,3,,2025-06-19,
MMIX,RUSFAR,2025-06-20,RUSFAR,RUSFAR,19.74,19.74,19.74,19.74,653683967000.0,,,2,,RUB,,3,,2025-06-20,
MMIX,RUSFAR,2025-06-23,RUSFAR,RUSFAR,19.72,19.72,19.72,19.72,612556497000.0,,,2,,RUB,,3,,2025-06-23,
MMIX,RUSFAR,2025-06-24,RUSFAR,RUSFAR,19.68,19.68,19.68,19.68,448430878000.0,,,2,,RUB,,3,,2025-06-24,
MMIX,RUSFAR,2025-06-25,RUSFAR,RUSFAR,19.65,19.65,19.65,19.65,456264288000.0,,,2,,RUB,,3,,2025-06-25,
MMIX,RUSFAR,2025-06-26,RUSFAR,RUSFAR,19.65,19.65,19.65,19.65,459352398000.0,,,2,,RUB,,3,,2025-06-26,
MMIX,RUSFAR,2025-06-27,RUSFAR,RUSFAR,19.81,19.81,19.81,19.81,542324914000.0,,,2,,RUB,,3,,2025-06-27,
MMIX,RUSFAR,2025-06-30,RUSFAR,RUSFAR,20.19,20.19,20.19,20.19,626121354000.0,,,2,,RUB,,3,,2025-06-30,
MMIX,RUSFAR,2025-07-01,RUSFAR,RUSFAR,19.97,19.97,19.97,19.97,697330726000.0,,,2,,RUB,,3,,2025-07-01,
MMIX,RUSFAR,2025-07-02,RUSFAR,RUSFAR,20.02,20.02,20.02,20.02,745329757000.0,,,2,,RUB,,3,,2025-07-02,
MMIX,RUSFAR,2025-07-03,RUSFAR,RUSFAR,19.86,19.86,19.86,19.86,764474472000.0,,,2,,RUB,,3,,2025-07-03,
MMIX,RUSFAR,2025-07-04,RUSFAR,RUSFAR,19.9,19.9,19.9,19.9,858393341000.0,,,2,,RUB,,3,,2025-07-04,
MMIX,RUSFAR,2025-07-07,RUSFAR,RUSFAR,19.91,19.91,19.91,19.91,559993774000.0,,,2,,RUB,,3,,2025-07-07,
MMIX,RUSFAR,2025-07-08,RUSFAR,RUSFAR,19.89,19.89,19.89,19.89,975248575000.0,,,2,,RUB,,3,,2025-07-08,
MMIX,RUSFAR,2025-07-09,RUSFAR,RUSFAR,19.58,19.58,19.58,19.58,497325573000.0,,,2,,RUB,,3,,2025-07-09,
MMIX,RUSFAR,2025-07-10,RUSFAR,RUSFAR,19.02,19.02,19.02,19.02,393654322000.0,,,2,,RUB,,3,,2025-07-10,
MMIX,RUSFAR,2025-07-11,RUSFAR,RUSFAR,18.99,18.99,18.99,18.99,559618844000.0,,,2,,RUB,,3,,2025-07-11,
MMIX,RUSFAR,2025-07-14,RUSFAR,RUSFAR,19.03,19.03,19.03,19.03,538090382000.0,,,2,,RUB,,3,,2025-07-14,
MMIX,RUSFAR,2025-07-15,RUSFAR,RUSFAR,19.05,19.05,19.05,19.05,489370786000.0,,,2,,RUB,,3,,2025-07-15,
MMIX,RUSFAR,2025-07-16,RUSFAR,RUSFAR,19.11,19.11,19.11,19.11,521446229000.0,,,2,,RUB,,3,,2025-07-16,
MMIX,RUSFAR,2025-07-17,RUSFAR,RUSFAR,19.11,19.11,19.11,19.11,430354586000.0,,,2,,RUB,,3,,2025-07-17,
MMIX,RUSFAR,2025-07-18,RUSFAR,RUSFAR,19.0,19.0,19.0,19.0,511766171000.0,,,2,,RUB,,3,,2025-07-18,
MMIX,RUSFAR,2025-07-21,RUSFAR,RUSFAR,19.02,19.02,19.02,19.02,314106551000.0,,,2,,RUB,,3,,2025-07-21,
MMIX,RUSFAR,2025-07-22,RUSFAR,RUSFAR,18.96,18.96,18.96,18.96,439510616000.0,,,2,,RUB,,3,,2025-07-22,
MMIX,RUSFAR,2025-07-23,RUSFAR,RUSFAR,18.95,18.95,18.95,18.95,457317031000.0,,,2,,RUB,,3,,2025-07-23,
MMIX,RUSFAR,2025-07-24,RUSFAR,RUSFAR,18.95,18.95,18.95,18.95,453908576000.0,,,2,,RUB,,3,,2025-07-24,
MMIX,RUSFAR,2025-07-25,RUSFAR,RUSFAR,18.98,18.98,18.98,18.98,324394289000.0,,,2,,RUB,,3,,2025-07-25,
MMIX,RUSFAR,2025-07-28,RUSFAR,RUSFAR,18.38,18.38,18.38,18.38,676897230000.0,,,2,,RUB,,3,,2025-07-28,
MMIX,RUSFAR,2025-07-29,RUSFAR,RUSFAR,18.65,18.65,18.65,18.65,562655381000.0,,,2,,RUB,,3,,2025-07-29,
MMIX,RUSFAR,2025-07-30,RUSFAR,RUSFAR,18.58,18.58,18.58,18.58,450005043000.0,,,2,,RUB,,3,,2025-07-30,
MMIX,RUSFAR,2025-07-31,RUSFAR,RUSFAR,18.12,18.12,18.12,18.12,465494485000.0,,,2,,RUB,,3,,2025-07-31,
MMIX,RUSFAR,2025-08-01,RUSFAR,RUSFAR,18.07,18.07,18.07,18.07,655593344000.0,,,2,,RUB,,3,,2025-08-01,
MMIX,RUSFAR,2025-08-04,RUSFAR,RUSFAR,17.93,17.93,17.93,17.93,666824822000.0,,,2,,RUB,,3,,2025-08-04,
MMIX,RUSFAR,2025-08-05,RUSFAR,RUSFAR,17.69,17.69,17.69,17.69,561236580000.0,,,2,,RUB,,3,,2025-08-05,
MMIX,RUSFAR,2025-08-06,RUSFAR,RUSFAR,17.73,17.73,17.73,17.73,556741736000.0,,,2,,RUB,,3,,2025-08-06,
MMIX,RUSFAR,2025-08-07,RUSFAR,RUSFAR,17.71,17.71,17.71,17.71,532710049000.0,,,2,,RUB,,3,,2025-08-07,
MMIX,RUSFAR,2025-08-08,RUSFAR,RUSFAR,17.74,17.74,17.74,17.74,878320225000.0,,,2,,RUB,,3,,2025-08-08,
MMIX,RUSFAR,2025-08-11,RUSFAR,RUSFAR,17.52,17.52,17.52,17.52,817684944000.0,,,2,,RUB,,3,,2025-08-11,
MMIX,RUSFAR,2025-08-12,RUSFAR,RUSFAR,17.03,17.03,17.03,17.03,683258078000.0,,,2,,RUB,,3,,2025-08-12,
MMIX,RUSFAR,2025-08-13,RUSFAR,RUSFAR,17.66,17.66,17.66,17.66,737984486000.0,,,2,,RUB,,3,,2025-08-13,
MMIX,RUSFAR,2025-08-14,RUSFAR,RUSFAR,17.79,17.79,17.79,17.79,777077097000.0,,,2,,RUB,,3,,2025-08-14,
MMIX,RUSFAR,2025-08-15,RUSFAR,RUSFAR,17.74,17.74,17.74,17.74,616577597000.0,,,2,,RUB,,3,,2025-08-15,
MMIX,RUSFAR,2025-08-18,RUSFAR,RUSFAR,17.7,17.7,17.7,17.7,671548253000.0,,,2,,RUB,,3,,2025-08-18,
MMIX,RUSFAR,2025-08-19,RUSFAR,RUSFAR,17.69,17.69,17.69,17.69,538842586000.0,,,2,,RUB,,3,,2025-08-19,
MMIX,RUSFAR,2025-08-20,RUSFAR,RUSFAR,17.71,17.71,17.71,17.71,601664224000.0,,,2,,RUB,,3,,2025-08-20,
MMIX,RUSFAR,2025-08-21,RUSFAR,RUSFAR,17.71,17.71,17.71,17.71,623883714000.0,,,2,,RUB,,3,,2025-08-21,
MMIX,RUSFAR,2025-08-22,RUSFAR,RUSFAR,17.71,17.71,17.71,17.71,698560697000.0,,,2,,RUB,,3,,2025-08-22,
MMIX,RUSFAR,2025-08-25,RUSFAR,RUSFAR,17.68,17.68,17.68,17.68,656357990000.0,,,2,,RUB,,3,,2025-08-25,
MMIX,RUSFAR,2025-08-26,RUSFAR,RUSFAR,17.66,17.66,17.66,17.66,637606128000.0,,,2,,RUB,,3,,2025-08-26,
MMIX,RUSFAR,2025-08-27,RUSFAR,RUSFAR,17.66,17.66,17.66,17.66,630930370000.0,,,2,,RUB,,3,,2025-08-27,
MMIX,RUSFAR,2025-08-28,RUSFAR,RUSFAR,17.66,17.66,17.66,17.66,524140133000.0,,,2,,RUB,,3,,2025-08-28,
MMIX,RUSFAR,2025-08-29,RUSFAR,RUSFAR,17.66,17.66,17.66,17.66,724520260000.0,,,2,,RUB,,3,,2025-08-29,
MMIX,RUSFAR,2025-09-01,RUSFAR,RUSFAR,17.66,17.66,17.66,17.66,531007375000.0,,,2,,RUB,,3,,2025-09-01,
MMIX,RUSFAR,2025-09-02,RUSFAR,RUSFAR,17.68,17.68,17.68,17.68,563768395000.0,,,2,,RUB,,3,,2025-09-02,
MMIX,RUSFAR,2025-09-03,RUSFAR,RUSFAR,17.71,17.71,17.71,17.71,533485569000.0,,,2,,RUB,,3,,2025-09-03,
MMIX,RUSFAR,2025-09-04,RUSFAR,RUSFAR,17.7,17.7,17.7,17.7,548333854000.0,,,2,,RUB,,3,,2025-09-04,
MMIX,RUSFAR,2025-09-05,RUSFAR,RUSFAR,17.68,17.68,17.68,17.68,639356074000.0,,,2,,RUB,,3,,2025-09-05,
MMIX,RUSFAR,2025-09-08,RUSFAR,RUSFAR,17.67,17.67,17.67,17.67,609939140000.0,,,2,,RUB,,3,,2025-09-08,
MMIX,RUSFAR,2025-09-09,RUSFAR,RUSFAR,17.68,17.68,17.68,17.68,561445188000.0,,,2,,RUB,,3,,2025-09-09,
MMIX,RUSFAR,2025-09-10,RUSFAR,RUSFAR,17.08,17.08,17.08,17.08,595005200000.0,,,2,,RUB,,3,,2025-09-10,
MMIX,RUSFAR,2025-09-11,RUSFAR,RUSFAR,16.92,16.92,16.92,16.92,646348338000.0,,,2,,RUB,,3,,2025-09-11,
MMIX,RUSFAR,2025-09-12,RUSFAR,RUSFAR,17.01,17.01,17.01,17.01,728933658000.0,,,2,,RUB,,3,,2025-09-12,
MMIX,RUSFAR,2025-09-15,RUSFAR,RUSFAR,16.77,16.77,16.77,16.77,642493751000.0,,,2,,RUB,,3,,2025-09-15,
MMIX,RUSFAR,2025-09-16,RUSFAR,RUSFAR,16.85,16.85,16.85,16.85,836552553000.0,,,2,,RUB,,3,,2025-09-16,
MMIX,RUSFAR,2025-09-17,RUSFAR,RUSFAR,16.85,16.85,16.85,16.85,944090181000.0,,,2,,RUB,,3,,2025-09-17,
MMIX,RUSFAR,2025-09-18,RUSFAR,RUSFAR,16.86,16.86,16.86,16.86,766670171000.0,,,2,,RUB,,3,,2025-09-18,
MMIX,RUSFAR,2025-09-19,RUSFAR,RUSFAR,16.93,16.93,16.93,16.93,817225735000.0,,,2,,RUB,,3,,2025-09-19,
MMIX,RUSFAR,2025-09-22,RUSFAR,RUSFAR,16.95,16.95,16.95,16.95,732984985000.0,,,2,,RUB,,3,,2025-09-22,
MMIX,RUSFAR,2025-09-23,RUSFAR,RUSFAR,16.93,16.93,16.93,16.93,782673126000.0,,,2,,RUB,,3,,2025-09-23,
MMIX,RUSFAR,2025-09-24,RUSFAR,RUSFAR,16.93,16.93,16.93,16.93,716019919000.0,,,2,,RUB,,3,,2025-09-24,
MMIX,RUSFAR,2025-09-25,RUSFAR,RUSFAR,16.96,16.96,16.96,16.96,750685194000.0,,,2,,RUB,,3,,2025-09-25,
MMIX,RUSFAR,2025-09-26,RUSFAR,RUSFAR,17.0,17.0,17.0,17.0,825364228000.0,,,2,,RUB,,3,,2025-09-26,
MMIX,RUSFAR,2025-09-29,RUSFAR,RUSFAR,16.98,16.98,16.98,16.98,560561788000.0,,,2,,RUB,,3,,2025-09-29,
MMIX,RUSFAR,2025-09-30,RUSFAR,RUSFAR,17.03,17.03,17.03,17.03,568827163000.0,,,2,,RUB,,3,,2025-09-30,
MMIX,RUSFAR,2025-10-01,RUSFAR,RUSFAR,16.89,16.89,16.89,16.89,623430542000.0,,,2,,RUB,,3,,2025-10-01,
MMIX,RUSFAR,2025-10-02,RUSFAR,RUSFAR,16.72,16.72,16.72,16.72,579650852000.0,,,2,,RUB,,3,,2025-10-02,
MMIX,RUSFAR,2025-10-03,RUSFAR,RUSFAR,16.85,16.85,16.85,16.85,621446379000.0,,,2,,RUB,,3,,2025-10-03,
MMIX,RUSFAR,2025-10-06,RUSFAR,RUSFAR,16.93,16.93,16.93,16.93,703548119000.0,,,2,,RUB,,3,,2025-10-06,
MMIX,RUSFAR,2025-10-07,RUSFAR,RUSFAR,16.93,16.93,16.93,16.93,802112204000.0,,,2,,RUB,,3,,2025-10-07,
MMIX,RUSFAR,2025-10-08,RUSFAR,RUSFAR,16.71,16.71,16.71,16.71,717412811000.0,,,2,,RUB,,3,,2025-10-08,
MMIX,RUSFAR,2025-10-09,RUSFAR,RUSFAR,16.58,16.58,16.58,16.58,674625855000.0,,,2,,RUB,,3,,2025-10-09,
MMIX,RUSFAR,2025-10-10,RUSFAR,RUSFAR,16.29,16.29,16.29,16.29,647940253000.0,,,2,,RUB,,3,,2025-10-10,
MMIX,RUSFAR,2025-10-13,RUSFAR,RUSFAR,16.28,16.28,16.28,16.28,546691497000.0,,,2,,RUB,,3,,2025-10-13,
MMIX,RUSFAR,2025-10-14,RUSFAR,RUSFAR,16.3,16.3,16.3,16.3,511204290000.0,,,2,,RUB,,3,,2025-10-14,
MMIX,RUSFAR,2025-10-15,RUSFAR,RUSFAR,16.37,16.37,16.37,16.37,607067509000.0,,,2,,RUB,,3,,2025-10-15,
MMIX,RUSFAR,2025-10-16,RUSFAR,RUSFAR,16.37,16.37,16.37,16.37,532104799000.0,,,2,,RUB,,3,,2025-10-16,
MMIX,RUSFAR,2025-10-17,RUSFAR,RUSFAR,16.46,16.46,16.46,16.46,750244401000.0,,,2,,RUB,,3,,2025-10-17,
MMIX,RUSFAR,2025-10-20,RUSFAR,RUSFAR,16.41,16.41,16.41,16.41,723355376000.0,,,2,,RUB,,3,,2025-10-20,
MMIX,RUSFAR,2025-10-21,RUSFAR,RUSFAR,16.38,16.38,16.38,16.38,836225850000.0,,,2,,RUB,,3,,2025-10-21,
MMIX,RUSFAR,2025-10-22,RUSFAR,RUSFAR,16.38,16.38,16.38,16.38,634485572000.0,,,2,,RUB,,3,,2025-10-22,
MMIX,RUSFAR,2025-10-23,RUSFAR,RUSFAR,16.4,16.4,16.4,16.4,881945535000.0,,,2,,RUB,,3,,2025-10-23,
MMIX,RUSFAR,2025-10-24,RUSFAR,RUSFAR,16.43,16.43,16.43,16.43,567596693000.0,,,2,,RUB,,3,,2025-10-24,
MMIX,RUSFAR,2025-10-27,RUSFAR,RUSFAR,16.26,16.26,16.26,16.26,669415004000.0,,,2,,RUB,,3,,2025-10-27,
MMIX,RUSFAR,2025-10-28,RUSFAR,RUSFAR,16.35,16.35,16.35,16.35,693498294000.0,,,2,,RUB,,3,,2025-10-28,
MMIX,RUSFAR,2025-10-29,RUSFAR,RUSFAR,16.29,16.29,16.29,16.29,658046473000.0,,,2,,RUB,,3,,2025-10-29,
MMIX,RUSFAR,2025-10-30,RUSFAR,RUSFAR,16.04,16.04,16.04,16.04,692488826000.0,,,2,,RUB,,3,,2025-10-30,
MMIX,RUSFAR,2025-10-31,RUSFAR,RUSFAR,16.35,16.35,16.35,16.35,377026902000.0,,,2,,RUB,,3,,2025-10-31,
MMIX,RUSFAR,2025-11-05,RUSFAR,RUSFAR,16.22,16.22,16.22,16.22,542886594000.0,,,2,,RUB,,3,,2025-11-05,
MMIX,RUSFAR,2025-11-06,RUSFAR,RUSFAR,16.34,16.34,16.34,16.34,669199012000.0,,,2,,RUB,,3,,2025-11-06,
MMIX,RUSFAR,2025-11-07,RUSFAR,RUSFAR,16.34,16.34,16.34,16.34,628627545000.0,,,2,,RUB,,3,,2025-11-07,
MMIX,RUSFAR,2025-11-10,RUSFAR,RUSFAR,16.34,16.34,16.34,16.34,633550870000.0,,,2,,RUB,,3,,2025-11-10,
MMIX,RUSFAR,2025-11-11,RUSFAR,RUSFAR,16.38,16.38,16.38,16.38,703844430000.0,,,2,,RUB,,3,,2025-11-11,
MMIX,RUSFAR,2025-11-12,RUSFAR,RUSFAR,16.26,16.26,16.26,16.26,630802619000.0,,,2,,RUB,,3,,2025-11-12,
MMIX,RUSFAR,2025-11-13,RUSFAR,RUSFAR,16.45,16.45,16.45,16.45,701199846000.0,,,2,,RUB,,3,,2025-11-13,
MMIX,RUSFAR,2025-11-14,RUSFAR,RUSFAR,16.52,16.52,16.52,16.52,850182609000.0,,,2,,RUB,,3,,2025-11-14,
MMIX,RUSFAR,2025-11-17,RUSFAR,RUSFAR,16.33,16.33,16.33,16.33,643153091000.0,,,2,,RUB,,3,,2025-11-17,
MMIX,RUSFAR,2025-11-18,RUSFAR,RUSFAR,16.27,16.27,16.27,16.27,595095898000.0,,,2,,RUB,,3,,2025-11-18,
MMIX,RUSFAR,2025-11-19,RUSFAR,RUSFAR,16.09,16.09,16.09,16.09,740646038000.0,,,2,,RUB,,3,,2025-11-19,
MMIX,RUSFAR,2025-11-20,RUSFAR,RUSFAR,16.1,16.1,16.1,16.1,599455755000.0,,,2,,RUB,,3,,2025-11-20,
MMIX,RUSFAR,2025-11-21,RUSFAR,RUSFAR,16.13,16.13,16.13,16.13,755512501000.0,,,2,,RUB,,3,,2025-11-21,
MMIX,RUSFAR,2025-11-24,RUSFAR,RUSFAR,16.1,16.1,16.1,16.1,567051729000.0,,,2,,RUB,,3,,2025-11-24,
MMIX,RUSFAR,2025-11-25,RUSFAR,RUSFAR,16.05,16.05,16.05,16.05,506607625000.0,,,2,,RUB,,3,,2025-11-25,
MMIX,RUSFAR,2025-11-26,RUSFAR,RUSFAR,16.06,16.06,16.06,16.06,436282716000.0,,,2,,RUB,,3,,2025-11-26,
MMIX,RUSFAR,2025-11-27,RUSFAR,RUSFAR,15.98,15.98,15.98,15.98,428246643000.0,,,2,,RUB,,3,,2025-11-27,
MMIX,RUSFAR,2025-11-28,RUSFAR,RUSFAR,16.06,16.06,16.06,16.06,318246322000.0,,,2,,RUB,,3,,2025-11-28,
MMIX,RUSFAR,2025-12-01,RUSFAR,RUSFAR,16.05,16.05,16.05,16.05,356994881000.0,,,2,,RUB,,3,,2025-12-01,
MMIX,RUSFAR,2025-12-02,RUSFAR,RUSFAR,16.16,16.16,16.16,16.16,420452917000.0,,,2,,RUB,,3,,2025-12-02,
MMIX,RUSFAR,2025-12-03,RUSFAR,RUSFAR,16.21,16.21,16.21,16.21,454584633000.0,,,2,,RUB,,3,,2025-12-03,
MMIX,RUSFAR,2025-12-04,RUSFAR,RUSFAR,16.44,16.44,16.44,16.44,574162486000.0,,,2,,RUB,,3,,2025-12-04,
MMIX,RUSFAR,2025-12-05,RUSFAR,RUSFAR,16.48,16.48,16.48,16.48,480845242000.0,,,2,,RUB,,3,,2025-12-05,
MMIX,RUSFAR,2025-12-08,RUSFAR,RUSFAR,16.35,16.35,16.35,16.35,366694084000.0,,,2,,RUB,,3,,2025-12-08,
MMIX,RUSFAR,2025-12-09,RUSFAR,RUSFAR,16.15,16.15,16.15,16.15,581991415000.0,,,2,,RUB,,3,,2025-12-09,
MMIX,RUSFAR,2025-12-10,RUSFAR,RUSFAR,16.0,16.0,16.0,16.0,475102590000.0,,,2,,RUB,,3,,2025-12-10,
MMIX,RUSFAR,2025-12-11,RUSFAR,RUSFAR,15.95,15.95,15.95,15.95,360444405000.0,,,2,,RUB,,3,,2025-12-11,
MMIX,RUSFAR,2025-12-12,RUSFAR,RUSFAR,15.82,15.82,15.82,15.82,379311010000.0,,,2,,RUB,,3,,2025-12-12,
MMIX,RUSFAR,2025-12-15,RUSFAR,RUSFAR,15.74,15.74,15.74,15.74,323251777000.0,,,2,,RUB,,3,,2025-12-15,
MMIX,RUSFAR,2025-12-16,RUSFAR,RUSFAR,15.78,15.78,15.78,15.78,354738470000.0,,,2,,RUB,,3,,2025-12-16,
MMIX,RUSFAR,2025-12-17,RUSFAR,RUSFAR,15.76,15.76,15.76,15.76,415871456000.0,,,2,,RUB,,3,,2025-12-17,
MMIX,RUSFAR,2025-12-18,RUSFAR,RUSFAR,15.77,15.77,15.77,15.77,478794110000.0,,,2,,RUB,,3,,2025-12-18,
MMIX,RUSFAR,2025-12-19,RUSFAR,RUSFAR,15.8,15.8,15.8,15.8,627987778000.0,,,2,,RUB,,3,,2025-12-19,
MMIX,RUSFAR,2025-12-22,RUSFAR,RUSFAR,15.81,15.81,15.81,15.81,389538533000.0,,,2,,RUB,,3,,2025-12-22,
MMIX,RUSFAR,2025-12-23,RUSFAR,RUSFAR,16.26,16.26,16.26,16.26,703172320000.0,,,2,,RUB,,3,,2025-12-23,
MMIX,RUSFAR,2025-12-24,RUSFAR,RUSFAR,15.94,15.94,15.94,15.94,400281221000.0,,,2,,RUB,,3,,2025-12-24,
MMIX,RUSFAR,2025-12-25,RUSFAR,RUSFAR,15.76,15.76,15.76,15.76,585261074000.0,,,2,,RUB,,3,,2025-12-25,
MMIX,RUSFAR,2025-12-26,RUSFAR,RUSFAR,15.76,15.76,15.76,15.76,409678570000.0,,,2,,RUB,,3,,2025-12-26,
MMIX,RUSFAR,2025-12-29,RUSFAR,RUSFAR,15.77,15.77,15.77,15.77,315605376000.0,,,2,,RUB,,3,,2025-12-29,
MMIX,RUSFAR,2026-01-12,RUSFAR,RUSFAR,15.62,15.62,15.62,15.62,592883410000.0,,,2,,RUB,,3,,2026-01-12,
MMIX,RUSFAR,2026-01-13,RUSFAR,RUSFAR,15.16,15.16,15.16,15.16,450156596000.0,,,2,,RUB,,3,,2026-01-13,
MMIX,RUSFAR,2026-01-14,RUSFAR,RUSFAR,15.52,15.52,15.52,15.52,495459387000.0,,,2,,RUB,,3,,2026-01-14,
MMIX,RUSFAR,2026-01-15,RUSFAR,RUSFAR,15.71,15.71,15.71,15.71,457628883000.0,,,2,,RUB,,3,,2026-01-15,
MMIX,RUSFAR,2026-01-16,RUSFAR,RUSFAR,15.82,15.82,15.82,15.82,550075663000.0,,,2,,RUB,,3,,2026-01-16,
MMIX,RUSFAR,2026-01-19,RUSFAR,RUSFAR,15.75,15.75,15.75,15.75,404064349000.0,,,2,,RUB,,3,,2026-01-19,
MMIX,RUSFAR,2026-01-20,RUSFAR,RUSFAR,15.71,15.71,15.71,15.71,470360248000.0,,,2,,RUB,,3,,2026-01-20,
MMIX,RUSFAR,2026-01-21,RUSFAR,RUSFAR,15.7,15.7,15.7,15.7,405288803000.0,,,2,,RUB,,3,,2026-01-21,
MMIX,RUSFAR,2026-01-22,RUSFAR,RUSFAR,15.58,15.58,15.58,15.58,416705031000.0,,,2,,RUB,,3,,2026-01-22,
MMIX,RUSFAR,2026-01-23,RUSFAR,RUSFAR,15.49,15.49,15.49,15.49,328661005000.0,,,2,,RUB,,3,,2026-01-23,
MMIX,RUSFAR,2026-01-26,RUSFAR,RUSFAR,15.65,15.65,15.65,15.65,482102758000.0,,,2,,RUB,,3,,2026-01-26,
MMIX,RUSFAR,2026-01-27,RUSFAR,RUSFAR,15.53,15.53,15.53,15.53,491385010000.0,,,2,,RUB,,3,,2026-01-27,
MMIX,RUSFAR,2026-01-28,RUSFAR,RUSFAR,15.69,15.69,15.69,15.69,449081441000.0,,,2,,RUB,,3,,2026-01-28,
MMIX,RUSFAR,2026-01-29,RUSFAR,RUSFAR,15.87,15.87,15.87,15.87,351332479000.0,,,2,,RUB,,3,,2026-01-29,
MMIX,RUSFAR,2026-01-30,RUSFAR,RUSFAR,15.85,15.85,15.85,15.85,496115449000.0,,,2,,RUB,,3,,2026-01-30,
MMIX,RUSFAR,2026-02-02,RUSFAR,RUSFAR,15.77,15.77,15.77,15.77,563371275000.0,,,2,,RUB,,3,,2026-02-02,
MMIX,RUSFAR,2026-02-03,RUSFAR,RUSFAR,15.66,15.66,15.66,15.66,464080048000.0,,,2,,RUB,,3,,2026-02-03,
MMIX,RUSFAR,2026-02-04,RUSFAR,RUSFAR,15.57,15.57,15.57,15.57,556864860000.0,,,2,,RUB,,3,,2026-02-04,
MMIX,RUSFAR,2026-02-05,RUSFAR,RUSFAR,15.45,15.45,15.45,15.45,461903391000.0,,,2,,RUB,,3,,2026-02-05,
MMIX,RUSFAR,2026-02-06,RUSFAR,RUSFAR,15.34,15.34,15.34,15.34,515757192000.0,,,2,,RUB,,3,,2026-02-06,
MMIX,RUSFAR,2026-02-09,RUSFAR,RUSFAR,15.3,15.3,15.3,15.3,530905591000.0,,,2,,RUB,,3,,2026-02-09,
MMIX,RUSFAR,2026-02-10,RUSFAR,RUSFAR,15.24,15.24,15.24,15.24,515589751000.0,,,2,,RUB,,3,,2026-02-10,
MMIX,RUSFAR,2026-02-11,RUSFAR,RUSFAR,15.28,15.28,15.28,15.28,782532558000.0,,,2,,RUB,,3,,2026-02-11,
MMIX,RUSFAR,2026-02-12,RUSFAR,RUSFAR,15.21,15.21,15.21,15.21,614412404000.0,,,2,,RUB,,3,,2026-02-12,
MMIX,RUSFAR,2026-02-13,RUSFAR,RUSFAR,15.28,15.28,15.28,15.28,370129639000.0,,,2,,RUB,,3,,2026-02-13,
MMIX,RUSFAR,2026-02-16,RUSFAR,RUSFAR,15.15,15.15,15.15,15.15,547945237000.0,,,2,,RUB,,3,,2026-02-16,
MMIX,RUSFAR,2026-02-17,RUSFAR,RUSFAR,15.19,15.19,15.19,15.19,759713056000.0,,,2,,RUB,,3,,2026-02-17,
MMIX,RUSFAR,2026-02-18,RUSFAR,RUSFAR,15.29,15.29,15.29,15.29,943592394000.0,,,2,,RUB,,3,,2026-02-18,
MMIX,RUSFAR,2026-02-19,RUSFAR,RUSFAR,15.21,15.21,15.21,15.21,569219670000.0,,,2,,RUB,,3,,2026-02-19,
MMIX,RUSFAR,2026-02-20,RUSFAR,RUSFAR,15.3,15.3,15.3,15.3,777896303000.0,,,2,,RUB,,3,,2026-02-20,
MMIX,RUSFAR,2026-02-24,RUSFAR,RUSFAR,15.28,15.28,15.28,15.28,736368796000.0,,,2,,RUB,,3,,2026-02-24,
MMIX,RUSFAR,2026-02-25,RUSFAR,RUSFAR,15.16,15.16,15.16,15.16,607739689000.0,,,2,,RUB,,3,,2026-02-25,
MMIX,RUSFAR,2026-02-26,RUSFAR,RUSFAR,15.15,15.15,15.15,15.15,961879854000.0,,,2,,RUB,,3,,2026-02-26,
MMIX,RUSFAR,2026-02-27,RUSFAR,RUSFAR,15.19,15.19,15.19,15.19,539436861000.0,,,2,,RUB,,3,,2026-02-27,
MMIX,RUSFAR,2026-03-02,RUSFAR,RUSFAR,15.2,15.2,15.2,15.2,452416945000.0,,,2,,RUB,,3,,2026-03-02,
MMIX,RUSFAR,2026-03-03,RUSFAR,RUSFAR,15.27,15.27,15.27,15.27,477104250000.0,,,2,,RUB,,3,,2026-03-03,
MMIX,RUSFAR,2026-03-04,RUSFAR,RUSFAR,15.27,15.27,15.27,15.27,528330134000.0,,,2,,RUB,,3,,2026-03-04,
MMIX,RUSFAR,2026-03-05,RUSFAR,RUSFAR,15.27,15.27,15.27,15.27,357353120000.0,,,2,,RUB,,3,,2026-03-05,
MMIX,RUSFAR,2026-03-06,RUSFAR,RUSFAR,15.26,15.26,15.26,15.26,521371198000.0,,,2,,RUB,,3,,2026-03-06,
MMIX,RUSFAR,2026-03-10,RUSFAR,RUSFAR,15.26,15.26,15.26,15.26,494807719000.0,,,2,,RUB,,3,,2026-03-10,
MMIX,RUSFAR,2026-03-11,RUSFAR,RUSFAR,15.02,15.02,15.02,15.02,650989115000.0,,,2,,RUB,,3,,2026-03-11,
MMIX,RUSFAR,2026-03-12,RUSFAR,RUSFAR,14.87,14.87,14.87,14.87,629993736000.0,,,2,,RUB,,3,,2026-03-12,
MMIX,RUSFAR,2026-03-13,RUSFAR,RUSFAR,14.8,14.8,14.8,14.8,487278921000.0,,,2,,RUB,,3,,2026-03-13,
MMIX,RUSFAR,2026-03-16,RUSFAR,RUSFAR,14.77,14.77,14.77,14.77,410635564000.0,,,2,,RUB,,3,,2026-03-16,
MMIX,RUSFAR,2026-03-17,RUSFAR,RUSFAR,14.75,14.75,14.75,14.75,495815393000.0,,,2,,RUB,,3,,2026-03-17,
MMIX,RUSFAR,2026-03-18,RUSFAR,RUSFAR,14.78,14.78,14.78,14.78,761976564000.0,,,2,,RUB,,3,,2026-03-18,
MMIX,RUSFAR,2026-03-19,RUSFAR,RUSFAR,14.78,14.78,14.78,14.78,464042854000.0,,,2,,RUB,,3,,2026-03-19,
MMIX,RUSFAR,2026-03-20,RUSFAR,RUSFAR,14.75,14.75,14.75,14.75,625372209000.0,,,2,,RUB,,3,,2026-03-20,
MMIX,RUSFAR,2026-03-23,RUSFAR,RUSFAR,14.68,14.68,14.68,14.68,696504299000.0,,,2,,RUB,,3,,2026-03-23,
MMIX,RUSFAR,2026-03-24,RUSFAR,RUSFAR,14.96,14.96,14.96,14.96,821003402000.0,,,2,,RUB,,3,,2026-03-24,
MMIX,RUSFAR,2026-03-25,RUSFAR,RUSFAR,14.82,14.82,14.82,14.82,586643127000.0,,,2,,RUB,,3,,2026-03-25,
MMIX,RUSFAR,2026-03-26,RUSFAR,RUSFAR,14.58,14.58,14.58,14.58,605639733000.0,,,2,,RUB,,3,,2026-03-26,
MMIX,RUSFAR,2026-03-27,RUSFAR,RUSFAR,14.58,14.58,14.58,14.58,698293979000.0,,,2,,RUB,,3,,2026-03-27,
MMIX,RUSFAR,2026-03-30,RUSFAR,RUSFAR,14.6,14.6,14.6,14.6,722192529000.0,,,2,,RUB,,3,,2026-03-30,
MMIX,RUSFAR,2026-03-31,RUSFAR,RUSFAR,14.69,14.69,14.69,14.69,548477878000.0,,,2,,RUB,,3,,2026-03-31,
MMIX,RUSFAR,2026-04-01,RUSFAR,RUSFAR,14.76,14.76,14.76,14.76,349154296000.0,,,2,,RUB,,3,,2026-04-01,
MMIX,RUSFAR,2026-04-02,RUSFAR,RUSFAR,14.77,14.77,14.77,14.77,817959351000.0,,,2,,RUB,,3,,2026-04-02,
MMIX,RUSFAR,2026-04-03,RUSFAR,RUSFAR,14.78,14.78,14.78,14.78,448910379000.0,,,2,,RUB,,3,,2026-04-03,
MMIX,RUSFAR,2026-04-06,RUSFAR,RUSFAR,14.77,14.77,14.77,14.77,541564275000.0,,,2,,RUB,,3,,2026-04-06,
MMIX,RUSFAR,2026-04-07,RUSFAR,RUSFAR,14.74,14.74,14.74,14.74,487402529000.0,,,2,,RUB,,3,,2026-04-07,
MMIX,RUSFAR,2026-04-08,RUSFAR,RUSFAR,14.72,14.72,14.72,14.72,461262949000.0,,,2,,RUB,,3,,2026-04-08,
MMIX,RUSFAR,2026-04-09,RUSFAR,RUSFAR,14.66,14.66,14.66,14.66,584444199000.0,,,2,,RUB,,3,,2026-04-09,
MMIX,RUSFAR,2026-04-10,RUSFAR,RUSFAR,14.6,14.6,14.6,14.6,454641959000.0,,,2,,RUB,,3,,2026-04-10,
MMIX,RUSFAR,2026-04-13,RUSFAR,RUSFAR,14.59,14.59,14.59,14.59,439160596000.0,,,2,,RUB,,3,,2026-04-13,
MMIX,RUSFAR,2026-04-14,RUSFAR,RUSFAR,14.54,14.54,14.54,14.54,668835945000.0,,,2,,RUB,,3,,2026-04-14,
MMIX,RUSFAR,2026-04-15,RUSFAR,RUSFAR,14.53,14.53,14.53,14.53,691372278000.0,,,2,,RUB,,3,,2026-04-15,
MMIX,RUSFAR,2026-04-16,RUSFAR,RUSFAR,14.48,14.48,14.48,14.48,526613046000.0,,,2,,RUB,,3,,2026-04-16,
MMIX,RUSFAR,2026-04-17,RUSFAR,RUSFAR,14.47,14.47,14.47,14.47,729462186000.0,,,2,,RUB,,3,,2026-04-17,
MMIX,RUSFAR,2026-04-20,RUSFAR,RUSFAR,14.47,14.47,14.47,14.47,663781802000.0,,,2,,RUB,,3,,2026-04-20,
MMIX,RUSFAR,2026-04-21,RUSFAR,RUSFAR,14.45,14.45,14.45,14.45,656865499000.0,,,2,,RUB,,3,,2026-04-21,
MMIX,RUSFAR,2026-04-22,RUSFAR,RUSFAR,14.47,14.47,14.47,14.47,948446278000.0,,,2,,RUB,,3,,2026-04-22,
MMIX,RUSFAR,2026-04-23,RUSFAR,RUSFAR,14.43,14.43,14.43,14.43,947194088000.0,,,2,,RUB,,3,,2026-04-23,
MMIX,RUSFAR,2026-04-24,RUSFAR,RUSFAR,14.38,14.38,14.38,14.38,675871917000.0,,,2,,RUB,,3,,2026-04-24,
MMIX,RUSFAR,2026-04-27,RUSFAR,RUSFAR,14.45,14.45,14.45,14.45,607527237000.0,,,2,,RUB,,3,,2026-04-27,
MMIX,RUSFAR,2026-04-28,RUSFAR,RUSFAR,14.84,14.84,14.84,14.84,909041588000.0,,,2,,RUB,,3,,2026-04-28,
MMIX,RUSFAR,2026-04-29,RUSFAR,RUSFAR,14.54,14.54,14.54,14.54,628645052000.0,,,2,,RUB,,3,,2026-04-29,
MMIX,RUSFAR,2026-04-30,RUSFAR,RUSFAR,14.4,14.4,14.4,14.4,513186575000.0,,,2,,RUB,,3,,2026-04-30,
MMIX,RUSFAR,2026-05-04,RUSFAR,RUSFAR,14.37,14.37,14.37,14.37,564755218000.0,,,2,,RUB,,3,,2026-05-04,
MMIX,RUSFAR,2026-05-05,RUSFAR,RUSFAR,14.16,14.16,14.16,14.16,634705345000.0,,,2,,RUB,,3,,2026-05-05,
MMIX,RUSFAR,2026-05-06,RUSFAR,RUSFAR,14.04,14.04,14.04,14.04,1115126541000.0,,,2,,RUB,,3,,2026-05-06,
MMIX,RUSFAR,2026-05-07,RUSFAR,RUSFAR,14.01,14.01,14.01,14.01,411442253000.0,,,2,,RUB,,3,,2026-05-07,
MMIX,RUSFAR,2026-05-08,RUSFAR,RUSFAR,13.71,13.71,13.71,13.71,783765521000.0,,,2,,RUB,,3,,2026-05-08,
MMIX,RUSFAR,2026-05-12,RUSFAR,RUSFAR,13.89,13.89,13.89,13.89,405387911000.0,,,2,,RUB,,3,,2026-05-12,
MMIX,RUSFAR,2026-05-13,RUSFAR,RUSFAR,14.07,14.07,14.07,14.07,431657794000.0,,,2,,RUB,,3,,2026-05-13,
MMIX,RUSFAR,2026-05-14,RUSFAR,RUSFAR,14.17,14.17,14.17,14.17,598162110000.0,,,2,,RUB,,3,,2026-05-14,
MMIX,RUSFAR,2026-05-15,RUSFAR,RUSFAR,14.16,14.16,14.16,14.16,560889015000.0,,,2,,RUB,,3,,2026-05-15,
MMIX,RUSFAR,2026-05-18,RUSFAR,RUSFAR,14.11,14.11,14.11,14.11,406295644000.0,,,2,,RUB,,3,,2026-05-18,
MMIX,RUSFAR,2026-05-19,RUSFAR,RUSFAR,14.23,14.23,14.23,14.23,560493565000.0,,,2,,RUB,,3,,2026-05-19,
MMIX,RUSFAR,2026-05-20,RUSFAR,RUSFAR,14.13,14.13,14.13,14.13,389939710000.0,,,2,,RUB,,3,,2026-05-20,
MMIX,RUSFAR,2026-05-21,RUSFAR,RUSFAR,14.16,14.16,14.16,14.16,504254628000.0,,,2,,RUB,,3,,2026-05-21,
MMIX,RUSFAR,2026-05-22,RUSFAR,RUSFAR,14.07,14.07,14.07,14.07,390169539000.0,,,2,,RUB,,3,,2026-05-22,
MMIX,RUSFAR,2026-05-25,RUSFAR,RUSFAR,14.05,14.05,14.05,14.05,423242492000.0,,,2,,RUB,,3,,2026-05-25,
MMIX,RUSFAR,2026-05-26,RUSFAR,RUSFAR,14.09,14.09,14.09,14.09,368493734000.0,,,2,,RUB,,3,,2026-05-26,
MMIX,RUSFAR,2026-05-27,RUSFAR,RUSFAR,14.26,14.26,14.26,14.26,510473743000.0,,,2,,RUB,,3,,2026-05-27,
MMIX,RUSFAR,2026-05-28,RUSFAR,RUSFAR,14.15,14.15,14.15,14.15,383955935000.0,,,2,,RUB,,3,,2026-05-28,
MMIX,RUSFAR,2026-05-29,RUSFAR,RUSFAR,14.17,14.17,14.17,14.17,413169048000.0,,,2,,RUB,,3,,2026-05-29,
MMIX,RUSFAR,2026-06-01,RUSFAR,RUSFAR,14.17,14.17,14.17,14.17,421163348000.0,,,2,,RUB,,3,,2026-06-01,
MMIX,RUSFAR,2026-06-02,RUSFAR,RUSFAR,14.17,14.17,14.17,14.17,380617136000.0,,,2,,RUB,,3,,2026-06-02,
MMIX,RUSFAR,2026-06-03,RUSFAR,RUSFAR,14.17,14.17,14.17,14.17,399536583000.0,,,2,,RUB,,3,,2026-06-03,
MMIX,RUSFAR,2026-06-04,RUSFAR,RUSFAR,14.08,14.08,14.08,14.08,457433814000.0,,,2,,RUB,,3,,2026-06-04,
MMIX,RUSFAR,2026-06-05,RUSFAR,RUSFAR,14.17,14.17,14.17,14.17,547689577000.0,,,2,,RUB,,3,,2026-06-05,
MMIX,RUSFAR,2026-06-08,RUSFAR,RUSFAR,14.04,14.04,14.04,14.04,583099476000.0,,,2,,RUB,,3,,2026-06-08,
MMIX,RUSFAR,2026-06-09,RUSFAR,RUSFAR,13.97,13.97,13.97,13.97,774315946000.0,,,2,,RUB,,3,,2026-06-09,
MMIX,RUSFAR,2026-06-10,RUSFAR,RUSFAR,13.94,13.94,13.94,13.94,471603558000.0,,,2,,RUB,,3,,2026-06-10,
MMIX,RUSFAR,2026-06-11,RUSFAR,RUSFAR,13.87,13.87,13.87,13.87,456923550000.0,,,2,,RUB,,3,,2026-06-11,
MMIX,RUSFAR,2026-06-15,RUSFAR,RUSFAR,13.82,13.82,13.82,13.82,488664109000.0,,,2,,RUB,,3,,2026-06-15,
MMIX,RUSFAR,2026-06-16,RUSFAR,RUSFAR,13.76,13.76,13.76,13.76,883748479000.0,,,2,,RUB,,3,,2026-06-16,
MMIX,RUSFAR,2026-06-17,RUSFAR,RUSFAR,13.77,13.77,13.77,13.77,608686917000.0,,,2,,RUB,,3,,2026-06-17,
MMIX,RUSFAR,2026-06-18,RUSFAR,RUSFAR,13.72,13.72,13.72,13.72,523954434000.0,,,2,,RUB,,3,,2026-06-18,
MMIX,RUSFAR,2026-06-19,RUSFAR,RUSFAR,13.74,13.74,13.74,13.74,994328716000.0,,,2,,RUB,,3,,2026-06-19,
MMIX,RUSFAR,2026-06-22,RUSFAR,RUSFAR,14.07,14.07,14.07,14.07,788912945000.0,,,2,,RUB,,3,,2026-06-22,
MMIX,RUSFAR,2026-06-23,RUSFAR,RUSFAR,14.13,14.13,14.13,14.13,587876213000.0,,,2,,RUB,,3,,2026-06-23,
MMIX,RUSFAR,2026-06-24,RUSFAR,RUSFAR,14.16,14.16,14.16,14.16,511871413000.0,,,2,,RUB,,3,,2026-06-24,
MMIX,RUSFAR,2026-06-25,RUSFAR,RUSFAR,14.03,14.03,14.03,14.03,497349514000.0,,,2,,RUB,,3,,2026-06-25,
MMIX,RUSFAR,2026-06-26,RUSFAR,RUSFAR,14.02,14.02,14.02,14.02,580499137000.0,,,2,,RUB,,3,,2026-06-26,
MMIX,RUSFAR,2026-06-29,RUSFAR,RUSFAR,14.29,14.29,14.29,14.29,543160908000.0,,,2,,RUB,,3,,2026-06-29,
MMIX,RUSFAR,2026-06-30,RUSFAR,RUSFAR,14.31,14.31,14.31,14.31,778456841000.0,,,2,,RUB,,3,,2026-06-30,
MMIX,RUSFAR,2026-07-01,RUSFAR,RUSFAR,14.22,14.22,14.22,14.22,617675624000.0,,,2,,RUB,,3,,2026-07-01,
MMIX,RUSFAR,2026-07-02,RUSFAR,RUSFAR,14.34,14.34,14.34,14.34,736443668000.0,,,2,,RUB,,3,,2026-07-02,
MMIX,RUSFAR,2026-07-03,RUSFAR,RUSFAR,14.4,14.4,14.4,14.4,589933129000.0,,,2,,RUB,,3,,2026-07-03,
MMIX,RUSFAR,2026-07-06,RUSFAR,RUSFAR,14.4,14.4,14.4,14.4,653281591000.0,,,2,,RUB,,3,,2026-07-06,
MMIX,RUSFAR,2026-07-07,RUSFAR,RUSFAR,14.4,14.4,14.4,14.4,632021095000.0,,,2,,RUB,,3,,2026-07-07,
MMIX,RUSFAR,2026-07-08,RUSFAR,RUSFAR,14.4,14.4,14.4,14.4,496931401000.0,,,2,,RUB,,3,,2026-07-08,
MMIX,RUSFAR,2026-07-09,RUSFAR,RUSFAR,14.54,14.54,14.54,14.54,599060134000.0,,,2,,RUB,,3,,2026-07-09,
MMIX,RUSFAR,2026-07-10,RUSFAR,RUSFAR,14.82,14.82,14.82,14.82,810835998000.0,,,2,,RUB,,3,,2026-07-10,
MMIX,RUSFAR,2026-07-13,RUSFAR,RUSFAR,14.82,14.82,14.82,14.82,807171306000.0,,,2,,RUB,,3,,2026-07-13,
MMIX,RUSFAR,2026-07-14,RUSFAR,RUSFAR,14.3,14.3,14.3,14.3,685213799000.0,,,2,,RUB,,3,,2026-07-14,
MMIX,RUSFAR,2026-07-15,RUSFAR,RUSFAR,14.28,14.28,14.28,14.28,664169743000.0,,,2,,RUB,,3,,2026-07-15,
MMIX,RUSFAR,2026-07-16,RUSFAR,RUSFAR,14.75,14.75,14.75,14.75,886256594000.0,,,2,,RUB,,3,,2026-07-16,
MMIX,RUSFAR,2026-07-17,RUSFAR,RUSFAR,14.79,14.79,14.79,14.79,734243765000.0,,,2,,RUB,,3,,2026-07-17,
MMIX,RUSFAR1M,2022-07-01,RUSFAR 1M,RUSFAR 1 месяц,9.12,9.12,9.12,9.12,453100000.0,,,2,,RUB,,3,,2022-07-01,
MMIX,RUSFAR1M,2022-07-04,RUSFAR 1M,RUSFAR 1 месяц,9.1,9.1,9.1,9.1,0.0,,,2,,RUB,,3,,2022-07-04,
MMIX,RUSFAR1M,2022-07-05,RUSFAR 1M,RUSFAR 1 месяц,9.09,9.09,9.09,9.09,0.0,,,2,,RUB,,3,,2022-07-05,
MMIX,RUSFAR1M,2022-07-06,RUSFAR 1M,RUSFAR 1 месяц,9.08,9.08,9.08,9.08,600000000.0,,,2,,RUB,,3,,2022-07-06,
MMIX,RUSFAR1M,2022-07-07,RUSFAR 1M,RUSFAR 1 месяц,8.99,8.99,8.99,8.99,710000000.0,,,2,,RUB,,3,,2022-07-07,
MMIX,RUSFAR1M,2022-07-08,RUSFAR 1M,RUSFAR 1 месяц,8.98,8.98,8.98,8.98,50000000.0,,,2,,RUB,,3,,2022-07-08,
MMIX,RUSFAR1M,2022-07-11,RUSFAR 1M,RUSFAR 1 месяц,8.98,8.98,8.98,8.98,0.0,,,2,,RUB,,3,,2022-07-11,
MMIX,RUSFAR1M,2022-07-12,RUSFAR 1M,RUSFAR 1 месяц,8.96,8.96,8.96,8.96,504000000.0,,,2,,RUB,,3,,2022-07-12,
MMIX,RUSFAR1M,2022-07-13,RUSFAR 1M,RUSFAR 1 месяц,8.97,8.97,8.97,8.97,0.0,,,2,,RUB,,3,,2022-07-13,
MMIX,RUSFAR1M,2022-07-14,RUSFAR 1M,RUSFAR 1 месяц,8.94,8.94,8.94,8.94,117500000.0,,,2,,RUB,,3,,2022-07-14,
MMIX,RUSFAR1M,2022-07-15,RUSFAR 1M,RUSFAR 1 месяц,8.9,8.9,8.9,8.9,910000000.0,,,2,,RUB,,3,,2022-07-15,
MMIX,RUSFAR1M,2022-07-18,RUSFAR 1M,RUSFAR 1 месяц,8.92,8.92,8.92,8.92,0.0,,,2,,RUB,,3,,2022-07-18,
MMIX,RUSFAR1M,2022-07-19,RUSFAR 1M,RUSFAR 1 месяц,8.9,8.9,8.9,8.9,200000000.0,,,2,,RUB,,3,,2022-07-19,
MMIX,RUSFAR1M,2022-07-20,RUSFAR 1M,RUSFAR 1 месяц,8.91,8.91,8.91,8.91,400000000.0,,,2,,RUB,,3,,2022-07-20,
MMIX,RUSFAR1M,2022-07-21,RUSFAR 1M,RUSFAR 1 месяц,8.92,8.92,8.92,8.92,0.0,,,2,,RUB,,3,,2022-07-21,
MMIX,RUSFAR1M,2022-07-22,RUSFAR 1M,RUSFAR 1 месяц,8.72,8.72,8.72,8.72,1918000000.0,,,2,,RUB,,3,,2022-07-22,
MMIX,RUSFAR1M,2022-07-25,RUSFAR 1M,RUSFAR 1 месяц,7.94,7.94,7.94,7.94,0.0,,,2,,RUB,,3,,2022-07-25,
MMIX,RUSFAR1M,2022-07-26,RUSFAR 1M,RUSFAR 1 месяц,7.98,7.98,7.98,7.98,130000000.0,,,2,,RUB,,3,,2022-07-26,
MMIX,RUSFAR1M,2022-07-27,RUSFAR 1M,RUSFAR 1 месяц,7.97,7.97,7.97,7.97,2000000000.0,,,2,,RUB,,3,,2022-07-27,
MMIX,RUSFAR1M,2022-07-28,RUSFAR 1M,RUSFAR 1 месяц,7.98,7.98,7.98,7.98,0.0,,,2,,RUB,,3,,2022-07-28,
MMIX,RUSFAR1M,2022-07-29,RUSFAR 1M,RUSFAR 1 месяц,7.96,7.96,7.96,7.96,10000000.0,,,2,,RUB,,3,,2022-07-29,
MMIX,RUSFAR1M,2022-08-01,RUSFAR 1M,RUSFAR 1 месяц,7.91,7.91,7.91,7.91,200000000.0,,,2,,RUB,,3,,2022-08-01,
MMIX,RUSFAR1M,2022-08-02,RUSFAR 1M,RUSFAR 1 месяц,7.94,7.94,7.94,7.94,1350000.0,,,2,,RUB,,3,,2022-08-02,
MMIX,RUSFAR1M,2022-08-03,RUSFAR 1M,RUSFAR 1 месяц,7.92,7.92,7.92,7.92,10000000.0,,,2,,RUB,,3,,2022-08-03,
MMIX,RUSFAR1M,2022-08-04,RUSFAR 1M,RUSFAR 1 месяц,7.93,7.93,7.93,7.93,0.0,,,2,,RUB,,3,,2022-08-04,
MMIX,RUSFAR1M,2022-08-05,RUSFAR 1M,RUSFAR 1 месяц,7.85,7.85,7.85,7.85,870700000.0,,,2,,RUB,,3,,2022-08-05,
MMIX,RUSFAR1M,2022-08-08,RUSFAR 1M,RUSFAR 1 месяц,7.84,7.84,7.84,7.84,20000000.0,,,2,,RUB,,3,,2022-08-08,
MMIX,RUSFAR1M,2022-08-09,RUSFAR 1M,RUSFAR 1 месяц,7.85,7.85,7.85,7.85,0.0,,,2,,RUB,,3,,2022-08-09,
MMIX,RUSFAR1M,2022-08-10,RUSFAR 1M,RUSFAR 1 месяц,7.83,7.83,7.83,7.83,0.0,,,2,,RUB,,3,,2022-08-10,
MMIX,RUSFAR1M,2022-08-11,RUSFAR 1M,RUSFAR 1 месяц,7.86,7.86,7.86,7.86,50000000.0,,,2,,RUB,,3,,2022-08-11,
MMIX,RUSFAR1M,2022-08-12,RUSFAR 1M,RUSFAR 1 месяц,7.86,7.86,7.86,7.86,950000000.0,,,2,,RUB,,3,,2022-08-12,
MMIX,RUSFAR1M,2022-08-15,RUSFAR 1M,RUSFAR 1 месяц,7.85,7.85,7.85,7.85,0.0,,,2,,RUB,,3,,2022-08-15,
MMIX,RUSFAR1M,2022-08-16,RUSFAR 1M,RUSFAR 1 месяц,7.85,7.85,7.85,7.85,427000000.0,,,2,,RUB,,3,,2022-08-16,
MMIX,RUSFAR1M,2022-08-17,RUSFAR 1M,RUSFAR 1 месяц,7.86,7.86,7.86,7.86,0.0,,,2,,RUB,,3,,2022-08-17,
MMIX,RUSFAR1M,2022-08-18,RUSFAR 1M,RUSFAR 1 месяц,7.86,7.86,7.86,7.86,0.0,,,2,,RUB,,3,,2022-08-18,
MMIX,RUSFAR1M,2022-08-19,RUSFAR 1M,RUSFAR 1 месяц,7.86,7.86,7.86,7.86,0.0,,,2,,RUB,,3,,2022-08-19,
MMIX,RUSFAR1M,2022-08-22,RUSFAR 1M,RUSFAR 1 месяц,7.84,7.84,7.84,7.84,0.0,,,2,,RUB,,3,,2022-08-22,
MMIX,RUSFAR1M,2022-08-23,RUSFAR 1M,RUSFAR 1 месяц,7.85,7.85,7.85,7.85,0.0,,,2,,RUB,,3,,2022-08-23,
MMIX,RUSFAR1M,2022-08-24,RUSFAR 1M,RUSFAR 1 месяц,7.86,7.86,7.86,7.86,1000000.0,,,2,,RUB,,3,,2022-08-24,
MMIX,RUSFAR1M,2022-08-25,RUSFAR 1M,RUSFAR 1 месяц,7.86,7.86,7.86,7.86,0.0,,,2,,RUB,,3,,2022-08-25,
MMIX,RUSFAR1M,2022-08-26,RUSFAR 1M,RUSFAR 1 месяц,7.95,7.95,7.95,7.95,11720000.0,,,2,,RUB,,3,,2022-08-26,
MMIX,RUSFAR1M,2022-08-29,RUSFAR 1M,RUSFAR 1 месяц,7.9,7.9,7.9,7.9,0.0,,,2,,RUB,,3,,2022-08-29,
MMIX,RUSFAR1M,2022-08-30,RUSFAR 1M,RUSFAR 1 месяц,7.88,7.88,7.88,7.88,10000000.0,,,2,,RUB,,3,,2022-08-30,
MMIX,RUSFAR1M,2022-08-31,RUSFAR 1M,RUSFAR 1 месяц,7.86,7.86,7.86,7.86,2000000.0,,,2,,RUB,,3,,2022-08-31,
MMIX,RUSFAR1M,2022-09-01,RUSFAR 1M,RUSFAR 1 месяц,7.85,7.85,7.85,7.85,17800000.0,,,2,,RUB,,3,,2022-09-01,
MMIX,RUSFAR1M,2022-09-02,RUSFAR 1M,RUSFAR 1 месяц,7.86,7.86,7.86,7.86,1050000000.0,,,2,,RUB,,3,,2022-09-02,
MMIX,RUSFAR1M,2022-09-05,RUSFAR 1M,RUSFAR 1 месяц,7.82,7.82,7.82,7.82,0.0,,,2,,RUB,,3,,2022-09-05,
MMIX,RUSFAR1M,2022-09-06,RUSFAR 1M,RUSFAR 1 месяц,7.82,7.82,7.82,7.82,0.0,,,2,,RUB,,3,,2022-09-06,
MMIX,RUSFAR1M,2022-09-07,RUSFAR 1M,RUSFAR 1 месяц,7.82,7.82,7.82,7.82,13000000.0,,,2,,RUB,,3,,2022-09-07,
MMIX,RUSFAR1M,2022-09-08,RUSFAR 1M,RUSFAR 1 месяц,7.79,7.79,7.79,7.79,0.0,,,2,,RUB,,3,,2022-09-08,
MMIX,RUSFAR1M,2022-09-09,RUSFAR 1M,RUSFAR 1 месяц,7.79,7.79,7.79,7.79,49370000.0,,,2,,RUB,,3,,2022-09-09,
MMIX,RUSFAR1M,2022-09-12,RUSFAR 1M,RUSFAR 1 месяц,7.77,7.77,7.77,7.77,139280000.0,,,2,,RUB,,3,,2022-09-12,
MMIX,RUSFAR1M,2022-09-13,RUSFAR 1M,RUSFAR 1 месяц,7.77,7.77,7.77,7.77,415700000.0,,,2,,RUB,,3,,2022-09-13,
MMIX,RUSFAR1M,2022-09-14,RUSFAR 1M,RUSFAR 1 месяц,7.61,7.61,7.61,7.61,51150000.0,,,2,,RUB,,3,,2022-09-14,
MMIX,RUSFAR1M,2022-09-15,RUSFAR 1M,RUSFAR 1 месяц,7.57,7.57,7.57,7.57,407000000.0,,,2,,RUB,,3,,2022-09-15,
MMIX,RUSFAR1M,2022-09-16,RUSFAR 1M,RUSFAR 1 месяц,7.52,7.52,7.52,7.52,65573000.0,,,2,,RUB,,3,,2022-09-16,
MMIX,RUSFAR1M,2022-09-19,RUSFAR 1M,RUSFAR 1 месяц,7.43,7.43,7.43,7.43,970000.0,,,2,,RUB,,3,,2022-09-19,
MMIX,RUSFAR1M,2022-09-20,RUSFAR 1M,RUSFAR 1 месяц,7.44,7.44,7.44,7.44,0.0,,,2,,RUB,,3,,2022-09-20,
MMIX,RUSFAR1M,2022-09-21,RUSFAR 1M,RUSFAR 1 месяц,7.54,7.54,7.54,7.54,2210000000.0,,,2,,RUB,,3,,2022-09-21,
MMIX,RUSFAR1M,2022-09-22,RUSFAR 1M,RUSFAR 1 месяц,7.56,7.56,7.56,7.56,1020000000.0,,,2,,RUB,,3,,2022-09-22,
MMIX,RUSFAR1M,2022-09-23,RUSFAR 1M,RUSFAR 1 месяц,7.61,7.61,7.61,7.61,255000000.0,,,2,,RUB,,3,,2022-09-23,
MMIX,RUSFAR1M,2022-09-26,RUSFAR 1M,RUSFAR 1 месяц,7.61,7.61,7.61,7.61,5000000.0,,,2,,RUB,,3,,2022-09-26,
MMIX,RUSFAR1M,2022-09-27,RUSFAR 1M,RUSFAR 1 месяц,7.68,7.68,7.68,7.68,205000000.0,,,2,,RUB,,3,,2022-09-27,
MMIX,RUSFAR1M,2022-09-28,RUSFAR 1M,RUSFAR 1 месяц,7.74,7.74,7.74,7.74,25000000.0,,,2,,RUB,,3,,2022-09-28,
MMIX,RUSFAR1M,2022-09-29,RUSFAR 1M,RUSFAR 1 месяц,7.7,7.7,7.7,7.7,1510000000.0,,,2,,RUB,,3,,2022-09-29,
MMIX,RUSFAR1M,2022-09-30,RUSFAR 1M,RUSFAR 1 месяц,7.7,7.7,7.7,7.7,3004000000.0,,,2,,RUB,,3,,2022-09-30,
MMIX,RUSFAR1M,2022-10-03,RUSFAR 1M,RUSFAR 1 месяц,7.78,7.78,7.78,7.78,500000000.0,,,2,,RUB,,3,,2022-10-03,
MMIX,RUSFAR1M,2022-10-04,RUSFAR 1M,RUSFAR 1 месяц,7.76,7.76,7.76,7.76,0.0,,,2,,RUB,,3,,2022-10-04,
MMIX,RUSFAR1M,2022-10-05,RUSFAR 1M,RUSFAR 1 месяц,7.75,7.75,7.75,7.75,0.0,,,2,,RUB,,3,,2022-10-05,
MMIX,RUSFAR1M,2022-10-06,RUSFAR 1M,RUSFAR 1 месяц,7.79,7.79,7.79,7.79,26700000.0,,,2,,RUB,,3,,2022-10-06,
MMIX,RUSFAR1M,2022-10-07,RUSFAR 1M,RUSFAR 1 месяц,7.76,7.76,7.76,7.76,286650000.0,,,2,,RUB,,3,,2022-10-07,
MMIX,RUSFAR1M,2022-10-10,RUSFAR 1M,RUSFAR 1 месяц,7.76,7.76,7.76,7.76,16100000.0,,,2,,RUB,,3,,2022-10-10,
MMIX,RUSFAR1M,2022-10-11,RUSFAR 1M,RUSFAR 1 месяц,7.71,7.71,7.71,7.71,118000000.0,,,2,,RUB,,3,,2022-10-11,
MMIX,RUSFAR1M,2022-10-12,RUSFAR 1M,RUSFAR 1 месяц,7.67,7.67,7.67,7.67,19600000.0,,,2,,RUB,,3,,2022-10-12,
MMIX,RUSFAR1M,2022-10-13,RUSFAR 1M,RUSFAR 1 месяц,7.71,7.71,7.71,7.71,385418000.0,,,2,,RUB,,3,,2022-10-13,
MMIX,RUSFAR1M,2022-10-14,RUSFAR 1M,RUSFAR 1 месяц,7.67,7.67,7.67,7.67,2729800000.0,,,2,,RUB,,3,,2022-10-14,
MMIX,RUSFAR1M,2022-10-17,RUSFAR 1M,RUSFAR 1 месяц,7.7,7.7,7.7,7.7,410000000.0,,,2,,RUB,,3,,2022-10-17,
MMIX,RUSFAR1M,2022-10-18,RUSFAR 1M,RUSFAR 1 месяц,7.73,7.73,7.73,7.73,31977000.0,,,2,,RUB,,3,,2022-10-18,
MMIX,RUSFAR1M,2022-10-19,RUSFAR 1M,RUSFAR 1 месяц,7.7,7.7,7.7,7.7,374113000.0,,,2,,RUB,,3,,2022-10-19,
MMIX,RUSFAR1M,2022-10-20,RUSFAR 1M,RUSFAR 1 месяц,7.68,7.68,7.68,7.68,647795000.0,,,2,,RUB,,3,,2022-10-20,
MMIX,RUSFAR1M,2022-10-21,RUSFAR 1M,RUSFAR 1 месяц,7.62,7.62,7.62,7.62,871200000.0,,,2,,RUB,,3,,2022-10-21,
MMIX,RUSFAR1M,2022-10-24,RUSFAR 1M,RUSFAR 1 месяц,7.6,7.6,7.6,7.6,120000000.0,,,2,,RUB,,3,,2022-10-24,
MMIX,RUSFAR1M,2022-10-25,RUSFAR 1M,RUSFAR 1 месяц,7.63,7.63,7.63,7.63,66710000.0,,,2,,RUB,,3,,2022-10-25,
MMIX,RUSFAR1M,2022-10-26,RUSFAR 1M,RUSFAR 1 месяц,7.63,7.63,7.63,7.63,176968000.0,,,2,,RUB,,3,,2022-10-26,
MMIX,RUSFAR1M,2022-10-27,RUSFAR 1M,RUSFAR 1 месяц,7.67,7.67,7.67,7.67,658050000.0,,,2,,RUB,,3,,2022-10-27,
MMIX,RUSFAR1M,2022-10-28,RUSFAR 1M,RUSFAR 1 месяц,7.66,7.66,7.66,7.66,403480000.0,,,2,,RUB,,3,,2022-10-28,
MMIX,RUSFAR1M,2022-10-31,RUSFAR 1M,RUSFAR 1 месяц,7.66,7.66,7.66,7.66,2364000000.0,,,2,,RUB,,3,,2022-10-31,
MMIX,RUSFAR1M,2022-11-01,RUSFAR 1M,RUSFAR 1 месяц,7.64,7.64,7.64,7.64,138000.0,,,2,,RUB,,3,,2022-11-01,
MMIX,RUSFAR1M,2022-11-02,RUSFAR 1M,RUSFAR 1 месяц,7.66,7.66,7.66,7.66,142087000.0,,,2,,RUB,,3,,2022-11-02,
MMIX,RUSFAR1M,2022-11-03,RUSFAR 1M,RUSFAR 1 месяц,7.67,7.67,7.67,7.67,87100000.0,,,2,,RUB,,3,,2022-11-03,
MMIX,RUSFAR1M,2022-11-07,RUSFAR 1M,RUSFAR 1 месяц,7.63,7.63,7.63,7.63,100190000.0,,,2,,RUB,,3,,2022-11-07,
MMIX,RUSFAR1M,2022-11-08,RUSFAR 1M,RUSFAR 1 месяц,7.63,7.63,7.63,7.63,0.0,,,2,,RUB,,3,,2022-11-08,
MMIX,RUSFAR1M,2022-11-09,RUSFAR 1M,RUSFAR 1 месяц,7.64,7.64,7.64,7.64,5000000.0,,,2,,RUB,,3,,2022-11-09,
MMIX,RUSFAR1M,2022-11-10,RUSFAR 1M,RUSFAR 1 месяц,7.65,7.65,7.65,7.65,102000000.0,,,2,,RUB,,3,,2022-11-10,
MMIX,RUSFAR1M,2022-11-11,RUSFAR 1M,RUSFAR 1 месяц,7.63,7.63,7.63,7.63,1232000000.0,,,2,,RUB,,3,,2022-11-11,
MMIX,RUSFAR1M,2022-11-14,RUSFAR 1M,RUSFAR 1 месяц,7.61,7.61,7.61,7.61,324645000.0,,,2,,RUB,,3,,2022-11-14,
MMIX,RUSFAR1M,2022-11-15,RUSFAR 1M,RUSFAR 1 месяц,7.61,7.61,7.61,7.61,6934800000.0,,,2,,RUB,,3,,2022-11-15,
MMIX,RUSFAR1M,2022-11-16,RUSFAR 1M,RUSFAR 1 месяц,7.6,7.6,7.6,7.6,282000000.0,,,2,,RUB,,3,,2022-11-16,
MMIX,RUSFAR1M,2022-11-17,RUSFAR 1M,RUSFAR 1 месяц,7.61,7.61,7.61,7.61,34625000.0,,,2,,RUB,,3,,2022-11-17,
MMIX,RUSFAR1M,2022-11-18,RUSFAR 1M,RUSFAR 1 месяц,7.61,7.61,7.61,7.61,120000000.0,,,2,,RUB,,3,,2022-11-18,
MMIX,RUSFAR1M,2022-11-21,RUSFAR 1M,RUSFAR 1 месяц,7.61,7.61,7.61,7.61,10000000.0,,,2,,RUB,,3,,2022-11-21,
MMIX,RUSFAR1M,2022-11-22,RUSFAR 1M,RUSFAR 1 месяц,7.59,7.59,7.59,7.59,4847200000.0,,,2,,RUB,,3,,2022-11-22,
MMIX,RUSFAR1M,2022-11-23,RUSFAR 1M,RUSFAR 1 месяц,7.59,7.59,7.59,7.59,29170000.0,,,2,,RUB,,3,,2022-11-23,
MMIX,RUSFAR1M,2022-11-24,RUSFAR 1M,RUSFAR 1 месяц,7.56,7.56,7.56,7.56,1010690000.0,,,2,,RUB,,3,,2022-11-24,
MMIX,RUSFAR1M,2022-11-25,RUSFAR 1M,RUSFAR 1 месяц,7.51,7.51,7.51,7.51,1035330000.0,,,2,,RUB,,3,,2022-11-25,
MMIX,RUSFAR1M,2022-11-28,RUSFAR 1M,RUSFAR 1 месяц,7.5,7.5,7.5,7.5,120000000.0,,,2,,RUB,,3,,2022-11-28,
MMIX,RUSFAR1M,2022-11-29,RUSFAR 1M,RUSFAR 1 месяц,7.47,7.47,7.47,7.47,1882000000.0,,,2,,RUB,,3,,2022-11-29,
MMIX,RUSFAR1M,2022-11-30,RUSFAR 1M,RUSFAR 1 месяц,7.46,7.46,7.46,7.46,876590000.0,,,2,,RUB,,3,,2022-11-30,
MMIX,RUSFAR1M,2022-12-01,RUSFAR 1M,RUSFAR 1 месяц,7.49,7.49,7.49,7.49,34050000.0,,,2,,RUB,,3,,2022-12-01,
MMIX,RUSFAR1M,2022-12-02,RUSFAR 1M,RUSFAR 1 месяц,7.49,7.49,7.49,7.49,77600000.0,,,2,,RUB,,3,,2022-12-02,
MMIX,RUSFAR1M,2022-12-05,RUSFAR 1M,RUSFAR 1 месяц,7.5,7.5,7.5,7.5,0.0,,,2,,RUB,,3,,2022-12-05,
MMIX,RUSFAR1M,2022-12-06,RUSFAR 1M,RUSFAR 1 месяц,7.49,7.49,7.49,7.49,10000000.0,,,2,,RUB,,3,,2022-12-06,
MMIX,RUSFAR1M,2022-12-07,RUSFAR 1M,RUSFAR 1 месяц,7.53,7.53,7.53,7.53,642000000.0,,,2,,RUB,,3,,2022-12-07,
MMIX,RUSFAR1M,2022-12-08,RUSFAR 1M,RUSFAR 1 месяц,7.49,7.49,7.49,7.49,1955000000.0,,,2,,RUB,,3,,2022-12-08,
MMIX,RUSFAR1M,2022-12-09,RUSFAR 1M,RUSFAR 1 месяц,7.46,7.46,7.46,7.46,1261500000.0,,,2,,RUB,,3,,2022-12-09,
MMIX,RUSFAR1M,2022-12-12,RUSFAR 1M,RUSFAR 1 месяц,7.45,7.45,7.45,7.45,1600000000.0,,,2,,RUB,,3,,2022-12-12,
MMIX,RUSFAR1M,2022-12-13,RUSFAR 1M,RUSFAR 1 месяц,7.48,7.48,7.48,7.48,215300000.0,,,2,,RUB,,3,,2022-12-13,
MMIX,RUSFAR1M,2022-12-14,RUSFAR 1M,RUSFAR 1 месяц,7.49,7.49,7.49,7.49,2099481000.0,,,2,,RUB,,3,,2022-12-14,
MMIX,RUSFAR1M,2022-12-15,RUSFAR 1M,RUSFAR 1 месяц,7.48,7.48,7.48,7.48,4497000000.0,,,2,,RUB,,3,,2022-12-15,
MMIX,RUSFAR1M,2022-12-16,RUSFAR 1M,RUSFAR 1 месяц,7.47,7.47,7.47,7.47,154306000.0,,,2,,RUB,,3,,2022-12-16,
MMIX,RUSFAR1M,2022-12-19,RUSFAR 1M,RUSFAR 1 месяц,7.5,7.5,7.5,7.5,179289000.0,,,2,,RUB,,3,,2022-12-19,
MMIX,RUSFAR1M,2022-12-20,RUSFAR 1M,RUSFAR 1 месяц,7.5,7.5,7.5,7.5,3600000000.0,,,2,,RUB,,3,,2022-12-20,
MMIX,RUSFAR1M,2022-12-21,RUSFAR 1M,RUSFAR 1 месяц,7.52,7.52,7.52,7.52,986628000.0,,,2,,RUB,,3,,2022-12-21,
MMIX,RUSFAR1M,2022-12-22,RUSFAR 1M,RUSFAR 1 месяц,7.51,7.51,7.51,7.51,4714250000.0,,,2,,RUB,,3,,2022-12-22,
MMIX,RUSFAR1M,2022-12-23,RUSFAR 1M,RUSFAR 1 месяц,7.5,7.5,7.5,7.5,951010000.0,,,2,,RUB,,3,,2022-12-23,
MMIX,RUSFAR1M,2022-12-26,RUSFAR 1M,RUSFAR 1 месяц,7.5,7.5,7.5,7.5,121000000.0,,,2,,RUB,,3,,2022-12-26,
MMIX,RUSFAR1M,2022-12-27,RUSFAR 1M,RUSFAR 1 месяц,7.5,7.5,7.5,7.5,852000000.0,,,2,,RUB,,3,,2022-12-27,
MMIX,RUSFAR1M,2022-12-28,RUSFAR 1M,RUSFAR 1 месяц,7.51,7.51,7.51,7.51,423460000.0,,,2,,RUB,,3,,2022-12-28,
MMIX,RUSFAR1M,2022-12-29,RUSFAR 1M,RUSFAR 1 месяц,7.65,7.65,7.65,7.65,670000000.0,,,2,,RUB,,3,,2022-12-29,
MMIX,RUSFAR1M,2023-01-09,RUSFAR 1M,RUSFAR 1 месяц,7.53,7.53,7.53,7.53,2300000000.0,,,2,,RUB,,3,,2023-01-09,
MMIX,RUSFAR1M,2023-01-10,RUSFAR 1M,RUSFAR 1 месяц,7.53,7.53,7.53,7.53,2343000000.0,,,2,,RUB,,3,,2023-01-10,
MMIX,RUSFAR1M,2023-01-11,RUSFAR 1M,RUSFAR 1 месяц,7.51,7.51,7.51,7.51,405000000.0,,,2,,RUB,,3,,2023-01-11,
MMIX,RUSFAR1M,2023-01-12,RUSFAR 1M,RUSFAR 1 месяц,7.51,7.51,7.51,7.51,88450000.0,,,2,,RUB,,3,,2023-01-12,
MMIX,RUSFAR1M,2023-01-13,RUSFAR 1M,RUSFAR 1 месяц,7.48,7.48,7.48,7.48,706245000.0,,,2,,RUB,,3,,2023-01-13,
MMIX,RUSFAR1M,2023-01-16,RUSFAR 1M,RUSFAR 1 месяц,7.51,7.51,7.51,7.51,425000000.0,,,2,,RUB,,3,,2023-01-16,
MMIX,RUSFAR1M,2023-01-17,RUSFAR 1M,RUSFAR 1 месяц,7.5,7.5,7.5,7.5,380000000.0,,,2,,RUB,,3,,2023-01-17,
MMIX,RUSFAR1M,2023-01-18,RUSFAR 1M,RUSFAR 1 месяц,7.46,7.46,7.46,7.46,14275000.0,,,2,,RUB,,3,,2023-01-18,
MMIX,RUSFAR1M,2023-01-19,RUSFAR 1M,RUSFAR 1 месяц,7.45,7.45,7.45,7.45,0.0,,,2,,RUB,,3,,2023-01-19,
MMIX,RUSFAR1M,2023-01-20,RUSFAR 1M,RUSFAR 1 месяц,7.33,7.33,7.33,7.33,3180925000.0,,,2,,RUB,,3,,2023-01-20,
MMIX,RUSFAR1M,2023-01-23,RUSFAR 1M,RUSFAR 1 месяц,7.31,7.31,7.31,7.31,888600000.0,,,2,,RUB,,3,,2023-01-23,
MMIX,RUSFAR1M,2023-01-24,RUSFAR 1M,RUSFAR 1 месяц,7.26,7.26,7.26,7.26,5314000000.0,,,2,,RUB,,3,,2023-01-24,
MMIX,RUSFAR1M,2023-01-25,RUSFAR 1M,RUSFAR 1 месяц,7.25,7.25,7.25,7.25,73120000.0,,,2,,RUB,,3,,2023-01-25,
MMIX,RUSFAR1M,2023-01-26,RUSFAR 1M,RUSFAR 1 месяц,7.25,7.25,7.25,7.25,600000000.0,,,2,,RUB,,3,,2023-01-26,
MMIX,RUSFAR1M,2023-01-27,RUSFAR 1M,RUSFAR 1 месяц,7.21,7.21,7.21,7.21,759400000.0,,,2,,RUB,,3,,2023-01-27,
MMIX,RUSFAR1M,2023-01-30,RUSFAR 1M,RUSFAR 1 месяц,7.22,7.22,7.22,7.22,6000000.0,,,2,,RUB,,3,,2023-01-30,
MMIX,RUSFAR1M,2023-01-31,RUSFAR 1M,RUSFAR 1 месяц,7.25,7.25,7.25,7.25,1800000000.0,,,2,,RUB,,3,,2023-01-31,
MMIX,RUSFAR1M,2023-02-01,RUSFAR 1M,RUSFAR 1 месяц,7.23,7.23,7.23,7.23,6000000.0,,,2,,RUB,,3,,2023-02-01,
MMIX,RUSFAR1M,2023-02-02,RUSFAR 1M,RUSFAR 1 месяц,7.22,7.22,7.22,7.22,317286000.0,,,2,,RUB,,3,,2023-02-02,
MMIX,RUSFAR1M,2023-02-03,RUSFAR 1M,RUSFAR 1 месяц,7.22,7.22,7.22,7.22,10000000.0,,,2,,RUB,,3,,2023-02-03,
MMIX,RUSFAR1M,2023-02-06,RUSFAR 1M,RUSFAR 1 месяц,7.21,7.21,7.21,7.21,0.0,,,2,,RUB,,3,,2023-02-06,
MMIX,RUSFAR1M,2023-02-07,RUSFAR 1M,RUSFAR 1 месяц,7.2,7.2,7.2,7.2,0.0,,,2,,RUB,,3,,2023-02-07,
MMIX,RUSFAR1M,2023-02-08,RUSFAR 1M,RUSFAR 1 месяц,7.21,7.21,7.21,7.21,0.0,,,2,,RUB,,3,,2023-02-08,
MMIX,RUSFAR1M,2023-02-09,RUSFAR 1M,RUSFAR 1 месяц,7.2,7.2,7.2,7.2,1233800000.0,,,2,,RUB,,3,,2023-02-09,
MMIX,RUSFAR1M,2023-02-10,RUSFAR 1M,RUSFAR 1 месяц,7.19,7.19,7.19,7.19,142822000.0,,,2,,RUB,,3,,2023-02-10,
MMIX,RUSFAR1M,2023-02-13,RUSFAR 1M,RUSFAR 1 месяц,7.19,7.19,7.19,7.19,277650000.0,,,2,,RUB,,3,,2023-02-13,
MMIX,RUSFAR1M,2023-02-14,RUSFAR 1M,RUSFAR 1 месяц,7.2,7.2,7.2,7.2,23417000.0,,,2,,RUB,,3,,2023-02-14,
MMIX,RUSFAR1M,2023-02-15,RUSFAR 1M,RUSFAR 1 месяц,7.33,7.33,7.33,7.33,2610000000.0,,,2,,RUB,,3,,2023-02-15,
MMIX,RUSFAR1M,2023-02-16,RUSFAR 1M,RUSFAR 1 месяц,7.29,7.29,7.29,7.29,157250000.0,,,2,,RUB,,3,,2023-02-16,
MMIX,RUSFAR1M,2023-02-17,RUSFAR 1M,RUSFAR 1 месяц,7.29,7.29,7.29,7.29,1448970000.0,,,2,,RUB,,3,,2023-02-17,
MMIX,RUSFAR1M,2023-02-20,RUSFAR 1M,RUSFAR 1 месяц,7.29,7.29,7.29,7.29,650000000.0,,,2,,RUB,,3,,2023-02-20,
MMIX,RUSFAR1M,2023-02-21,RUSFAR 1M,RUSFAR 1 месяц,7.36,7.36,7.36,7.36,1000000000.0,,,2,,RUB,,3,,2023-02-21,
MMIX,RUSFAR1M,2023-02-22,RUSFAR 1M,RUSFAR 1 месяц,7.33,7.33,7.33,7.33,5970880000.0,,,2,,RUB,,3,,2023-02-22,
MMIX,RUSFAR1M,2023-02-27,RUSFAR 1M,RUSFAR 1 месяц,7.36,7.36,7.36,7.36,0.0,,,2,,RUB,,3,,2023-02-27,
MMIX,RUSFAR1M,2023-02-28,RUSFAR 1M,RUSFAR 1 месяц,7.37,7.37,7.37,7.37,10000000.0,,,2,,RUB,,3,,2023-02-28,
MMIX,RUSFAR1M,2023-03-01,RUSFAR 1M,RUSFAR 1 месяц,7.41,7.41,7.41,7.41,5285000000.0,,,2,,RUB,,3,,2023-03-01,
MMIX,RUSFAR1M,2023-03-02,RUSFAR 1M,RUSFAR 1 месяц,7.41,7.41,7.41,7.41,100000000.0,,,2,,RUB,,3,,2023-03-02,
MMIX,RUSFAR1M,2023-03-03,RUSFAR 1M,RUSFAR 1 месяц,7.45,7.45,7.45,7.45,0.0,,,2,,RUB,,3,,2023-03-03,
MMIX,RUSFAR1M,2023-03-06,RUSFAR 1M,RUSFAR 1 месяц,7.56,7.56,7.56,7.56,1260000000.0,,,2,,RUB,,3,,2023-03-06,
MMIX,RUSFAR1M,2023-03-07,RUSFAR 1M,RUSFAR 1 месяц,7.53,7.53,7.53,7.53,0.0,,,2,,RUB,,3,,2023-03-07,
MMIX,RUSFAR1M,2023-03-09,RUSFAR 1M,RUSFAR 1 месяц,7.55,7.55,7.55,7.55,71900000.0,,,2,,RUB,,3,,2023-03-09,
MMIX,RUSFAR1M,2023-03-10,RUSFAR 1M,RUSFAR 1 месяц,7.49,7.49,7.49,7.49,41589000.0,,,2,,RUB,,3,,2023-03-10,
MMIX,RUSFAR1M,2023-03-13,RUSFAR 1M,RUSFAR 1 месяц,7.51,7.51,7.51,7.51,286120000.0,,,2,,RUB,,3,,2023-03-13,
MMIX,RUSFAR1M,2023-03-14,RUSFAR 1M,RUSFAR 1 месяц,7.47,7.47,7.47,7.47,35244000.0,,,2,,RUB,,3,,2023-03-14,
MMIX,RUSFAR1M,2023-03-15,RUSFAR 1M,RUSFAR 1 месяц,7.46,7.46,7.46,7.46,354000000.0,,,2,,RUB,,3,,2023-03-15,
MMIX,RUSFAR1M,2023-03-16,RUSFAR 1M,RUSFAR 1 месяц,7.45,7.45,7.45,7.45,409600000.0,,,2,,RUB,,3,,2023-03-16,
MMIX,RUSFAR1M,2023-03-17,RUSFAR 1M,RUSFAR 1 месяц,7.45,7.45,7.45,7.45,1449000000.0,,,2,,RUB,,3,,2023-03-17,
MMIX,RUSFAR1M,2023-03-20,RUSFAR 1M,RUSFAR 1 месяц,7.39,7.39,7.39,7.39,1324000000.0,,,2,,RUB,,3,,2023-03-20,
MMIX,RUSFAR1M,2023-03-21,RUSFAR 1M,RUSFAR 1 месяц,7.36,7.36,7.36,7.36,920908000.0,,,2,,RUB,,3,,2023-03-21,
MMIX,RUSFAR1M,2023-03-22,RUSFAR 1M,RUSFAR 1 месяц,7.34,7.34,7.34,7.34,4976400000.0,,,2,,RUB,,3,,2023-03-22,
MMIX,RUSFAR1M,2023-03-23,RUSFAR 1M,RUSFAR 1 месяц,7.33,7.33,7.33,7.33,1928850000.0,,,2,,RUB,,3,,2023-03-23,
MMIX,RUSFAR1M,2023-03-24,RUSFAR 1M,RUSFAR 1 месяц,7.32,7.32,7.32,7.32,449000000.0,,,2,,RUB,,3,,2023-03-24,
MMIX,RUSFAR1M,2023-03-27,RUSFAR 1M,RUSFAR 1 месяц,7.32,7.32,7.32,7.32,34000000.0,,,2,,RUB,,3,,2023-03-27,
MMIX,RUSFAR1M,2023-03-28,RUSFAR 1M,RUSFAR 1 месяц,7.33,7.33,7.33,7.33,2834000000.0,,,2,,RUB,,3,,2023-03-28,
MMIX,RUSFAR1M,2023-03-29,RUSFAR 1M,RUSFAR 1 месяц,7.56,7.56,7.56,7.56,590000000.0,,,2,,RUB,,3,,2023-03-29,
MMIX,RUSFAR1M,2023-03-30,RUSFAR 1M,RUSFAR 1 месяц,7.44,7.44,7.44,7.44,10000000.0,,,2,,RUB,,3,,2023-03-30,
MMIX,RUSFAR1M,2023-03-31,RUSFAR 1M,RUSFAR 1 месяц,7.44,7.44,7.44,7.44,50420000.0,,,2,,RUB,,3,,2023-03-31,
MMIX,RUSFAR1M,2023-04-03,RUSFAR 1M,RUSFAR 1 месяц,7.43,7.43,7.43,7.43,200648000.0,,,2,,RUB,,3,,2023-04-03,
MMIX,RUSFAR1M,2023-04-04,RUSFAR 1M,RUSFAR 1 месяц,7.42,7.42,7.42,7.42,458000000.0,,,2,,RUB,,3,,2023-04-04,
MMIX,RUSFAR1M,2023-04-05,RUSFAR 1M,RUSFAR 1 месяц,7.36,7.36,7.36,7.36,689000000.0,,,2,,RUB,,3,,2023-04-05,
MMIX,RUSFAR1M,2023-04-06,RUSFAR 1M,RUSFAR 1 месяц,7.37,7.37,7.37,7.37,626000000.0,,,2,,RUB,,3,,2023-04-06,
MMIX,RUSFAR1M,2023-04-07,RUSFAR 1M,RUSFAR 1 месяц,7.36,7.36,7.36,7.36,275344000.0,,,2,,RUB,,3,,2023-04-07,
MMIX,RUSFAR1M,2023-04-10,RUSFAR 1M,RUSFAR 1 месяц,7.38,7.38,7.38,7.38,10400000.0,,,2,,RUB,,3,,2023-04-10,
MMIX,RUSFAR1M,2023-04-11,RUSFAR 1M,RUSFAR 1 месяц,7.38,7.38,7.38,7.38,0.0,,,2,,RUB,,3,,2023-04-11,
MMIX,RUSFAR1M,2023-04-12,RUSFAR 1M,RUSFAR 1 месяц,7.39,7.39,7.39,7.39,449000000.0,,,2,,RUB,,3,,2023-04-12,
MMIX,RUSFAR1M,2023-04-13,RUSFAR 1M,RUSFAR 1 месяц,7.41,7.41,7.41,7.41,644000000.0,,,2,,RUB,,3,,2023-04-13,
MMIX,RUSFAR1M,2023-04-14,RUSFAR 1M,RUSFAR 1 месяц,7.38,7.38,7.38,7.38,10023448000.0,,,2,,RUB,,3,,2023-04-14,
MMIX,RUSFAR1M,2023-04-17,RUSFAR 1M,RUSFAR 1 месяц,7.42,7.42,7.42,7.42,2375800000.0,,,2,,RUB,,3,,2023-04-17,
MMIX,RUSFAR1M,2023-04-18,RUSFAR 1M,RUSFAR 1 месяц,7.49,7.49,7.49,7.49,400490000.0,,,2,,RUB,,3,,2023-04-18,
MMIX,RUSFAR1M,2023-04-19,RUSFAR 1M,RUSFAR 1 месяц,7.48,7.48,7.48,7.48,10000000.0,,,2,,RUB,,3,,2023-04-19,
MMIX,RUSFAR1M,2023-04-20,RUSFAR 1M,RUSFAR 1 месяц,7.45,7.45,7.45,7.45,518100000.0,,,2,,RUB,,3,,2023-04-20,
MMIX,RUSFAR1M,2023-04-21,RUSFAR 1M,RUSFAR 1 месяц,7.37,7.37,7.37,7.37,3997900000.0,,,2,,RUB,,3,,2023-04-21,
MMIX,RUSFAR1M,2023-04-24,RUSFAR 1M,RUSFAR 1 месяц,7.37,7.37,7.37,7.37,3666400000.0,,,2,,RUB,,3,,2023-04-24,
MMIX,RUSFAR1M,2023-04-25,RUSFAR 1M,RUSFAR 1 месяц,7.41,7.41,7.41,7.41,1639000000.0,,,2,,RUB,,3,,2023-04-25,
MMIX,RUSFAR1M,2023-04-26,RUSFAR 1M,RUSFAR 1 месяц,7.41,7.41,7.41,7.41,1879409000.0,,,2,,RUB,,3,,2023-04-26,
MMIX,RUSFAR1M,2023-04-27,RUSFAR 1M,RUSFAR 1 месяц,7.42,7.42,7.42,7.42,1669026000.0,,,2,,RUB,,3,,2023-04-27,
MMIX,RUSFAR1M,2023-04-28,RUSFAR 1M,RUSFAR 1 месяц,7.48,7.48,7.48,7.48,3103000000.0,,,2,,RUB,,3,,2023-04-28,
MMIX,RUSFAR1M,2023-05-02,RUSFAR 1M,RUSFAR 1 месяц,7.47,7.47,7.47,7.47,2782300000.0,,,2,,RUB,,3,,2023-05-02,
MMIX,RUSFAR1M,2023-05-03,RUSFAR 1M,RUSFAR 1 месяц,7.44,7.44,7.44,7.44,2434000000.0,,,2,,RUB,,3,,2023-05-03,
MMIX,RUSFAR1M,2023-05-04,RUSFAR 1M,RUSFAR 1 месяц,7.44,7.44,7.44,7.44,1161890000.0,,,2,,RUB,,3,,2023-05-04,
MMIX,RUSFAR1M,2023-05-05,RUSFAR 1M,RUSFAR 1 месяц,7.41,7.41,7.41,7.41,1851864000.0,,,2,,RUB,,3,,2023-05-05,
MMIX,RUSFAR1M,2023-05-10,RUSFAR 1M,RUSFAR 1 месяц,7.42,7.42,7.42,7.42,66112000.0,,,2,,RUB,,3,,2023-05-10,
MMIX,RUSFAR1M,2023-05-11,RUSFAR 1M,RUSFAR 1 месяц,7.41,7.41,7.41,7.41,109000000.0,,,2,,RUB,,3,,2023-05-11,
MMIX,RUSFAR1M,2023-05-12,RUSFAR 1M,RUSFAR 1 месяц,7.41,7.41,7.41,7.41,361860000.0,,,2,,RUB,,3,,2023-05-12,
MMIX,RUSFAR1M,2023-05-15,RUSFAR 1M,RUSFAR 1 месяц,7.42,7.42,7.42,7.42,71563000.0,,,2,,RUB,,3,,2023-05-15,
MMIX,RUSFAR1M,2023-05-16,RUSFAR 1M,RUSFAR 1 месяц,7.42,7.42,7.42,7.42,10000000.0,,,2,,RUB,,3,,2023-05-16,
MMIX,RUSFAR1M,2023-05-17,RUSFAR 1M,RUSFAR 1 месяц,7.41,7.41,7.41,7.41,468071000.0,,,2,,RUB,,3,,2023-05-17,
MMIX,RUSFAR1M,2023-05-18,RUSFAR 1M,RUSFAR 1 месяц,7.39,7.39,7.39,7.39,1186400000.0,,,2,,RUB,,3,,2023-05-18,
MMIX,RUSFAR1M,2023-05-19,RUSFAR 1M,RUSFAR 1 месяц,7.4,7.4,7.4,7.4,1797570000.0,,,2,,RUB,,3,,2023-05-19,
MMIX,RUSFAR1M,2023-05-22,RUSFAR 1M,RUSFAR 1 месяц,7.41,7.41,7.41,7.41,130485000.0,,,2,,RUB,,3,,2023-05-22,
MMIX,RUSFAR1M,2023-05-23,RUSFAR 1M,RUSFAR 1 месяц,7.4,7.4,7.4,7.4,4250000000.0,,,2,,RUB,,3,,2023-05-23,
MMIX,RUSFAR1M,2023-05-24,RUSFAR 1M,RUSFAR 1 месяц,7.41,7.41,7.41,7.41,340625000.0,,,2,,RUB,,3,,2023-05-24,
MMIX,RUSFAR1M,2023-05-25,RUSFAR 1M,RUSFAR 1 месяц,7.41,7.41,7.41,7.41,70000000.0,,,2,,RUB,,3,,2023-05-25,
MMIX,RUSFAR1M,2023-05-26,RUSFAR 1M,RUSFAR 1 месяц,7.41,7.41,7.41,7.41,22635000.0,,,2,,RUB,,3,,2023-05-26,
MMIX,RUSFAR1M,2023-05-29,RUSFAR 1M,RUSFAR 1 месяц,7.43,7.43,7.43,7.43,1182058000.0,,,2,,RUB,,3,,2023-05-29,
MMIX,RUSFAR1M,2023-05-30,RUSFAR 1M,RUSFAR 1 месяц,7.41,7.41,7.41,7.41,750000000.0,,,2,,RUB,,3,,2023-05-30,
MMIX,RUSFAR1M,2023-05-31,RUSFAR 1M,RUSFAR 1 месяц,7.42,7.42,7.42,7.42,884000000.0,,,2,,RUB,,3,,2023-05-31,
MMIX,RUSFAR1M,2023-06-01,RUSFAR 1M,RUSFAR 1 месяц,7.41,7.41,7.41,7.41,491250000.0,,,2,,RUB,,3,,2023-06-01,
MMIX,RUSFAR1M,2023-06-02,RUSFAR 1M,RUSFAR 1 месяц,7.41,7.41,7.41,7.41,574000000.0,,,2,,RUB,,3,,2023-06-02,
MMIX,RUSFAR1M,2023-06-05,RUSFAR 1M,RUSFAR 1 месяц,7.42,7.42,7.42,7.42,1755000.0,,,2,,RUB,,3,,2023-06-05,
MMIX,RUSFAR1M,2023-06-06,RUSFAR 1M,RUSFAR 1 месяц,7.43,7.43,7.43,7.43,1460992000.0,,,2,,RUB,,3,,2023-06-06,
MMIX,RUSFAR1M,2023-06-07,RUSFAR 1M,RUSFAR 1 месяц,7.45,7.45,7.45,7.45,269000000.0,,,2,,RUB,,3,,2023-06-07,
MMIX,RUSFAR1M,2023-06-08,RUSFAR 1M,RUSFAR 1 месяц,7.44,7.44,7.44,7.44,1059818000.0,,,2,,RUB,,3,,2023-06-08,
MMIX,RUSFAR1M,2023-06-09,RUSFAR 1M,RUSFAR 1 месяц,7.47,7.47,7.47,7.47,570000000.0,,,2,,RUB,,3,,2023-06-09,
MMIX,RUSFAR1M,2023-06-13,RUSFAR 1M,RUSFAR 1 месяц,7.43,7.43,7.43,7.43,4106490000.0,,,2,,RUB,,3,,2023-06-13,
MMIX,RUSFAR1M,2023-06-14,RUSFAR 1M,RUSFAR 1 месяц,7.44,7.44,7.44,7.44,1059000000.0,,,2,,RUB,,3,,2023-06-14,
MMIX,RUSFAR1M,2023-06-15,RUSFAR 1M,RUSFAR 1 месяц,7.42,7.42,7.42,7.42,1215715000.0,,,2,,RUB,,3,,2023-06-15,
MMIX,RUSFAR1M,2023-06-16,RUSFAR 1M,RUSFAR 1 месяц,7.42,7.42,7.42,7.42,3445820000.0,,,2,,RUB,,3,,2023-06-16,
MMIX,RUSFAR1M,2023-06-19,RUSFAR 1M,RUSFAR 1 месяц,7.42,7.42,7.42,7.42,2104845000.0,,,2,,RUB,,3,,2023-06-19,
MMIX,RUSFAR1M,2023-06-20,RUSFAR 1M,RUSFAR 1 месяц,7.42,7.42,7.42,7.42,722700000.0,,,2,,RUB,,3,,2023-06-20,
MMIX,RUSFAR1M,2023-06-21,RUSFAR 1M,RUSFAR 1 месяц,7.41,7.41,7.41,7.41,2854315000.0,,,2,,RUB,,3,,2023-06-21,
MMIX,RUSFAR1M,2023-06-22,RUSFAR 1M,RUSFAR 1 месяц,7.39,7.39,7.39,7.39,7811936000.0,,,2,,RUB,,3,,2023-06-22,
MMIX,RUSFAR1M,2023-06-23,RUSFAR 1M,RUSFAR 1 месяц,7.42,7.42,7.42,7.42,564775000.0,,,2,,RUB,,3,,2023-06-23,
MMIX,RUSFAR1M,2023-06-26,RUSFAR 1M,RUSFAR 1 месяц,7.45,7.45,7.45,7.45,1469000000.0,,,2,,RUB,,3,,2023-06-26,
MMIX,RUSFAR1M,2023-06-27,RUSFAR 1M,RUSFAR 1 месяц,7.44,7.44,7.44,7.44,239000000.0,,,2,,RUB,,3,,2023-06-27,
MMIX,RUSFAR1M,2023-06-28,RUSFAR 1M,RUSFAR 1 месяц,7.44,7.44,7.44,7.44,2027000000.0,,,2,,RUB,,3,,2023-06-28,
MMIX,RUSFAR1M,2023-06-29,RUSFAR 1M,RUSFAR 1 месяц,7.45,7.45,7.45,7.45,564460000.0,,,2,,RUB,,3,,2023-06-29,
MMIX,RUSFAR1M,2023-06-30,RUSFAR 1M,RUSFAR 1 месяц,7.49,7.49,7.49,7.49,1892012000.0,,,2,,RUB,,3,,2023-06-30,
MMIX,RUSFAR1M,2023-07-03,RUSFAR 1M,RUSFAR 1 месяц,7.51,7.51,7.51,7.51,297460000.0,,,2,,RUB,,3,,2023-07-03,
MMIX,RUSFAR1M,2023-07-04,RUSFAR 1M,RUSFAR 1 месяц,7.52,7.52,7.52,7.52,1074600000.0,,,2,,RUB,,3,,2023-07-04,
MMIX,RUSFAR1M,2023-07-05,RUSFAR 1M,RUSFAR 1 месяц,7.56,7.56,7.56,7.56,1061000000.0,,,2,,RUB,,3,,2023-07-05,
MMIX,RUSFAR1M,2023-07-06,RUSFAR 1M,RUSFAR 1 месяц,7.57,7.57,7.57,7.57,675500000.0,,,2,,RUB,,3,,2023-07-06,
MMIX,RUSFAR1M,2023-07-07,RUSFAR 1M,RUSFAR 1 месяц,7.57,7.57,7.57,7.57,679000000.0,,,2,,RUB,,3,,2023-07-07,
MMIX,RUSFAR1M,2023-07-10,RUSFAR 1M,RUSFAR 1 месяц,7.68,7.68,7.68,7.68,1460300000.0,,,2,,RUB,,3,,2023-07-10,
MMIX,RUSFAR1M,2023-07-11,RUSFAR 1M,RUSFAR 1 месяц,7.79,7.79,7.79,7.79,610000000.0,,,2,,RUB,,3,,2023-07-11,
MMIX,RUSFAR1M,2023-07-12,RUSFAR 1M,RUSFAR 1 месяц,7.78,7.78,7.78,7.78,415000000.0,,,2,,RUB,,3,,2023-07-12,
MMIX,RUSFAR1M,2023-07-13,RUSFAR 1M,RUSFAR 1 месяц,7.75,7.75,7.75,7.75,883300000.0,,,2,,RUB,,3,,2023-07-13,
MMIX,RUSFAR1M,2023-07-14,RUSFAR 1M,RUSFAR 1 месяц,7.92,7.92,7.92,7.92,1806229000.0,,,2,,RUB,,3,,2023-07-14,
MMIX,RUSFAR1M,2023-07-17,RUSFAR 1M,RUSFAR 1 месяц,8.14,8.14,8.14,8.14,1853000000.0,,,2,,RUB,,3,,2023-07-17,
MMIX,RUSFAR1M,2023-07-18,RUSFAR 1M,RUSFAR 1 месяц,8.14,8.14,8.14,8.14,10282000.0,,,2,,RUB,,3,,2023-07-18,
MMIX,RUSFAR1M,2023-07-19,RUSFAR 1M,RUSFAR 1 месяц,8.1,8.1,8.1,8.1,248100000.0,,,2,,RUB,,3,,2023-07-19,
MMIX,RUSFAR1M,2023-07-20,RUSFAR 1M,RUSFAR 1 месяц,8.1,8.1,8.1,8.1,485140000.0,,,2,,RUB,,3,,2023-07-20,
MMIX,RUSFAR1M,2023-07-21,RUSFAR 1M,RUSFAR 1 месяц,8.17,8.17,8.17,8.17,106865000.0,,,2,,RUB,,3,,2023-07-21,
MMIX,RUSFAR1M,2023-07-24,RUSFAR 1M,RUSFAR 1 месяц,8.48,8.48,8.48,8.48,401500000.0,,,2,,RUB,,3,,2023-07-24,
MMIX,RUSFAR1M,2023-07-25,RUSFAR 1M,RUSFAR 1 месяц,8.42,8.42,8.42,8.42,3769300000.0,,,2,,RUB,,3,,2023-07-25,
MMIX,RUSFAR1M,2023-07-26,RUSFAR 1M,RUSFAR 1 месяц,8.4,8.4,8.4,8.4,283948000.0,,,2,,RUB,,3,,2023-07-26,
MMIX,RUSFAR1M,2023-07-27,RUSFAR 1M,RUSFAR 1 месяц,8.41,8.41,8.41,8.41,1604500000.0,,,2,,RUB,,3,,2023-07-27,
MMIX,RUSFAR1M,2023-07-28,RUSFAR 1M,RUSFAR 1 месяц,8.44,8.44,8.44,8.44,2110988000.0,,,2,,RUB,,3,,2023-07-28,
MMIX,RUSFAR1M,2023-07-31,RUSFAR 1M,RUSFAR 1 месяц,8.46,8.46,8.46,8.46,1377364000.0,,,2,,RUB,,3,,2023-07-31,
MMIX,RUSFAR1M,2023-08-01,RUSFAR 1M,RUSFAR 1 месяц,8.48,8.48,8.48,8.48,4474600000.0,,,2,,RUB,,3,,2023-08-01,
MMIX,RUSFAR1M,2023-08-02,RUSFAR 1M,RUSFAR 1 месяц,8.56,8.56,8.56,8.56,2947600000.0,,,2,,RUB,,3,,2023-08-02,
MMIX,RUSFAR1M,2023-08-03,RUSFAR 1M,RUSFAR 1 месяц,8.45,8.45,8.45,8.45,103499000.0,,,2,,RUB,,3,,2023-08-03,
MMIX,RUSFAR1M,2023-08-04,RUSFAR 1M,RUSFAR 1 месяц,8.41,8.41,8.41,8.41,1764620000.0,,,2,,RUB,,3,,2023-08-04,
MMIX,RUSFAR1M,2023-08-07,RUSFAR 1M,RUSFAR 1 месяц,8.41,8.41,8.41,8.41,196320000.0,,,2,,RUB,,3,,2023-08-07,
MMIX,RUSFAR1M,2023-08-08,RUSFAR 1M,RUSFAR 1 месяц,8.46,8.46,8.46,8.46,269000000.0,,,2,,RUB,,3,,2023-08-08,
MMIX,RUSFAR1M,2023-08-09,RUSFAR 1M,RUSFAR 1 месяц,8.46,8.46,8.46,8.46,425000000.0,,,2,,RUB,,3,,2023-08-09,
MMIX,RUSFAR1M,2023-08-10,RUSFAR 1M,RUSFAR 1 месяц,8.46,8.46,8.46,8.46,22000000.0,,,2,,RUB,,3,,2023-08-10,
MMIX,RUSFAR1M,2023-08-11,RUSFAR 1M,RUSFAR 1 месяц,8.49,8.49,8.49,8.49,896660000.0,,,2,,RUB,,3,,2023-08-11,
MMIX,RUSFAR1M,2023-08-14,RUSFAR 1M,RUSFAR 1 месяц,8.6,8.6,8.6,8.6,446000000.0,,,2,,RUB,,3,,2023-08-14,
MMIX,RUSFAR1M,2023-08-15,RUSFAR 1M,RUSFAR 1 месяц,11.87,11.87,11.87,11.87,60000000.0,,,2,,RUB,,3,,2023-08-15,
MMIX,RUSFAR1M,2023-08-16,RUSFAR 1M,RUSFAR 1 месяц,11.91,11.91,11.91,11.91,33300000.0,,,2,,RUB,,3,,2023-08-16,
MMIX,RUSFAR1M,2023-08-17,RUSFAR 1M,RUSFAR 1 месяц,11.89,11.89,11.89,11.89,215850000.0,,,2,,RUB,,3,,2023-08-17,
MMIX,RUSFAR1M,2023-08-18,RUSFAR 1M,RUSFAR 1 месяц,11.87,11.87,11.87,11.87,20053000.0,,,2,,RUB,,3,,2023-08-18,
MMIX,RUSFAR1M,2023-08-21,RUSFAR 1M,RUSFAR 1 месяц,11.87,11.87,11.87,11.87,22500000.0,,,2,,RUB,,3,,2023-08-21,
MMIX,RUSFAR1M,2023-08-22,RUSFAR 1M,RUSFAR 1 месяц,11.85,11.85,11.85,11.85,16600000.0,,,2,,RUB,,3,,2023-08-22,
MMIX,RUSFAR1M,2023-08-23,RUSFAR 1M,RUSFAR 1 месяц,11.85,11.85,11.85,11.85,113000000.0,,,2,,RUB,,3,,2023-08-23,
MMIX,RUSFAR1M,2023-08-24,RUSFAR 1M,RUSFAR 1 месяц,11.88,11.88,11.88,11.88,1311500000.0,,,2,,RUB,,3,,2023-08-24,
MMIX,RUSFAR1M,2023-08-25,RUSFAR 1M,RUSFAR 1 месяц,11.9,11.9,11.9,11.9,1067024000.0,,,2,,RUB,,3,,2023-08-25,
MMIX,RUSFAR1M,2023-08-28,RUSFAR 1M,RUSFAR 1 месяц,11.89,11.89,11.89,11.89,42280000.0,,,2,,RUB,,3,,2023-08-28,
MMIX,RUSFAR1M,2023-08-29,RUSFAR 1M,RUSFAR 1 месяц,11.93,11.93,11.93,11.93,86203000.0,,,2,,RUB,,3,,2023-08-29,
MMIX,RUSFAR1M,2023-08-30,RUSFAR 1M,RUSFAR 1 месяц,12.0,12.0,12.0,12.0,862457000.0,,,2,,RUB,,3,,2023-08-30,
MMIX,RUSFAR1M,2023-08-31,RUSFAR 1M,RUSFAR 1 месяц,11.96,11.96,11.96,11.96,3000000.0,,,2,,RUB,,3,,2023-08-31,
MMIX,RUSFAR1M,2023-09-01,RUSFAR 1M,RUSFAR 1 месяц,12.02,12.02,12.02,12.02,2168834000.0,,,2,,RUB,,3,,2023-09-01,
MMIX,RUSFAR1M,2023-09-04,RUSFAR 1M,RUSFAR 1 месяц,12.12,12.12,12.12,12.12,345480000.0,,,2,,RUB,,3,,2023-09-04,
MMIX,RUSFAR1M,2023-09-05,RUSFAR 1M,RUSFAR 1 месяц,12.18,12.18,12.18,12.18,212000000.0,,,2,,RUB,,3,,2023-09-05,
MMIX,RUSFAR1M,2023-09-06,RUSFAR 1M,RUSFAR 1 месяц,12.3,12.3,12.3,12.3,2226667000.0,,,2,,RUB,,3,,2023-09-06,
MMIX,RUSFAR1M,2023-09-07,RUSFAR 1M,RUSFAR 1 месяц,12.27,12.27,12.27,12.27,53500000.0,,,2,,RUB,,3,,2023-09-07,
MMIX,RUSFAR1M,2023-09-08,RUSFAR 1M,RUSFAR 1 месяц,12.28,12.28,12.28,12.28,54110000.0,,,2,,RUB,,3,,2023-09-08,
MMIX,RUSFAR1M,2023-09-11,RUSFAR 1M,RUSFAR 1 месяц,12.7,12.7,12.7,12.7,1053908000.0,,,2,,RUB,,3,,2023-09-11,
MMIX,RUSFAR1M,2023-09-12,RUSFAR 1M,RUSFAR 1 месяц,12.83,12.83,12.83,12.83,842500000.0,,,2,,RUB,,3,,2023-09-12,
MMIX,RUSFAR1M,2023-09-13,RUSFAR 1M,RUSFAR 1 месяц,12.61,12.61,12.61,12.61,31550000.0,,,2,,RUB,,3,,2023-09-13,
MMIX,RUSFAR1M,2023-09-14,RUSFAR 1M,RUSFAR 1 месяц,12.61,12.61,12.61,12.61,131900000.0,,,2,,RUB,,3,,2023-09-14,
MMIX,RUSFAR1M,2023-09-15,RUSFAR 1M,RUSFAR 1 месяц,12.72,12.72,12.72,12.72,825750000.0,,,2,,RUB,,3,,2023-09-15,
MMIX,RUSFAR1M,2023-09-18,RUSFAR 1M,RUSFAR 1 месяц,12.99,12.99,12.99,12.99,3073455000.0,,,2,,RUB,,3,,2023-09-18,
MMIX,RUSFAR1M,2023-09-19,RUSFAR 1M,RUSFAR 1 месяц,13.0,13.0,13.0,13.0,6410278000.0,,,2,,RUB,,3,,2023-09-19,
MMIX,RUSFAR1M,2023-09-20,RUSFAR 1M,RUSFAR 1 месяц,12.97,12.97,12.97,12.97,6677500000.0,,,2,,RUB,,3,,2023-09-20,
MMIX,RUSFAR1M,2023-09-21,RUSFAR 1M,RUSFAR 1 месяц,12.96,12.96,12.96,12.96,1800000000.0,,,2,,RUB,,3,,2023-09-21,
MMIX,RUSFAR1M,2023-09-22,RUSFAR 1M,RUSFAR 1 месяц,12.93,12.93,12.93,12.93,948840000.0,,,2,,RUB,,3,,2023-09-22,
MMIX,RUSFAR1M,2023-09-25,RUSFAR 1M,RUSFAR 1 месяц,12.98,12.98,12.98,12.98,10253000.0,,,2,,RUB,,3,,2023-09-25,
MMIX,RUSFAR1M,2023-09-26,RUSFAR 1M,RUSFAR 1 месяц,12.91,12.91,12.91,12.91,2500000.0,,,2,,RUB,,3,,2023-09-26,
MMIX,RUSFAR1M,2023-09-27,RUSFAR 1M,RUSFAR 1 месяц,12.91,12.91,12.91,12.91,2500000.0,,,2,,RUB,,3,,2023-09-27,
MMIX,RUSFAR1M,2023-09-28,RUSFAR 1M,RUSFAR 1 месяц,12.86,12.86,12.86,12.86,200000000.0,,,2,,RUB,,3,,2023-09-28,
MMIX,RUSFAR1M,2023-09-29,RUSFAR 1M,RUSFAR 1 месяц,12.87,12.87,12.87,12.87,40100000.0,,,2,,RUB,,3,,2023-09-29,
MMIX,RUSFAR1M,2023-10-02,RUSFAR 1M,RUSFAR 1 месяц,12.94,12.94,12.94,12.94,2500000.0,,,2,,RUB,,3,,2023-10-02,
MMIX,RUSFAR1M,2023-10-03,RUSFAR 1M,RUSFAR 1 месяц,12.9,12.9,12.9,12.9,253000000.0,,,2,,RUB,,3,,2023-10-03,
MMIX,RUSFAR1M,2023-10-04,RUSFAR 1M,RUSFAR 1 месяц,12.89,12.89,12.89,12.89,469127000.0,,,2,,RUB,,3,,2023-10-04,
MMIX,RUSFAR1M,2023-10-05,RUSFAR 1M,RUSFAR 1 месяц,12.89,12.89,12.89,12.89,10000000.0,,,2,,RUB,,3,,2023-10-05,
MMIX,RUSFAR1M,2023-10-06,RUSFAR 1M,RUSFAR 1 месяц,12.9,12.9,12.9,12.9,682065000.0,,,2,,RUB,,3,,2023-10-06,
MMIX,RUSFAR1M,2023-10-09,RUSFAR 1M,RUSFAR 1 месяц,13.01,13.01,13.01,13.01,969200000.0,,,2,,RUB,,3,,2023-10-09,
MMIX,RUSFAR1M,2023-10-10,RUSFAR 1M,RUSFAR 1 месяц,13.1,13.1,13.1,13.1,1316500000.0,,,2,,RUB,,3,,2023-10-10,
MMIX,RUSFAR1M,2023-10-11,RUSFAR 1M,RUSFAR 1 месяц,13.13,13.13,13.13,13.13,510000000.0,,,2,,RUB,,3,,2023-10-11,
MMIX,RUSFAR1M,2023-10-12,RUSFAR 1M,RUSFAR 1 месяц,13.23,13.23,13.23,13.23,883900000.0,,,2,,RUB,,3,,2023-10-12,
MMIX,RUSFAR1M,2023-10-13,RUSFAR 1M,RUSFAR 1 месяц,13.38,13.38,13.38,13.38,2410430000.0,,,2,,RUB,,3,,2023-10-13,
MMIX,RUSFAR1M,2023-10-16,RUSFAR 1M,RUSFAR 1 месяц,13.66,13.66,13.66,13.66,1266428000.0,,,2,,RUB,,3,,2023-10-16,
MMIX,RUSFAR1M,2023-10-17,RUSFAR 1M,RUSFAR 1 месяц,13.65,13.65,13.65,13.65,1472500000.0,,,2,,RUB,,3,,2023-10-17,
MMIX,RUSFAR1M,2023-10-18,RUSFAR 1M,RUSFAR 1 месяц,13.76,13.76,13.76,13.76,592000000.0,,,2,,RUB,,3,,2023-10-18,
MMIX,RUSFAR1M,2023-10-19,RUSFAR 1M,RUSFAR 1 месяц,13.67,13.67,13.67,13.67,206449000.0,,,2,,RUB,,3,,2023-10-19,
MMIX,RUSFAR1M,2023-10-20,RUSFAR 1M,RUSFAR 1 месяц,13.63,13.63,13.63,13.63,2444341000.0,,,2,,RUB,,3,,2023-10-20,
MMIX,RUSFAR1M,2023-10-23,RUSFAR 1M,RUSFAR 1 месяц,13.63,13.63,13.63,13.63,796550000.0,,,2,,RUB,,3,,2023-10-23,
MMIX,RUSFAR1M,2023-10-24,RUSFAR 1M,RUSFAR 1 месяц,13.62,13.62,13.62,13.62,18140000.0,,,2,,RUB,,3,,2023-10-24,
MMIX,RUSFAR1M,2023-10-25,RUSFAR 1M,RUSFAR 1 месяц,13.52,13.52,13.52,13.52,0.0,,,2,,RUB,,3,,2023-10-25,
MMIX,RUSFAR1M,2023-10-26,RUSFAR 1M,RUSFAR 1 месяц,13.5,13.5,13.5,13.5,10112000.0,,,2,,RUB,,3,,2023-10-26,
MMIX,RUSFAR1M,2023-10-27,RUSFAR 1M,RUSFAR 1 месяц,13.62,13.62,13.62,13.62,204275000.0,,,2,,RUB,,3,,2023-10-27,
MMIX,RUSFAR1M,2023-10-30,RUSFAR 1M,RUSFAR 1 месяц,14.6,14.6,14.6,14.6,957877000.0,,,2,,RUB,,3,,2023-10-30,
MMIX,RUSFAR1M,2023-10-31,RUSFAR 1M,RUSFAR 1 месяц,14.59,14.59,14.59,14.59,1408900000.0,,,2,,RUB,,3,,2023-10-31,
MMIX,RUSFAR1M,2023-11-01,RUSFAR 1M,RUSFAR 1 месяц,14.71,14.71,14.71,14.71,1113400000.0,,,2,,RUB,,3,,2023-11-01,
MMIX,RUSFAR1M,2023-11-02,RUSFAR 1M,RUSFAR 1 месяц,14.68,14.68,14.68,14.68,187000000.0,,,2,,RUB,,3,,2023-11-02,
MMIX,RUSFAR1M,2023-11-03,RUSFAR 1M,RUSFAR 1 месяц,14.63,14.63,14.63,14.63,972840000.0,,,2,,RUB,,3,,2023-11-03,
MMIX,RUSFAR1M,2023-11-07,RUSFAR 1M,RUSFAR 1 месяц,14.72,14.72,14.72,14.72,1004500000.0,,,2,,RUB,,3,,2023-11-07,
MMIX,RUSFAR1M,2023-11-08,RUSFAR 1M,RUSFAR 1 месяц,14.75,14.75,14.75,14.75,662531000.0,,,2,,RUB,,3,,2023-11-08,
MMIX,RUSFAR1M,2023-11-09,RUSFAR 1M,RUSFAR 1 месяц,14.7,14.7,14.7,14.7,1447355000.0,,,2,,RUB,,3,,2023-11-09,
MMIX,RUSFAR1M,2023-11-10,RUSFAR 1M,RUSFAR 1 месяц,14.75,14.75,14.75,14.75,417000000.0,,,2,,RUB,,3,,2023-11-10,
MMIX,RUSFAR1M,2023-11-13,RUSFAR 1M,RUSFAR 1 месяц,14.78,14.78,14.78,14.78,894502000.0,,,2,,RUB,,3,,2023-11-13,
MMIX,RUSFAR1M,2023-11-14,RUSFAR 1M,RUSFAR 1 месяц,14.92,14.92,14.92,14.92,19100000.0,,,2,,RUB,,3,,2023-11-14,
MMIX,RUSFAR1M,2023-11-15,RUSFAR 1M,RUSFAR 1 месяц,14.86,14.86,14.86,14.86,651100000.0,,,2,,RUB,,3,,2023-11-15,
MMIX,RUSFAR1M,2023-11-16,RUSFAR 1M,RUSFAR 1 месяц,14.91,14.91,14.91,14.91,420000000.0,,,2,,RUB,,3,,2023-11-16,
MMIX,RUSFAR1M,2023-11-17,RUSFAR 1M,RUSFAR 1 месяц,14.94,14.94,14.94,14.94,42250000.0,,,2,,RUB,,3,,2023-11-17,
MMIX,RUSFAR1M,2023-11-20,RUSFAR 1M,RUSFAR 1 месяц,15.0,15.0,15.0,15.0,0.0,,,2,,RUB,,3,,2023-11-20,
MMIX,RUSFAR1M,2023-11-21,RUSFAR 1M,RUSFAR 1 месяц,15.11,15.11,15.11,15.11,220000000.0,,,2,,RUB,,3,,2023-11-21,
MMIX,RUSFAR1M,2023-11-22,RUSFAR 1M,RUSFAR 1 месяц,15.08,15.08,15.08,15.08,28830000.0,,,2,,RUB,,3,,2023-11-22,
MMIX,RUSFAR1M,2023-11-23,RUSFAR 1M,RUSFAR 1 месяц,15.07,15.07,15.07,15.07,0.0,,,2,,RUB,,3,,2023-11-23,
MMIX,RUSFAR1M,2023-11-24,RUSFAR 1M,RUSFAR 1 месяц,15.17,15.17,15.17,15.17,385215000.0,,,2,,RUB,,3,,2023-11-24,
MMIX,RUSFAR1M,2023-11-27,RUSFAR 1M,RUSFAR 1 месяц,15.21,15.21,15.21,15.21,10000000.0,,,2,,RUB,,3,,2023-11-27,
MMIX,RUSFAR1M,2023-11-28,RUSFAR 1M,RUSFAR 1 месяц,15.38,15.38,15.38,15.38,1806170000.0,,,2,,RUB,,3,,2023-11-28,
MMIX,RUSFAR1M,2023-11-29,RUSFAR 1M,RUSFAR 1 месяц,15.34,15.34,15.34,15.34,4994000.0,,,2,,RUB,,3,,2023-11-29,
MMIX,RUSFAR1M,2023-11-30,RUSFAR 1M,RUSFAR 1 месяц,15.33,15.33,15.33,15.33,252500000.0,,,2,,RUB,,3,,2023-11-30,
MMIX,RUSFAR1M,2023-12-01,RUSFAR 1M,RUSFAR 1 месяц,15.36,15.36,15.36,15.36,127622000.0,,,2,,RUB,,3,,2023-12-01,
MMIX,RUSFAR1M,2023-12-04,RUSFAR 1M,RUSFAR 1 месяц,15.39,15.39,15.39,15.39,12500000.0,,,2,,RUB,,3,,2023-12-04,
MMIX,RUSFAR1M,2023-12-05,RUSFAR 1M,RUSFAR 1 месяц,15.56,15.56,15.56,15.56,1200000000.0,,,2,,RUB,,3,,2023-12-05,
MMIX,RUSFAR1M,2023-12-06,RUSFAR 1M,RUSFAR 1 месяц,15.55,15.55,15.55,15.55,264349000.0,,,2,,RUB,,3,,2023-12-06,
MMIX,RUSFAR1M,2023-12-07,RUSFAR 1M,RUSFAR 1 месяц,15.57,15.57,15.57,15.57,2080044000.0,,,2,,RUB,,3,,2023-12-07,
MMIX,RUSFAR1M,2023-12-08,RUSFAR 1M,RUSFAR 1 месяц,15.55,15.55,15.55,15.55,1822240000.0,,,2,,RUB,,3,,2023-12-08,
MMIX,RUSFAR1M,2023-12-11,RUSFAR 1M,RUSFAR 1 месяц,15.72,15.72,15.72,15.72,83042000.0,,,2,,RUB,,3,,2023-12-11,
MMIX,RUSFAR1M,2023-12-12,RUSFAR 1M,RUSFAR 1 месяц,15.8,15.8,15.8,15.8,410027000.0,,,2,,RUB,,3,,2023-12-12,
MMIX,RUSFAR1M,2023-12-13,RUSFAR 1M,RUSFAR 1 месяц,15.96,15.96,15.96,15.96,202409000.0,,,2,,RUB,,3,,2023-12-13,
MMIX,RUSFAR1M,2023-12-14,RUSFAR 1M,RUSFAR 1 месяц,16.11,16.11,16.11,16.11,175037000.0,,,2,,RUB,,3,,2023-12-14,
MMIX,RUSFAR1M,2023-12-15,RUSFAR 1M,RUSFAR 1 месяц,16.21,16.21,16.21,16.21,189881000.0,,,2,,RUB,,3,,2023-12-15,
MMIX,RUSFAR1M,2023-12-18,RUSFAR 1M,RUSFAR 1 месяц,15.95,15.95,15.95,15.95,175250000.0,,,2,,RUB,,3,,2023-12-18,
MMIX,RUSFAR1M,2023-12-19,RUSFAR 1M,RUSFAR 1 месяц,15.82,15.82,15.82,15.82,631126000.0,,,2,,RUB,,3,,2023-12-19,
MMIX,RUSFAR1M,2023-12-20,RUSFAR 1M,RUSFAR 1 месяц,15.83,15.83,15.83,15.83,1018019000.0,,,2,,RUB,,3,,2023-12-20,
MMIX,RUSFAR1M,2023-12-21,RUSFAR 1M,RUSFAR 1 месяц,15.8,15.8,15.8,15.8,1472346000.0,,,2,,RUB,,3,,2023-12-21,
MMIX,RUSFAR1M,2023-12-22,RUSFAR 1M,RUSFAR 1 месяц,15.74,15.74,15.74,15.74,210855000.0,,,2,,RUB,,3,,2023-12-22,
MMIX,RUSFAR1M,2023-12-25,RUSFAR 1M,RUSFAR 1 месяц,15.75,15.75,15.75,15.75,1025110000.0,,,2,,RUB,,3,,2023-12-25,
MMIX,RUSFAR1M,2023-12-26,RUSFAR 1M,RUSFAR 1 месяц,15.67,15.67,15.67,15.67,3296479000.0,,,2,,RUB,,3,,2023-12-26,
MMIX,RUSFAR1M,2023-12-27,RUSFAR 1M,RUSFAR 1 месяц,15.64,15.64,15.64,15.64,4490732000.0,,,2,,RUB,,3,,2023-12-27,
MMIX,RUSFAR1M,2023-12-28,RUSFAR 1M,RUSFAR 1 месяц,15.64,15.64,15.64,15.64,358650000.0,,,2,,RUB,,3,,2023-12-28,
MMIX,RUSFAR1M,2024-01-09,RUSFAR 1M,RUSFAR 1 месяц,15.81,15.81,15.81,15.81,541349000.0,,,2,,RUB,,3,,2024-01-09,
MMIX,RUSFAR1M,2024-01-10,RUSFAR 1M,RUSFAR 1 месяц,15.66,15.66,15.66,15.66,485277000.0,,,2,,RUB,,3,,2024-01-10,
MMIX,RUSFAR1M,2024-01-11,RUSFAR 1M,RUSFAR 1 месяц,15.6,15.6,15.6,15.6,658765000.0,,,2,,RUB,,3,,2024-01-11,
MMIX,RUSFAR1M,2024-01-12,RUSFAR 1M,RUSFAR 1 месяц,15.61,15.61,15.61,15.61,432453000.0,,,2,,RUB,,3,,2024-01-12,
MMIX,RUSFAR1M,2024-01-15,RUSFAR 1M,RUSFAR 1 месяц,15.81,15.81,15.81,15.81,20000000.0,,,2,,RUB,,3,,2024-01-15,
MMIX,RUSFAR1M,2024-01-16,RUSFAR 1M,RUSFAR 1 месяц,15.77,15.77,15.77,15.77,214003000.0,,,2,,RUB,,3,,2024-01-16,
MMIX,RUSFAR1M,2024-01-17,RUSFAR 1M,RUSFAR 1 месяц,15.67,15.67,15.67,15.67,1299266000.0,,,2,,RUB,,3,,2024-01-17,
MMIX,RUSFAR1M,2024-01-18,RUSFAR 1M,RUSFAR 1 месяц,15.78,15.78,15.78,15.78,1199420000.0,,,2,,RUB,,3,,2024-01-18,
MMIX,RUSFAR1M,2024-01-19,RUSFAR 1M,RUSFAR 1 месяц,15.79,15.79,15.79,15.79,36474000.0,,,2,,RUB,,3,,2024-01-19,
MMIX,RUSFAR1M,2024-01-22,RUSFAR 1M,RUSFAR 1 месяц,15.86,15.86,15.86,15.86,2332451000.0,,,2,,RUB,,3,,2024-01-22,
MMIX,RUSFAR1M,2024-01-23,RUSFAR 1M,RUSFAR 1 месяц,15.9,15.9,15.9,15.9,699962000.0,,,2,,RUB,,3,,2024-01-23,
MMIX,RUSFAR1M,2024-01-24,RUSFAR 1M,RUSFAR 1 месяц,15.91,15.91,15.91,15.91,1020000000.0,,,2,,RUB,,3,,2024-01-24,
MMIX,RUSFAR1M,2024-01-25,RUSFAR 1M,RUSFAR 1 месяц,15.92,15.92,15.92,15.92,170108000.0,,,2,,RUB,,3,,2024-01-25,
MMIX,RUSFAR1M,2024-01-26,RUSFAR 1M,RUSFAR 1 месяц,15.88,15.88,15.88,15.88,1173702000.0,,,2,,RUB,,3,,2024-01-26,
MMIX,RUSFAR1M,2024-01-29,RUSFAR 1M,RUSFAR 1 месяц,15.89,15.89,15.89,15.89,70942000.0,,,2,,RUB,,3,,2024-01-29,
MMIX,RUSFAR1M,2024-01-30,RUSFAR 1M,RUSFAR 1 месяц,15.84,15.84,15.84,15.84,646100000.0,,,2,,RUB,,3,,2024-01-30,
MMIX,RUSFAR1M,2024-01-31,RUSFAR 1M,RUSFAR 1 месяц,15.86,15.86,15.86,15.86,92198000.0,,,2,,RUB,,3,,2024-01-31,
MMIX,RUSFAR1M,2024-02-01,RUSFAR 1M,RUSFAR 1 месяц,15.85,15.85,15.85,15.85,301717000.0,,,2,,RUB,,3,,2024-02-01,
MMIX,RUSFAR1M,2024-02-02,RUSFAR 1M,RUSFAR 1 месяц,15.83,15.83,15.83,15.83,20500000.0,,,2,,RUB,,3,,2024-02-02,
MMIX,RUSFAR1M,2024-02-05,RUSFAR 1M,RUSFAR 1 месяц,15.89,15.89,15.89,15.89,1582842000.0,,,2,,RUB,,3,,2024-02-05,
MMIX,RUSFAR1M,2024-02-06,RUSFAR 1M,RUSFAR 1 месяц,15.97,15.97,15.97,15.97,188590000.0,,,2,,RUB,,3,,2024-02-06,
MMIX,RUSFAR1M,2024-02-07,RUSFAR 1M,RUSFAR 1 месяц,15.94,15.94,15.94,15.94,635652000.0,,,2,,RUB,,3,,2024-02-07,
MMIX,RUSFAR1M,2024-02-08,RUSFAR 1M,RUSFAR 1 месяц,15.89,15.89,15.89,15.89,158387000.0,,,2,,RUB,,3,,2024-02-08,
MMIX,RUSFAR1M,2024-02-09,RUSFAR 1M,RUSFAR 1 месяц,15.9,15.9,15.9,15.9,910600000.0,,,2,,RUB,,3,,2024-02-09,
MMIX,RUSFAR1M,2024-02-12,RUSFAR 1M,RUSFAR 1 месяц,15.99,15.99,15.99,15.99,10000000.0,,,2,,RUB,,3,,2024-02-12,
MMIX,RUSFAR1M,2024-02-13,RUSFAR 1M,RUSFAR 1 месяц,15.96,15.96,15.96,15.96,1566112000.0,,,2,,RUB,,3,,2024-02-13,
MMIX,RUSFAR1M,2024-02-14,RUSFAR 1M,RUSFAR 1 месяц,15.95,15.95,15.95,15.95,1289393000.0,,,2,,RUB,,3,,2024-02-14,
MMIX,RUSFAR1M,2024-02-15,RUSFAR 1M,RUSFAR 1 месяц,15.8,15.8,15.8,15.8,670179000.0,,,2,,RUB,,3,,2024-02-15,
MMIX,RUSFAR1M,2024-02-16,RUSFAR 1M,RUSFAR 1 месяц,15.86,15.86,15.86,15.86,824343000.0,,,2,,RUB,,3,,2024-02-16,
MMIX,RUSFAR1M,2024-02-19,RUSFAR 1M,RUSFAR 1 месяц,15.82,15.82,15.82,15.82,213276000.0,,,2,,RUB,,3,,2024-02-19,
MMIX,RUSFAR1M,2024-02-20,RUSFAR 1M,RUSFAR 1 месяц,15.82,15.82,15.82,15.82,1162222000.0,,,2,,RUB,,3,,2024-02-20,
MMIX,RUSFAR1M,2024-02-21,RUSFAR 1M,RUSFAR 1 месяц,15.82,15.82,15.82,15.82,148282000.0,,,2,,RUB,,3,,2024-02-21,
MMIX,RUSFAR1M,2024-02-22,RUSFAR 1M,RUSFAR 1 месяц,15.8,15.8,15.8,15.8,1959605000.0,,,2,,RUB,,3,,2024-02-22,
MMIX,RUSFAR1M,2024-02-26,RUSFAR 1M,RUSFAR 1 месяц,15.84,15.84,15.84,15.84,218746000.0,,,2,,RUB,,3,,2024-02-26,
MMIX,RUSFAR1M,2024-02-27,RUSFAR 1M,RUSFAR 1 месяц,15.87,15.87,15.87,15.87,1350775000.0,,,2,,RUB,,3,,2024-02-27,
MMIX,RUSFAR1M,2024-02-28,RUSFAR 1M,RUSFAR 1 месяц,15.87,15.87,15.87,15.87,218521000.0,,,2,,RUB,,3,,2024-02-28,
MMIX,RUSFAR1M,2024-02-29,RUSFAR 1M,RUSFAR 1 месяц,15.89,15.89,15.89,15.89,0.0,,,2,,RUB,,3,,2024-02-29,
MMIX,RUSFAR1M,2024-03-01,RUSFAR 1M,RUSFAR 1 месяц,15.87,15.87,15.87,15.87,261658000.0,,,2,,RUB,,3,,2024-03-01,
MMIX,RUSFAR1M,2024-03-04,RUSFAR 1M,RUSFAR 1 месяц,15.79,15.79,15.79,15.79,1352472000.0,,,2,,RUB,,3,,2024-03-04,
MMIX,RUSFAR1M,2024-03-05,RUSFAR 1M,RUSFAR 1 месяц,15.75,15.75,15.75,15.75,364539000.0,,,2,,RUB,,3,,2024-03-05,
MMIX,RUSFAR1M,2024-03-06,RUSFAR 1M,RUSFAR 1 месяц,15.72,15.72,15.72,15.72,274061000.0,,,2,,RUB,,3,,2024-03-06,
MMIX,RUSFAR1M,2024-03-07,RUSFAR 1M,RUSFAR 1 месяц,15.78,15.78,15.78,15.78,1760091000.0,,,2,,RUB,,3,,2024-03-07,
MMIX,RUSFAR1M,2024-03-11,RUSFAR 1M,RUSFAR 1 месяц,15.85,15.85,15.85,15.85,1356458000.0,,,2,,RUB,,3,,2024-03-11,
MMIX,RUSFAR1M,2024-03-12,RUSFAR 1M,RUSFAR 1 месяц,15.88,15.88,15.88,15.88,34000000.0,,,2,,RUB,,3,,2024-03-12,
MMIX,RUSFAR1M,2024-03-13,RUSFAR 1M,RUSFAR 1 месяц,15.86,15.86,15.86,15.86,601909000.0,,,2,,RUB,,3,,2024-03-13,
MMIX,RUSFAR1M,2024-03-14,RUSFAR 1M,RUSFAR 1 месяц,15.88,15.88,15.88,15.88,332465000.0,,,2,,RUB,,3,,2024-03-14,
MMIX,RUSFAR1M,2024-03-15,RUSFAR 1M,RUSFAR 1 месяц,15.87,15.87,15.87,15.87,568499000.0,,,2,,RUB,,3,,2024-03-15,
MMIX,RUSFAR1M,2024-03-18,RUSFAR 1M,RUSFAR 1 месяц,15.84,15.84,15.84,15.84,900300000.0,,,2,,RUB,,3,,2024-03-18,
MMIX,RUSFAR1M,2024-03-19,RUSFAR 1M,RUSFAR 1 месяц,15.83,15.83,15.83,15.83,151881000.0,,,2,,RUB,,3,,2024-03-19,
MMIX,RUSFAR1M,2024-03-20,RUSFAR 1M,RUSFAR 1 месяц,15.8,15.8,15.8,15.8,1059527000.0,,,2,,RUB,,3,,2024-03-20,
MMIX,RUSFAR1M,2024-03-21,RUSFAR 1M,RUSFAR 1 месяц,15.75,15.75,15.75,15.75,654868000.0,,,2,,RUB,,3,,2024-03-21,
MMIX,RUSFAR1M,2024-03-22,RUSFAR 1M,RUSFAR 1 месяц,15.73,15.73,15.73,15.73,252915000.0,,,2,,RUB,,3,,2024-03-22,
MMIX,RUSFAR1M,2024-03-25,RUSFAR 1M,RUSFAR 1 месяц,15.8,15.8,15.8,15.8,240300000.0,,,2,,RUB,,3,,2024-03-25,
MMIX,RUSFAR1M,2024-03-26,RUSFAR 1M,RUSFAR 1 месяц,15.82,15.82,15.82,15.82,175000000.0,,,2,,RUB,,3,,2024-03-26,
MMIX,RUSFAR1M,2024-03-27,RUSFAR 1M,RUSFAR 1 месяц,15.77,15.77,15.77,15.77,91292000.0,,,2,,RUB,,3,,2024-03-27,
MMIX,RUSFAR1M,2024-03-28,RUSFAR 1M,RUSFAR 1 месяц,15.77,15.77,15.77,15.77,208623000.0,,,2,,RUB,,3,,2024-03-28,
MMIX,RUSFAR1M,2024-03-29,RUSFAR 1M,RUSFAR 1 месяц,15.84,15.84,15.84,15.84,1488322000.0,,,2,,RUB,,3,,2024-03-29,
MMIX,RUSFAR1M,2024-04-01,RUSFAR 1M,RUSFAR 1 месяц,15.78,15.78,15.78,15.78,978202000.0,,,2,,RUB,,3,,2024-04-01,
MMIX,RUSFAR1M,2024-04-02,RUSFAR 1M,RUSFAR 1 месяц,15.81,15.81,15.81,15.81,94333000.0,,,2,,RUB,,3,,2024-04-02,
MMIX,RUSFAR1M,2024-04-03,RUSFAR 1M,RUSFAR 1 месяц,15.8,15.8,15.8,15.8,95164000.0,,,2,,RUB,,3,,2024-04-03,
MMIX,RUSFAR1M,2024-04-04,RUSFAR 1M,RUSFAR 1 месяц,15.78,15.78,15.78,15.78,61572000.0,,,2,,RUB,,3,,2024-04-04,
MMIX,RUSFAR1M,2024-04-05,RUSFAR 1M,RUSFAR 1 месяц,15.76,15.76,15.76,15.76,467594000.0,,,2,,RUB,,3,,2024-04-05,
MMIX,RUSFAR1M,2024-04-08,RUSFAR 1M,RUSFAR 1 месяц,15.79,15.79,15.79,15.79,1653984000.0,,,2,,RUB,,3,,2024-04-08,
MMIX,RUSFAR1M,2024-04-09,RUSFAR 1M,RUSFAR 1 месяц,15.76,15.76,15.76,15.76,85383000.0,,,2,,RUB,,3,,2024-04-09,
MMIX,RUSFAR1M,2024-04-10,RUSFAR 1M,RUSFAR 1 месяц,15.78,15.78,15.78,15.78,131266000.0,,,2,,RUB,,3,,2024-04-10,
MMIX,RUSFAR1M,2024-04-11,RUSFAR 1M,RUSFAR 1 месяц,15.75,15.75,15.75,15.75,248431000.0,,,2,,RUB,,3,,2024-04-11,
MMIX,RUSFAR1M,2024-04-12,RUSFAR 1M,RUSFAR 1 месяц,15.75,15.75,15.75,15.75,389064000.0,,,2,,RUB,,3,,2024-04-12,
MMIX,RUSFAR1M,2024-04-15,RUSFAR 1M,RUSFAR 1 месяц,15.78,15.78,15.78,15.78,1112254000.0,,,2,,RUB,,3,,2024-04-15,
MMIX,RUSFAR1M,2024-04-16,RUSFAR 1M,RUSFAR 1 месяц,15.83,15.83,15.83,15.83,1490402000.0,,,2,,RUB,,3,,2024-04-16,
MMIX,RUSFAR1M,2024-04-17,RUSFAR 1M,RUSFAR 1 месяц,15.8,15.8,15.8,15.8,21909000.0,,,2,,RUB,,3,,2024-04-17,
MMIX,RUSFAR1M,2024-04-18,RUSFAR 1M,RUSFAR 1 месяц,15.8,15.8,15.8,15.8,43813000.0,,,2,,RUB,,3,,2024-04-18,
MMIX,RUSFAR1M,2024-04-19,RUSFAR 1M,RUSFAR 1 месяц,15.84,15.84,15.84,15.84,250915000.0,,,2,,RUB,,3,,2024-04-19,
MMIX,RUSFAR1M,2024-04-22,RUSFAR 1M,RUSFAR 1 месяц,15.81,15.81,15.81,15.81,1635085000.0,,,2,,RUB,,3,,2024-04-22,
MMIX,RUSFAR1M,2024-04-23,RUSFAR 1M,RUSFAR 1 месяц,15.89,15.89,15.89,15.89,8546000.0,,,2,,RUB,,3,,2024-04-23,
MMIX,RUSFAR1M,2024-04-24,RUSFAR 1M,RUSFAR 1 месяц,15.86,15.86,15.86,15.86,416065000.0,,,2,,RUB,,3,,2024-04-24,
MMIX,RUSFAR1M,2024-04-25,RUSFAR 1M,RUSFAR 1 месяц,15.85,15.85,15.85,15.85,81381000.0,,,2,,RUB,,3,,2024-04-25,
MMIX,RUSFAR1M,2024-04-26,RUSFAR 1M,RUSFAR 1 месяц,15.86,15.86,15.86,15.86,1635280000.0,,,2,,RUB,,3,,2024-04-26,
MMIX,RUSFAR1M,2024-05-02,RUSFAR 1M,RUSFAR 1 месяц,15.9,15.9,15.9,15.9,740439000.0,,,2,,RUB,,3,,2024-05-02,
MMIX,RUSFAR1M,2024-05-03,RUSFAR 1M,RUSFAR 1 месяц,16.02,16.02,16.02,16.02,1746837000.0,,,2,,RUB,,3,,2024-05-03,
MMIX,RUSFAR1M,2024-05-06,RUSFAR 1M,RUSFAR 1 месяц,16.02,16.02,16.02,16.02,1273572000.0,,,2,,RUB,,3,,2024-05-06,
MMIX,RUSFAR1M,2024-05-07,RUSFAR 1M,RUSFAR 1 месяц,16.03,16.03,16.03,16.03,825697000.0,,,2,,RUB,,3,,2024-05-07,
MMIX,RUSFAR1M,2024-05-08,RUSFAR 1M,RUSFAR 1 месяц,16.03,16.03,16.03,16.03,167382000.0,,,2,,RUB,,3,,2024-05-08,
MMIX,RUSFAR1M,2024-05-13,RUSFAR 1M,RUSFAR 1 месяц,16.05,16.05,16.05,16.05,1427902000.0,,,2,,RUB,,3,,2024-05-13,
MMIX,RUSFAR1M,2024-05-14,RUSFAR 1M,RUSFAR 1 месяц,16.07,16.07,16.07,16.07,2360680000.0,,,2,,RUB,,3,,2024-05-14,
MMIX,RUSFAR1M,2024-05-15,RUSFAR 1M,RUSFAR 1 месяц,16.04,16.04,16.04,16.04,98574000.0,,,2,,RUB,,3,,2024-05-15,
MMIX,RUSFAR1M,2024-05-16,RUSFAR 1M,RUSFAR 1 месяц,15.98,15.98,15.98,15.98,722037000.0,,,2,,RUB,,3,,2024-05-16,
MMIX,RUSFAR1M,2024-05-17,RUSFAR 1M,RUSFAR 1 месяц,15.91,15.91,15.91,15.91,1563592000.0,,,2,,RUB,,3,,2024-05-17,
MMIX,RUSFAR1M,2024-05-20,RUSFAR 1M,RUSFAR 1 месяц,15.89,15.89,15.89,15.89,1030722000.0,,,2,,RUB,,3,,2024-05-20,
MMIX,RUSFAR1M,2024-05-21,RUSFAR 1M,RUSFAR 1 месяц,15.94,15.94,15.94,15.94,2000000000.0,,,2,,RUB,,3,,2024-05-21,
MMIX,RUSFAR1M,2024-05-22,RUSFAR 1M,RUSFAR 1 месяц,15.95,15.95,15.95,15.95,1793522000.0,,,2,,RUB,,3,,2024-05-22,
MMIX,RUSFAR1M,2024-05-23,RUSFAR 1M,RUSFAR 1 месяц,16.02,16.02,16.02,16.02,574144000.0,,,2,,RUB,,3,,2024-05-23,
MMIX,RUSFAR1M,2024-05-24,RUSFAR 1M,RUSFAR 1 месяц,15.98,15.98,15.98,15.98,142986000.0,,,2,,RUB,,3,,2024-05-24,
MMIX,RUSFAR1M,2024-05-27,RUSFAR 1M,RUSFAR 1 месяц,16.15,16.15,16.15,16.15,3641475000.0,,,2,,RUB,,3,,2024-05-27,
MMIX,RUSFAR1M,2024-05-28,RUSFAR 1M,RUSFAR 1 месяц,16.2,16.2,16.2,16.2,603504000.0,,,2,,RUB,,3,,2024-05-28,
MMIX,RUSFAR1M,2024-05-29,RUSFAR 1M,RUSFAR 1 месяц,16.29,16.29,16.29,16.29,1409491000.0,,,2,,RUB,,3,,2024-05-29,
MMIX,RUSFAR1M,2024-05-30,RUSFAR 1M,RUSFAR 1 месяц,16.41,16.41,16.41,16.41,382105000.0,,,2,,RUB,,3,,2024-05-30,
MMIX,RUSFAR1M,2024-05-31,RUSFAR 1M,RUSFAR 1 месяц,16.48,16.48,16.48,16.48,330575000.0,,,2,,RUB,,3,,2024-05-31,
MMIX,RUSFAR1M,2024-06-03,RUSFAR 1M,RUSFAR 1 месяц,16.69,16.69,16.69,16.69,112108000.0,,,2,,RUB,,3,,2024-06-03,
MMIX,RUSFAR1M,2024-06-04,RUSFAR 1M,RUSFAR 1 месяц,16.55,16.55,16.55,16.55,205086000.0,,,2,,RUB,,3,,2024-06-04,
MMIX,RUSFAR1M,2024-06-05,RUSFAR 1M,RUSFAR 1 месяц,16.68,16.68,16.68,16.68,1014471000.0,,,2,,RUB,,3,,2024-06-05,
MMIX,RUSFAR1M,2024-06-06,RUSFAR 1M,RUSFAR 1 месяц,16.7,16.7,16.7,16.7,245532000.0,,,2,,RUB,,3,,2024-06-06,
MMIX,RUSFAR1M,2024-06-07,RUSFAR 1M,RUSFAR 1 месяц,16.71,16.71,16.71,16.71,53139000.0,,,2,,RUB,,3,,2024-06-07,
MMIX,RUSFAR1M,2024-06-10,RUSFAR 1M,RUSFAR 1 месяц,15.87,15.87,15.87,15.87,25571000.0,,,2,,RUB,,3,,2024-06-10,
MMIX,RUSFAR1M,2024-06-11,RUSFAR 1M,RUSFAR 1 месяц,15.79,15.79,15.79,15.79,456837000.0,,,2,,RUB,,3,,2024-06-11,
MMIX,RUSFAR1M,2024-06-13,RUSFAR 1M,RUSFAR 1 месяц,16.01,16.01,16.01,16.01,141577000.0,,,2,,RUB,,3,,2024-06-13,
MMIX,RUSFAR1M,2024-06-14,RUSFAR 1M,RUSFAR 1 месяц,15.85,15.85,15.85,15.85,1090086000.0,,,2,,RUB,,3,,2024-06-14,
MMIX,RUSFAR1M,2024-06-17,RUSFAR 1M,RUSFAR 1 месяц,15.85,15.85,15.85,15.85,190695000.0,,,2,,RUB,,3,,2024-06-17,
MMIX,RUSFAR1M,2024-06-18,RUSFAR 1M,RUSFAR 1 месяц,15.9,15.9,15.9,15.9,100450000.0,,,2,,RUB,,3,,2024-06-18,
MMIX,RUSFAR1M,2024-06-19,RUSFAR 1M,RUSFAR 1 месяц,15.85,15.85,15.85,15.85,105017000.0,,,2,,RUB,,3,,2024-06-19,
MMIX,RUSFAR1M,2024-06-20,RUSFAR 1M,RUSFAR 1 месяц,15.83,15.83,15.83,15.83,5000000.0,,,2,,RUB,,3,,2024-06-20,
MMIX,RUSFAR1M,2024-06-21,RUSFAR 1M,RUSFAR 1 месяц,15.85,15.85,15.85,15.85,1257423000.0,,,2,,RUB,,3,,2024-06-21,
MMIX,RUSFAR1M,2024-06-24,RUSFAR 1M,RUSFAR 1 месяц,15.88,15.88,15.88,15.88,307807000.0,,,2,,RUB,,3,,2024-06-24,
MMIX,RUSFAR1M,2024-06-25,RUSFAR 1M,RUSFAR 1 месяц,15.9,15.9,15.9,15.9,1383275000.0,,,2,,RUB,,3,,2024-06-25,
MMIX,RUSFAR1M,2024-06-26,RUSFAR 1M,RUSFAR 1 месяц,15.91,15.91,15.91,15.91,325338000.0,,,2,,RUB,,3,,2024-06-26,
MMIX,RUSFAR1M,2024-06-27,RUSFAR 1M,RUSFAR 1 месяц,15.92,15.92,15.92,15.92,215250000.0,,,2,,RUB,,3,,2024-06-27,
MMIX,RUSFAR1M,2024-06-28,RUSFAR 1M,RUSFAR 1 месяц,15.98,15.98,15.98,15.98,491128000.0,,,2,,RUB,,3,,2024-06-28,
MMIX,RUSFAR1M,2024-07-01,RUSFAR 1M,RUSFAR 1 месяц,16.08,16.08,16.08,16.08,108271000.0,,,2,,RUB,,3,,2024-07-01,
MMIX,RUSFAR1M,2024-07-02,RUSFAR 1M,RUSFAR 1 месяц,16.33,16.33,16.33,16.33,27771000.0,,,2,,RUB,,3,,2024-07-02,
MMIX,RUSFAR1M,2024-07-03,RUSFAR 1M,RUSFAR 1 месяц,16.31,16.31,16.31,16.31,101063000.0,,,2,,RUB,,3,,2024-07-03,
MMIX,RUSFAR1M,2024-07-04,RUSFAR 1M,RUSFAR 1 месяц,16.12,16.12,16.12,16.12,1309100000.0,,,2,,RUB,,3,,2024-07-04,
MMIX,RUSFAR1M,2024-07-05,RUSFAR 1M,RUSFAR 1 месяц,16.2,16.2,16.2,16.2,841737000.0,,,2,,RUB,,3,,2024-07-05,
MMIX,RUSFAR1M,2024-07-08,RUSFAR 1M,RUSFAR 1 месяц,16.24,16.24,16.24,16.24,323710000.0,,,2,,RUB,,3,,2024-07-08,
MMIX,RUSFAR1M,2024-07-09,RUSFAR 1M,RUSFAR 1 месяц,16.26,16.26,16.26,16.26,1000000.0,,,2,,RUB,,3,,2024-07-09,
MMIX,RUSFAR1M,2024-07-10,RUSFAR 1M,RUSFAR 1 месяц,16.62,16.62,16.62,16.62,1113054000.0,,,2,,RUB,,3,,2024-07-10,
MMIX,RUSFAR1M,2024-07-11,RUSFAR 1M,RUSFAR 1 месяц,16.85,16.85,16.85,16.85,2065000.0,,,2,,RUB,,3,,2024-07-11,
MMIX,RUSFAR1M,2024-07-12,RUSFAR 1M,RUSFAR 1 месяц,16.92,16.92,16.92,16.92,1613258000.0,,,2,,RUB,,3,,2024-07-12,
MMIX,RUSFAR1M,2024-07-15,RUSFAR 1M,RUSFAR 1 месяц,16.85,16.85,16.85,16.85,244155000.0,,,2,,RUB,,3,,2024-07-15,
MMIX,RUSFAR1M,2024-07-16,RUSFAR 1M,RUSFAR 1 месяц,16.72,16.72,16.72,16.72,11500000.0,,,2,,RUB,,3,,2024-07-16,
MMIX,RUSFAR1M,2024-07-17,RUSFAR 1M,RUSFAR 1 месяц,16.86,16.86,16.86,16.86,112317000.0,,,2,,RUB,,3,,2024-07-17,
MMIX,RUSFAR1M,2024-07-18,RUSFAR 1M,RUSFAR 1 месяц,16.89,16.89,16.89,16.89,426927000.0,,,2,,RUB,,3,,2024-07-18,
MMIX,RUSFAR1M,2024-07-19,RUSFAR 1M,RUSFAR 1 месяц,16.89,16.89,16.89,16.89,503289000.0,,,2,,RUB,,3,,2024-07-19,
MMIX,RUSFAR1M,2024-07-22,RUSFAR 1M,RUSFAR 1 месяц,16.94,16.94,16.94,16.94,208509000.0,,,2,,RUB,,3,,2024-07-22,
MMIX,RUSFAR1M,2024-07-23,RUSFAR 1M,RUSFAR 1 месяц,17.07,17.07,17.07,17.07,1431234000.0,,,2,,RUB,,3,,2024-07-23,
MMIX,RUSFAR1M,2024-07-24,RUSFAR 1M,RUSFAR 1 месяц,17.12,17.12,17.12,17.12,1282054000.0,,,2,,RUB,,3,,2024-07-24,
MMIX,RUSFAR1M,2024-07-25,RUSFAR 1M,RUSFAR 1 месяц,17.24,17.24,17.24,17.24,28229000.0,,,2,,RUB,,3,,2024-07-25,
MMIX,RUSFAR1M,2024-07-26,RUSFAR 1M,RUSFAR 1 месяц,17.33,17.33,17.33,17.33,319475000.0,,,2,,RUB,,3,,2024-07-26,
MMIX,RUSFAR1M,2024-07-29,RUSFAR 1M,RUSFAR 1 месяц,17.6,17.6,17.6,17.6,330813000.0,,,2,,RUB,,3,,2024-07-29,
MMIX,RUSFAR1M,2024-07-30,RUSFAR 1M,RUSFAR 1 месяц,17.64,17.64,17.64,17.64,864324000.0,,,2,,RUB,,3,,2024-07-30,
MMIX,RUSFAR1M,2024-07-31,RUSFAR 1M,RUSFAR 1 месяц,17.66,17.66,17.66,17.66,911750000.0,,,2,,RUB,,3,,2024-07-31,
MMIX,RUSFAR1M,2024-08-01,RUSFAR 1M,RUSFAR 1 месяц,17.65,17.65,17.65,17.65,33638000.0,,,2,,RUB,,3,,2024-08-01,
MMIX,RUSFAR1M,2024-08-02,RUSFAR 1M,RUSFAR 1 месяц,17.64,17.64,17.64,17.64,3130645000.0,,,2,,RUB,,3,,2024-08-02,
MMIX,RUSFAR1M,2024-08-05,RUSFAR 1M,RUSFAR 1 месяц,17.72,17.72,17.72,17.72,265048000.0,,,2,,RUB,,3,,2024-08-05,
MMIX,RUSFAR1M,2024-08-06,RUSFAR 1M,RUSFAR 1 месяц,17.7,17.7,17.7,17.7,229156000.0,,,2,,RUB,,3,,2024-08-06,
MMIX,RUSFAR1M,2024-08-07,RUSFAR 1M,RUSFAR 1 месяц,17.72,17.72,17.72,17.72,18374000.0,,,2,,RUB,,3,,2024-08-07,
MMIX,RUSFAR1M,2024-08-08,RUSFAR 1M,RUSFAR 1 месяц,17.69,17.69,17.69,17.69,513243000.0,,,2,,RUB,,3,,2024-08-08,
MMIX,RUSFAR1M,2024-08-09,RUSFAR 1M,RUSFAR 1 месяц,17.68,17.68,17.68,17.68,3285295000.0,,,2,,RUB,,3,,2024-08-09,
MMIX,RUSFAR1M,2024-08-12,RUSFAR 1M,RUSFAR 1 месяц,17.88,17.88,17.88,17.88,95208000.0,,,2,,RUB,,3,,2024-08-12,
MMIX,RUSFAR1M,2024-08-13,RUSFAR 1M,RUSFAR 1 месяц,18.03,18.03,18.03,18.03,77935000.0,,,2,,RUB,,3,,2024-08-13,
MMIX,RUSFAR1M,2024-08-14,RUSFAR 1M,RUSFAR 1 месяц,18.01,18.01,18.01,18.01,368908000.0,,,2,,RUB,,3,,2024-08-14,
MMIX,RUSFAR1M,2024-08-15,RUSFAR 1M,RUSFAR 1 месяц,17.99,17.99,17.99,17.99,348951000.0,,,2,,RUB,,3,,2024-08-15,
MMIX,RUSFAR1M,2024-08-16,RUSFAR 1M,RUSFAR 1 месяц,17.92,17.92,17.92,17.92,1335418000.0,,,2,,RUB,,3,,2024-08-16,
MMIX,RUSFAR1M,2024-08-19,RUSFAR 1M,RUSFAR 1 месяц,17.91,17.91,17.91,17.91,538751000.0,,,2,,RUB,,3,,2024-08-19,
MMIX,RUSFAR1M,2024-08-20,RUSFAR 1M,RUSFAR 1 месяц,17.9,17.9,17.9,17.9,1227528000.0,,,2,,RUB,,3,,2024-08-20,
MMIX,RUSFAR1M,2024-08-21,RUSFAR 1M,RUSFAR 1 месяц,17.92,17.92,17.92,17.92,1228793000.0,,,2,,RUB,,3,,2024-08-21,
MMIX,RUSFAR1M,2024-08-22,RUSFAR 1M,RUSFAR 1 месяц,18.01,18.01,18.01,18.01,827456000.0,,,2,,RUB,,3,,2024-08-22,
MMIX,RUSFAR1M,2024-08-23,RUSFAR 1M,RUSFAR 1 месяц,18.12,18.12,18.12,18.12,365326000.0,,,2,,RUB,,3,,2024-08-23,
MMIX,RUSFAR1M,2024-08-26,RUSFAR 1M,RUSFAR 1 месяц,18.14,18.14,18.14,18.14,380435000.0,,,2,,RUB,,3,,2024-08-26,
MMIX,RUSFAR1M,2024-08-27,RUSFAR 1M,RUSFAR 1 месяц,18.14,18.14,18.14,18.14,104895000.0,,,2,,RUB,,3,,2024-08-27,
MMIX,RUSFAR1M,2024-08-28,RUSFAR 1M,RUSFAR 1 месяц,18.12,18.12,18.12,18.12,187470000.0,,,2,,RUB,,3,,2024-08-28,
MMIX,RUSFAR1M,2024-08-29,RUSFAR 1M,RUSFAR 1 месяц,18.17,18.17,18.17,18.17,46915000.0,,,2,,RUB,,3,,2024-08-29,
MMIX,RUSFAR1M,2024-08-30,RUSFAR 1M,RUSFAR 1 месяц,18.42,18.42,18.42,18.42,55474000.0,,,2,,RUB,,3,,2024-08-30,
MMIX,RUSFAR1M,2024-09-02,RUSFAR 1M,RUSFAR 1 месяц,18.54,18.54,18.54,18.54,459865000.0,,,2,,RUB,,3,,2024-09-02,
MMIX,RUSFAR1M,2024-09-03,RUSFAR 1M,RUSFAR 1 месяц,18.53,18.53,18.53,18.53,27599000.0,,,2,,RUB,,3,,2024-09-03,
MMIX,RUSFAR1M,2024-09-04,RUSFAR 1M,RUSFAR 1 месяц,18.5,18.5,18.5,18.5,64606000.0,,,2,,RUB,,3,,2024-09-04,
MMIX,RUSFAR1M,2024-09-05,RUSFAR 1M,RUSFAR 1 месяц,18.51,18.51,18.51,18.51,805189000.0,,,2,,RUB,,3,,2024-09-05,
MMIX,RUSFAR1M,2024-09-06,RUSFAR 1M,RUSFAR 1 месяц,18.6,18.6,18.6,18.6,55280000.0,,,2,,RUB,,3,,2024-09-06,
MMIX,RUSFAR1M,2024-09-09,RUSFAR 1M,RUSFAR 1 месяц,18.63,18.63,18.63,18.63,609000000.0,,,2,,RUB,,3,,2024-09-09,
MMIX,RUSFAR1M,2024-09-10,RUSFAR 1M,RUSFAR 1 месяц,18.57,18.57,18.57,18.57,1202500000.0,,,2,,RUB,,3,,2024-09-10,
MMIX,RUSFAR1M,2024-09-11,RUSFAR 1M,RUSFAR 1 месяц,18.72,18.72,18.72,18.72,239720000.0,,,2,,RUB,,3,,2024-09-11,
MMIX,RUSFAR1M,2024-09-12,RUSFAR 1M,RUSFAR 1 месяц,18.76,18.76,18.76,18.76,18750000.0,,,2,,RUB,,3,,2024-09-12,
MMIX,RUSFAR1M,2024-09-13,RUSFAR 1M,RUSFAR 1 месяц,18.99,18.99,18.99,18.99,1288436000.0,,,2,,RUB,,3,,2024-09-13,
MMIX,RUSFAR1M,2024-09-16,RUSFAR 1M,RUSFAR 1 месяц,19.08,19.08,19.08,19.08,1183829000.0,,,2,,RUB,,3,,2024-09-16,
MMIX,RUSFAR1M,2024-09-17,RUSFAR 1M,RUSFAR 1 месяц,19.09,19.09,19.09,19.09,556593000.0,,,2,,RUB,,3,,2024-09-17,
MMIX,RUSFAR1M,2024-09-18,RUSFAR 1M,RUSFAR 1 месяц,19.09,19.09,19.09,19.09,875440000.0,,,2,,RUB,,3,,2024-09-18,
MMIX,RUSFAR1M,2024-09-19,RUSFAR 1M,RUSFAR 1 месяц,19.08,19.08,19.08,19.08,1268225000.0,,,2,,RUB,,3,,2024-09-19,
MMIX,RUSFAR1M,2024-09-20,RUSFAR 1M,RUSFAR 1 месяц,18.99,18.99,18.99,18.99,2631870000.0,,,2,,RUB,,3,,2024-09-20,
MMIX,RUSFAR1M,2024-09-23,RUSFAR 1M,RUSFAR 1 месяц,19.0,19.0,19.0,19.0,248808000.0,,,2,,RUB,,3,,2024-09-23,
MMIX,RUSFAR1M,2024-09-24,RUSFAR 1M,RUSFAR 1 месяц,18.98,18.98,18.98,18.98,130363000.0,,,2,,RUB,,3,,2024-09-24,
MMIX,RUSFAR1M,2024-09-25,RUSFAR 1M,RUSFAR 1 месяц,19.0,19.0,19.0,19.0,153181000.0,,,2,,RUB,,3,,2024-09-25,
MMIX,RUSFAR1M,2024-09-26,RUSFAR 1M,RUSFAR 1 месяц,18.98,18.98,18.98,18.98,6226000.0,,,2,,RUB,,3,,2024-09-26,
MMIX,RUSFAR1M,2024-09-27,RUSFAR 1M,RUSFAR 1 месяц,18.98,18.98,18.98,18.98,1040900000.0,,,2,,RUB,,3,,2024-09-27,
MMIX,RUSFAR1M,2024-09-30,RUSFAR 1M,RUSFAR 1 месяц,18.98,18.98,18.98,18.98,134960000.0,,,2,,RUB,,3,,2024-09-30,
MMIX,RUSFAR1M,2024-10-01,RUSFAR 1M,RUSFAR 1 месяц,19.06,19.06,19.06,19.06,65272000.0,,,2,,RUB,,3,,2024-10-01,
MMIX,RUSFAR1M,2024-10-02,RUSFAR 1M,RUSFAR 1 месяц,19.05,19.05,19.05,19.05,367311000.0,,,2,,RUB,,3,,2024-10-02,
MMIX,RUSFAR1M,2024-10-03,RUSFAR 1M,RUSFAR 1 месяц,19.01,19.01,19.01,19.01,137221000.0,,,2,,RUB,,3,,2024-10-03,
MMIX,RUSFAR1M,2024-10-04,RUSFAR 1M,RUSFAR 1 месяц,19.1,19.1,19.1,19.1,240423000.0,,,2,,RUB,,3,,2024-10-04,
MMIX,RUSFAR1M,2024-10-07,RUSFAR 1M,RUSFAR 1 месяц,19.15,19.15,19.15,19.15,692501000.0,,,2,,RUB,,3,,2024-10-07,
MMIX,RUSFAR1M,2024-10-08,RUSFAR 1M,RUSFAR 1 месяц,19.19,19.19,19.19,19.19,11600000.0,,,2,,RUB,,3,,2024-10-08,
MMIX,RUSFAR1M,2024-10-09,RUSFAR 1M,RUSFAR 1 месяц,19.34,19.34,19.34,19.34,58680000.0,,,2,,RUB,,3,,2024-10-09,
MMIX,RUSFAR1M,2024-10-10,RUSFAR 1M,RUSFAR 1 месяц,19.46,19.46,19.46,19.46,12250000.0,,,2,,RUB,,3,,2024-10-10,
MMIX,RUSFAR1M,2024-10-11,RUSFAR 1M,RUSFAR 1 месяц,19.51,19.51,19.51,19.51,599472000.0,,,2,,RUB,,3,,2024-10-11,
MMIX,RUSFAR1M,2024-10-14,RUSFAR 1M,RUSFAR 1 месяц,19.41,19.41,19.41,19.41,1032845000.0,,,2,,RUB,,3,,2024-10-14,
MMIX,RUSFAR1M,2024-10-15,RUSFAR 1M,RUSFAR 1 месяц,19.43,19.43,19.43,19.43,68306000.0,,,2,,RUB,,3,,2024-10-15,
MMIX,RUSFAR1M,2024-10-16,RUSFAR 1M,RUSFAR 1 месяц,19.53,19.53,19.53,19.53,71034000.0,,,2,,RUB,,3,,2024-10-16,
MMIX,RUSFAR1M,2024-10-17,RUSFAR 1M,RUSFAR 1 месяц,19.71,19.71,19.71,19.71,984807000.0,,,2,,RUB,,3,,2024-10-17,
MMIX,RUSFAR1M,2024-10-18,RUSFAR 1M,RUSFAR 1 месяц,19.91,19.91,19.91,19.91,2851962000.0,,,2,,RUB,,3,,2024-10-18,
MMIX,RUSFAR1M,2024-10-21,RUSFAR 1M,RUSFAR 1 месяц,19.96,19.96,19.96,19.96,571477000.0,,,2,,RUB,,3,,2024-10-21,
MMIX,RUSFAR1M,2024-10-22,RUSFAR 1M,RUSFAR 1 месяц,19.95,19.95,19.95,19.95,82027000.0,,,2,,RUB,,3,,2024-10-22,
MMIX,RUSFAR1M,2024-10-23,RUSFAR 1M,RUSFAR 1 месяц,20.08,20.08,20.08,20.08,171661000.0,,,2,,RUB,,3,,2024-10-23,
MMIX,RUSFAR1M,2024-10-24,RUSFAR 1M,RUSFAR 1 месяц,20.09,20.09,20.09,20.09,606014000.0,,,2,,RUB,,3,,2024-10-24,
MMIX,RUSFAR1M,2024-10-25,RUSFAR 1M,RUSFAR 1 месяц,20.1,20.1,20.1,20.1,220732000.0,,,2,,RUB,,3,,2024-10-25,
MMIX,RUSFAR1M,2024-10-28,RUSFAR 1M,RUSFAR 1 месяц,20.8,20.8,20.8,20.8,1084435000.0,,,2,,RUB,,3,,2024-10-28,
MMIX,RUSFAR1M,2024-10-29,RUSFAR 1M,RUSFAR 1 месяц,20.89,20.89,20.89,20.89,1728719000.0,,,2,,RUB,,3,,2024-10-29,
MMIX,RUSFAR1M,2024-10-30,RUSFAR 1M,RUSFAR 1 месяц,20.91,20.91,20.91,20.91,2100192000.0,,,2,,RUB,,3,,2024-10-30,
MMIX,RUSFAR1M,2024-10-31,RUSFAR 1M,RUSFAR 1 месяц,20.93,20.93,20.93,20.93,892705000.0,,,2,,RUB,,3,,2024-10-31,
MMIX,RUSFAR1M,2024-11-01,RUSFAR 1M,RUSFAR 1 месяц,21.01,21.01,21.01,21.01,818797000.0,,,2,,RUB,,3,,2024-11-01,
MMIX,RUSFAR1M,2024-11-05,RUSFAR 1M,RUSFAR 1 месяц,21.05,21.05,21.05,21.05,2262405000.0,,,2,,RUB,,3,,2024-11-05,
MMIX,RUSFAR1M,2024-11-06,RUSFAR 1M,RUSFAR 1 месяц,21.04,21.04,21.04,21.04,254854000.0,,,2,,RUB,,3,,2024-11-06,
MMIX,RUSFAR1M,2024-11-07,RUSFAR 1M,RUSFAR 1 месяц,21.0,21.0,21.0,21.0,50000000.0,,,2,,RUB,,3,,2024-11-07,
MMIX,RUSFAR1M,2024-11-08,RUSFAR 1M,RUSFAR 1 месяц,20.99,20.99,20.99,20.99,1763416000.0,,,2,,RUB,,3,,2024-11-08,
MMIX,RUSFAR1M,2024-11-11,RUSFAR 1M,RUSFAR 1 месяц,20.97,20.97,20.97,20.97,2375170000.0,,,2,,RUB,,3,,2024-11-11,
MMIX,RUSFAR1M,2024-11-12,RUSFAR 1M,RUSFAR 1 месяц,21.26,21.26,21.26,21.26,5842257000.0,,,2,,RUB,,3,,2024-11-12,
MMIX,RUSFAR1M,2024-11-13,RUSFAR 1M,RUSFAR 1 месяц,21.05,21.05,21.05,21.05,2582826000.0,,,2,,RUB,,3,,2024-11-13,
MMIX,RUSFAR1M,2024-11-14,RUSFAR 1M,RUSFAR 1 месяц,21.0,21.0,21.0,21.0,56789000.0,,,2,,RUB,,3,,2024-11-14,
MMIX,RUSFAR1M,2024-11-15,RUSFAR 1M,RUSFAR 1 месяц,20.97,20.97,20.97,20.97,571903000.0,,,2,,RUB,,3,,2024-11-15,
MMIX,RUSFAR1M,2024-11-18,RUSFAR 1M,RUSFAR 1 месяц,20.98,20.98,20.98,20.98,81088000.0,,,2,,RUB,,3,,2024-11-18,
MMIX,RUSFAR1M,2024-11-19,RUSFAR 1M,RUSFAR 1 месяц,20.98,20.98,20.98,20.98,2600857000.0,,,2,,RUB,,3,,2024-11-19,
MMIX,RUSFAR1M,2024-11-20,RUSFAR 1M,RUSFAR 1 месяц,20.92,20.92,20.92,20.92,213237000.0,,,2,,RUB,,3,,2024-11-20,
MMIX,RUSFAR1M,2024-11-21,RUSFAR 1M,RUSFAR 1 месяц,20.95,20.95,20.95,20.95,227812000.0,,,2,,RUB,,3,,2024-11-21,
MMIX,RUSFAR1M,2024-11-22,RUSFAR 1M,RUSFAR 1 месяц,21.04,21.04,21.04,21.04,197144000.0,,,2,,RUB,,3,,2024-11-22,
MMIX,RUSFAR1M,2024-11-25,RUSFAR 1M,RUSFAR 1 месяц,21.02,21.02,21.02,21.02,76490000.0,,,2,,RUB,,3,,2024-11-25,
MMIX,RUSFAR1M,2024-11-26,RUSFAR 1M,RUSFAR 1 месяц,21.08,21.08,21.08,21.08,198212000.0,,,2,,RUB,,3,,2024-11-26,
MMIX,RUSFAR1M,2024-11-27,RUSFAR 1M,RUSFAR 1 месяц,21.05,21.05,21.05,21.05,12279000.0,,,2,,RUB,,3,,2024-11-27,
MMIX,RUSFAR1M,2024-11-28,RUSFAR 1M,RUSFAR 1 месяц,21.11,21.11,21.11,21.11,219153000.0,,,2,,RUB,,3,,2024-11-28,
MMIX,RUSFAR1M,2024-11-29,RUSFAR 1M,RUSFAR 1 месяц,21.07,21.07,21.07,21.07,1114120000.0,,,2,,RUB,,3,,2024-11-29,
MMIX,RUSFAR1M,2024-12-02,RUSFAR 1M,RUSFAR 1 месяц,21.09,21.09,21.09,21.09,29801000.0,,,2,,RUB,,3,,2024-12-02,
MMIX,RUSFAR1M,2024-12-03,RUSFAR 1M,RUSFAR 1 месяц,21.3,21.3,21.3,21.3,200100000.0,,,2,,RUB,,3,,2024-12-03,
MMIX,RUSFAR1M,2024-12-04,RUSFAR 1M,RUSFAR 1 месяц,21.37,21.37,21.37,21.37,205584000.0,,,2,,RUB,,3,,2024-12-04,
MMIX,RUSFAR1M,2024-12-05,RUSFAR 1M,RUSFAR 1 месяц,21.46,21.46,21.46,21.46,72670000.0,,,2,,RUB,,3,,2024-12-05,
MMIX,RUSFAR1M,2024-12-06,RUSFAR 1M,RUSFAR 1 месяц,21.5,21.5,21.5,21.5,148990000.0,,,2,,RUB,,3,,2024-12-06,
MMIX,RUSFAR1M,2024-12-09,RUSFAR 1M,RUSFAR 1 месяц,21.53,21.53,21.53,21.53,190629000.0,,,2,,RUB,,3,,2024-12-09,
MMIX,RUSFAR1M,2024-12-10,RUSFAR 1M,RUSFAR 1 месяц,21.8,21.8,21.8,21.8,28348000.0,,,2,,RUB,,3,,2024-12-10,
MMIX,RUSFAR1M,2024-12-11,RUSFAR 1M,RUSFAR 1 месяц,21.9,21.9,21.9,21.9,27920000.0,,,2,,RUB,,3,,2024-12-11,
MMIX,RUSFAR1M,2024-12-12,RUSFAR 1M,RUSFAR 1 месяц,22.29,22.29,22.29,22.29,1623951000.0,,,2,,RUB,,3,,2024-12-12,
MMIX,RUSFAR1M,2024-12-13,RUSFAR 1M,RUSFAR 1 месяц,22.56,22.56,22.56,22.56,512834000.0,,,2,,RUB,,3,,2024-12-13,
MMIX,RUSFAR1M,2024-12-16,RUSFAR 1M,RUSFAR 1 месяц,22.66,22.66,22.66,22.66,161243000.0,,,2,,RUB,,3,,2024-12-16,
MMIX,RUSFAR1M,2024-12-17,RUSFAR 1M,RUSFAR 1 месяц,22.82,22.82,22.82,22.82,810678000.0,,,2,,RUB,,3,,2024-12-17,
MMIX,RUSFAR1M,2024-12-18,RUSFAR 1M,RUSFAR 1 месяц,23.41,23.41,23.41,23.41,151765000.0,,,2,,RUB,,3,,2024-12-18,
MMIX,RUSFAR1M,2024-12-19,RUSFAR 1M,RUSFAR 1 месяц,23.25,23.25,23.25,23.25,407052000.0,,,2,,RUB,,3,,2024-12-19,
MMIX,RUSFAR1M,2024-12-20,RUSFAR 1M,RUSFAR 1 месяц,23.3,23.3,23.3,23.3,1047432000.0,,,2,,RUB,,3,,2024-12-20,
MMIX,RUSFAR1M,2024-12-23,RUSFAR 1M,RUSFAR 1 месяц,21.1,21.1,21.1,21.1,473375000.0,,,2,,RUB,,3,,2024-12-23,
MMIX,RUSFAR1M,2024-12-24,RUSFAR 1M,RUSFAR 1 месяц,21.01,21.01,21.01,21.01,6068976000.0,,,2,,RUB,,3,,2024-12-24,
MMIX,RUSFAR1M,2024-12-25,RUSFAR 1M,RUSFAR 1 месяц,20.99,20.99,20.99,20.99,4920388000.0,,,2,,RUB,,3,,2024-12-25,
MMIX,RUSFAR1M,2024-12-26,RUSFAR 1M,RUSFAR 1 месяц,20.95,20.95,20.95,20.95,10400000000.0,,,2,,RUB,,3,,2024-12-26,
MMIX,RUSFAR1M,2024-12-27,RUSFAR 1M,RUSFAR 1 месяц,20.88,20.88,20.88,20.88,742537000.0,,,2,,RUB,,3,,2024-12-27,
MMIX,RUSFAR1M,2025-01-09,RUSFAR 1M,RUSFAR 1 месяц,20.99,20.99,20.99,20.99,4605876000.0,,,2,,RUB,,3,,2025-01-09,
MMIX,RUSFAR1M,2025-01-10,RUSFAR 1M,RUSFAR 1 месяц,20.92,20.92,20.92,20.92,591563000.0,,,2,,RUB,,3,,2025-01-10,
MMIX,RUSFAR1M,2025-01-13,RUSFAR 1M,RUSFAR 1 месяц,20.95,20.95,20.95,20.95,508655000.0,,,2,,RUB,,3,,2025-01-13,
MMIX,RUSFAR1M,2025-01-14,RUSFAR 1M,RUSFAR 1 месяц,20.91,20.91,20.91,20.91,1680275000.0,,,2,,RUB,,3,,2025-01-14,
MMIX,RUSFAR1M,2025-01-15,RUSFAR 1M,RUSFAR 1 месяц,20.93,20.93,20.93,20.93,81217000.0,,,2,,RUB,,3,,2025-01-15,
MMIX,RUSFAR1M,2025-01-16,RUSFAR 1M,RUSFAR 1 месяц,20.96,20.96,20.96,20.96,225535000.0,,,2,,RUB,,3,,2025-01-16,
MMIX,RUSFAR1M,2025-01-17,RUSFAR 1M,RUSFAR 1 месяц,21.0,21.0,21.0,21.0,5273745000.0,,,2,,RUB,,3,,2025-01-17,
MMIX,RUSFAR1M,2025-01-20,RUSFAR 1M,RUSFAR 1 месяц,21.11,21.11,21.11,21.11,739394000.0,,,2,,RUB,,3,,2025-01-20,
MMIX,RUSFAR1M,2025-01-21,RUSFAR 1M,RUSFAR 1 месяц,21.08,21.08,21.08,21.08,12201000.0,,,2,,RUB,,3,,2025-01-21,
MMIX,RUSFAR1M,2025-01-22,RUSFAR 1M,RUSFAR 1 месяц,21.08,21.08,21.08,21.08,414621000.0,,,2,,RUB,,3,,2025-01-22,
MMIX,RUSFAR1M,2025-01-23,RUSFAR 1M,RUSFAR 1 месяц,21.05,21.05,21.05,21.05,1432256000.0,,,2,,RUB,,3,,2025-01-23,
MMIX,RUSFAR1M,2025-01-24,RUSFAR 1M,RUSFAR 1 месяц,21.02,21.02,21.02,21.02,973197000.0,,,2,,RUB,,3,,2025-01-24,
MMIX,RUSFAR1M,2025-01-27,RUSFAR 1M,RUSFAR 1 месяц,20.96,20.96,20.96,20.96,391786000.0,,,2,,RUB,,3,,2025-01-27,
MMIX,RUSFAR1M,2025-01-28,RUSFAR 1M,RUSFAR 1 месяц,21.0,21.0,21.0,21.0,1150908000.0,,,2,,RUB,,3,,2025-01-28,
MMIX,RUSFAR1M,2025-01-29,RUSFAR 1M,RUSFAR 1 месяц,20.97,20.97,20.97,20.97,9193000.0,,,2,,RUB,,3,,2025-01-29,
MMIX,RUSFAR1M,2025-01-30,RUSFAR 1M,RUSFAR 1 месяц,20.95,20.95,20.95,20.95,1008895000.0,,,2,,RUB,,3,,2025-01-30,
MMIX,RUSFAR1M,2025-01-31,RUSFAR 1M,RUSFAR 1 месяц,20.84,20.84,20.84,20.84,4415069000.0,,,2,,RUB,,3,,2025-01-31,
MMIX,RUSFAR1M,2025-02-03,RUSFAR 1M,RUSFAR 1 месяц,20.92,20.92,20.92,20.92,2690514000.0,,,2,,RUB,,3,,2025-02-03,
MMIX,RUSFAR1M,2025-02-04,RUSFAR 1M,RUSFAR 1 месяц,20.86,20.86,20.86,20.86,47090000.0,,,2,,RUB,,3,,2025-02-04,
MMIX,RUSFAR1M,2025-02-05,RUSFAR 1M,RUSFAR 1 месяц,20.87,20.87,20.87,20.87,70177000.0,,,2,,RUB,,3,,2025-02-05,
MMIX,RUSFAR1M,2025-02-06,RUSFAR 1M,RUSFAR 1 месяц,20.89,20.89,20.89,20.89,348779000.0,,,2,,RUB,,3,,2025-02-06,
MMIX,RUSFAR1M,2025-02-07,RUSFAR 1M,RUSFAR 1 месяц,20.83,20.83,20.83,20.83,1251906000.0,,,2,,RUB,,3,,2025-02-07,
MMIX,RUSFAR1M,2025-02-10,RUSFAR 1M,RUSFAR 1 месяц,20.92,20.92,20.92,20.92,81939000.0,,,2,,RUB,,3,,2025-02-10,
MMIX,RUSFAR1M,2025-02-11,RUSFAR 1M,RUSFAR 1 месяц,21.07,21.07,21.07,21.07,2218991000.0,,,2,,RUB,,3,,2025-02-11,
MMIX,RUSFAR1M,2025-02-12,RUSFAR 1M,RUSFAR 1 месяц,21.03,21.03,21.03,21.03,312853000.0,,,2,,RUB,,3,,2025-02-12,
MMIX,RUSFAR1M,2025-02-13,RUSFAR 1M,RUSFAR 1 месяц,20.98,20.98,20.98,20.98,163729000.0,,,2,,RUB,,3,,2025-02-13,
MMIX,RUSFAR1M,2025-02-14,RUSFAR 1M,RUSFAR 1 месяц,21.02,21.02,21.02,21.02,688213000.0,,,2,,RUB,,3,,2025-02-14,
MMIX,RUSFAR1M,2025-02-17,RUSFAR 1M,RUSFAR 1 месяц,20.99,20.99,20.99,20.99,4603515000.0,,,2,,RUB,,3,,2025-02-17,
MMIX,RUSFAR1M,2025-02-18,RUSFAR 1M,RUSFAR 1 месяц,21.02,21.02,21.02,21.02,2516468000.0,,,2,,RUB,,3,,2025-02-18,
MMIX,RUSFAR1M,2025-02-19,RUSFAR 1M,RUSFAR 1 месяц,21.02,21.02,21.02,21.02,4061623000.0,,,2,,RUB,,3,,2025-02-19,
MMIX,RUSFAR1M,2025-02-20,RUSFAR 1M,RUSFAR 1 месяц,21.05,21.05,21.05,21.05,5104845000.0,,,2,,RUB,,3,,2025-02-20,
MMIX,RUSFAR1M,2025-02-21,RUSFAR 1M,RUSFAR 1 месяц,21.06,21.06,21.06,21.06,730820000.0,,,2,,RUB,,3,,2025-02-21,
MMIX,RUSFAR1M,2025-02-24,RUSFAR 1M,RUSFAR 1 месяц,21.12,21.12,21.12,21.12,3938973000.0,,,2,,RUB,,3,,2025-02-24,
MMIX,RUSFAR1M,2025-02-25,RUSFAR 1M,RUSFAR 1 месяц,21.11,21.11,21.11,21.11,157032000.0,,,2,,RUB,,3,,2025-02-25,
MMIX,RUSFAR1M,2025-02-26,RUSFAR 1M,RUSFAR 1 месяц,21.12,21.12,21.12,21.12,9392754000.0,,,2,,RUB,,3,,2025-02-26,
MMIX,RUSFAR1M,2025-02-27,RUSFAR 1M,RUSFAR 1 месяц,21.13,21.13,21.13,21.13,5232527000.0,,,2,,RUB,,3,,2025-02-27,
MMIX,RUSFAR1M,2025-02-28,RUSFAR 1M,RUSFAR 1 месяц,21.15,21.15,21.15,21.15,734618000.0,,,2,,RUB,,3,,2025-02-28,
MMIX,RUSFAR1M,2025-03-03,RUSFAR 1M,RUSFAR 1 месяц,21.25,21.25,21.25,21.25,634408000.0,,,2,,RUB,,3,,2025-03-03,
MMIX,RUSFAR1M,2025-03-04,RUSFAR 1M,RUSFAR 1 месяц,21.29,21.29,21.29,21.29,145500000.0,,,2,,RUB,,3,,2025-03-04,
MMIX,RUSFAR1M,2025-03-05,RUSFAR 1M,RUSFAR 1 месяц,21.33,21.33,21.33,21.33,91984000.0,,,2,,RUB,,3,,2025-03-05,
MMIX,RUSFAR1M,2025-03-06,RUSFAR 1M,RUSFAR 1 месяц,21.26,21.26,21.26,21.26,50200000.0,,,2,,RUB,,3,,2025-03-06,
MMIX,RUSFAR1M,2025-03-07,RUSFAR 1M,RUSFAR 1 месяц,21.24,21.24,21.24,21.24,284736000.0,,,2,,RUB,,3,,2025-03-07,
MMIX,RUSFAR1M,2025-03-10,RUSFAR 1M,RUSFAR 1 месяц,21.29,21.29,21.29,21.29,279000.0,,,2,,RUB,,3,,2025-03-10,
MMIX,RUSFAR1M,2025-03-11,RUSFAR 1M,RUSFAR 1 месяц,21.2,21.2,21.2,21.2,630903000.0,,,2,,RUB,,3,,2025-03-11,
MMIX,RUSFAR1M,2025-03-12,RUSFAR 1M,RUSFAR 1 месяц,21.16,21.16,21.16,21.16,339360000.0,,,2,,RUB,,3,,2025-03-12,
MMIX,RUSFAR1M,2025-03-13,RUSFAR 1M,RUSFAR 1 месяц,21.23,21.23,21.23,21.23,80100000.0,,,2,,RUB,,3,,2025-03-13,
MMIX,RUSFAR1M,2025-03-14,RUSFAR 1M,RUSFAR 1 месяц,21.25,21.25,21.25,21.25,656263000.0,,,2,,RUB,,3,,2025-03-14,
MMIX,RUSFAR1M,2025-03-17,RUSFAR 1M,RUSFAR 1 месяц,21.38,21.38,21.38,21.38,2602771000.0,,,2,,RUB,,3,,2025-03-17,
MMIX,RUSFAR1M,2025-03-18,RUSFAR 1M,RUSFAR 1 месяц,21.33,21.33,21.33,21.33,6603000.0,,,2,,RUB,,3,,2025-03-18,
MMIX,RUSFAR1M,2025-03-19,RUSFAR 1M,RUSFAR 1 месяц,21.35,21.35,21.35,21.35,2449100000.0,,,2,,RUB,,3,,2025-03-19,
MMIX,RUSFAR1M,2025-03-20,RUSFAR 1M,RUSFAR 1 месяц,21.3,21.3,21.3,21.3,169523000.0,,,2,,RUB,,3,,2025-03-20,
MMIX,RUSFAR1M,2025-03-21,RUSFAR 1M,RUSFAR 1 месяц,21.32,21.32,21.32,21.32,70743000.0,,,2,,RUB,,3,,2025-03-21,
MMIX,RUSFAR1M,2025-03-24,RUSFAR 1M,RUSFAR 1 месяц,21.38,21.38,21.38,21.38,1567251000.0,,,2,,RUB,,3,,2025-03-24,
MMIX,RUSFAR1M,2025-03-25,RUSFAR 1M,RUSFAR 1 месяц,21.47,21.47,21.47,21.47,4556904000.0,,,2,,RUB,,3,,2025-03-25,
MMIX,RUSFAR1M,2025-03-26,RUSFAR 1M,RUSFAR 1 месяц,21.5,21.5,21.5,21.5,4686542000.0,,,2,,RUB,,3,,2025-03-26,
MMIX,RUSFAR1M,2025-03-27,RUSFAR 1M,RUSFAR 1 месяц,21.46,21.46,21.46,21.46,864858000.0,,,2,,RUB,,3,,2025-03-27,
MMIX,RUSFAR1M,2025-03-28,RUSFAR 1M,RUSFAR 1 месяц,21.36,21.36,21.36,21.36,935039000.0,,,2,,RUB,,3,,2025-03-28,
MMIX,RUSFAR1M,2025-03-31,RUSFAR 1M,RUSFAR 1 месяц,21.5,21.5,21.5,21.5,312013000.0,,,2,,RUB,,3,,2025-03-31,
MMIX,RUSFAR1M,2025-04-01,RUSFAR 1M,RUSFAR 1 месяц,21.52,21.52,21.52,21.52,889445000.0,,,2,,RUB,,3,,2025-04-01,
MMIX,RUSFAR1M,2025-04-02,RUSFAR 1M,RUSFAR 1 месяц,21.6,21.6,21.6,21.6,1235500000.0,,,2,,RUB,,3,,2025-04-02,
MMIX,RUSFAR1M,2025-04-03,RUSFAR 1M,RUSFAR 1 месяц,21.62,21.62,21.62,21.62,368061000.0,,,2,,RUB,,3,,2025-04-03,
MMIX,RUSFAR1M,2025-04-04,RUSFAR 1M,RUSFAR 1 месяц,21.61,21.61,21.61,21.61,145742000.0,,,2,,RUB,,3,,2025-04-04,
MMIX,RUSFAR1M,2025-04-07,RUSFAR 1M,RUSFAR 1 месяц,21.57,21.57,21.57,21.57,1308178000.0,,,2,,RUB,,3,,2025-04-07,
MMIX,RUSFAR1M,2025-04-08,RUSFAR 1M,RUSFAR 1 месяц,21.49,21.49,21.49,21.49,549864000.0,,,2,,RUB,,3,,2025-04-08,
MMIX,RUSFAR1M,2025-04-09,RUSFAR 1M,RUSFAR 1 месяц,21.6,21.6,21.6,21.6,68410000.0,,,2,,RUB,,3,,2025-04-09,
MMIX,RUSFAR1M,2025-04-10,RUSFAR 1M,RUSFAR 1 месяц,21.58,21.58,21.58,21.58,100662000.0,,,2,,RUB,,3,,2025-04-10,
MMIX,RUSFAR1M,2025-04-11,RUSFAR 1M,RUSFAR 1 месяц,21.34,21.34,21.34,21.34,276791000.0,,,2,,RUB,,3,,2025-04-11,
MMIX,RUSFAR1M,2025-04-14,RUSFAR 1M,RUSFAR 1 месяц,21.48,21.48,21.48,21.48,1500680000.0,,,2,,RUB,,3,,2025-04-14,
MMIX,RUSFAR1M,2025-04-15,RUSFAR 1M,RUSFAR 1 месяц,21.4,21.4,21.4,21.4,2153211000.0,,,2,,RUB,,3,,2025-04-15,
MMIX,RUSFAR1M,2025-04-16,RUSFAR 1M,RUSFAR 1 месяц,21.23,21.23,21.23,21.23,1371030000.0,,,2,,RUB,,3,,2025-04-16,
MMIX,RUSFAR1M,2025-04-17,RUSFAR 1M,RUSFAR 1 месяц,21.06,21.06,21.06,21.06,3284849000.0,,,2,,RUB,,3,,2025-04-17,
MMIX,RUSFAR1M,2025-04-18,RUSFAR 1M,RUSFAR 1 месяц,21.06,21.06,21.06,21.06,699853000.0,,,2,,RUB,,3,,2025-04-18,
MMIX,RUSFAR1M,2025-04-21,RUSFAR 1M,RUSFAR 1 месяц,21.1,21.1,21.1,21.1,1002678000.0,,,2,,RUB,,3,,2025-04-21,
MMIX,RUSFAR1M,2025-04-22,RUSFAR 1M,RUSFAR 1 месяц,21.06,21.06,21.06,21.06,2082664000.0,,,2,,RUB,,3,,2025-04-22,
MMIX,RUSFAR1M,2025-04-23,RUSFAR 1M,RUSFAR 1 месяц,21.1,21.1,21.1,21.1,456976000.0,,,2,,RUB,,3,,2025-04-23,
MMIX,RUSFAR1M,2025-04-24,RUSFAR 1M,RUSFAR 1 месяц,21.07,21.07,21.07,21.07,909326000.0,,,2,,RUB,,3,,2025-04-24,
MMIX,RUSFAR1M,2025-04-25,RUSFAR 1M,RUSFAR 1 месяц,20.99,20.99,20.99,20.99,3670578000.0,,,2,,RUB,,3,,2025-04-25,
MMIX,RUSFAR1M,2025-04-28,RUSFAR 1M,RUSFAR 1 месяц,21.01,21.01,21.01,21.01,3470260000.0,,,2,,RUB,,3,,2025-04-28,
MMIX,RUSFAR1M,2025-04-29,RUSFAR 1M,RUSFAR 1 месяц,20.97,20.97,20.97,20.97,2548091000.0,,,2,,RUB,,3,,2025-04-29,
MMIX,RUSFAR1M,2025-04-30,RUSFAR 1M,RUSFAR 1 месяц,21.01,21.01,21.01,21.01,1391088000.0,,,2,,RUB,,3,,2025-04-30,
MMIX,RUSFAR1M,2025-05-05,RUSFAR 1M,RUSFAR 1 месяц,20.91,20.91,20.91,20.91,468805000.0,,,2,,RUB,,3,,2025-05-05,
MMIX,RUSFAR1M,2025-05-06,RUSFAR 1M,RUSFAR 1 месяц,21.01,21.01,21.01,21.01,6138616000.0,,,2,,RUB,,3,,2025-05-06,
MMIX,RUSFAR1M,2025-05-07,RUSFAR 1M,RUSFAR 1 месяц,20.97,20.97,20.97,20.97,6502172000.0,,,2,,RUB,,3,,2025-05-07,
MMIX,RUSFAR1M,2025-05-12,RUSFAR 1M,RUSFAR 1 месяц,20.97,20.97,20.97,20.97,335645000.0,,,2,,RUB,,3,,2025-05-12,
MMIX,RUSFAR1M,2025-05-13,RUSFAR 1M,RUSFAR 1 месяц,20.95,20.95,20.95,20.95,5550809000.0,,,2,,RUB,,3,,2025-05-13,
MMIX,RUSFAR1M,2025-05-14,RUSFAR 1M,RUSFAR 1 месяц,20.93,20.93,20.93,20.93,691934000.0,,,2,,RUB,,3,,2025-05-14,
MMIX,RUSFAR1M,2025-05-15,RUSFAR 1M,RUSFAR 1 месяц,20.98,20.98,20.98,20.98,63822000.0,,,2,,RUB,,3,,2025-05-15,
MMIX,RUSFAR1M,2025-05-16,RUSFAR 1M,RUSFAR 1 месяц,20.91,20.91,20.91,20.91,1162755000.0,,,2,,RUB,,3,,2025-05-16,
MMIX,RUSFAR1M,2025-05-19,RUSFAR 1M,RUSFAR 1 месяц,20.88,20.88,20.88,20.88,79865000.0,,,2,,RUB,,3,,2025-05-19,
MMIX,RUSFAR1M,2025-05-20,RUSFAR 1M,RUSFAR 1 месяц,20.86,20.86,20.86,20.86,1758000.0,,,2,,RUB,,3,,2025-05-20,
MMIX,RUSFAR1M,2025-05-21,RUSFAR 1M,RUSFAR 1 месяц,20.86,20.86,20.86,20.86,170303000.0,,,2,,RUB,,3,,2025-05-21,
MMIX,RUSFAR1M,2025-05-22,RUSFAR 1M,RUSFAR 1 месяц,20.84,20.84,20.84,20.84,56039000.0,,,2,,RUB,,3,,2025-05-22,
MMIX,RUSFAR1M,2025-05-23,RUSFAR 1M,RUSFAR 1 месяц,20.83,20.83,20.83,20.83,1080778000.0,,,2,,RUB,,3,,2025-05-23,
MMIX,RUSFAR1M,2025-05-26,RUSFAR 1M,RUSFAR 1 месяц,20.73,20.73,20.73,20.73,164964000.0,,,2,,RUB,,3,,2025-05-26,
MMIX,RUSFAR1M,2025-05-27,RUSFAR 1M,RUSFAR 1 месяц,20.61,20.61,20.61,20.61,262964000.0,,,2,,RUB,,3,,2025-05-27,
MMIX,RUSFAR1M,2025-05-28,RUSFAR 1M,RUSFAR 1 месяц,20.74,20.74,20.74,20.74,800921000.0,,,2,,RUB,,3,,2025-05-28,
MMIX,RUSFAR1M,2025-05-29,RUSFAR 1M,RUSFAR 1 месяц,20.64,20.64,20.64,20.64,140561000.0,,,2,,RUB,,3,,2025-05-29,
MMIX,RUSFAR1M,2025-05-30,RUSFAR 1M,RUSFAR 1 месяц,20.72,20.72,20.72,20.72,769858000.0,,,2,,RUB,,3,,2025-05-30,
MMIX,RUSFAR1M,2025-06-02,RUSFAR 1M,RUSFAR 1 месяц,20.67,20.67,20.67,20.67,536451000.0,,,2,,RUB,,3,,2025-06-02,
MMIX,RUSFAR1M,2025-06-03,RUSFAR 1M,RUSFAR 1 месяц,20.57,20.57,20.57,20.57,1009000.0,,,2,,RUB,,3,,2025-06-03,
MMIX,RUSFAR1M,2025-06-04,RUSFAR 1M,RUSFAR 1 месяц,20.39,20.39,20.39,20.39,219441000.0,,,2,,RUB,,3,,2025-06-04,
MMIX,RUSFAR1M,2025-06-05,RUSFAR 1M,RUSFAR 1 месяц,20.32,20.32,20.32,20.32,65072000.0,,,2,,RUB,,3,,2025-06-05,
MMIX,RUSFAR1M,2025-06-06,RUSFAR 1M,RUSFAR 1 месяц,20.15,20.15,20.15,20.15,369576000.0,,,2,,RUB,,3,,2025-06-06,
MMIX,RUSFAR1M,2025-06-09,RUSFAR 1M,RUSFAR 1 месяц,19.87,19.87,19.87,19.87,1465447000.0,,,2,,RUB,,3,,2025-06-09,
MMIX,RUSFAR1M,2025-06-10,RUSFAR 1M,RUSFAR 1 месяц,19.97,19.97,19.97,19.97,1983414000.0,,,2,,RUB,,3,,2025-06-10,
MMIX,RUSFAR1M,2025-06-11,RUSFAR 1M,RUSFAR 1 месяц,19.91,19.91,19.91,19.91,386275000.0,,,2,,RUB,,3,,2025-06-11,
MMIX,RUSFAR1M,2025-06-16,RUSFAR 1M,RUSFAR 1 месяц,19.93,19.93,19.93,19.93,1302633000.0,,,2,,RUB,,3,,2025-06-16,
MMIX,RUSFAR1M,2025-06-17,RUSFAR 1M,RUSFAR 1 месяц,19.93,19.93,19.93,19.93,1766151000.0,,,2,,RUB,,3,,2025-06-17,
MMIX,RUSFAR1M,2025-06-18,RUSFAR 1M,RUSFAR 1 месяц,19.96,19.96,19.96,19.96,2628422000.0,,,2,,RUB,,3,,2025-06-18,
MMIX,RUSFAR1M,2025-06-19,RUSFAR 1M,RUSFAR 1 месяц,19.95,19.95,19.95,19.95,208387000.0,,,2,,RUB,,3,,2025-06-19,
MMIX,RUSFAR1M,2025-06-20,RUSFAR 1M,RUSFAR 1 месяц,19.9,19.9,19.9,19.9,2797454000.0,,,2,,RUB,,3,,2025-06-20,
MMIX,RUSFAR1M,2025-06-23,RUSFAR 1M,RUSFAR 1 месяц,22.44,22.44,22.44,22.44,544133000.0,,,2,,RUB,,3,,2025-06-23,
MMIX,RUSFAR1M,2025-06-24,RUSFAR 1M,RUSFAR 1 месяц,19.89,19.89,19.89,19.89,200863000.0,,,2,,RUB,,3,,2025-06-24,
MMIX,RUSFAR1M,2025-06-25,RUSFAR 1M,RUSFAR 1 месяц,19.9,19.9,19.9,19.9,366106000.0,,,2,,RUB,,3,,2025-06-25,
MMIX,RUSFAR1M,2025-06-26,RUSFAR 1M,RUSFAR 1 месяц,19.88,19.88,19.88,19.88,1971283000.0,,,2,,RUB,,3,,2025-06-26,
MMIX,RUSFAR1M,2025-06-27,RUSFAR 1M,RUSFAR 1 месяц,19.93,19.93,19.93,19.93,2435159000.0,,,2,,RUB,,3,,2025-06-27,
MMIX,RUSFAR1M,2025-06-30,RUSFAR 1M,RUSFAR 1 месяц,20.04,20.04,20.04,20.04,48633000.0,,,2,,RUB,,3,,2025-06-30,
MMIX,RUSFAR1M,2025-07-01,RUSFAR 1M,RUSFAR 1 месяц,19.92,19.92,19.92,19.92,689383000.0,,,2,,RUB,,3,,2025-07-01,
MMIX,RUSFAR1M,2025-07-02,RUSFAR 1M,RUSFAR 1 месяц,19.97,19.97,19.97,19.97,565880000.0,,,2,,RUB,,3,,2025-07-02,
MMIX,RUSFAR1M,2025-07-03,RUSFAR 1M,RUSFAR 1 месяц,19.79,19.79,19.79,19.79,21000000.0,,,2,,RUB,,3,,2025-07-03,
MMIX,RUSFAR1M,2025-07-04,RUSFAR 1M,RUSFAR 1 месяц,19.75,19.75,19.75,19.75,237515000.0,,,2,,RUB,,3,,2025-07-04,
MMIX,RUSFAR1M,2025-07-07,RUSFAR 1M,RUSFAR 1 месяц,19.71,19.71,19.71,19.71,72126000.0,,,2,,RUB,,3,,2025-07-07,
MMIX,RUSFAR1M,2025-07-08,RUSFAR 1M,RUSFAR 1 месяц,19.71,19.71,19.71,19.71,323265000.0,,,2,,RUB,,3,,2025-07-08,
MMIX,RUSFAR1M,2025-07-09,RUSFAR 1M,RUSFAR 1 месяц,19.54,19.54,19.54,19.54,321784000.0,,,2,,RUB,,3,,2025-07-09,
MMIX,RUSFAR1M,2025-07-10,RUSFAR 1M,RUSFAR 1 месяц,19.13,19.13,19.13,19.13,3692023000.0,,,2,,RUB,,3,,2025-07-10,
MMIX,RUSFAR1M,2025-07-11,RUSFAR 1M,RUSFAR 1 месяц,18.9,18.9,18.9,18.9,928259000.0,,,2,,RUB,,3,,2025-07-11,
MMIX,RUSFAR1M,2025-07-14,RUSFAR 1M,RUSFAR 1 месяц,18.85,18.85,18.85,18.85,73504000.0,,,2,,RUB,,3,,2025-07-14,
MMIX,RUSFAR1M,2025-07-15,RUSFAR 1M,RUSFAR 1 месяц,18.89,18.89,18.89,18.89,34864000.0,,,2,,RUB,,3,,2025-07-15,
MMIX,RUSFAR1M,2025-07-16,RUSFAR 1M,RUSFAR 1 месяц,18.71,18.71,18.71,18.71,8517385000.0,,,2,,RUB,,3,,2025-07-16,
MMIX,RUSFAR1M,2025-07-17,RUSFAR 1M,RUSFAR 1 месяц,18.61,18.61,18.61,18.61,2996074000.0,,,2,,RUB,,3,,2025-07-17,
MMIX,RUSFAR1M,2025-07-18,RUSFAR 1M,RUSFAR 1 месяц,18.38,18.38,18.38,18.38,4170071000.0,,,2,,RUB,,3,,2025-07-18,
MMIX,RUSFAR1M,2025-07-21,RUSFAR 1M,RUSFAR 1 месяц,18.45,18.45,18.45,18.45,252978000.0,,,2,,RUB,,3,,2025-07-21,
MMIX,RUSFAR1M,2025-07-22,RUSFAR 1M,RUSFAR 1 месяц,18.37,18.37,18.37,18.37,1363901000.0,,,2,,RUB,,3,,2025-07-22,
MMIX,RUSFAR1M,2025-07-23,RUSFAR 1M,RUSFAR 1 месяц,18.41,18.41,18.41,18.41,2423899000.0,,,2,,RUB,,3,,2025-07-23,
MMIX,RUSFAR1M,2025-07-24,RUSFAR 1M,RUSFAR 1 месяц,18.34,18.34,18.34,18.34,640643000.0,,,2,,RUB,,3,,2025-07-24,
MMIX,RUSFAR1M,2025-07-25,RUSFAR 1M,RUSFAR 1 месяц,18.28,18.28,18.28,18.28,2074843000.0,,,2,,RUB,,3,,2025-07-25,
MMIX,RUSFAR1M,2025-07-28,RUSFAR 1M,RUSFAR 1 месяц,18.16,18.16,18.16,18.16,253948000.0,,,2,,RUB,,3,,2025-07-28,
MMIX,RUSFAR1M,2025-07-29,RUSFAR 1M,RUSFAR 1 месяц,18.19,18.19,18.19,18.19,203600000.0,,,2,,RUB,,3,,2025-07-29,
MMIX,RUSFAR1M,2025-07-30,RUSFAR 1M,RUSFAR 1 месяц,18.2,18.2,18.2,18.2,210356000.0,,,2,,RUB,,3,,2025-07-30,
MMIX,RUSFAR1M,2025-07-31,RUSFAR 1M,RUSFAR 1 месяц,18.08,18.08,18.08,18.08,377601000.0,,,2,,RUB,,3,,2025-07-31,
MMIX,RUSFAR1M,2025-08-01,RUSFAR 1M,RUSFAR 1 месяц,18.03,18.03,18.03,18.03,553009000.0,,,2,,RUB,,3,,2025-08-01,
MMIX,RUSFAR1M,2025-08-04,RUSFAR 1M,RUSFAR 1 месяц,17.98,17.98,17.98,17.98,1186601000.0,,,2,,RUB,,3,,2025-08-04,
MMIX,RUSFAR1M,2025-08-05,RUSFAR 1M,RUSFAR 1 месяц,17.93,17.93,17.93,17.93,140421000.0,,,2,,RUB,,3,,2025-08-05,
MMIX,RUSFAR1M,2025-08-06,RUSFAR 1M,RUSFAR 1 месяц,17.96,17.96,17.96,17.96,304285000.0,,,2,,RUB,,3,,2025-08-06,
MMIX,RUSFAR1M,2025-08-07,RUSFAR 1M,RUSFAR 1 месяц,17.93,17.93,17.93,17.93,58478000.0,,,2,,RUB,,3,,2025-08-07,
MMIX,RUSFAR1M,2025-08-08,RUSFAR 1M,RUSFAR 1 месяц,17.82,17.82,17.82,17.82,10496683000.0,,,2,,RUB,,3,,2025-08-08,
MMIX,RUSFAR1M,2025-08-11,RUSFAR 1M,RUSFAR 1 месяц,17.8,17.8,17.8,17.8,21530237000.0,,,2,,RUB,,3,,2025-08-11,
MMIX,RUSFAR1M,2025-08-12,RUSFAR 1M,RUSFAR 1 месяц,17.71,17.71,17.71,17.71,806163000.0,,,2,,RUB,,3,,2025-08-12,
MMIX,RUSFAR1M,2025-08-13,RUSFAR 1M,RUSFAR 1 месяц,17.78,17.78,17.78,17.78,260677000.0,,,2,,RUB,,3,,2025-08-13,
MMIX,RUSFAR1M,2025-08-14,RUSFAR 1M,RUSFAR 1 месяц,17.77,17.77,17.77,17.77,11273908000.0,,,2,,RUB,,3,,2025-08-14,
MMIX,RUSFAR1M,2025-08-15,RUSFAR 1M,RUSFAR 1 месяц,17.83,17.83,17.83,17.83,1401029000.0,,,2,,RUB,,3,,2025-08-15,
MMIX,RUSFAR1M,2025-08-18,RUSFAR 1M,RUSFAR 1 месяц,17.7,17.7,17.7,17.7,1415188000.0,,,2,,RUB,,3,,2025-08-18,
MMIX,RUSFAR1M,2025-08-19,RUSFAR 1M,RUSFAR 1 месяц,17.66,17.66,17.66,17.66,18549000.0,,,2,,RUB,,3,,2025-08-19,
MMIX,RUSFAR1M,2025-08-20,RUSFAR 1M,RUSFAR 1 месяц,17.59,17.59,17.59,17.59,133468000.0,,,2,,RUB,,3,,2025-08-20,
MMIX,RUSFAR1M,2025-08-21,RUSFAR 1M,RUSFAR 1 месяц,17.55,17.55,17.55,17.55,161191000.0,,,2,,RUB,,3,,2025-08-21,
MMIX,RUSFAR1M,2025-08-22,RUSFAR 1M,RUSFAR 1 месяц,17.44,17.44,17.44,17.44,722562000.0,,,2,,RUB,,3,,2025-08-22,
MMIX,RUSFAR1M,2025-08-25,RUSFAR 1M,RUSFAR 1 месяц,17.38,17.38,17.38,17.38,1000077000.0,,,2,,RUB,,3,,2025-08-25,
MMIX,RUSFAR1M,2025-08-26,RUSFAR 1M,RUSFAR 1 месяц,17.25,17.25,17.25,17.25,800819000.0,,,2,,RUB,,3,,2025-08-26,
MMIX,RUSFAR1M,2025-08-27,RUSFAR 1M,RUSFAR 1 месяц,17.21,17.21,17.21,17.21,22818000.0,,,2,,RUB,,3,,2025-08-27,
MMIX,RUSFAR1M,2025-08-28,RUSFAR 1M,RUSFAR 1 месяц,17.23,17.23,17.23,17.23,23444000.0,,,2,,RUB,,3,,2025-08-28,
MMIX,RUSFAR1M,2025-08-29,RUSFAR 1M,RUSFAR 1 месяц,17.2,17.2,17.2,17.2,346139000.0,,,2,,RUB,,3,,2025-08-29,
MMIX,RUSFAR1M,2025-09-01,RUSFAR 1M,RUSFAR 1 месяц,17.06,17.06,17.06,17.06,5741000.0,,,2,,RUB,,3,,2025-09-01,
MMIX,RUSFAR1M,2025-09-02,RUSFAR 1M,RUSFAR 1 месяц,16.92,16.92,16.92,16.92,49727000.0,,,2,,RUB,,3,,2025-09-02,
MMIX,RUSFAR1M,2025-09-03,RUSFAR 1M,RUSFAR 1 месяц,16.75,16.75,16.75,16.75,120606000.0,,,2,,RUB,,3,,2025-09-03,
MMIX,RUSFAR1M,2025-09-04,RUSFAR 1M,RUSFAR 1 месяц,16.67,16.67,16.67,16.67,10138000.0,,,2,,RUB,,3,,2025-09-04,
MMIX,RUSFAR1M,2025-09-05,RUSFAR 1M,RUSFAR 1 месяц,16.53,16.53,16.53,16.53,162989000.0,,,2,,RUB,,3,,2025-09-05,
MMIX,RUSFAR1M,2025-09-08,RUSFAR 1M,RUSFAR 1 месяц,16.28,16.28,16.28,16.28,37575000.0,,,2,,RUB,,3,,2025-09-08,
MMIX,RUSFAR1M,2025-09-09,RUSFAR 1M,RUSFAR 1 месяц,16.32,16.32,16.32,16.32,19000000.0,,,2,,RUB,,3,,2025-09-09,
MMIX,RUSFAR1M,2025-09-10,RUSFAR 1M,RUSFAR 1 месяц,16.29,16.29,16.29,16.29,879391000.0,,,2,,RUB,,3,,2025-09-10,
MMIX,RUSFAR1M,2025-09-11,RUSFAR 1M,RUSFAR 1 месяц,16.24,16.24,16.24,16.24,44578000.0,,,2,,RUB,,3,,2025-09-11,
MMIX,RUSFAR1M,2025-09-12,RUSFAR 1M,RUSFAR 1 месяц,16.29,16.29,16.29,16.29,1146442000.0,,,2,,RUB,,3,,2025-09-12,
MMIX,RUSFAR1M,2025-09-15,RUSFAR 1M,RUSFAR 1 месяц,16.81,16.81,16.81,16.81,534371000.0,,,2,,RUB,,3,,2025-09-15,
MMIX,RUSFAR1M,2025-09-16,RUSFAR 1M,RUSFAR 1 месяц,16.87,16.87,16.87,16.87,888048000.0,,,2,,RUB,,3,,2025-09-16,
MMIX,RUSFAR1M,2025-09-17,RUSFAR 1M,RUSFAR 1 месяц,16.88,16.88,16.88,16.88,247260000.0,,,2,,RUB,,3,,2025-09-17,
MMIX,RUSFAR1M,2025-09-18,RUSFAR 1M,RUSFAR 1 месяц,16.85,16.85,16.85,16.85,53566000.0,,,2,,RUB,,3,,2025-09-18,
MMIX,RUSFAR1M,2025-09-19,RUSFAR 1M,RUSFAR 1 месяц,16.87,16.87,16.87,16.87,980524000.0,,,2,,RUB,,3,,2025-09-19,
MMIX,RUSFAR1M,2025-09-22,RUSFAR 1M,RUSFAR 1 месяц,16.89,16.89,16.89,16.89,321472000.0,,,2,,RUB,,3,,2025-09-22,
MMIX,RUSFAR1M,2025-09-23,RUSFAR 1M,RUSFAR 1 месяц,16.89,16.89,16.89,16.89,8423000.0,,,2,,RUB,,3,,2025-09-23,
MMIX,RUSFAR1M,2025-09-24,RUSFAR 1M,RUSFAR 1 месяц,16.93,16.93,16.93,16.93,6600000.0,,,2,,RUB,,3,,2025-09-24,
MMIX,RUSFAR1M,2025-09-25,RUSFAR 1M,RUSFAR 1 месяц,16.94,16.94,16.94,16.94,125059000.0,,,2,,RUB,,3,,2025-09-25,
MMIX,RUSFAR1M,2025-09-26,RUSFAR 1M,RUSFAR 1 месяц,16.88,16.88,16.88,16.88,549852000.0,,,2,,RUB,,3,,2025-09-26,
MMIX,RUSFAR1M,2025-09-29,RUSFAR 1M,RUSFAR 1 месяц,16.87,16.87,16.87,16.87,19178000.0,,,2,,RUB,,3,,2025-09-29,
MMIX,RUSFAR1M,2025-09-30,RUSFAR 1M,RUSFAR 1 месяц,16.87,16.87,16.87,16.87,68849000.0,,,2,,RUB,,3,,2025-09-30,
MMIX,RUSFAR1M,2025-10-01,RUSFAR 1M,RUSFAR 1 месяц,16.89,16.89,16.89,16.89,30749000.0,,,2,,RUB,,3,,2025-10-01,
MMIX,RUSFAR1M,2025-10-02,RUSFAR 1M,RUSFAR 1 месяц,16.83,16.83,16.83,16.83,206506000.0,,,2,,RUB,,3,,2025-10-02,
MMIX,RUSFAR1M,2025-10-03,RUSFAR 1M,RUSFAR 1 месяц,16.86,16.86,16.86,16.86,603679000.0,,,2,,RUB,,3,,2025-10-03,
MMIX,RUSFAR1M,2025-10-06,RUSFAR 1M,RUSFAR 1 месяц,16.87,16.87,16.87,16.87,63286000.0,,,2,,RUB,,3,,2025-10-06,
MMIX,RUSFAR1M,2025-10-07,RUSFAR 1M,RUSFAR 1 месяц,16.82,16.82,16.82,16.82,1012859000.0,,,2,,RUB,,3,,2025-10-07,
MMIX,RUSFAR1M,2025-10-08,RUSFAR 1M,RUSFAR 1 месяц,16.77,16.77,16.77,16.77,1002845000.0,,,2,,RUB,,3,,2025-10-08,
MMIX,RUSFAR1M,2025-10-09,RUSFAR 1M,RUSFAR 1 месяц,16.68,16.68,16.68,16.68,26061000.0,,,2,,RUB,,3,,2025-10-09,
MMIX,RUSFAR1M,2025-10-10,RUSFAR 1M,RUSFAR 1 месяц,16.53,16.53,16.53,16.53,4223776000.0,,,2,,RUB,,3,,2025-10-10,
MMIX,RUSFAR1M,2025-10-13,RUSFAR 1M,RUSFAR 1 месяц,16.56,16.56,16.56,16.56,1263139000.0,,,2,,RUB,,3,,2025-10-13,
MMIX,RUSFAR1M,2025-10-14,RUSFAR 1M,RUSFAR 1 месяц,16.43,16.43,16.43,16.43,2923635000.0,,,2,,RUB,,3,,2025-10-14,
MMIX,RUSFAR1M,2025-10-15,RUSFAR 1M,RUSFAR 1 месяц,16.38,16.38,16.38,16.38,2562869000.0,,,2,,RUB,,3,,2025-10-15,
MMIX,RUSFAR1M,2025-10-16,RUSFAR 1M,RUSFAR 1 месяц,16.41,16.41,16.41,16.41,69180000.0,,,2,,RUB,,3,,2025-10-16,
MMIX,RUSFAR1M,2025-10-17,RUSFAR 1M,RUSFAR 1 месяц,16.48,16.48,16.48,16.48,474489000.0,,,2,,RUB,,3,,2025-10-17,
MMIX,RUSFAR1M,2025-10-20,RUSFAR 1M,RUSFAR 1 месяц,16.44,16.44,16.44,16.44,29642000.0,,,2,,RUB,,3,,2025-10-20,
MMIX,RUSFAR1M,2025-10-21,RUSFAR 1M,RUSFAR 1 месяц,16.38,16.38,16.38,16.38,18940000.0,,,2,,RUB,,3,,2025-10-21,
MMIX,RUSFAR1M,2025-10-22,RUSFAR 1M,RUSFAR 1 месяц,16.31,16.31,16.31,16.31,11911000.0,,,2,,RUB,,3,,2025-10-22,
MMIX,RUSFAR1M,2025-10-23,RUSFAR 1M,RUSFAR 1 месяц,16.35,16.35,16.35,16.35,232885000.0,,,2,,RUB,,3,,2025-10-23,
MMIX,RUSFAR1M,2025-10-24,RUSFAR 1M,RUSFAR 1 месяц,16.4,16.4,16.4,16.4,1718695000.0,,,2,,RUB,,3,,2025-10-24,
MMIX,RUSFAR1M,2025-10-27,RUSFAR 1M,RUSFAR 1 месяц,16.36,16.36,16.36,16.36,136555000.0,,,2,,RUB,,3,,2025-10-27,
MMIX,RUSFAR1M,2025-10-28,RUSFAR 1M,RUSFAR 1 месяц,16.4,16.4,16.4,16.4,37311000.0,,,2,,RUB,,3,,2025-10-28,
MMIX,RUSFAR1M,2025-10-29,RUSFAR 1M,RUSFAR 1 месяц,16.39,16.39,16.39,16.39,131197000.0,,,2,,RUB,,3,,2025-10-29,
MMIX,RUSFAR1M,2025-10-30,RUSFAR 1M,RUSFAR 1 месяц,16.34,16.34,16.34,16.34,194092000.0,,,2,,RUB,,3,,2025-10-30,
MMIX,RUSFAR1M,2025-10-31,RUSFAR 1M,RUSFAR 1 месяц,16.37,16.37,16.37,16.37,23179000.0,,,2,,RUB,,3,,2025-10-31,
MMIX,RUSFAR1M,2025-11-05,RUSFAR 1M,RUSFAR 1 месяц,16.3,16.3,16.3,16.3,2280871000.0,,,2,,RUB,,3,,2025-11-05,
MMIX,RUSFAR1M,2025-11-06,RUSFAR 1M,RUSFAR 1 месяц,16.31,16.31,16.31,16.31,317636000.0,,,2,,RUB,,3,,2025-11-06,
MMIX,RUSFAR1M,2025-11-07,RUSFAR 1M,RUSFAR 1 месяц,16.33,16.33,16.33,16.33,434065000.0,,,2,,RUB,,3,,2025-11-07,
MMIX,RUSFAR1M,2025-11-10,RUSFAR 1M,RUSFAR 1 месяц,16.33,16.33,16.33,16.33,144615000.0,,,2,,RUB,,3,,2025-11-10,
MMIX,RUSFAR1M,2025-11-11,RUSFAR 1M,RUSFAR 1 месяц,16.35,16.35,16.35,16.35,54312000.0,,,2,,RUB,,3,,2025-11-11,
MMIX,RUSFAR1M,2025-11-12,RUSFAR 1M,RUSFAR 1 месяц,16.31,16.31,16.31,16.31,391661000.0,,,2,,RUB,,3,,2025-11-12,
MMIX,RUSFAR1M,2025-11-13,RUSFAR 1M,RUSFAR 1 месяц,16.38,16.38,16.38,16.38,626169000.0,,,2,,RUB,,3,,2025-11-13,
MMIX,RUSFAR1M,2025-11-14,RUSFAR 1M,RUSFAR 1 месяц,16.37,16.37,16.37,16.37,2617440000.0,,,2,,RUB,,3,,2025-11-14,
MMIX,RUSFAR1M,2025-11-17,RUSFAR 1M,RUSFAR 1 месяц,16.36,16.36,16.36,16.36,866414000.0,,,2,,RUB,,3,,2025-11-17,
MMIX,RUSFAR1M,2025-11-18,RUSFAR 1M,RUSFAR 1 месяц,16.33,16.33,16.33,16.33,300000.0,,,2,,RUB,,3,,2025-11-18,
MMIX,RUSFAR1M,2025-11-19,RUSFAR 1M,RUSFAR 1 месяц,16.27,16.27,16.27,16.27,605457000.0,,,2,,RUB,,3,,2025-11-19,
MMIX,RUSFAR1M,2025-11-20,RUSFAR 1M,RUSFAR 1 месяц,16.24,16.24,16.24,16.24,64319000.0,,,2,,RUB,,3,,2025-11-20,
MMIX,RUSFAR1M,2025-11-21,RUSFAR 1M,RUSFAR 1 месяц,16.2,16.2,16.2,16.2,210925000.0,,,2,,RUB,,3,,2025-11-21,
MMIX,RUSFAR1M,2025-11-24,RUSFAR 1M,RUSFAR 1 месяц,16.19,16.19,16.19,16.19,581252000.0,,,2,,RUB,,3,,2025-11-24,
MMIX,RUSFAR1M,2025-11-25,RUSFAR 1M,RUSFAR 1 месяц,16.15,16.15,16.15,16.15,85057000.0,,,2,,RUB,,3,,2025-11-25,
MMIX,RUSFAR1M,2025-11-26,RUSFAR 1M,RUSFAR 1 месяц,16.13,16.13,16.13,16.13,88228000.0,,,2,,RUB,,3,,2025-11-26,
MMIX,RUSFAR1M,2025-11-27,RUSFAR 1M,RUSFAR 1 месяц,16.13,16.13,16.13,16.13,52275000.0,,,2,,RUB,,3,,2025-11-27,
MMIX,RUSFAR1M,2025-11-28,RUSFAR 1M,RUSFAR 1 месяц,16.11,16.11,16.11,16.11,22366000.0,,,2,,RUB,,3,,2025-11-28,
MMIX,RUSFAR1M,2025-12-01,RUSFAR 1M,RUSFAR 1 месяц,16.07,16.07,16.07,16.07,96425000.0,,,2,,RUB,,3,,2025-12-01,
MMIX,RUSFAR1M,2025-12-02,RUSFAR 1M,RUSFAR 1 месяц,16.1,16.1,16.1,16.1,3567000.0,,,2,,RUB,,3,,2025-12-02,
MMIX,RUSFAR1M,2025-12-03,RUSFAR 1M,RUSFAR 1 месяц,16.08,16.08,16.08,16.08,0.0,,,2,,RUB,,3,,2025-12-03,
MMIX,RUSFAR1M,2025-12-04,RUSFAR 1M,RUSFAR 1 месяц,16.03,16.03,16.03,16.03,860100000.0,,,2,,RUB,,3,,2025-12-04,
MMIX,RUSFAR1M,2025-12-05,RUSFAR 1M,RUSFAR 1 месяц,16.08,16.08,16.08,16.08,369634000.0,,,2,,RUB,,3,,2025-12-05,
MMIX,RUSFAR1M,2025-12-08,RUSFAR 1M,RUSFAR 1 месяц,16.01,16.01,16.01,16.01,300000.0,,,2,,RUB,,3,,2025-12-08,
MMIX,RUSFAR1M,2025-12-09,RUSFAR 1M,RUSFAR 1 месяц,15.98,15.98,15.98,15.98,228103000.0,,,2,,RUB,,3,,2025-12-09,
MMIX,RUSFAR1M,2025-12-10,RUSFAR 1M,RUSFAR 1 месяц,15.95,15.95,15.95,15.95,835000.0,,,2,,RUB,,3,,2025-12-10,
MMIX,RUSFAR1M,2025-12-11,RUSFAR 1M,RUSFAR 1 месяц,15.87,15.87,15.87,15.87,36082000.0,,,2,,RUB,,3,,2025-12-11,
MMIX,RUSFAR1M,2025-12-12,RUSFAR 1M,RUSFAR 1 месяц,15.71,15.71,15.71,15.71,6760853000.0,,,2,,RUB,,3,,2025-12-12,
MMIX,RUSFAR1M,2025-12-15,RUSFAR 1M,RUSFAR 1 месяц,15.7,15.7,15.7,15.7,494555000.0,,,2,,RUB,,3,,2025-12-15,
MMIX,RUSFAR1M,2025-12-16,RUSFAR 1M,RUSFAR 1 месяц,15.71,15.71,15.71,15.71,333100000.0,,,2,,RUB,,3,,2025-12-16,
MMIX,RUSFAR1M,2025-12-17,RUSFAR 1M,RUSFAR 1 месяц,15.65,15.65,15.65,15.65,607273000.0,,,2,,RUB,,3,,2025-12-17,
MMIX,RUSFAR1M,2025-12-18,RUSFAR 1M,RUSFAR 1 месяц,15.63,15.63,15.63,15.63,221788000.0,,,2,,RUB,,3,,2025-12-18,
MMIX,RUSFAR1M,2025-12-19,RUSFAR 1M,RUSFAR 1 месяц,15.66,15.66,15.66,15.66,328051000.0,,,2,,RUB,,3,,2025-12-19,
MMIX,RUSFAR1M,2025-12-22,RUSFAR 1M,RUSFAR 1 месяц,15.87,15.87,15.87,15.87,1167396000.0,,,2,,RUB,,3,,2025-12-22,
MMIX,RUSFAR1M,2025-12-23,RUSFAR 1M,RUSFAR 1 месяц,16.07,16.07,16.07,16.07,1655061000.0,,,2,,RUB,,3,,2025-12-23,
MMIX,RUSFAR1M,2025-12-24,RUSFAR 1M,RUSFAR 1 месяц,16.06,16.06,16.06,16.06,1637454000.0,,,2,,RUB,,3,,2025-12-24,
MMIX,RUSFAR1M,2025-12-25,RUSFAR 1M,RUSFAR 1 месяц,16.01,16.01,16.01,16.01,9303953000.0,,,2,,RUB,,3,,2025-12-25,
MMIX,RUSFAR1M,2025-12-26,RUSFAR 1M,RUSFAR 1 месяц,15.97,15.97,15.97,15.97,2612005000.0,,,2,,RUB,,3,,2025-12-26,
MMIX,RUSFAR1M,2025-12-29,RUSFAR 1M,RUSFAR 1 месяц,16.0,16.0,16.0,16.0,476501000.0,,,2,,RUB,,3,,2025-12-29,
MMIX,RUSFAR1M,2026-01-12,RUSFAR 1M,RUSFAR 1 месяц,15.74,15.74,15.74,15.74,79374000.0,,,2,,RUB,,3,,2026-01-12,
MMIX,RUSFAR1M,2026-01-13,RUSFAR 1M,RUSFAR 1 месяц,15.66,15.66,15.66,15.66,2163776000.0,,,2,,RUB,,3,,2026-01-13,
MMIX,RUSFAR1M,2026-01-14,RUSFAR 1M,RUSFAR 1 месяц,15.69,15.69,15.69,15.69,1231996000.0,,,2,,RUB,,3,,2026-01-14,
MMIX,RUSFAR1M,2026-01-15,RUSFAR 1M,RUSFAR 1 месяц,15.73,15.73,15.73,15.73,1207725000.0,,,2,,RUB,,3,,2026-01-15,
MMIX,RUSFAR1M,2026-01-16,RUSFAR 1M,RUSFAR 1 месяц,15.74,15.74,15.74,15.74,206349000.0,,,2,,RUB,,3,,2026-01-16,
MMIX,RUSFAR1M,2026-01-19,RUSFAR 1M,RUSFAR 1 месяц,15.74,15.74,15.74,15.74,236967000.0,,,2,,RUB,,3,,2026-01-19,
MMIX,RUSFAR1M,2026-01-20,RUSFAR 1M,RUSFAR 1 месяц,15.73,15.73,15.73,15.73,2550000.0,,,2,,RUB,,3,,2026-01-20,
MMIX,RUSFAR1M,2026-01-21,RUSFAR 1M,RUSFAR 1 месяц,15.78,15.78,15.78,15.78,100395000.0,,,2,,RUB,,3,,2026-01-21,
MMIX,RUSFAR1M,2026-01-22,RUSFAR 1M,RUSFAR 1 месяц,15.72,15.72,15.72,15.72,16550000.0,,,2,,RUB,,3,,2026-01-22,
MMIX,RUSFAR1M,2026-01-23,RUSFAR 1M,RUSFAR 1 месяц,15.69,15.69,15.69,15.69,465899000.0,,,2,,RUB,,3,,2026-01-23,
MMIX,RUSFAR1M,2026-01-26,RUSFAR 1M,RUSFAR 1 месяц,15.68,15.68,15.68,15.68,540292000.0,,,2,,RUB,,3,,2026-01-26,
MMIX,RUSFAR1M,2026-01-27,RUSFAR 1M,RUSFAR 1 месяц,15.61,15.61,15.61,15.61,18410000.0,,,2,,RUB,,3,,2026-01-27,
MMIX,RUSFAR1M,2026-01-28,RUSFAR 1M,RUSFAR 1 месяц,15.66,15.66,15.66,15.66,46248000.0,,,2,,RUB,,3,,2026-01-28,
MMIX,RUSFAR1M,2026-01-29,RUSFAR 1M,RUSFAR 1 месяц,15.69,15.69,15.69,15.69,186374000.0,,,2,,RUB,,3,,2026-01-29,
MMIX,RUSFAR1M,2026-01-30,RUSFAR 1M,RUSFAR 1 месяц,15.71,15.71,15.71,15.71,25706000.0,,,2,,RUB,,3,,2026-01-30,
MMIX,RUSFAR1M,2026-02-02,RUSFAR 1M,RUSFAR 1 месяц,15.67,15.67,15.67,15.67,59095000.0,,,2,,RUB,,3,,2026-02-02,
MMIX,RUSFAR1M,2026-02-03,RUSFAR 1M,RUSFAR 1 месяц,15.65,15.65,15.65,15.65,152000.0,,,2,,RUB,,3,,2026-02-03,
MMIX,RUSFAR1M,2026-02-04,RUSFAR 1M,RUSFAR 1 месяц,15.61,15.61,15.61,15.61,812650000.0,,,2,,RUB,,3,,2026-02-04,
MMIX,RUSFAR1M,2026-02-05,RUSFAR 1M,RUSFAR 1 месяц,15.61,15.61,15.61,15.61,1190946000.0,,,2,,RUB,,3,,2026-02-05,
MMIX,RUSFAR1M,2026-02-06,RUSFAR 1M,RUSFAR 1 месяц,15.57,15.57,15.57,15.57,213181000.0,,,2,,RUB,,3,,2026-02-06,
MMIX,RUSFAR1M,2026-02-09,RUSFAR 1M,RUSFAR 1 месяц,15.45,15.45,15.45,15.45,121737000.0,,,2,,RUB,,3,,2026-02-09,
MMIX,RUSFAR1M,2026-02-10,RUSFAR 1M,RUSFAR 1 месяц,15.48,15.48,15.48,15.48,869444000.0,,,2,,RUB,,3,,2026-02-10,
MMIX,RUSFAR1M,2026-02-11,RUSFAR 1M,RUSFAR 1 месяц,15.39,15.39,15.39,15.39,871444000.0,,,2,,RUB,,3,,2026-02-11,
MMIX,RUSFAR1M,2026-02-12,RUSFAR 1M,RUSFAR 1 месяц,15.43,15.43,15.43,15.43,212700000.0,,,2,,RUB,,3,,2026-02-12,
MMIX,RUSFAR1M,2026-02-13,RUSFAR 1M,RUSFAR 1 месяц,15.43,15.43,15.43,15.43,805941000.0,,,2,,RUB,,3,,2026-02-13,
MMIX,RUSFAR1M,2026-02-16,RUSFAR 1M,RUSFAR 1 месяц,15.23,15.23,15.23,15.23,318487000.0,,,2,,RUB,,3,,2026-02-16,
MMIX,RUSFAR1M,2026-02-17,RUSFAR 1M,RUSFAR 1 месяц,15.24,15.24,15.24,15.24,4103447000.0,,,2,,RUB,,3,,2026-02-17,
MMIX,RUSFAR1M,2026-02-18,RUSFAR 1M,RUSFAR 1 месяц,15.33,15.33,15.33,15.33,30835000.0,,,2,,RUB,,3,,2026-02-18,
MMIX,RUSFAR1M,2026-02-19,RUSFAR 1M,RUSFAR 1 месяц,15.26,15.26,15.26,15.26,1756946000.0,,,2,,RUB,,3,,2026-02-19,
MMIX,RUSFAR1M,2026-02-20,RUSFAR 1M,RUSFAR 1 месяц,15.31,15.31,15.31,15.31,1865813000.0,,,2,,RUB,,3,,2026-02-20,
MMIX,RUSFAR1M,2026-02-24,RUSFAR 1M,RUSFAR 1 месяц,15.25,15.25,15.25,15.25,493750000.0,,,2,,RUB,,3,,2026-02-24,
MMIX,RUSFAR1M,2026-02-25,RUSFAR 1M,RUSFAR 1 месяц,15.12,15.12,15.12,15.12,21895000.0,,,2,,RUB,,3,,2026-02-25,
MMIX,RUSFAR1M,2026-02-26,RUSFAR 1M,RUSFAR 1 месяц,15.08,15.08,15.08,15.08,129054000.0,,,2,,RUB,,3,,2026-02-26,
MMIX,RUSFAR1M,2026-02-27,RUSFAR 1M,RUSFAR 1 месяц,15.12,15.12,15.12,15.12,565630000.0,,,2,,RUB,,3,,2026-02-27,
MMIX,RUSFAR1M,2026-03-02,RUSFAR 1M,RUSFAR 1 месяц,15.14,15.14,15.14,15.14,56909000.0,,,2,,RUB,,3,,2026-03-02,
MMIX,RUSFAR1M,2026-03-03,RUSFAR 1M,RUSFAR 1 месяц,15.19,15.19,15.19,15.19,567170000.0,,,2,,RUB,,3,,2026-03-03,
MMIX,RUSFAR1M,2026-03-04,RUSFAR 1M,RUSFAR 1 месяц,15.13,15.13,15.13,15.13,25240000.0,,,2,,RUB,,3,,2026-03-04,
MMIX,RUSFAR1M,2026-03-05,RUSFAR 1M,RUSFAR 1 месяц,15.13,15.13,15.13,15.13,9292000.0,,,2,,RUB,,3,,2026-03-05,
MMIX,RUSFAR1M,2026-03-06,RUSFAR 1M,RUSFAR 1 месяц,15.14,15.14,15.14,15.14,739556000.0,,,2,,RUB,,3,,2026-03-06,
MMIX,RUSFAR1M,2026-03-10,RUSFAR 1M,RUSFAR 1 месяц,15.17,15.17,15.17,15.17,94892000.0,,,2,,RUB,,3,,2026-03-10,
MMIX,RUSFAR1M,2026-03-11,RUSFAR 1M,RUSFAR 1 месяц,15.1,15.1,15.1,15.1,65973000.0,,,2,,RUB,,3,,2026-03-11,
MMIX,RUSFAR1M,2026-03-12,RUSFAR 1M,RUSFAR 1 месяц,14.97,14.97,14.97,14.97,65922000.0,,,2,,RUB,,3,,2026-03-12,
MMIX,RUSFAR1M,2026-03-13,RUSFAR 1M,RUSFAR 1 месяц,14.91,14.91,14.91,14.91,597060000.0,,,2,,RUB,,3,,2026-03-13,
MMIX,RUSFAR1M,2026-03-16,RUSFAR 1M,RUSFAR 1 месяц,14.88,14.88,14.88,14.88,248769000.0,,,2,,RUB,,3,,2026-03-16,
MMIX,RUSFAR1M,2026-03-17,RUSFAR 1M,RUSFAR 1 месяц,14.8,14.8,14.8,14.8,106677000.0,,,2,,RUB,,3,,2026-03-17,
MMIX,RUSFAR1M,2026-03-18,RUSFAR 1M,RUSFAR 1 месяц,14.82,14.82,14.82,14.82,139399000.0,,,2,,RUB,,3,,2026-03-18,
MMIX,RUSFAR1M,2026-03-19,RUSFAR 1M,RUSFAR 1 месяц,14.75,14.75,14.75,14.75,265216000.0,,,2,,RUB,,3,,2026-03-19,
MMIX,RUSFAR1M,2026-03-20,RUSFAR 1M,RUSFAR 1 месяц,14.74,14.74,14.74,14.74,250996000.0,,,2,,RUB,,3,,2026-03-20,
MMIX,RUSFAR1M,2026-03-23,RUSFAR 1M,RUSFAR 1 месяц,14.73,14.73,14.73,14.73,216856000.0,,,2,,RUB,,3,,2026-03-23,
MMIX,RUSFAR1M,2026-03-24,RUSFAR 1M,RUSFAR 1 месяц,14.85,14.85,14.85,14.85,1104562000.0,,,2,,RUB,,3,,2026-03-24,
MMIX,RUSFAR1M,2026-03-25,RUSFAR 1M,RUSFAR 1 месяц,14.82,14.82,14.82,14.82,52206000.0,,,2,,RUB,,3,,2026-03-25,
MMIX,RUSFAR1M,2026-03-26,RUSFAR 1M,RUSFAR 1 месяц,14.78,14.78,14.78,14.78,74111000.0,,,2,,RUB,,3,,2026-03-26,
MMIX,RUSFAR1M,2026-03-27,RUSFAR 1M,RUSFAR 1 месяц,14.78,14.78,14.78,14.78,651946000.0,,,2,,RUB,,3,,2026-03-27,
MMIX,RUSFAR1M,2026-03-30,RUSFAR 1M,RUSFAR 1 месяц,14.75,14.75,14.75,14.75,1143019000.0,,,2,,RUB,,3,,2026-03-30,
MMIX,RUSFAR1M,2026-03-31,RUSFAR 1M,RUSFAR 1 месяц,14.71,14.71,14.71,14.71,1268997000.0,,,2,,RUB,,3,,2026-03-31,
MMIX,RUSFAR1M,2026-04-01,RUSFAR 1M,RUSFAR 1 месяц,14.69,14.69,14.69,14.69,54505000.0,,,2,,RUB,,3,,2026-04-01,
MMIX,RUSFAR1M,2026-04-02,RUSFAR 1M,RUSFAR 1 месяц,14.72,14.72,14.72,14.72,3906000.0,,,2,,RUB,,3,,2026-04-02,
MMIX,RUSFAR1M,2026-04-03,RUSFAR 1M,RUSFAR 1 месяц,14.75,14.75,14.75,14.75,413300000.0,,,2,,RUB,,3,,2026-04-03,
MMIX,RUSFAR1M,2026-04-06,RUSFAR 1M,RUSFAR 1 месяц,14.7,14.7,14.7,14.7,0.0,,,2,,RUB,,3,,2026-04-06,
MMIX,RUSFAR1M,2026-04-07,RUSFAR 1M,RUSFAR 1 месяц,14.66,14.66,14.66,14.66,4075000.0,,,2,,RUB,,3,,2026-04-07,
MMIX,RUSFAR1M,2026-04-08,RUSFAR 1M,RUSFAR 1 месяц,14.65,14.65,14.65,14.65,28041000.0,,,2,,RUB,,3,,2026-04-08,
MMIX,RUSFAR1M,2026-04-09,RUSFAR 1M,RUSFAR 1 месяц,14.62,14.62,14.62,14.62,69300000.0,,,2,,RUB,,3,,2026-04-09,
MMIX,RUSFAR1M,2026-04-10,RUSFAR 1M,RUSFAR 1 месяц,14.6,14.6,14.6,14.6,165706000.0,,,2,,RUB,,3,,2026-04-10,
MMIX,RUSFAR1M,2026-04-13,RUSFAR 1M,RUSFAR 1 месяц,14.55,14.55,14.55,14.55,11342000.0,,,2,,RUB,,3,,2026-04-13,
MMIX,RUSFAR1M,2026-04-14,RUSFAR 1M,RUSFAR 1 месяц,14.49,14.49,14.49,14.49,44699000.0,,,2,,RUB,,3,,2026-04-14,
MMIX,RUSFAR1M,2026-04-15,RUSFAR 1M,RUSFAR 1 месяц,14.49,14.49,14.49,14.49,53287000.0,,,2,,RUB,,3,,2026-04-15,
MMIX,RUSFAR1M,2026-04-16,RUSFAR 1M,RUSFAR 1 месяц,14.4,14.4,14.4,14.4,614177000.0,,,2,,RUB,,3,,2026-04-16,
MMIX,RUSFAR1M,2026-04-17,RUSFAR 1M,RUSFAR 1 месяц,14.38,14.38,14.38,14.38,340693000.0,,,2,,RUB,,3,,2026-04-17,
MMIX,RUSFAR1M,2026-04-20,RUSFAR 1M,RUSFAR 1 месяц,14.29,14.29,14.29,14.29,347641000.0,,,2,,RUB,,3,,2026-04-20,
MMIX,RUSFAR1M,2026-04-21,RUSFAR 1M,RUSFAR 1 месяц,14.3,14.3,14.3,14.3,906608000.0,,,2,,RUB,,3,,2026-04-21,
MMIX,RUSFAR1M,2026-04-22,RUSFAR 1M,RUSFAR 1 месяц,14.26,14.26,14.26,14.26,65903000.0,,,2,,RUB,,3,,2026-04-22,
MMIX,RUSFAR1M,2026-04-23,RUSFAR 1M,RUSFAR 1 месяц,14.23,14.23,14.23,14.23,53197000.0,,,2,,RUB,,3,,2026-04-23,
MMIX,RUSFAR1M,2026-04-24,RUSFAR 1M,RUSFAR 1 месяц,14.11,14.11,14.11,14.11,379900000.0,,,2,,RUB,,3,,2026-04-24,
MMIX,RUSFAR1M,2026-04-27,RUSFAR 1M,RUSFAR 1 месяц,14.35,14.35,14.35,14.35,228659000.0,,,2,,RUB,,3,,2026-04-27,
MMIX,RUSFAR1M,2026-04-28,RUSFAR 1M,RUSFAR 1 месяц,14.52,14.52,14.52,14.52,285665000.0,,,2,,RUB,,3,,2026-04-28,
MMIX,RUSFAR1M,2026-04-29,RUSFAR 1M,RUSFAR 1 месяц,14.49,14.49,14.49,14.49,99100000.0,,,2,,RUB,,3,,2026-04-29,
MMIX,RUSFAR1M,2026-04-30,RUSFAR 1M,RUSFAR 1 месяц,14.42,14.42,14.42,14.42,145265000.0,,,2,,RUB,,3,,2026-04-30,
MMIX,RUSFAR1M,2026-05-04,RUSFAR 1M,RUSFAR 1 месяц,14.37,14.37,14.37,14.37,216299000.0,,,2,,RUB,,3,,2026-05-04,
MMIX,RUSFAR1M,2026-05-05,RUSFAR 1M,RUSFAR 1 месяц,14.31,14.31,14.31,14.31,244087000.0,,,2,,RUB,,3,,2026-05-05,
MMIX,RUSFAR1M,2026-05-06,RUSFAR 1M,RUSFAR 1 месяц,14.22,14.22,14.22,14.22,8433880000.0,,,2,,RUB,,3,,2026-05-06,
MMIX,RUSFAR1M,2026-05-07,RUSFAR 1M,RUSFAR 1 месяц,14.24,14.24,14.24,14.24,856430000.0,,,2,,RUB,,3,,2026-05-07,
MMIX,RUSFAR1M,2026-05-08,RUSFAR 1M,RUSFAR 1 месяц,14.19,14.19,14.19,14.19,3724616000.0,,,2,,RUB,,3,,2026-05-08,
MMIX,RUSFAR1M,2026-05-12,RUSFAR 1M,RUSFAR 1 месяц,14.17,14.17,14.17,14.17,5189597000.0,,,2,,RUB,,3,,2026-05-12,
MMIX,RUSFAR1M,2026-05-13,RUSFAR 1M,RUSFAR 1 месяц,14.22,14.22,14.22,14.22,4379123000.0,,,2,,RUB,,3,,2026-05-13,
MMIX,RUSFAR1M,2026-05-14,RUSFAR 1M,RUSFAR 1 месяц,14.27,14.27,14.27,14.27,162062000.0,,,2,,RUB,,3,,2026-05-14,
MMIX,RUSFAR1M,2026-05-15,RUSFAR 1M,RUSFAR 1 месяц,14.26,14.26,14.26,14.26,1568943000.0,,,2,,RUB,,3,,2026-05-15,
MMIX,RUSFAR1M,2026-05-18,RUSFAR 1M,RUSFAR 1 месяц,14.24,14.24,14.24,14.24,102100000.0,,,2,,RUB,,3,,2026-05-18,
MMIX,RUSFAR1M,2026-05-19,RUSFAR 1M,RUSFAR 1 месяц,14.27,14.27,14.27,14.27,80367000.0,,,2,,RUB,,3,,2026-05-19,
MMIX,RUSFAR1M,2026-05-20,RUSFAR 1M,RUSFAR 1 месяц,14.27,14.27,14.27,14.27,608755000.0,,,2,,RUB,,3,,2026-05-20,
MMIX,RUSFAR1M,2026-05-21,RUSFAR 1M,RUSFAR 1 месяц,14.23,14.23,14.23,14.23,180593000.0,,,2,,RUB,,3,,2026-05-21,
MMIX,RUSFAR1M,2026-05-22,RUSFAR 1M,RUSFAR 1 месяц,14.2,14.2,14.2,14.2,636348000.0,,,2,,RUB,,3,,2026-05-22,
MMIX,RUSFAR1M,2026-05-25,RUSFAR 1M,RUSFAR 1 месяц,14.21,14.21,14.21,14.21,90907000.0,,,2,,RUB,,3,,2026-05-25,
MMIX,RUSFAR1M,2026-05-26,RUSFAR 1M,RUSFAR 1 месяц,14.21,14.21,14.21,14.21,500401000.0,,,2,,RUB,,3,,2026-05-26,
MMIX,RUSFAR1M,2026-05-27,RUSFAR 1M,RUSFAR 1 месяц,14.23,14.23,14.23,14.23,1530832000.0,,,2,,RUB,,3,,2026-05-27,
MMIX,RUSFAR1M,2026-05-28,RUSFAR 1M,RUSFAR 1 месяц,14.19,14.19,14.19,14.19,50785000.0,,,2,,RUB,,3,,2026-05-28,
MMIX,RUSFAR1M,2026-05-29,RUSFAR 1M,RUSFAR 1 месяц,14.2,14.2,14.2,14.2,1751707000.0,,,2,,RUB,,3,,2026-05-29,
MMIX,RUSFAR1M,2026-06-01,RUSFAR 1M,RUSFAR 1 месяц,14.14,14.14,14.14,14.14,161669000.0,,,2,,RUB,,3,,2026-06-01,
MMIX,RUSFAR1M,2026-06-02,RUSFAR 1M,RUSFAR 1 месяц,14.12,14.12,14.12,14.12,12495000.0,,,2,,RUB,,3,,2026-06-02,
MMIX,RUSFAR1M,2026-06-03,RUSFAR 1M,RUSFAR 1 месяц,14.13,14.13,14.13,14.13,172966000.0,,,2,,RUB,,3,,2026-06-03,
MMIX,RUSFAR1M,2026-06-04,RUSFAR 1M,RUSFAR 1 месяц,14.06,14.06,14.06,14.06,108599000.0,,,2,,RUB,,3,,2026-06-04,
MMIX,RUSFAR1M,2026-06-05,RUSFAR 1M,RUSFAR 1 месяц,14.1,14.1,14.1,14.1,107925000.0,,,2,,RUB,,3,,2026-06-05,
MMIX,RUSFAR1M,2026-06-08,RUSFAR 1M,RUSFAR 1 месяц,14.05,14.05,14.05,14.05,52826000.0,,,2,,RUB,,3,,2026-06-08,
MMIX,RUSFAR1M,2026-06-09,RUSFAR 1M,RUSFAR 1 месяц,14.06,14.06,14.06,14.06,15341000.0,,,2,,RUB,,3,,2026-06-09,
MMIX,RUSFAR1M,2026-06-10,RUSFAR 1M,RUSFAR 1 месяц,13.99,13.99,13.99,13.99,178182000.0,,,2,,RUB,,3,,2026-06-10,
MMIX,RUSFAR1M,2026-06-11,RUSFAR 1M,RUSFAR 1 месяц,13.99,13.99,13.99,13.99,1275810000.0,,,2,,RUB,,3,,2026-06-11,
MMIX,RUSFAR1M,2026-06-15,RUSFAR 1M,RUSFAR 1 месяц,13.86,13.86,13.86,13.86,253838000.0,,,2,,RUB,,3,,2026-06-15,
MMIX,RUSFAR1M,2026-06-16,RUSFAR 1M,RUSFAR 1 месяц,13.85,13.85,13.85,13.85,369982000.0,,,2,,RUB,,3,,2026-06-16,
MMIX,RUSFAR1M,2026-06-17,RUSFAR 1M,RUSFAR 1 месяц,13.83,13.83,13.83,13.83,127773000.0,,,2,,RUB,,3,,2026-06-17,
MMIX,RUSFAR1M,2026-06-18,RUSFAR 1M,RUSFAR 1 месяц,13.73,13.73,13.73,13.73,93641000.0,,,2,,RUB,,3,,2026-06-18,
MMIX,RUSFAR1M,2026-06-19,RUSFAR 1M,RUSFAR 1 месяц,13.71,13.71,13.71,13.71,543480000.0,,,2,,RUB,,3,,2026-06-19,
MMIX,RUSFAR1M,2026-06-22,RUSFAR 1M,RUSFAR 1 месяц,14.02,14.02,14.02,14.02,130593000.0,,,2,,RUB,,3,,2026-06-22,
MMIX,RUSFAR1M,2026-06-23,RUSFAR 1M,RUSFAR 1 месяц,14.07,14.07,14.07,14.07,510626000.0,,,2,,RUB,,3,,2026-06-23,
MMIX,RUSFAR1M,2026-06-24,RUSFAR 1M,RUSFAR 1 месяц,14.1,14.1,14.1,14.1,60276000.0,,,2,,RUB,,3,,2026-06-24,
MMIX,RUSFAR1M,2026-06-25,RUSFAR 1M,RUSFAR 1 месяц,14.08,14.08,14.08,14.08,650916000.0,,,2,,RUB,,3,,2026-06-25,
MMIX,RUSFAR1M,2026-06-26,RUSFAR 1M,RUSFAR 1 месяц,14.03,14.03,14.03,14.03,1476502000.0,,,2,,RUB,,3,,2026-06-26,
MMIX,RUSFAR1M,2026-06-29,RUSFAR 1M,RUSFAR 1 месяц,14.17,14.17,14.17,14.17,33043000.0,,,2,,RUB,,3,,2026-06-29,
MMIX,RUSFAR1M,2026-06-30,RUSFAR 1M,RUSFAR 1 месяц,14.17,14.17,14.17,14.17,60569000.0,,,2,,RUB,,3,,2026-06-30,
MMIX,RUSFAR1M,2026-07-01,RUSFAR 1M,RUSFAR 1 месяц,14.18,14.18,14.18,14.18,73474000.0,,,2,,RUB,,3,,2026-07-01,
MMIX,RUSFAR1M,2026-07-02,RUSFAR 1M,RUSFAR 1 месяц,14.24,14.24,14.24,14.24,129798000.0,,,2,,RUB,,3,,2026-07-02,
MMIX,RUSFAR1M,2026-07-03,RUSFAR 1M,RUSFAR 1 месяц,14.23,14.23,14.23,14.23,164673000.0,,,2,,RUB,,3,,2026-07-03,
MMIX,RUSFAR1M,2026-07-06,RUSFAR 1M,RUSFAR 1 месяц,14.28,14.28,14.28,14.28,148005000.0,,,2,,RUB,,3,,2026-07-06,
MMIX,RUSFAR1M,2026-07-07,RUSFAR 1M,RUSFAR 1 месяц,14.32,14.32,14.32,14.32,60902000.0,,,2,,RUB,,3,,2026-07-07,
MMIX,RUSFAR1M,2026-07-08,RUSFAR 1M,RUSFAR 1 месяц,14.28,14.28,14.28,14.28,2000000.0,,,2,,RUB,,3,,2026-07-08,
MMIX,RUSFAR1M,2026-07-09,RUSFAR 1M,RUSFAR 1 месяц,14.34,14.34,14.34,14.34,47237000.0,,,2,,RUB,,3,,2026-07-09,
MMIX,RUSFAR1M,2026-07-10,RUSFAR 1M,RUSFAR 1 месяц,14.36,14.36,14.36,14.36,220349000.0,,,2,,RUB,,3,,2026-07-10,
MMIX,RUSFAR1M,2026-07-13,RUSFAR 1M,RUSFAR 1 месяц,14.36,14.36,14.36,14.36,48080000.0,,,2,,RUB,,3,,2026-07-13,
MMIX,RUSFAR1M,2026-07-14,RUSFAR 1M,RUSFAR 1 месяц,14.24,14.24,14.24,14.24,193150000.0,,,2,,RUB,,3,,2026-07-14,
MMIX,RUSFAR1M,2026-07-15,RUSFAR 1M,RUSFAR 1 месяц,14.31,14.31,14.31,14.31,114435000.0,,,2,,RUB,,3,,2026-07-15,
MMIX,RUSFAR1M,2026-07-16,RUSFAR 1M,RUSFAR 1 месяц,14.42,14.42,14.42,14.42,90102000.0,,,2,,RUB,,3,,2026-07-16,
MMIX,RUSFAR1M,2026-07-17,RUSFAR 1M,RUSFAR 1 месяц,14.47,14.47,14.47,14.47,1256216000.0,,,2,,RUB,,3,,2026-07-17,
MMIX,RUSFAR3M,2022-07-01,RUSFAR 3M,RUSFAR 3 месяца,8.91,8.91,8.91,8.91,0.0,,,2,,RUB,,3,,2022-07-01,
MMIX,RUSFAR3M,2022-07-04,RUSFAR 3M,RUSFAR 3 месяца,8.89,8.89,8.89,8.89,409000000.0,,,2,,RUB,,3,,2022-07-04,
MMIX,RUSFAR3M,2022-07-05,RUSFAR 3M,RUSFAR 3 месяца,8.83,8.83,8.83,8.83,1400000000.0,,,2,,RUB,,3,,2022-07-05,
MMIX,RUSFAR3M,2022-07-06,RUSFAR 3M,RUSFAR 3 месяца,8.87,8.87,8.87,8.87,200000000.0,,,2,,RUB,,3,,2022-07-06,
MMIX,RUSFAR3M,2022-07-07,RUSFAR 3M,RUSFAR 3 месяца,8.79,8.79,8.79,8.79,18000000.0,,,2,,RUB,,3,,2022-07-07,
MMIX,RUSFAR3M,2022-07-08,RUSFAR 3M,RUSFAR 3 месяца,8.81,8.81,8.81,8.81,0.0,,,2,,RUB,,3,,2022-07-08,
MMIX,RUSFAR3M,2022-07-11,RUSFAR 3M,RUSFAR 3 месяца,8.81,8.81,8.81,8.81,0.0,,,2,,RUB,,3,,2022-07-11,
MMIX,RUSFAR3M,2022-07-12,RUSFAR 3M,RUSFAR 3 месяца,8.8,8.8,8.8,8.8,162964000.0,,,2,,RUB,,3,,2022-07-12,
MMIX,RUSFAR3M,2022-07-13,RUSFAR 3M,RUSFAR 3 месяца,8.77,8.77,8.77,8.77,276970000.0,,,2,,RUB,,3,,2022-07-13,
MMIX,RUSFAR3M,2022-07-14,RUSFAR 3M,RUSFAR 3 месяца,8.75,8.75,8.75,8.75,443000000.0,,,2,,RUB,,3,,2022-07-14,
MMIX,RUSFAR3M,2022-07-15,RUSFAR 3M,RUSFAR 3 месяца,8.71,8.71,8.71,8.71,1400000000.0,,,2,,RUB,,3,,2022-07-15,
MMIX,RUSFAR3M,2022-07-18,RUSFAR 3M,RUSFAR 3 месяца,8.69,8.69,8.69,8.69,200000000.0,,,2,,RUB,,3,,2022-07-18,
MMIX,RUSFAR3M,2022-07-19,RUSFAR 3M,RUSFAR 3 месяца,8.71,8.71,8.71,8.71,900000000.0,,,2,,RUB,,3,,2022-07-19,
MMIX,RUSFAR3M,2022-07-20,RUSFAR 3M,RUSFAR 3 месяца,8.72,8.72,8.72,8.72,0.0,,,2,,RUB,,3,,2022-07-20,
MMIX,RUSFAR3M,2022-07-21,RUSFAR 3M,RUSFAR 3 месяца,8.67,8.67,8.67,8.67,200000000.0,,,2,,RUB,,3,,2022-07-21,
MMIX,RUSFAR3M,2022-07-22,RUSFAR 3M,RUSFAR 3 месяца,8.61,8.61,8.61,8.61,2058624000.0,,,2,,RUB,,3,,2022-07-22,
MMIX,RUSFAR3M,2022-07-25,RUSFAR 3M,RUSFAR 3 месяца,7.95,7.95,7.95,7.95,46250000.0,,,2,,RUB,,3,,2022-07-25,
MMIX,RUSFAR3M,2022-07-26,RUSFAR 3M,RUSFAR 3 месяца,7.94,7.94,7.94,7.94,0.0,,,2,,RUB,,3,,2022-07-26,
MMIX,RUSFAR3M,2022-07-27,RUSFAR 3M,RUSFAR 3 месяца,7.93,7.93,7.93,7.93,48640000.0,,,2,,RUB,,3,,2022-07-27,
MMIX,RUSFAR3M,2022-07-28,RUSFAR 3M,RUSFAR 3 месяца,7.87,7.87,7.87,7.87,48000000.0,,,2,,RUB,,3,,2022-07-28,
MMIX,RUSFAR3M,2022-07-29,RUSFAR 3M,RUSFAR 3 месяца,7.89,7.89,7.89,7.89,446000000.0,,,2,,RUB,,3,,2022-07-29,
MMIX,RUSFAR3M,2022-08-01,RUSFAR 3M,RUSFAR 3 месяца,7.85,7.85,7.85,7.85,200000000.0,,,2,,RUB,,3,,2022-08-01,
MMIX,RUSFAR3M,2022-08-02,RUSFAR 3M,RUSFAR 3 месяца,7.82,7.82,7.82,7.82,0.0,,,2,,RUB,,3,,2022-08-02,
MMIX,RUSFAR3M,2022-08-03,RUSFAR 3M,RUSFAR 3 месяца,7.82,7.82,7.82,7.82,0.0,,,2,,RUB,,3,,2022-08-03,
MMIX,RUSFAR3M,2022-08-04,RUSFAR 3M,RUSFAR 3 месяца,7.83,7.83,7.83,7.83,0.0,,,2,,RUB,,3,,2022-08-04,
MMIX,RUSFAR3M,2022-08-05,RUSFAR 3M,RUSFAR 3 месяца,7.8,7.8,7.8,7.8,0.0,,,2,,RUB,,3,,2022-08-05,
MMIX,RUSFAR3M,2022-08-08,RUSFAR 3M,RUSFAR 3 месяца,7.79,7.79,7.79,7.79,0.0,,,2,,RUB,,3,,2022-08-08,
MMIX,RUSFAR3M,2022-08-09,RUSFAR 3M,RUSFAR 3 месяца,7.8,7.8,7.8,7.8,0.0,,,2,,RUB,,3,,2022-08-09,
MMIX,RUSFAR3M,2022-08-10,RUSFAR 3M,RUSFAR 3 месяца,7.79,7.79,7.79,7.79,0.0,,,2,,RUB,,3,,2022-08-10,
MMIX,RUSFAR3M,2022-08-11,RUSFAR 3M,RUSFAR 3 месяца,7.77,7.77,7.77,7.77,54500000.0,,,2,,RUB,,3,,2022-08-11,
MMIX,RUSFAR3M,2022-08-12,RUSFAR 3M,RUSFAR 3 месяца,7.77,7.77,7.77,7.77,0.0,,,2,,RUB,,3,,2022-08-12,
MMIX,RUSFAR3M,2022-08-15,RUSFAR 3M,RUSFAR 3 месяца,7.78,7.78,7.78,7.78,0.0,,,2,,RUB,,3,,2022-08-15,
MMIX,RUSFAR3M,2022-08-16,RUSFAR 3M,RUSFAR 3 месяца,7.77,7.77,7.77,7.77,0.0,,,2,,RUB,,3,,2022-08-16,
MMIX,RUSFAR3M,2022-08-17,RUSFAR 3M,RUSFAR 3 месяца,7.77,7.77,7.77,7.77,0.0,,,2,,RUB,,3,,2022-08-17,
MMIX,RUSFAR3M,2022-08-18,RUSFAR 3M,RUSFAR 3 месяца,7.77,7.77,7.77,7.77,47600000.0,,,2,,RUB,,3,,2022-08-18,
MMIX,RUSFAR3M,2022-08-19,RUSFAR 3M,RUSFAR 3 месяца,7.78,7.78,7.78,7.78,0.0,,,2,,RUB,,3,,2022-08-19,
MMIX,RUSFAR3M,2022-08-22,RUSFAR 3M,RUSFAR 3 месяца,7.78,7.78,7.78,7.78,0.0,,,2,,RUB,,3,,2022-08-22,
MMIX,RUSFAR3M,2022-08-23,RUSFAR 3M,RUSFAR 3 месяца,7.77,7.77,7.77,7.77,0.0,,,2,,RUB,,3,,2022-08-23,
MMIX,RUSFAR3M,2022-08-24,RUSFAR 3M,RUSFAR 3 месяца,7.77,7.77,7.77,7.77,0.0,,,2,,RUB,,3,,2022-08-24,
MMIX,RUSFAR3M,2022-08-25,RUSFAR 3M,RUSFAR 3 месяца,7.8,7.8,7.8,7.8,2000000000.0,,,2,,RUB,,3,,2022-08-25,
MMIX,RUSFAR3M,2022-08-26,RUSFAR 3M,RUSFAR 3 месяца,7.82,7.82,7.82,7.82,0.0,,,2,,RUB,,3,,2022-08-26,
MMIX,RUSFAR3M,2022-08-29,RUSFAR 3M,RUSFAR 3 месяца,7.83,7.83,7.83,7.83,0.0,,,2,,RUB,,3,,2022-08-29,
MMIX,RUSFAR3M,2022-08-30,RUSFAR 3M,RUSFAR 3 месяца,7.81,7.81,7.81,7.81,0.0,,,2,,RUB,,3,,2022-08-30,
MMIX,RUSFAR3M,2022-08-31,RUSFAR 3M,RUSFAR 3 месяца,7.8,7.8,7.8,7.8,150000000.0,,,2,,RUB,,3,,2022-08-31,
MMIX,RUSFAR3M,2022-09-01,RUSFAR 3M,RUSFAR 3 месяца,7.78,7.78,7.78,7.78,210000000.0,,,2,,RUB,,3,,2022-09-01,
MMIX,RUSFAR3M,2022-09-02,RUSFAR 3M,RUSFAR 3 месяца,7.76,7.76,7.76,7.76,0.0,,,2,,RUB,,3,,2022-09-02,
MMIX,RUSFAR3M,2022-09-05,RUSFAR 3M,RUSFAR 3 месяца,7.76,7.76,7.76,7.76,1110000000.0,,,2,,RUB,,3,,2022-09-05,
MMIX,RUSFAR3M,2022-09-06,RUSFAR 3M,RUSFAR 3 месяца,7.78,7.78,7.78,7.78,1020000000.0,,,2,,RUB,,3,,2022-09-06,
MMIX,RUSFAR3M,2022-09-07,RUSFAR 3M,RUSFAR 3 месяца,7.76,7.76,7.76,7.76,1075000000.0,,,2,,RUB,,3,,2022-09-07,
MMIX,RUSFAR3M,2022-09-08,RUSFAR 3M,RUSFAR 3 месяца,7.76,7.76,7.76,7.76,1800000000.0,,,2,,RUB,,3,,2022-09-08,
MMIX,RUSFAR3M,2022-09-09,RUSFAR 3M,RUSFAR 3 месяца,7.76,7.76,7.76,7.76,500000000.0,,,2,,RUB,,3,,2022-09-09,
MMIX,RUSFAR3M,2022-09-12,RUSFAR 3M,RUSFAR 3 месяца,7.71,7.71,7.71,7.71,1410000000.0,,,2,,RUB,,3,,2022-09-12,
MMIX,RUSFAR3M,2022-09-13,RUSFAR 3M,RUSFAR 3 месяца,7.66,7.66,7.66,7.66,600000000.0,,,2,,RUB,,3,,2022-09-13,
MMIX,RUSFAR3M,2022-09-14,RUSFAR 3M,RUSFAR 3 месяца,7.61,7.61,7.61,7.61,0.0,,,2,,RUB,,3,,2022-09-14,
MMIX,RUSFAR3M,2022-09-15,RUSFAR 3M,RUSFAR 3 месяца,7.6,7.6,7.6,7.6,25000000.0,,,2,,RUB,,3,,2022-09-15,
MMIX,RUSFAR3M,2022-09-16,RUSFAR 3M,RUSFAR 3 месяца,7.45,7.45,7.45,7.45,100000000.0,,,2,,RUB,,3,,2022-09-16,
MMIX,RUSFAR3M,2022-09-19,RUSFAR 3M,RUSFAR 3 месяца,7.38,7.38,7.38,7.38,169450000.0,,,2,,RUB,,3,,2022-09-19,
MMIX,RUSFAR3M,2022-09-20,RUSFAR 3M,RUSFAR 3 месяца,7.38,7.38,7.38,7.38,0.0,,,2,,RUB,,3,,2022-09-20,
MMIX,RUSFAR3M,2022-09-21,RUSFAR 3M,RUSFAR 3 месяца,7.54,7.54,7.54,7.54,2410000000.0,,,2,,RUB,,3,,2022-09-21,
MMIX,RUSFAR3M,2022-09-22,RUSFAR 3M,RUSFAR 3 месяца,7.61,7.61,7.61,7.61,1070000000.0,,,2,,RUB,,3,,2022-09-22,
MMIX,RUSFAR3M,2022-09-23,RUSFAR 3M,RUSFAR 3 месяца,7.68,7.68,7.68,7.68,20000000.0,,,2,,RUB,,3,,2022-09-23,
MMIX,RUSFAR3M,2022-09-26,RUSFAR 3M,RUSFAR 3 месяца,7.66,7.66,7.66,7.66,1170000000.0,,,2,,RUB,,3,,2022-09-26,
MMIX,RUSFAR3M,2022-09-27,RUSFAR 3M,RUSFAR 3 месяца,7.72,7.72,7.72,7.72,0.0,,,2,,RUB,,3,,2022-09-27,
MMIX,RUSFAR3M,2022-09-28,RUSFAR 3M,RUSFAR 3 месяца,7.77,7.77,7.77,7.77,10000000.0,,,2,,RUB,,3,,2022-09-28,
MMIX,RUSFAR3M,2022-09-29,RUSFAR 3M,RUSFAR 3 месяца,7.75,7.75,7.75,7.75,0.0,,,2,,RUB,,3,,2022-09-29,
MMIX,RUSFAR3M,2022-09-30,RUSFAR 3M,RUSFAR 3 месяца,7.76,7.76,7.76,7.76,0.0,,,2,,RUB,,3,,2022-09-30,
MMIX,RUSFAR3M,2022-10-03,RUSFAR 3M,RUSFAR 3 месяца,7.77,7.77,7.77,7.77,0.0,,,2,,RUB,,3,,2022-10-03,
MMIX,RUSFAR3M,2022-10-04,RUSFAR 3M,RUSFAR 3 месяца,7.77,7.77,7.77,7.77,0.0,,,2,,RUB,,3,,2022-10-04,
MMIX,RUSFAR3M,2022-10-05,RUSFAR 3M,RUSFAR 3 месяца,7.76,7.76,7.76,7.76,0.0,,,2,,RUB,,3,,2022-10-05,
MMIX,RUSFAR3M,2022-10-06,RUSFAR 3M,RUSFAR 3 месяца,7.79,7.79,7.79,7.79,0.0,,,2,,RUB,,3,,2022-10-06,
MMIX,RUSFAR3M,2022-10-07,RUSFAR 3M,RUSFAR 3 месяца,7.76,7.76,7.76,7.76,0.0,,,2,,RUB,,3,,2022-10-07,
MMIX,RUSFAR3M,2022-10-10,RUSFAR 3M,RUSFAR 3 месяца,7.76,7.76,7.76,7.76,0.0,,,2,,RUB,,3,,2022-10-10,
MMIX,RUSFAR3M,2022-10-11,RUSFAR 3M,RUSFAR 3 месяца,7.73,7.73,7.73,7.73,153680000.0,,,2,,RUB,,3,,2022-10-11,
MMIX,RUSFAR3M,2022-10-12,RUSFAR 3M,RUSFAR 3 месяца,7.72,7.72,7.72,7.72,0.0,,,2,,RUB,,3,,2022-10-12,
MMIX,RUSFAR3M,2022-10-13,RUSFAR 3M,RUSFAR 3 месяца,7.73,7.73,7.73,7.73,15400000.0,,,2,,RUB,,3,,2022-10-13,
MMIX,RUSFAR3M,2022-10-14,RUSFAR 3M,RUSFAR 3 месяца,7.72,7.72,7.72,7.72,0.0,,,2,,RUB,,3,,2022-10-14,
MMIX,RUSFAR3M,2022-10-17,RUSFAR 3M,RUSFAR 3 месяца,7.78,7.78,7.78,7.78,41900000.0,,,2,,RUB,,3,,2022-10-17,
MMIX,RUSFAR3M,2022-10-18,RUSFAR 3M,RUSFAR 3 месяца,7.78,7.78,7.78,7.78,2320000000.0,,,2,,RUB,,3,,2022-10-18,
MMIX,RUSFAR3M,2022-10-19,RUSFAR 3M,RUSFAR 3 месяца,7.79,7.79,7.79,7.79,46000000.0,,,2,,RUB,,3,,2022-10-19,
MMIX,RUSFAR3M,2022-10-20,RUSFAR 3M,RUSFAR 3 месяца,7.82,7.82,7.82,7.82,482500000.0,,,2,,RUB,,3,,2022-10-20,
MMIX,RUSFAR3M,2022-10-21,RUSFAR 3M,RUSFAR 3 месяца,7.77,7.77,7.77,7.77,1500000000.0,,,2,,RUB,,3,,2022-10-21,
MMIX,RUSFAR3M,2022-10-24,RUSFAR 3M,RUSFAR 3 месяца,7.76,7.76,7.76,7.76,250000000.0,,,2,,RUB,,3,,2022-10-24,
MMIX,RUSFAR3M,2022-10-25,RUSFAR 3M,RUSFAR 3 месяца,7.75,7.75,7.75,7.75,0.0,,,2,,RUB,,3,,2022-10-25,
MMIX,RUSFAR3M,2022-10-26,RUSFAR 3M,RUSFAR 3 месяца,7.76,7.76,7.76,7.76,199962000.0,,,2,,RUB,,3,,2022-10-26,
MMIX,RUSFAR3M,2022-10-27,RUSFAR 3M,RUSFAR 3 месяца,7.76,7.76,7.76,7.76,62800000.0,,,2,,RUB,,3,,2022-10-27,
MMIX,RUSFAR3M,2022-10-28,RUSFAR 3M,RUSFAR 3 месяца,7.77,7.77,7.77,7.77,0.0,,,2,,RUB,,3,,2022-10-28,
MMIX,RUSFAR3M,2022-10-31,RUSFAR 3M,RUSFAR 3 месяца,7.75,7.75,7.75,7.75,400000000.0,,,2,,RUB,,3,,2022-10-31,
MMIX,RUSFAR3M,2022-11-01,RUSFAR 3M,RUSFAR 3 месяца,7.76,7.76,7.76,7.76,0.0,,,2,,RUB,,3,,2022-11-01,
MMIX,RUSFAR3M,2022-11-02,RUSFAR 3M,RUSFAR 3 месяца,7.92,7.92,7.92,7.92,1226000000.0,,,2,,RUB,,3,,2022-11-02,
MMIX,RUSFAR3M,2022-11-03,RUSFAR 3M,RUSFAR 3 месяца,8.0,8.0,8.0,8.0,26800000.0,,,2,,RUB,,3,,2022-11-03,
MMIX,RUSFAR3M,2022-11-07,RUSFAR 3M,RUSFAR 3 месяца,7.96,7.96,7.96,7.96,0.0,,,2,,RUB,,3,,2022-11-07,
MMIX,RUSFAR3M,2022-11-08,RUSFAR 3M,RUSFAR 3 месяца,8.0,8.0,8.0,8.0,50000000.0,,,2,,RUB,,3,,2022-11-08,
MMIX,RUSFAR3M,2022-11-09,RUSFAR 3M,RUSFAR 3 месяца,7.99,7.99,7.99,7.99,0.0,,,2,,RUB,,3,,2022-11-09,
MMIX,RUSFAR3M,2022-11-10,RUSFAR 3M,RUSFAR 3 месяца,7.96,7.96,7.96,7.96,0.0,,,2,,RUB,,3,,2022-11-10,
MMIX,RUSFAR3M,2022-11-11,RUSFAR 3M,RUSFAR 3 месяца,7.95,7.95,7.95,7.95,465550000.0,,,2,,RUB,,3,,2022-11-11,
MMIX,RUSFAR3M,2022-11-14,RUSFAR 3M,RUSFAR 3 месяца,7.9,7.9,7.9,7.9,1000000000.0,,,2,,RUB,,3,,2022-11-14,
MMIX,RUSFAR3M,2022-11-15,RUSFAR 3M,RUSFAR 3 месяца,7.91,7.91,7.91,7.91,0.0,,,2,,RUB,,3,,2022-11-15,
MMIX,RUSFAR3M,2022-11-16,RUSFAR 3M,RUSFAR 3 месяца,7.9,7.9,7.9,7.9,0.0,,,2,,RUB,,3,,2022-11-16,
MMIX,RUSFAR3M,2022-11-17,RUSFAR 3M,RUSFAR 3 месяца,7.9,7.9,7.9,7.9,98500000.0,,,2,,RUB,,3,,2022-11-17,
MMIX,RUSFAR3M,2022-11-18,RUSFAR 3M,RUSFAR 3 месяца,7.9,7.9,7.9,7.9,151850000.0,,,2,,RUB,,3,,2022-11-18,
MMIX,RUSFAR3M,2022-11-21,RUSFAR 3M,RUSFAR 3 месяца,7.88,7.88,7.88,7.88,0.0,,,2,,RUB,,3,,2022-11-21,
MMIX,RUSFAR3M,2022-11-22,RUSFAR 3M,RUSFAR 3 месяца,7.9,7.9,7.9,7.9,0.0,,,2,,RUB,,3,,2022-11-22,
MMIX,RUSFAR3M,2022-11-23,RUSFAR 3M,RUSFAR 3 месяца,7.89,7.89,7.89,7.89,0.0,,,2,,RUB,,3,,2022-11-23,
MMIX,RUSFAR3M,2022-11-24,RUSFAR 3M,RUSFAR 3 месяца,7.89,7.89,7.89,7.89,0.0,,,2,,RUB,,3,,2022-11-24,
MMIX,RUSFAR3M,2022-11-25,RUSFAR 3M,RUSFAR 3 месяца,7.9,7.9,7.9,7.9,607100000.0,,,2,,RUB,,3,,2022-11-25,
MMIX,RUSFAR3M,2022-11-28,RUSFAR 3M,RUSFAR 3 месяца,7.89,7.89,7.89,7.89,0.0,,,2,,RUB,,3,,2022-11-28,
MMIX,RUSFAR3M,2022-11-29,RUSFAR 3M,RUSFAR 3 месяца,7.89,7.89,7.89,7.89,50000000.0,,,2,,RUB,,3,,2022-11-29,
MMIX,RUSFAR3M,2022-11-30,RUSFAR 3M,RUSFAR 3 месяца,7.89,7.89,7.89,7.89,159530000.0,,,2,,RUB,,3,,2022-11-30,
MMIX,RUSFAR3M,2022-12-01,RUSFAR 3M,RUSFAR 3 месяца,7.9,7.9,7.9,7.9,1000000000.0,,,2,,RUB,,3,,2022-12-01,
MMIX,RUSFAR3M,2022-12-02,RUSFAR 3M,RUSFAR 3 месяца,7.89,7.89,7.89,7.89,1300000000.0,,,2,,RUB,,3,,2022-12-02,
MMIX,RUSFAR3M,2022-12-05,RUSFAR 3M,RUSFAR 3 месяца,7.89,7.89,7.89,7.89,0.0,,,2,,RUB,,3,,2022-12-05,
MMIX,RUSFAR3M,2022-12-06,RUSFAR 3M,RUSFAR 3 месяца,7.89,7.89,7.89,7.89,0.0,,,2,,RUB,,3,,2022-12-06,
MMIX,RUSFAR3M,2022-12-07,RUSFAR 3M,RUSFAR 3 месяца,7.88,7.88,7.88,7.88,0.0,,,2,,RUB,,3,,2022-12-07,
MMIX,RUSFAR3M,2022-12-08,RUSFAR 3M,RUSFAR 3 месяца,7.88,7.88,7.88,7.88,0.0,,,2,,RUB,,3,,2022-12-08,
MMIX,RUSFAR3M,2022-12-09,RUSFAR 3M,RUSFAR 3 месяца,7.86,7.86,7.86,7.86,0.0,,,2,,RUB,,3,,2022-12-09,
MMIX,RUSFAR3M,2022-12-12,RUSFAR 3M,RUSFAR 3 месяца,7.86,7.86,7.86,7.86,200000000.0,,,2,,RUB,,3,,2022-12-12,
MMIX,RUSFAR3M,2022-12-13,RUSFAR 3M,RUSFAR 3 месяца,7.78,7.78,7.78,7.78,626000000.0,,,2,,RUB,,3,,2022-12-13,
MMIX,RUSFAR3M,2022-12-14,RUSFAR 3M,RUSFAR 3 месяца,7.76,7.76,7.76,7.76,4400000000.0,,,2,,RUB,,3,,2022-12-14,
MMIX,RUSFAR3M,2022-12-15,RUSFAR 3M,RUSFAR 3 месяца,7.78,7.78,7.78,7.78,0.0,,,2,,RUB,,3,,2022-12-15,
MMIX,RUSFAR3M,2022-12-16,RUSFAR 3M,RUSFAR 3 месяца,7.78,7.78,7.78,7.78,172390000.0,,,2,,RUB,,3,,2022-12-16,
MMIX,RUSFAR3M,2022-12-19,RUSFAR 3M,RUSFAR 3 месяца,7.89,7.89,7.89,7.89,2800000000.0,,,2,,RUB,,3,,2022-12-19,
MMIX,RUSFAR3M,2022-12-20,RUSFAR 3M,RUSFAR 3 месяца,7.88,7.88,7.88,7.88,0.0,,,2,,RUB,,3,,2022-12-20,
MMIX,RUSFAR3M,2022-12-21,RUSFAR 3M,RUSFAR 3 месяца,7.87,7.87,7.87,7.87,0.0,,,2,,RUB,,3,,2022-12-21,
MMIX,RUSFAR3M,2022-12-22,RUSFAR 3M,RUSFAR 3 месяца,7.86,7.86,7.86,7.86,1900668000.0,,,2,,RUB,,3,,2022-12-22,
MMIX,RUSFAR3M,2022-12-23,RUSFAR 3M,RUSFAR 3 месяца,7.84,7.84,7.84,7.84,2000000000.0,,,2,,RUB,,3,,2022-12-23,
MMIX,RUSFAR3M,2022-12-26,RUSFAR 3M,RUSFAR 3 месяца,7.78,7.78,7.78,7.78,2019500000.0,,,2,,RUB,,3,,2022-12-26,
MMIX,RUSFAR3M,2022-12-27,RUSFAR 3M,RUSFAR 3 месяца,7.78,7.78,7.78,7.78,33900000.0,,,2,,RUB,,3,,2022-12-27,
MMIX,RUSFAR3M,2022-12-28,RUSFAR 3M,RUSFAR 3 месяца,7.81,7.81,7.81,7.81,90538000.0,,,2,,RUB,,3,,2022-12-28,
MMIX,RUSFAR3M,2022-12-29,RUSFAR 3M,RUSFAR 3 месяца,7.95,7.95,7.95,7.95,1030199000.0,,,2,,RUB,,3,,2022-12-29,
MMIX,RUSFAR3M,2023-01-09,RUSFAR 3M,RUSFAR 3 месяца,7.96,7.96,7.96,7.96,900000000.0,,,2,,RUB,,3,,2023-01-09,
MMIX,RUSFAR3M,2023-01-10,RUSFAR 3M,RUSFAR 3 месяца,7.98,7.98,7.98,7.98,1900000000.0,,,2,,RUB,,3,,2023-01-10,
MMIX,RUSFAR3M,2023-01-11,RUSFAR 3M,RUSFAR 3 месяца,8.02,8.02,8.02,8.02,300000000.0,,,2,,RUB,,3,,2023-01-11,
MMIX,RUSFAR3M,2023-01-12,RUSFAR 3M,RUSFAR 3 месяца,8.01,8.01,8.01,8.01,95900000.0,,,2,,RUB,,3,,2023-01-12,
MMIX,RUSFAR3M,2023-01-13,RUSFAR 3M,RUSFAR 3 месяца,7.99,7.99,7.99,7.99,225000000.0,,,2,,RUB,,3,,2023-01-13,
MMIX,RUSFAR3M,2023-01-16,RUSFAR 3M,RUSFAR 3 месяца,8.01,8.01,8.01,8.01,122200000.0,,,2,,RUB,,3,,2023-01-16,
MMIX,RUSFAR3M,2023-01-17,RUSFAR 3M,RUSFAR 3 месяца,8.0,8.0,8.0,8.0,28000000.0,,,2,,RUB,,3,,2023-01-17,
MMIX,RUSFAR3M,2023-01-18,RUSFAR 3M,RUSFAR 3 месяца,8.01,8.01,8.01,8.01,0.0,,,2,,RUB,,3,,2023-01-18,
MMIX,RUSFAR3M,2023-01-19,RUSFAR 3M,RUSFAR 3 месяца,7.99,7.99,7.99,7.99,200000000.0,,,2,,RUB,,3,,2023-01-19,
MMIX,RUSFAR3M,2023-01-20,RUSFAR 3M,RUSFAR 3 месяца,7.99,7.99,7.99,7.99,241820000.0,,,2,,RUB,,3,,2023-01-20,
MMIX,RUSFAR3M,2023-01-23,RUSFAR 3M,RUSFAR 3 месяца,7.98,7.98,7.98,7.98,0.0,,,2,,RUB,,3,,2023-01-23,
MMIX,RUSFAR3M,2023-01-24,RUSFAR 3M,RUSFAR 3 месяца,7.96,7.96,7.96,7.96,935000000.0,,,2,,RUB,,3,,2023-01-24,
MMIX,RUSFAR3M,2023-01-25,RUSFAR 3M,RUSFAR 3 месяца,7.95,7.95,7.95,7.95,56078000.0,,,2,,RUB,,3,,2023-01-25,
MMIX,RUSFAR3M,2023-01-26,RUSFAR 3M,RUSFAR 3 месяца,7.95,7.95,7.95,7.95,304100000.0,,,2,,RUB,,3,,2023-01-26,
MMIX,RUSFAR3M,2023-01-27,RUSFAR 3M,RUSFAR 3 месяца,7.94,7.94,7.94,7.94,578450000.0,,,2,,RUB,,3,,2023-01-27,
MMIX,RUSFAR3M,2023-01-30,RUSFAR 3M,RUSFAR 3 месяца,7.93,7.93,7.93,7.93,0.0,,,2,,RUB,,3,,2023-01-30,
MMIX,RUSFAR3M,2023-01-31,RUSFAR 3M,RUSFAR 3 месяца,7.92,7.92,7.92,7.92,0.0,,,2,,RUB,,3,,2023-01-31,
MMIX,RUSFAR3M,2023-02-01,RUSFAR 3M,RUSFAR 3 месяца,7.91,7.91,7.91,7.91,1770000000.0,,,2,,RUB,,3,,2023-02-01,
MMIX,RUSFAR3M,2023-02-02,RUSFAR 3M,RUSFAR 3 месяца,7.9,7.9,7.9,7.9,0.0,,,2,,RUB,,3,,2023-02-02,
MMIX,RUSFAR3M,2023-02-03,RUSFAR 3M,RUSFAR 3 месяца,7.91,7.91,7.91,7.91,0.0,,,2,,RUB,,3,,2023-02-03,
MMIX,RUSFAR3M,2023-02-06,RUSFAR 3M,RUSFAR 3 месяца,7.91,7.91,7.91,7.91,600000000.0,,,2,,RUB,,3,,2023-02-06,
MMIX,RUSFAR3M,2023-02-07,RUSFAR 3M,RUSFAR 3 месяца,7.89,7.89,7.89,7.89,200000000.0,,,2,,RUB,,3,,2023-02-07,
MMIX,RUSFAR3M,2023-02-08,RUSFAR 3M,RUSFAR 3 месяца,7.88,7.88,7.88,7.88,0.0,,,2,,RUB,,3,,2023-02-08,
MMIX,RUSFAR3M,2023-02-09,RUSFAR 3M,RUSFAR 3 месяца,7.87,7.87,7.87,7.87,46400000.0,,,2,,RUB,,3,,2023-02-09,
MMIX,RUSFAR3M,2023-02-10,RUSFAR 3M,RUSFAR 3 месяца,7.87,7.87,7.87,7.87,150000000.0,,,2,,RUB,,3,,2023-02-10,
MMIX,RUSFAR3M,2023-02-13,RUSFAR 3M,RUSFAR 3 месяца,7.87,7.87,7.87,7.87,69700000.0,,,2,,RUB,,3,,2023-02-13,
MMIX,RUSFAR3M,2023-02-14,RUSFAR 3M,RUSFAR 3 месяца,7.87,7.87,7.87,7.87,1050000000.0,,,2,,RUB,,3,,2023-02-14,
MMIX,RUSFAR3M,2023-02-15,RUSFAR 3M,RUSFAR 3 месяца,7.86,7.86,7.86,7.86,0.0,,,2,,RUB,,3,,2023-02-15,
MMIX,RUSFAR3M,2023-02-16,RUSFAR 3M,RUSFAR 3 месяца,7.85,7.85,7.85,7.85,0.0,,,2,,RUB,,3,,2023-02-16,
MMIX,RUSFAR3M,2023-02-17,RUSFAR 3M,RUSFAR 3 месяца,7.85,7.85,7.85,7.85,0.0,,,2,,RUB,,3,,2023-02-17,
MMIX,RUSFAR3M,2023-02-20,RUSFAR 3M,RUSFAR 3 месяца,7.84,7.84,7.84,7.84,0.0,,,2,,RUB,,3,,2023-02-20,
MMIX,RUSFAR3M,2023-02-21,RUSFAR 3M,RUSFAR 3 месяца,7.85,7.85,7.85,7.85,0.0,,,2,,RUB,,3,,2023-02-21,
MMIX,RUSFAR3M,2023-02-22,RUSFAR 3M,RUSFAR 3 месяца,7.85,7.85,7.85,7.85,0.0,,,2,,RUB,,3,,2023-02-22,
MMIX,RUSFAR3M,2023-02-27,RUSFAR 3M,RUSFAR 3 месяца,7.85,7.85,7.85,7.85,0.0,,,2,,RUB,,3,,2023-02-27,
MMIX,RUSFAR3M,2023-02-28,RUSFAR 3M,RUSFAR 3 месяца,7.85,7.85,7.85,7.85,0.0,,,2,,RUB,,3,,2023-02-28,
MMIX,RUSFAR3M,2023-03-01,RUSFAR 3M,RUSFAR 3 месяца,7.85,7.85,7.85,7.85,51910000.0,,,2,,RUB,,3,,2023-03-01,
MMIX,RUSFAR3M,2023-03-02,RUSFAR 3M,RUSFAR 3 месяца,7.85,7.85,7.85,7.85,0.0,,,2,,RUB,,3,,2023-03-02,
MMIX,RUSFAR3M,2023-03-03,RUSFAR 3M,RUSFAR 3 месяца,7.84,7.84,7.84,7.84,0.0,,,2,,RUB,,3,,2023-03-03,
MMIX,RUSFAR3M,2023-03-06,RUSFAR 3M,RUSFAR 3 месяца,7.91,7.91,7.91,7.91,1800000000.0,,,2,,RUB,,3,,2023-03-06,
MMIX,RUSFAR3M,2023-03-07,RUSFAR 3M,RUSFAR 3 месяца,7.89,7.89,7.89,7.89,117800000.0,,,2,,RUB,,3,,2023-03-07,
MMIX,RUSFAR3M,2023-03-09,RUSFAR 3M,RUSFAR 3 месяца,7.95,7.95,7.95,7.95,350800000.0,,,2,,RUB,,3,,2023-03-09,
MMIX,RUSFAR3M,2023-03-10,RUSFAR 3M,RUSFAR 3 месяца,7.91,7.91,7.91,7.91,0.0,,,2,,RUB,,3,,2023-03-10,
MMIX,RUSFAR3M,2023-03-13,RUSFAR 3M,RUSFAR 3 месяца,7.89,7.89,7.89,7.89,0.0,,,2,,RUB,,3,,2023-03-13,
MMIX,RUSFAR3M,2023-03-14,RUSFAR 3M,RUSFAR 3 месяца,7.89,7.89,7.89,7.89,200000000.0,,,2,,RUB,,3,,2023-03-14,
MMIX,RUSFAR3M,2023-03-15,RUSFAR 3M,RUSFAR 3 месяца,7.88,7.88,7.88,7.88,0.0,,,2,,RUB,,3,,2023-03-15,
MMIX,RUSFAR3M,2023-03-16,RUSFAR 3M,RUSFAR 3 месяца,7.89,7.89,7.89,7.89,0.0,,,2,,RUB,,3,,2023-03-16,
MMIX,RUSFAR3M,2023-03-17,RUSFAR 3M,RUSFAR 3 месяца,7.88,7.88,7.88,7.88,0.0,,,2,,RUB,,3,,2023-03-17,
MMIX,RUSFAR3M,2023-03-20,RUSFAR 3M,RUSFAR 3 месяца,7.88,7.88,7.88,7.88,524000000.0,,,2,,RUB,,3,,2023-03-20,
MMIX,RUSFAR3M,2023-03-21,RUSFAR 3M,RUSFAR 3 месяца,7.87,7.87,7.87,7.87,0.0,,,2,,RUB,,3,,2023-03-21,
MMIX,RUSFAR3M,2023-03-22,RUSFAR 3M,RUSFAR 3 месяца,7.88,7.88,7.88,7.88,450000000.0,,,2,,RUB,,3,,2023-03-22,
MMIX,RUSFAR3M,2023-03-23,RUSFAR 3M,RUSFAR 3 месяца,7.86,7.86,7.86,7.86,1575627000.0,,,2,,RUB,,3,,2023-03-23,
MMIX,RUSFAR3M,2023-03-24,RUSFAR 3M,RUSFAR 3 месяца,7.83,7.83,7.83,7.83,24000000.0,,,2,,RUB,,3,,2023-03-24,
MMIX,RUSFAR3M,2023-03-27,RUSFAR 3M,RUSFAR 3 месяца,7.83,7.83,7.83,7.83,0.0,,,2,,RUB,,3,,2023-03-27,
MMIX,RUSFAR3M,2023-03-28,RUSFAR 3M,RUSFAR 3 месяца,7.83,7.83,7.83,7.83,1224000000.0,,,2,,RUB,,3,,2023-03-28,
MMIX,RUSFAR3M,2023-03-29,RUSFAR 3M,RUSFAR 3 месяца,7.85,7.85,7.85,7.85,0.0,,,2,,RUB,,3,,2023-03-29,
MMIX,RUSFAR3M,2023-03-30,RUSFAR 3M,RUSFAR 3 месяца,7.83,7.83,7.83,7.83,200000000.0,,,2,,RUB,,3,,2023-03-30,
MMIX,RUSFAR3M,2023-03-31,RUSFAR 3M,RUSFAR 3 месяца,7.86,7.86,7.86,7.86,3000000000.0,,,2,,RUB,,3,,2023-03-31,
MMIX,RUSFAR3M,2023-04-03,RUSFAR 3M,RUSFAR 3 месяца,7.85,7.85,7.85,7.85,0.0,,,2,,RUB,,3,,2023-04-03,
MMIX,RUSFAR3M,2023-04-04,RUSFAR 3M,RUSFAR 3 месяца,7.83,7.83,7.83,7.83,0.0,,,2,,RUB,,3,,2023-04-04,
MMIX,RUSFAR3M,2023-04-05,RUSFAR 3M,RUSFAR 3 месяца,7.84,7.84,7.84,7.84,0.0,,,2,,RUB,,3,,2023-04-05,
MMIX,RUSFAR3M,2023-04-06,RUSFAR 3M,RUSFAR 3 месяца,7.84,7.84,7.84,7.84,1624000000.0,,,2,,RUB,,3,,2023-04-06,
MMIX,RUSFAR3M,2023-04-07,RUSFAR 3M,RUSFAR 3 месяца,7.86,7.86,7.86,7.86,234000000.0,,,2,,RUB,,3,,2023-04-07,
MMIX,RUSFAR3M,2023-04-10,RUSFAR 3M,RUSFAR 3 месяца,7.85,7.85,7.85,7.85,0.0,,,2,,RUB,,3,,2023-04-10,
MMIX,RUSFAR3M,2023-04-11,RUSFAR 3M,RUSFAR 3 месяца,7.88,7.88,7.88,7.88,1800000000.0,,,2,,RUB,,3,,2023-04-11,
MMIX,RUSFAR3M,2023-04-12,RUSFAR 3M,RUSFAR 3 месяца,7.87,7.87,7.87,7.87,0.0,,,2,,RUB,,3,,2023-04-12,
MMIX,RUSFAR3M,2023-04-13,RUSFAR 3M,RUSFAR 3 месяца,7.87,7.87,7.87,7.87,0.0,,,2,,RUB,,3,,2023-04-13,
MMIX,RUSFAR3M,2023-04-14,RUSFAR 3M,RUSFAR 3 месяца,7.9,7.9,7.9,7.9,2500000000.0,,,2,,RUB,,3,,2023-04-14,
MMIX,RUSFAR3M,2023-04-17,RUSFAR 3M,RUSFAR 3 месяца,7.92,7.92,7.92,7.92,203000000.0,,,2,,RUB,,3,,2023-04-17,
MMIX,RUSFAR3M,2023-04-18,RUSFAR 3M,RUSFAR 3 месяца,7.91,7.91,7.91,7.91,0.0,,,2,,RUB,,3,,2023-04-18,
MMIX,RUSFAR3M,2023-04-19,RUSFAR 3M,RUSFAR 3 месяца,7.9,7.9,7.9,7.9,0.0,,,2,,RUB,,3,,2023-04-19,
MMIX,RUSFAR3M,2023-04-20,RUSFAR 3M,RUSFAR 3 месяца,7.89,7.89,7.89,7.89,0.0,,,2,,RUB,,3,,2023-04-20,
MMIX,RUSFAR3M,2023-04-21,RUSFAR 3M,RUSFAR 3 месяца,7.89,7.89,7.89,7.89,224000000.0,,,2,,RUB,,3,,2023-04-21,
MMIX,RUSFAR3M,2023-04-24,RUSFAR 3M,RUSFAR 3 месяца,7.88,7.88,7.88,7.88,220000000.0,,,2,,RUB,,3,,2023-04-24,
MMIX,RUSFAR3M,2023-04-25,RUSFAR 3M,RUSFAR 3 месяца,7.88,7.88,7.88,7.88,2744000000.0,,,2,,RUB,,3,,2023-04-25,
MMIX,RUSFAR3M,2023-04-26,RUSFAR 3M,RUSFAR 3 месяца,7.89,7.89,7.89,7.89,50000000.0,,,2,,RUB,,3,,2023-04-26,
MMIX,RUSFAR3M,2023-04-27,RUSFAR 3M,RUSFAR 3 месяца,7.9,7.9,7.9,7.9,129950000.0,,,2,,RUB,,3,,2023-04-27,
MMIX,RUSFAR3M,2023-04-28,RUSFAR 3M,RUSFAR 3 месяца,7.93,7.93,7.93,7.93,2410000000.0,,,2,,RUB,,3,,2023-04-28,
MMIX,RUSFAR3M,2023-05-02,RUSFAR 3M,RUSFAR 3 месяца,7.92,7.92,7.92,7.92,0.0,,,2,,RUB,,3,,2023-05-02,
MMIX,RUSFAR3M,2023-05-03,RUSFAR 3M,RUSFAR 3 месяца,7.91,7.91,7.91,7.91,0.0,,,2,,RUB,,3,,2023-05-03,
MMIX,RUSFAR3M,2023-05-04,RUSFAR 3M,RUSFAR 3 месяца,7.9,7.9,7.9,7.9,0.0,,,2,,RUB,,3,,2023-05-04,
MMIX,RUSFAR3M,2023-05-05,RUSFAR 3M,RUSFAR 3 месяца,7.88,7.88,7.88,7.88,449000000.0,,,2,,RUB,,3,,2023-05-05,
MMIX,RUSFAR3M,2023-05-10,RUSFAR 3M,RUSFAR 3 месяца,7.89,7.89,7.89,7.89,0.0,,,2,,RUB,,3,,2023-05-10,
MMIX,RUSFAR3M,2023-05-11,RUSFAR 3M,RUSFAR 3 месяца,7.88,7.88,7.88,7.88,0.0,,,2,,RUB,,3,,2023-05-11,
MMIX,RUSFAR3M,2023-05-12,RUSFAR 3M,RUSFAR 3 месяца,7.86,7.86,7.86,7.86,0.0,,,2,,RUB,,3,,2023-05-12,
MMIX,RUSFAR3M,2023-05-15,RUSFAR 3M,RUSFAR 3 месяца,7.86,7.86,7.86,7.86,0.0,,,2,,RUB,,3,,2023-05-15,
MMIX,RUSFAR3M,2023-05-16,RUSFAR 3M,RUSFAR 3 месяца,7.87,7.87,7.87,7.87,0.0,,,2,,RUB,,3,,2023-05-16,
MMIX,RUSFAR3M,2023-05-17,RUSFAR 3M,RUSFAR 3 месяца,7.86,7.86,7.86,7.86,0.0,,,2,,RUB,,3,,2023-05-17,
MMIX,RUSFAR3M,2023-05-18,RUSFAR 3M,RUSFAR 3 месяца,7.86,7.86,7.86,7.86,4990000.0,,,2,,RUB,,3,,2023-05-18,
MMIX,RUSFAR3M,2023-05-19,RUSFAR 3M,RUSFAR 3 месяца,7.85,7.85,7.85,7.85,500000000.0,,,2,,RUB,,3,,2023-05-19,
MMIX,RUSFAR3M,2023-05-22,RUSFAR 3M,RUSFAR 3 месяца,7.85,7.85,7.85,7.85,0.0,,,2,,RUB,,3,,2023-05-22,
MMIX,RUSFAR3M,2023-05-23,RUSFAR 3M,RUSFAR 3 месяца,7.85,7.85,7.85,7.85,1000000000.0,,,2,,RUB,,3,,2023-05-23,
MMIX,RUSFAR3M,2023-05-24,RUSFAR 3M,RUSFAR 3 месяца,7.84,7.84,7.84,7.84,200000000.0,,,2,,RUB,,3,,2023-05-24,
MMIX,RUSFAR3M,2023-05-25,RUSFAR 3M,RUSFAR 3 месяца,7.81,7.81,7.81,7.81,0.0,,,2,,RUB,,3,,2023-05-25,
MMIX,RUSFAR3M,2023-05-26,RUSFAR 3M,RUSFAR 3 месяца,7.87,7.87,7.87,7.87,0.0,,,2,,RUB,,3,,2023-05-26,
MMIX,RUSFAR3M,2023-05-29,RUSFAR 3M,RUSFAR 3 месяца,7.83,7.83,7.83,7.83,1500000000.0,,,2,,RUB,,3,,2023-05-29,
MMIX,RUSFAR3M,2023-05-30,RUSFAR 3M,RUSFAR 3 месяца,7.84,7.84,7.84,7.84,0.0,,,2,,RUB,,3,,2023-05-30,
MMIX,RUSFAR3M,2023-05-31,RUSFAR 3M,RUSFAR 3 месяца,7.86,7.86,7.86,7.86,252690000.0,,,2,,RUB,,3,,2023-05-31,
MMIX,RUSFAR3M,2023-06-01,RUSFAR 3M,RUSFAR 3 месяца,7.9,7.9,7.9,7.9,0.0,,,2,,RUB,,3,,2023-06-01,
MMIX,RUSFAR3M,2023-06-02,RUSFAR 3M,RUSFAR 3 месяца,7.9,7.9,7.9,7.9,35400000.0,,,2,,RUB,,3,,2023-06-02,
MMIX,RUSFAR3M,2023-06-05,RUSFAR 3M,RUSFAR 3 месяца,7.89,7.89,7.89,7.89,0.0,,,2,,RUB,,3,,2023-06-05,
MMIX,RUSFAR3M,2023-06-06,RUSFAR 3M,RUSFAR 3 месяца,7.89,7.89,7.89,7.89,120100000.0,,,2,,RUB,,3,,2023-06-06,
MMIX,RUSFAR3M,2023-06-07,RUSFAR 3M,RUSFAR 3 месяца,7.88,7.88,7.88,7.88,0.0,,,2,,RUB,,3,,2023-06-07,
MMIX,RUSFAR3M,2023-06-08,RUSFAR 3M,RUSFAR 3 месяца,7.88,7.88,7.88,7.88,0.0,,,2,,RUB,,3,,2023-06-08,
MMIX,RUSFAR3M,2023-06-09,RUSFAR 3M,RUSFAR 3 месяца,7.89,7.89,7.89,7.89,249000000.0,,,2,,RUB,,3,,2023-06-09,
MMIX,RUSFAR3M,2023-06-13,RUSFAR 3M,RUSFAR 3 месяца,7.88,7.88,7.88,7.88,249000000.0,,,2,,RUB,,3,,2023-06-13,
MMIX,RUSFAR3M,2023-06-14,RUSFAR 3M,RUSFAR 3 месяца,7.87,7.87,7.87,7.87,200000000.0,,,2,,RUB,,3,,2023-06-14,
MMIX,RUSFAR3M,2023-06-15,RUSFAR 3M,RUSFAR 3 месяца,7.87,7.87,7.87,7.87,30200000.0,,,2,,RUB,,3,,2023-06-15,
MMIX,RUSFAR3M,2023-06-16,RUSFAR 3M,RUSFAR 3 месяца,7.87,7.87,7.87,7.87,449000000.0,,,2,,RUB,,3,,2023-06-16,
MMIX,RUSFAR3M,2023-06-19,RUSFAR 3M,RUSFAR 3 месяца,7.86,7.86,7.86,7.86,35400000.0,,,2,,RUB,,3,,2023-06-19,
MMIX,RUSFAR3M,2023-06-20,RUSFAR 3M,RUSFAR 3 месяца,7.86,7.86,7.86,7.86,0.0,,,2,,RUB,,3,,2023-06-20,
MMIX,RUSFAR3M,2023-06-21,RUSFAR 3M,RUSFAR 3 месяца,7.87,7.87,7.87,7.87,0.0,,,2,,RUB,,3,,2023-06-21,
MMIX,RUSFAR3M,2023-06-22,RUSFAR 3M,RUSFAR 3 месяца,7.89,7.89,7.89,7.89,2026100000.0,,,2,,RUB,,3,,2023-06-22,
MMIX,RUSFAR3M,2023-06-23,RUSFAR 3M,RUSFAR 3 месяца,7.91,7.91,7.91,7.91,0.0,,,2,,RUB,,3,,2023-06-23,
MMIX,RUSFAR3M,2023-06-26,RUSFAR 3M,RUSFAR 3 месяца,7.9,7.9,7.9,7.9,0.0,,,2,,RUB,,3,,2023-06-26,
MMIX,RUSFAR3M,2023-06-27,RUSFAR 3M,RUSFAR 3 месяца,7.9,7.9,7.9,7.9,0.0,,,2,,RUB,,3,,2023-06-27,
MMIX,RUSFAR3M,2023-06-28,RUSFAR 3M,RUSFAR 3 месяца,7.92,7.92,7.92,7.92,1050000000.0,,,2,,RUB,,3,,2023-06-28,
MMIX,RUSFAR3M,2023-06-29,RUSFAR 3M,RUSFAR 3 месяца,7.97,7.97,7.97,7.97,0.0,,,2,,RUB,,3,,2023-06-29,
MMIX,RUSFAR3M,2023-06-30,RUSFAR 3M,RUSFAR 3 месяца,8.01,8.01,8.01,8.01,800000000.0,,,2,,RUB,,3,,2023-06-30,
MMIX,RUSFAR3M,2023-07-03,RUSFAR 3M,RUSFAR 3 месяца,8.02,8.02,8.02,8.02,0.0,,,2,,RUB,,3,,2023-07-03,
MMIX,RUSFAR3M,2023-07-04,RUSFAR 3M,RUSFAR 3 месяца,8.02,8.02,8.02,8.02,0.0,,,2,,RUB,,3,,2023-07-04,
MMIX,RUSFAR3M,2023-07-05,RUSFAR 3M,RUSFAR 3 месяца,8.03,8.03,8.03,8.03,0.0,,,2,,RUB,,3,,2023-07-05,
MMIX,RUSFAR3M,2023-07-06,RUSFAR 3M,RUSFAR 3 месяца,8.08,8.08,8.08,8.08,1259000000.0,,,2,,RUB,,3,,2023-07-06,
MMIX,RUSFAR3M,2023-07-07,RUSFAR 3M,RUSFAR 3 месяца,8.08,8.08,8.08,8.08,0.0,,,2,,RUB,,3,,2023-07-07,
MMIX,RUSFAR3M,2023-07-10,RUSFAR 3M,RUSFAR 3 месяца,8.07,8.07,8.07,8.07,1059000000.0,,,2,,RUB,,3,,2023-07-10,
MMIX,RUSFAR3M,2023-07-11,RUSFAR 3M,RUSFAR 3 месяца,8.11,8.11,8.11,8.11,1002000000.0,,,2,,RUB,,3,,2023-07-11,
MMIX,RUSFAR3M,2023-07-12,RUSFAR 3M,RUSFAR 3 месяца,8.17,8.17,8.17,8.17,2510000000.0,,,2,,RUB,,3,,2023-07-12,
MMIX,RUSFAR3M,2023-07-13,RUSFAR 3M,RUSFAR 3 месяца,8.21,8.21,8.21,8.21,1000000000.0,,,2,,RUB,,3,,2023-07-13,
MMIX,RUSFAR3M,2023-07-14,RUSFAR 3M,RUSFAR 3 месяца,8.28,8.28,8.28,8.28,2500000000.0,,,2,,RUB,,3,,2023-07-14,
MMIX,RUSFAR3M,2023-07-17,RUSFAR 3M,RUSFAR 3 месяца,8.3,8.3,8.3,8.3,1950000000.0,,,2,,RUB,,3,,2023-07-17,
MMIX,RUSFAR3M,2023-07-18,RUSFAR 3M,RUSFAR 3 месяца,8.31,8.31,8.31,8.31,625000000.0,,,2,,RUB,,3,,2023-07-18,
MMIX,RUSFAR3M,2023-07-19,RUSFAR 3M,RUSFAR 3 месяца,8.31,8.31,8.31,8.31,0.0,,,2,,RUB,,3,,2023-07-19,
MMIX,RUSFAR3M,2023-07-20,RUSFAR 3M,RUSFAR 3 месяца,8.31,8.31,8.31,8.31,155920000.0,,,2,,RUB,,3,,2023-07-20,
MMIX,RUSFAR3M,2023-07-21,RUSFAR 3M,RUSFAR 3 месяца,8.41,8.41,8.41,8.41,0.0,,,2,,RUB,,3,,2023-07-21,
MMIX,RUSFAR3M,2023-07-24,RUSFAR 3M,RUSFAR 3 месяца,8.99,8.99,8.99,8.99,4320000000.0,,,2,,RUB,,3,,2023-07-24,
MMIX,RUSFAR3M,2023-07-25,RUSFAR 3M,RUSFAR 3 месяца,8.96,8.96,8.96,8.96,0.0,,,2,,RUB,,3,,2023-07-25,
MMIX,RUSFAR3M,2023-07-26,RUSFAR 3M,RUSFAR 3 месяца,8.96,8.96,8.96,8.96,0.0,,,2,,RUB,,3,,2023-07-26,
MMIX,RUSFAR3M,2023-07-27,RUSFAR 3M,RUSFAR 3 месяца,8.95,8.95,8.95,8.95,49000000.0,,,2,,RUB,,3,,2023-07-27,
MMIX,RUSFAR3M,2023-07-28,RUSFAR 3M,RUSFAR 3 месяца,8.95,8.95,8.95,8.95,56994000.0,,,2,,RUB,,3,,2023-07-28,
MMIX,RUSFAR3M,2023-07-31,RUSFAR 3M,RUSFAR 3 месяца,8.95,8.95,8.95,8.95,0.0,,,2,,RUB,,3,,2023-07-31,
MMIX,RUSFAR3M,2023-08-01,RUSFAR 3M,RUSFAR 3 месяца,8.94,8.94,8.94,8.94,0.0,,,2,,RUB,,3,,2023-08-01,
MMIX,RUSFAR3M,2023-08-02,RUSFAR 3M,RUSFAR 3 месяца,8.95,8.95,8.95,8.95,0.0,,,2,,RUB,,3,,2023-08-02,
MMIX,RUSFAR3M,2023-08-03,RUSFAR 3M,RUSFAR 3 месяца,8.93,8.93,8.93,8.93,0.0,,,2,,RUB,,3,,2023-08-03,
MMIX,RUSFAR3M,2023-08-04,RUSFAR 3M,RUSFAR 3 месяца,8.94,8.94,8.94,8.94,0.0,,,2,,RUB,,3,,2023-08-04,
MMIX,RUSFAR3M,2023-08-07,RUSFAR 3M,RUSFAR 3 месяца,8.94,8.94,8.94,8.94,1000000000.0,,,2,,RUB,,3,,2023-08-07,
MMIX,RUSFAR3M,2023-08-08,RUSFAR 3M,RUSFAR 3 месяца,8.91,8.91,8.91,8.91,0.0,,,2,,RUB,,3,,2023-08-08,
MMIX,RUSFAR3M,2023-08-09,RUSFAR 3M,RUSFAR 3 месяца,8.92,8.92,8.92,8.92,0.0,,,2,,RUB,,3,,2023-08-09,
MMIX,RUSFAR3M,2023-08-10,RUSFAR 3M,RUSFAR 3 месяца,9.04,9.04,9.04,9.04,0.0,,,2,,RUB,,3,,2023-08-10,
MMIX,RUSFAR3M,2023-08-11,RUSFAR 3M,RUSFAR 3 месяца,9.05,9.05,9.05,9.05,0.0,,,2,,RUB,,3,,2023-08-11,
MMIX,RUSFAR3M,2023-08-14,RUSFAR 3M,RUSFAR 3 месяца,9.12,9.12,9.12,9.12,1200000000.0,,,2,,RUB,,3,,2023-08-14,
MMIX,RUSFAR3M,2023-08-15,RUSFAR 3M,RUSFAR 3 месяца,11.26,11.26,11.26,11.26,0.0,,,2,,RUB,,3,,2023-08-15,
MMIX,RUSFAR3M,2023-08-16,RUSFAR 3M,RUSFAR 3 месяца,12.25,12.25,12.25,12.25,276000000.0,,,2,,RUB,,3,,2023-08-16,
MMIX,RUSFAR3M,2023-08-17,RUSFAR 3M,RUSFAR 3 месяца,12.15,12.15,12.15,12.15,3400000000.0,,,2,,RUB,,3,,2023-08-17,
MMIX,RUSFAR3M,2023-08-18,RUSFAR 3M,RUSFAR 3 месяца,12.09,12.09,12.09,12.09,1133977000.0,,,2,,RUB,,3,,2023-08-18,
MMIX,RUSFAR3M,2023-08-21,RUSFAR 3M,RUSFAR 3 месяца,12.09,12.09,12.09,12.09,0.0,,,2,,RUB,,3,,2023-08-21,
MMIX,RUSFAR3M,2023-08-22,RUSFAR 3M,RUSFAR 3 месяца,12.08,12.08,12.08,12.08,0.0,,,2,,RUB,,3,,2023-08-22,
MMIX,RUSFAR3M,2023-08-23,RUSFAR 3M,RUSFAR 3 месяца,12.08,12.08,12.08,12.08,0.0,,,2,,RUB,,3,,2023-08-23,
MMIX,RUSFAR3M,2023-08-24,RUSFAR 3M,RUSFAR 3 месяца,12.08,12.08,12.08,12.08,0.0,,,2,,RUB,,3,,2023-08-24,
MMIX,RUSFAR3M,2023-08-25,RUSFAR 3M,RUSFAR 3 месяца,12.1,12.1,12.1,12.1,200000000.0,,,2,,RUB,,3,,2023-08-25,
MMIX,RUSFAR3M,2023-08-28,RUSFAR 3M,RUSFAR 3 месяца,12.09,12.09,12.09,12.09,700000000.0,,,2,,RUB,,3,,2023-08-28,
MMIX,RUSFAR3M,2023-08-29,RUSFAR 3M,RUSFAR 3 месяца,12.06,12.06,12.06,12.06,0.0,,,2,,RUB,,3,,2023-08-29,
MMIX,RUSFAR3M,2023-08-30,RUSFAR 3M,RUSFAR 3 месяца,12.06,12.06,12.06,12.06,150000000.0,,,2,,RUB,,3,,2023-08-30,
MMIX,RUSFAR3M,2023-08-31,RUSFAR 3M,RUSFAR 3 месяца,12.07,12.07,12.07,12.07,1250000000.0,,,2,,RUB,,3,,2023-08-31,
MMIX,RUSFAR3M,2023-09-01,RUSFAR 3M,RUSFAR 3 месяца,12.12,12.12,12.12,12.12,1600000000.0,,,2,,RUB,,3,,2023-09-01,
MMIX,RUSFAR3M,2023-09-04,RUSFAR 3M,RUSFAR 3 месяца,12.22,12.22,12.22,12.22,400000000.0,,,2,,RUB,,3,,2023-09-04,
MMIX,RUSFAR3M,2023-09-05,RUSFAR 3M,RUSFAR 3 месяца,12.34,12.34,12.34,12.34,700000000.0,,,2,,RUB,,3,,2023-09-05,
MMIX,RUSFAR3M,2023-09-06,RUSFAR 3M,RUSFAR 3 месяца,12.46,12.46,12.46,12.46,2464000000.0,,,2,,RUB,,3,,2023-09-06,
MMIX,RUSFAR3M,2023-09-07,RUSFAR 3M,RUSFAR 3 месяца,12.56,12.56,12.56,12.56,420000000.0,,,2,,RUB,,3,,2023-09-07,
MMIX,RUSFAR3M,2023-09-08,RUSFAR 3M,RUSFAR 3 месяца,12.59,12.59,12.59,12.59,1000000000.0,,,2,,RUB,,3,,2023-09-08,
MMIX,RUSFAR3M,2023-09-11,RUSFAR 3M,RUSFAR 3 месяца,12.79,12.79,12.79,12.79,220000000.0,,,2,,RUB,,3,,2023-09-11,
MMIX,RUSFAR3M,2023-09-12,RUSFAR 3M,RUSFAR 3 месяца,12.84,12.84,12.84,12.84,10000000.0,,,2,,RUB,,3,,2023-09-12,
MMIX,RUSFAR3M,2023-09-13,RUSFAR 3M,RUSFAR 3 месяца,12.68,12.68,12.68,12.68,0.0,,,2,,RUB,,3,,2023-09-13,
MMIX,RUSFAR3M,2023-09-14,RUSFAR 3M,RUSFAR 3 месяца,12.65,12.65,12.65,12.65,0.0,,,2,,RUB,,3,,2023-09-14,
MMIX,RUSFAR3M,2023-09-15,RUSFAR 3M,RUSFAR 3 месяца,12.73,12.73,12.73,12.73,640000000.0,,,2,,RUB,,3,,2023-09-15,
MMIX,RUSFAR3M,2023-09-18,RUSFAR 3M,RUSFAR 3 месяца,13.05,13.05,13.05,13.05,630000000.0,,,2,,RUB,,3,,2023-09-18,
MMIX,RUSFAR3M,2023-09-19,RUSFAR 3M,RUSFAR 3 месяца,13.1,13.1,13.1,13.1,400000000.0,,,2,,RUB,,3,,2023-09-19,
MMIX,RUSFAR3M,2023-09-20,RUSFAR 3M,RUSFAR 3 месяца,13.13,13.13,13.13,13.13,155000000.0,,,2,,RUB,,3,,2023-09-20,
MMIX,RUSFAR3M,2023-09-21,RUSFAR 3M,RUSFAR 3 месяца,13.16,13.16,13.16,13.16,0.0,,,2,,RUB,,3,,2023-09-21,
MMIX,RUSFAR3M,2023-09-22,RUSFAR 3M,RUSFAR 3 месяца,13.07,13.07,13.07,13.07,1000000000.0,,,2,,RUB,,3,,2023-09-22,
MMIX,RUSFAR3M,2023-09-25,RUSFAR 3M,RUSFAR 3 месяца,13.12,13.12,13.12,13.12,0.0,,,2,,RUB,,3,,2023-09-25,
MMIX,RUSFAR3M,2023-09-26,RUSFAR 3M,RUSFAR 3 месяца,13.12,13.12,13.12,13.12,0.0,,,2,,RUB,,3,,2023-09-26,
MMIX,RUSFAR3M,2023-09-27,RUSFAR 3M,RUSFAR 3 месяца,13.11,13.11,13.11,13.11,0.0,,,2,,RUB,,3,,2023-09-27,
MMIX,RUSFAR3M,2023-09-28,RUSFAR 3M,RUSFAR 3 месяца,13.18,13.18,13.18,13.18,700000000.0,,,2,,RUB,,3,,2023-09-28,
MMIX,RUSFAR3M,2023-09-29,RUSFAR 3M,RUSFAR 3 месяца,13.2,13.2,13.2,13.2,1250000000.0,,,2,,RUB,,3,,2023-09-29,
MMIX,RUSFAR3M,2023-10-02,RUSFAR 3M,RUSFAR 3 месяца,13.27,13.27,13.27,13.27,1515000000.0,,,2,,RUB,,3,,2023-10-02,
MMIX,RUSFAR3M,2023-10-03,RUSFAR 3M,RUSFAR 3 месяца,13.48,13.48,13.48,13.48,0.0,,,2,,RUB,,3,,2023-10-03,
MMIX,RUSFAR3M,2023-10-04,RUSFAR 3M,RUSFAR 3 месяца,13.49,13.49,13.49,13.49,0.0,,,2,,RUB,,3,,2023-10-04,
MMIX,RUSFAR3M,2023-10-05,RUSFAR 3M,RUSFAR 3 месяца,13.51,13.51,13.51,13.51,0.0,,,2,,RUB,,3,,2023-10-05,
MMIX,RUSFAR3M,2023-10-06,RUSFAR 3M,RUSFAR 3 месяца,13.67,13.67,13.67,13.67,0.0,,,2,,RUB,,3,,2023-10-06,
MMIX,RUSFAR3M,2023-10-09,RUSFAR 3M,RUSFAR 3 месяца,13.83,13.83,13.83,13.83,0.0,,,2,,RUB,,3,,2023-10-09,
MMIX,RUSFAR3M,2023-10-10,RUSFAR 3M,RUSFAR 3 месяца,13.83,13.83,13.83,13.83,450000000.0,,,2,,RUB,,3,,2023-10-10,
MMIX,RUSFAR3M,2023-10-11,RUSFAR 3M,RUSFAR 3 месяца,13.94,13.94,13.94,13.94,181000000.0,,,2,,RUB,,3,,2023-10-11,
MMIX,RUSFAR3M,2023-10-12,RUSFAR 3M,RUSFAR 3 месяца,13.95,13.95,13.95,13.95,1000000000.0,,,2,,RUB,,3,,2023-10-12,
MMIX,RUSFAR3M,2023-10-13,RUSFAR 3M,RUSFAR 3 месяца,14.07,14.07,14.07,14.07,1555000000.0,,,2,,RUB,,3,,2023-10-13,
MMIX,RUSFAR3M,2023-10-16,RUSFAR 3M,RUSFAR 3 месяца,14.24,14.24,14.24,14.24,230000000.0,,,2,,RUB,,3,,2023-10-16,
MMIX,RUSFAR3M,2023-10-17,RUSFAR 3M,RUSFAR 3 месяца,14.32,14.32,14.32,14.32,2526000000.0,,,2,,RUB,,3,,2023-10-17,
MMIX,RUSFAR3M,2023-10-18,RUSFAR 3M,RUSFAR 3 месяца,14.35,14.35,14.35,14.35,2476000000.0,,,2,,RUB,,3,,2023-10-18,
MMIX,RUSFAR3M,2023-10-19,RUSFAR 3M,RUSFAR 3 месяца,14.33,14.33,14.33,14.33,3845000000.0,,,2,,RUB,,3,,2023-10-19,
MMIX,RUSFAR3M,2023-10-20,RUSFAR 3M,RUSFAR 3 месяца,14.38,14.38,14.38,14.38,10500000.0,,,2,,RUB,,3,,2023-10-20,
MMIX,RUSFAR3M,2023-10-23,RUSFAR 3M,RUSFAR 3 месяца,14.36,14.36,14.36,14.36,1000000000.0,,,2,,RUB,,3,,2023-10-23,
MMIX,RUSFAR3M,2023-10-24,RUSFAR 3M,RUSFAR 3 месяца,14.33,14.33,14.33,14.33,1095000000.0,,,2,,RUB,,3,,2023-10-24,
MMIX,RUSFAR3M,2023-10-25,RUSFAR 3M,RUSFAR 3 месяца,14.31,14.31,14.31,14.31,0.0,,,2,,RUB,,3,,2023-10-25,
MMIX,RUSFAR3M,2023-10-26,RUSFAR 3M,RUSFAR 3 месяца,14.31,14.31,14.31,14.31,400000000.0,,,2,,RUB,,3,,2023-10-26,
MMIX,RUSFAR3M,2023-10-27,RUSFAR 3M,RUSFAR 3 месяца,14.31,14.31,14.31,14.31,0.0,,,2,,RUB,,3,,2023-10-27,
MMIX,RUSFAR3M,2023-10-30,RUSFAR 3M,RUSFAR 3 месяца,15.02,15.02,15.02,15.02,1000000000.0,,,2,,RUB,,3,,2023-10-30,
MMIX,RUSFAR3M,2023-10-31,RUSFAR 3M,RUSFAR 3 месяца,14.99,14.99,14.99,14.99,200000000.0,,,2,,RUB,,3,,2023-10-31,
MMIX,RUSFAR3M,2023-11-01,RUSFAR 3M,RUSFAR 3 месяца,15.04,15.04,15.04,15.04,0.0,,,2,,RUB,,3,,2023-11-01,
MMIX,RUSFAR3M,2023-11-02,RUSFAR 3M,RUSFAR 3 месяца,15.21,15.21,15.21,15.21,2205000000.0,,,2,,RUB,,3,,2023-11-02,
MMIX,RUSFAR3M,2023-11-03,RUSFAR 3M,RUSFAR 3 месяца,15.33,15.33,15.33,15.33,2100000000.0,,,2,,RUB,,3,,2023-11-03,
MMIX,RUSFAR3M,2023-11-07,RUSFAR 3M,RUSFAR 3 месяца,15.37,15.37,15.37,15.37,660965000.0,,,2,,RUB,,3,,2023-11-07,
MMIX,RUSFAR3M,2023-11-08,RUSFAR 3M,RUSFAR 3 месяца,15.43,15.43,15.43,15.43,0.0,,,2,,RUB,,3,,2023-11-08,
MMIX,RUSFAR3M,2023-11-09,RUSFAR 3M,RUSFAR 3 месяца,15.41,15.41,15.41,15.41,625000000.0,,,2,,RUB,,3,,2023-11-09,
MMIX,RUSFAR3M,2023-11-10,RUSFAR 3M,RUSFAR 3 месяца,15.41,15.41,15.41,15.41,410000000.0,,,2,,RUB,,3,,2023-11-10,
MMIX,RUSFAR3M,2023-11-13,RUSFAR 3M,RUSFAR 3 месяца,15.41,15.41,15.41,15.41,1350000000.0,,,2,,RUB,,3,,2023-11-13,
MMIX,RUSFAR3M,2023-11-14,RUSFAR 3M,RUSFAR 3 месяца,15.48,15.48,15.48,15.48,800000000.0,,,2,,RUB,,3,,2023-11-14,
MMIX,RUSFAR3M,2023-11-15,RUSFAR 3M,RUSFAR 3 месяца,15.44,15.44,15.44,15.44,2400000000.0,,,2,,RUB,,3,,2023-11-15,
MMIX,RUSFAR3M,2023-11-16,RUSFAR 3M,RUSFAR 3 месяца,15.5,15.5,15.5,15.5,410000000.0,,,2,,RUB,,3,,2023-11-16,
MMIX,RUSFAR3M,2023-11-17,RUSFAR 3M,RUSFAR 3 месяца,15.5,15.5,15.5,15.5,0.0,,,2,,RUB,,3,,2023-11-17,
MMIX,RUSFAR3M,2023-11-20,RUSFAR 3M,RUSFAR 3 месяца,15.53,15.53,15.53,15.53,1000000000.0,,,2,,RUB,,3,,2023-11-20,
MMIX,RUSFAR3M,2023-11-21,RUSFAR 3M,RUSFAR 3 месяца,15.61,15.61,15.61,15.61,1800000000.0,,,2,,RUB,,3,,2023-11-21,
MMIX,RUSFAR3M,2023-11-22,RUSFAR 3M,RUSFAR 3 месяца,15.66,15.66,15.66,15.66,16740000.0,,,2,,RUB,,3,,2023-11-22,
MMIX,RUSFAR3M,2023-11-23,RUSFAR 3M,RUSFAR 3 месяца,15.72,15.72,15.72,15.72,250000000.0,,,2,,RUB,,3,,2023-11-23,
MMIX,RUSFAR3M,2023-11-24,RUSFAR 3M,RUSFAR 3 месяца,15.71,15.71,15.71,15.71,400000000.0,,,2,,RUB,,3,,2023-11-24,
MMIX,RUSFAR3M,2023-11-27,RUSFAR 3M,RUSFAR 3 месяца,15.8,15.8,15.8,15.8,46000000.0,,,2,,RUB,,3,,2023-11-27,
MMIX,RUSFAR3M,2023-11-28,RUSFAR 3M,RUSFAR 3 месяца,15.81,15.81,15.81,15.81,50000000.0,,,2,,RUB,,3,,2023-11-28,
MMIX,RUSFAR3M,2023-11-29,RUSFAR 3M,RUSFAR 3 месяца,15.8,15.8,15.8,15.8,812144000.0,,,2,,RUB,,3,,2023-11-29,
MMIX,RUSFAR3M,2023-11-30,RUSFAR 3M,RUSFAR 3 месяца,15.87,15.87,15.87,15.87,2200000000.0,,,2,,RUB,,3,,2023-11-30,
MMIX,RUSFAR3M,2023-12-01,RUSFAR 3M,RUSFAR 3 месяца,15.98,15.98,15.98,15.98,50000000.0,,,2,,RUB,,3,,2023-12-01,
MMIX,RUSFAR3M,2023-12-04,RUSFAR 3M,RUSFAR 3 месяца,15.93,15.93,15.93,15.93,1000000000.0,,,2,,RUB,,3,,2023-12-04,
MMIX,RUSFAR3M,2023-12-05,RUSFAR 3M,RUSFAR 3 месяца,16.0,16.0,16.0,16.0,650000000.0,,,2,,RUB,,3,,2023-12-05,
MMIX,RUSFAR3M,2023-12-06,RUSFAR 3M,RUSFAR 3 месяца,16.16,16.16,16.16,16.16,0.0,,,2,,RUB,,3,,2023-12-06,
MMIX,RUSFAR3M,2023-12-07,RUSFAR 3M,RUSFAR 3 месяца,16.09,16.09,16.09,16.09,0.0,,,2,,RUB,,3,,2023-12-07,
MMIX,RUSFAR3M,2023-12-08,RUSFAR 3M,RUSFAR 3 месяца,16.12,16.12,16.12,16.12,410000000.0,,,2,,RUB,,3,,2023-12-08,
MMIX,RUSFAR3M,2023-12-11,RUSFAR 3M,RUSFAR 3 месяца,16.11,16.11,16.11,16.11,0.0,,,2,,RUB,,3,,2023-12-11,
MMIX,RUSFAR3M,2023-12-12,RUSFAR 3M,RUSFAR 3 месяца,16.18,16.18,16.18,16.18,50000000.0,,,2,,RUB,,3,,2023-12-12,
MMIX,RUSFAR3M,2023-12-13,RUSFAR 3M,RUSFAR 3 месяца,16.27,16.27,16.27,16.27,0.0,,,2,,RUB,,3,,2023-12-13,
MMIX,RUSFAR3M,2023-12-14,RUSFAR 3M,RUSFAR 3 месяца,16.37,16.37,16.37,16.37,0.0,,,2,,RUB,,3,,2023-12-14,
MMIX,RUSFAR3M,2023-12-15,RUSFAR 3M,RUSFAR 3 месяца,16.36,16.36,16.36,16.36,500000000.0,,,2,,RUB,,3,,2023-12-15,
MMIX,RUSFAR3M,2023-12-18,RUSFAR 3M,RUSFAR 3 месяца,16.13,16.13,16.13,16.13,0.0,,,2,,RUB,,3,,2023-12-18,
MMIX,RUSFAR3M,2023-12-19,RUSFAR 3M,RUSFAR 3 месяца,16.15,16.15,16.15,16.15,50000000.0,,,2,,RUB,,3,,2023-12-19,
MMIX,RUSFAR3M,2023-12-20,RUSFAR 3M,RUSFAR 3 месяца,16.13,16.13,16.13,16.13,100000000.0,,,2,,RUB,,3,,2023-12-20,
MMIX,RUSFAR3M,2023-12-21,RUSFAR 3M,RUSFAR 3 месяца,16.14,16.14,16.14,16.14,32000000.0,,,2,,RUB,,3,,2023-12-21,
MMIX,RUSFAR3M,2023-12-22,RUSFAR 3M,RUSFAR 3 месяца,16.06,16.06,16.06,16.06,11300000.0,,,2,,RUB,,3,,2023-12-22,
MMIX,RUSFAR3M,2023-12-25,RUSFAR 3M,RUSFAR 3 месяца,16.05,16.05,16.05,16.05,4850800000.0,,,2,,RUB,,3,,2023-12-25,
MMIX,RUSFAR3M,2023-12-26,RUSFAR 3M,RUSFAR 3 месяца,16.04,16.04,16.04,16.04,371613000.0,,,2,,RUB,,3,,2023-12-26,
MMIX,RUSFAR3M,2023-12-27,RUSFAR 3M,RUSFAR 3 месяца,16.04,16.04,16.04,16.04,651452000.0,,,2,,RUB,,3,,2023-12-27,
MMIX,RUSFAR3M,2023-12-28,RUSFAR 3M,RUSFAR 3 месяца,16.04,16.04,16.04,16.04,1621000000.0,,,2,,RUB,,3,,2023-12-28,
MMIX,RUSFAR3M,2024-01-09,RUSFAR 3M,RUSFAR 3 месяца,16.1,16.1,16.1,16.1,20249000.0,,,2,,RUB,,3,,2024-01-09,
MMIX,RUSFAR3M,2024-01-10,RUSFAR 3M,RUSFAR 3 месяца,16.03,16.03,16.03,16.03,0.0,,,2,,RUB,,3,,2024-01-10,
MMIX,RUSFAR3M,2024-01-11,RUSFAR 3M,RUSFAR 3 месяца,16.0,16.0,16.0,16.0,572000000.0,,,2,,RUB,,3,,2024-01-11,
MMIX,RUSFAR3M,2024-01-12,RUSFAR 3M,RUSFAR 3 месяца,16.0,16.0,16.0,16.0,0.0,,,2,,RUB,,3,,2024-01-12,
MMIX,RUSFAR3M,2024-01-15,RUSFAR 3M,RUSFAR 3 месяца,16.01,16.01,16.01,16.01,649222000.0,,,2,,RUB,,3,,2024-01-15,
MMIX,RUSFAR3M,2024-01-16,RUSFAR 3M,RUSFAR 3 месяца,16.02,16.02,16.02,16.02,0.0,,,2,,RUB,,3,,2024-01-16,
MMIX,RUSFAR3M,2024-01-17,RUSFAR 3M,RUSFAR 3 месяца,16.06,16.06,16.06,16.06,0.0,,,2,,RUB,,3,,2024-01-17,
MMIX,RUSFAR3M,2024-01-18,RUSFAR 3M,RUSFAR 3 месяца,16.01,16.01,16.01,16.01,1638222000.0,,,2,,RUB,,3,,2024-01-18,
MMIX,RUSFAR3M,2024-01-19,RUSFAR 3M,RUSFAR 3 месяца,16.04,16.04,16.04,16.04,427000000.0,,,2,,RUB,,3,,2024-01-19,
MMIX,RUSFAR3M,2024-01-22,RUSFAR 3M,RUSFAR 3 месяца,16.06,16.06,16.06,16.06,0.0,,,2,,RUB,,3,,2024-01-22,
MMIX,RUSFAR3M,2024-01-23,RUSFAR 3M,RUSFAR 3 месяца,16.05,16.05,16.05,16.05,3000000.0,,,2,,RUB,,3,,2024-01-23,
MMIX,RUSFAR3M,2024-01-24,RUSFAR 3M,RUSFAR 3 месяца,16.06,16.06,16.06,16.06,0.0,,,2,,RUB,,3,,2024-01-24,
MMIX,RUSFAR3M,2024-01-25,RUSFAR 3M,RUSFAR 3 месяца,16.1,16.1,16.1,16.1,0.0,,,2,,RUB,,3,,2024-01-25,
MMIX,RUSFAR3M,2024-01-26,RUSFAR 3M,RUSFAR 3 месяца,16.16,16.16,16.16,16.16,0.0,,,2,,RUB,,3,,2024-01-26,
MMIX,RUSFAR3M,2024-01-29,RUSFAR 3M,RUSFAR 3 месяца,16.18,16.18,16.18,16.18,0.0,,,2,,RUB,,3,,2024-01-29,
MMIX,RUSFAR3M,2024-01-30,RUSFAR 3M,RUSFAR 3 месяца,16.19,16.19,16.19,16.19,0.0,,,2,,RUB,,3,,2024-01-30,
MMIX,RUSFAR3M,2024-01-31,RUSFAR 3M,RUSFAR 3 месяца,16.2,16.2,16.2,16.2,0.0,,,2,,RUB,,3,,2024-01-31,
MMIX,RUSFAR3M,2024-02-01,RUSFAR 3M,RUSFAR 3 месяца,16.25,16.25,16.25,16.25,308170000.0,,,2,,RUB,,3,,2024-02-01,
MMIX,RUSFAR3M,2024-02-02,RUSFAR 3M,RUSFAR 3 месяца,16.19,16.19,16.19,16.19,32000000.0,,,2,,RUB,,3,,2024-02-02,
MMIX,RUSFAR3M,2024-02-05,RUSFAR 3M,RUSFAR 3 месяца,16.25,16.25,16.25,16.25,0.0,,,2,,RUB,,3,,2024-02-05,
MMIX,RUSFAR3M,2024-02-06,RUSFAR 3M,RUSFAR 3 месяца,16.25,16.25,16.25,16.25,1132000000.0,,,2,,RUB,,3,,2024-02-06,
MMIX,RUSFAR3M,2024-02-07,RUSFAR 3M,RUSFAR 3 месяца,16.22,16.22,16.22,16.22,232000000.0,,,2,,RUB,,3,,2024-02-07,
MMIX,RUSFAR3M,2024-02-08,RUSFAR 3M,RUSFAR 3 месяца,16.21,16.21,16.21,16.21,432000000.0,,,2,,RUB,,3,,2024-02-08,
MMIX,RUSFAR3M,2024-02-09,RUSFAR 3M,RUSFAR 3 месяца,16.21,16.21,16.21,16.21,270000000.0,,,2,,RUB,,3,,2024-02-09,
MMIX,RUSFAR3M,2024-02-12,RUSFAR 3M,RUSFAR 3 месяца,16.16,16.16,16.16,16.16,1000000000.0,,,2,,RUB,,3,,2024-02-12,
MMIX,RUSFAR3M,2024-02-13,RUSFAR 3M,RUSFAR 3 месяца,16.21,16.21,16.21,16.21,107600000.0,,,2,,RUB,,3,,2024-02-13,
MMIX,RUSFAR3M,2024-02-14,RUSFAR 3M,RUSFAR 3 месяца,16.21,16.21,16.21,16.21,0.0,,,2,,RUB,,3,,2024-02-14,
MMIX,RUSFAR3M,2024-02-15,RUSFAR 3M,RUSFAR 3 месяца,16.16,16.16,16.16,16.16,110200000.0,,,2,,RUB,,3,,2024-02-15,
MMIX,RUSFAR3M,2024-02-16,RUSFAR 3M,RUSFAR 3 месяца,16.17,16.17,16.17,16.17,0.0,,,2,,RUB,,3,,2024-02-16,
MMIX,RUSFAR3M,2024-02-19,RUSFAR 3M,RUSFAR 3 месяца,16.18,16.18,16.18,16.18,218500000.0,,,2,,RUB,,3,,2024-02-19,
MMIX,RUSFAR3M,2024-02-20,RUSFAR 3M,RUSFAR 3 месяца,16.2,16.2,16.2,16.2,862222000.0,,,2,,RUB,,3,,2024-02-20,
MMIX,RUSFAR3M,2024-02-21,RUSFAR 3M,RUSFAR 3 месяца,16.21,16.21,16.21,16.21,795000000.0,,,2,,RUB,,3,,2024-02-21,
MMIX,RUSFAR3M,2024-02-22,RUSFAR 3M,RUSFAR 3 месяца,16.2,16.2,16.2,16.2,200000000.0,,,2,,RUB,,3,,2024-02-22,
MMIX,RUSFAR3M,2024-02-26,RUSFAR 3M,RUSFAR 3 месяца,16.21,16.21,16.21,16.21,0.0,,,2,,RUB,,3,,2024-02-26,
MMIX,RUSFAR3M,2024-02-27,RUSFAR 3M,RUSFAR 3 месяца,16.21,16.21,16.21,16.21,1200000000.0,,,2,,RUB,,3,,2024-02-27,
MMIX,RUSFAR3M,2024-02-28,RUSFAR 3M,RUSFAR 3 месяца,16.24,16.24,16.24,16.24,1259222000.0,,,2,,RUB,,3,,2024-02-28,
MMIX,RUSFAR3M,2024-02-29,RUSFAR 3M,RUSFAR 3 месяца,16.26,16.26,16.26,16.26,50000000.0,,,2,,RUB,,3,,2024-02-29,
MMIX,RUSFAR3M,2024-03-01,RUSFAR 3M,RUSFAR 3 месяца,16.25,16.25,16.25,16.25,222665000.0,,,2,,RUB,,3,,2024-03-01,
MMIX,RUSFAR3M,2024-03-04,RUSFAR 3M,RUSFAR 3 месяца,16.25,16.25,16.25,16.25,2050000.0,,,2,,RUB,,3,,2024-03-04,
MMIX,RUSFAR3M,2024-03-05,RUSFAR 3M,RUSFAR 3 месяца,16.23,16.23,16.23,16.23,1222472000.0,,,2,,RUB,,3,,2024-03-05,
MMIX,RUSFAR3M,2024-03-06,RUSFAR 3M,RUSFAR 3 месяца,16.25,16.25,16.25,16.25,293180000.0,,,2,,RUB,,3,,2024-03-06,
MMIX,RUSFAR3M,2024-03-07,RUSFAR 3M,RUSFAR 3 месяца,16.25,16.25,16.25,16.25,309625000.0,,,2,,RUB,,3,,2024-03-07,
MMIX,RUSFAR3M,2024-03-11,RUSFAR 3M,RUSFAR 3 месяца,16.26,16.26,16.26,16.26,48000000.0,,,2,,RUB,,3,,2024-03-11,
MMIX,RUSFAR3M,2024-03-12,RUSFAR 3M,RUSFAR 3 месяца,16.28,16.28,16.28,16.28,1474222000.0,,,2,,RUB,,3,,2024-03-12,
MMIX,RUSFAR3M,2024-03-13,RUSFAR 3M,RUSFAR 3 месяца,16.29,16.29,16.29,16.29,1003000000.0,,,2,,RUB,,3,,2024-03-13,
MMIX,RUSFAR3M,2024-03-14,RUSFAR 3M,RUSFAR 3 месяца,16.26,16.26,16.26,16.26,698000000.0,,,2,,RUB,,3,,2024-03-14,
MMIX,RUSFAR3M,2024-03-15,RUSFAR 3M,RUSFAR 3 месяца,16.27,16.27,16.27,16.27,819000000.0,,,2,,RUB,,3,,2024-03-15,
MMIX,RUSFAR3M,2024-03-18,RUSFAR 3M,RUSFAR 3 месяца,16.21,16.21,16.21,16.21,2287200000.0,,,2,,RUB,,3,,2024-03-18,
MMIX,RUSFAR3M,2024-03-19,RUSFAR 3M,RUSFAR 3 месяца,16.17,16.17,16.17,16.17,100000.0,,,2,,RUB,,3,,2024-03-19,
MMIX,RUSFAR3M,2024-03-20,RUSFAR 3M,RUSFAR 3 месяца,16.16,16.16,16.16,16.16,338500000.0,,,2,,RUB,,3,,2024-03-20,
MMIX,RUSFAR3M,2024-03-21,RUSFAR 3M,RUSFAR 3 месяца,16.1,16.1,16.1,16.1,210000000.0,,,2,,RUB,,3,,2024-03-21,
MMIX,RUSFAR3M,2024-03-22,RUSFAR 3M,RUSFAR 3 месяца,16.09,16.09,16.09,16.09,1097000.0,,,2,,RUB,,3,,2024-03-22,
MMIX,RUSFAR3M,2024-03-25,RUSFAR 3M,RUSFAR 3 месяца,16.1,16.1,16.1,16.1,830555000.0,,,2,,RUB,,3,,2024-03-25,
MMIX,RUSFAR3M,2024-03-26,RUSFAR 3M,RUSFAR 3 месяца,16.1,16.1,16.1,16.1,50000000.0,,,2,,RUB,,3,,2024-03-26,
MMIX,RUSFAR3M,2024-03-27,RUSFAR 3M,RUSFAR 3 месяца,16.08,16.08,16.08,16.08,0.0,,,2,,RUB,,3,,2024-03-27,
MMIX,RUSFAR3M,2024-03-28,RUSFAR 3M,RUSFAR 3 месяца,16.08,16.08,16.08,16.08,38552000.0,,,2,,RUB,,3,,2024-03-28,
MMIX,RUSFAR3M,2024-03-29,RUSFAR 3M,RUSFAR 3 месяца,16.08,16.08,16.08,16.08,2026000000.0,,,2,,RUB,,3,,2024-03-29,
MMIX,RUSFAR3M,2024-04-01,RUSFAR 3M,RUSFAR 3 месяца,16.09,16.09,16.09,16.09,0.0,,,2,,RUB,,3,,2024-04-01,
MMIX,RUSFAR3M,2024-04-02,RUSFAR 3M,RUSFAR 3 месяца,16.09,16.09,16.09,16.09,509000000.0,,,2,,RUB,,3,,2024-04-02,
MMIX,RUSFAR3M,2024-04-03,RUSFAR 3M,RUSFAR 3 месяца,16.08,16.08,16.08,16.08,0.0,,,2,,RUB,,3,,2024-04-03,
MMIX,RUSFAR3M,2024-04-04,RUSFAR 3M,RUSFAR 3 месяца,16.07,16.07,16.07,16.07,600000000.0,,,2,,RUB,,3,,2024-04-04,
MMIX,RUSFAR3M,2024-04-05,RUSFAR 3M,RUSFAR 3 месяца,16.04,16.04,16.04,16.04,1035000000.0,,,2,,RUB,,3,,2024-04-05,
MMIX,RUSFAR3M,2024-04-08,RUSFAR 3M,RUSFAR 3 месяца,16.01,16.01,16.01,16.01,0.0,,,2,,RUB,,3,,2024-04-08,
MMIX,RUSFAR3M,2024-04-09,RUSFAR 3M,RUSFAR 3 месяца,16.0,16.0,16.0,16.0,27000000.0,,,2,,RUB,,3,,2024-04-09,
MMIX,RUSFAR3M,2024-04-10,RUSFAR 3M,RUSFAR 3 месяца,16.0,16.0,16.0,16.0,450000000.0,,,2,,RUB,,3,,2024-04-10,
MMIX,RUSFAR3M,2024-04-11,RUSFAR 3M,RUSFAR 3 месяца,16.0,16.0,16.0,16.0,3098000.0,,,2,,RUB,,3,,2024-04-11,
MMIX,RUSFAR3M,2024-04-12,RUSFAR 3M,RUSFAR 3 месяца,15.99,15.99,15.99,15.99,427000000.0,,,2,,RUB,,3,,2024-04-12,
MMIX,RUSFAR3M,2024-04-15,RUSFAR 3M,RUSFAR 3 месяца,16.01,16.01,16.01,16.01,0.0,,,2,,RUB,,3,,2024-04-15,
MMIX,RUSFAR3M,2024-04-16,RUSFAR 3M,RUSFAR 3 месяца,16.01,16.01,16.01,16.01,0.0,,,2,,RUB,,3,,2024-04-16,
MMIX,RUSFAR3M,2024-04-17,RUSFAR 3M,RUSFAR 3 месяца,16.01,16.01,16.01,16.01,16500000.0,,,2,,RUB,,3,,2024-04-17,
MMIX,RUSFAR3M,2024-04-18,RUSFAR 3M,RUSFAR 3 месяца,16.02,16.02,16.02,16.02,0.0,,,2,,RUB,,3,,2024-04-18,
MMIX,RUSFAR3M,2024-04-19,RUSFAR 3M,RUSFAR 3 месяца,16.02,16.02,16.02,16.02,2300000.0,,,2,,RUB,,3,,2024-04-19,
MMIX,RUSFAR3M,2024-04-22,RUSFAR 3M,RUSFAR 3 месяца,16.03,16.03,16.03,16.03,64900000.0,,,2,,RUB,,3,,2024-04-22,
MMIX,RUSFAR3M,2024-04-23,RUSFAR 3M,RUSFAR 3 месяца,16.02,16.02,16.02,16.02,0.0,,,2,,RUB,,3,,2024-04-23,
MMIX,RUSFAR3M,2024-04-24,RUSFAR 3M,RUSFAR 3 месяца,16.01,16.01,16.01,16.01,0.0,,,2,,RUB,,3,,2024-04-24,
MMIX,RUSFAR3M,2024-04-25,RUSFAR 3M,RUSFAR 3 месяца,16.01,16.01,16.01,16.01,0.0,,,2,,RUB,,3,,2024-04-25,
MMIX,RUSFAR3M,2024-04-26,RUSFAR 3M,RUSFAR 3 месяца,16.02,16.02,16.02,16.02,0.0,,,2,,RUB,,3,,2024-04-26,
MMIX,RUSFAR3M,2024-05-02,RUSFAR 3M,RUSFAR 3 месяца,16.07,16.07,16.07,16.07,0.0,,,2,,RUB,,3,,2024-05-02,
MMIX,RUSFAR3M,2024-05-03,RUSFAR 3M,RUSFAR 3 месяца,16.11,16.11,16.11,16.11,0.0,,,2,,RUB,,3,,2024-05-03,
MMIX,RUSFAR3M,2024-05-06,RUSFAR 3M,RUSFAR 3 месяца,16.11,16.11,16.11,16.11,0.0,,,2,,RUB,,3,,2024-05-06,
MMIX,RUSFAR3M,2024-05-07,RUSFAR 3M,RUSFAR 3 месяца,16.1,16.1,16.1,16.1,974000000.0,,,2,,RUB,,3,,2024-05-07,
MMIX,RUSFAR3M,2024-05-08,RUSFAR 3M,RUSFAR 3 месяца,16.08,16.08,16.08,16.08,0.0,,,2,,RUB,,3,,2024-05-08,
MMIX,RUSFAR3M,2024-05-13,RUSFAR 3M,RUSFAR 3 месяца,16.08,16.08,16.08,16.08,103700000.0,,,2,,RUB,,3,,2024-05-13,
MMIX,RUSFAR3M,2024-05-14,RUSFAR 3M,RUSFAR 3 месяца,16.08,16.08,16.08,16.08,0.0,,,2,,RUB,,3,,2024-05-14,
MMIX,RUSFAR3M,2024-05-15,RUSFAR 3M,RUSFAR 3 месяца,16.08,16.08,16.08,16.08,432000000.0,,,2,,RUB,,3,,2024-05-15,
MMIX,RUSFAR3M,2024-05-16,RUSFAR 3M,RUSFAR 3 месяца,16.06,16.06,16.06,16.06,62315000.0,,,2,,RUB,,3,,2024-05-16,
MMIX,RUSFAR3M,2024-05-17,RUSFAR 3M,RUSFAR 3 месяца,16.06,16.06,16.06,16.06,0.0,,,2,,RUB,,3,,2024-05-17,
MMIX,RUSFAR3M,2024-05-20,RUSFAR 3M,RUSFAR 3 месяца,16.06,16.06,16.06,16.06,100000000.0,,,2,,RUB,,3,,2024-05-20,
MMIX,RUSFAR3M,2024-05-21,RUSFAR 3M,RUSFAR 3 месяца,16.05,16.05,16.05,16.05,50000000.0,,,2,,RUB,,3,,2024-05-21,
MMIX,RUSFAR3M,2024-05-22,RUSFAR 3M,RUSFAR 3 месяца,16.12,16.12,16.12,16.12,1577972000.0,,,2,,RUB,,3,,2024-05-22,
MMIX,RUSFAR3M,2024-05-23,RUSFAR 3M,RUSFAR 3 месяца,16.13,16.13,16.13,16.13,218310000.0,,,2,,RUB,,3,,2024-05-23,
MMIX,RUSFAR3M,2024-05-24,RUSFAR 3M,RUSFAR 3 месяца,16.2,16.2,16.2,16.2,837000000.0,,,2,,RUB,,3,,2024-05-24,
MMIX,RUSFAR3M,2024-05-27,RUSFAR 3M,RUSFAR 3 месяца,16.36,16.36,16.36,16.36,1210000000.0,,,2,,RUB,,3,,2024-05-27,
MMIX,RUSFAR3M,2024-05-28,RUSFAR 3M,RUSFAR 3 месяца,16.34,16.34,16.34,16.34,0.0,,,2,,RUB,,3,,2024-05-28,
MMIX,RUSFAR3M,2024-05-29,RUSFAR 3M,RUSFAR 3 месяца,16.42,16.42,16.42,16.42,2815910000.0,,,2,,RUB,,3,,2024-05-29,
MMIX,RUSFAR3M,2024-05-30,RUSFAR 3M,RUSFAR 3 месяца,16.63,16.63,16.63,16.63,1732350000.0,,,2,,RUB,,3,,2024-05-30,
MMIX,RUSFAR3M,2024-05-31,RUSFAR 3M,RUSFAR 3 месяца,16.77,16.77,16.77,16.77,205000000.0,,,2,,RUB,,3,,2024-05-31,
MMIX,RUSFAR3M,2024-06-03,RUSFAR 3M,RUSFAR 3 месяца,16.9,16.9,16.9,16.9,5000000.0,,,2,,RUB,,3,,2024-06-03,
MMIX,RUSFAR3M,2024-06-04,RUSFAR 3M,RUSFAR 3 месяца,16.84,16.84,16.84,16.84,10000000.0,,,2,,RUB,,3,,2024-06-04,
MMIX,RUSFAR3M,2024-06-05,RUSFAR 3M,RUSFAR 3 месяца,16.89,16.89,16.89,16.89,90000000.0,,,2,,RUB,,3,,2024-06-05,
MMIX,RUSFAR3M,2024-06-06,RUSFAR 3M,RUSFAR 3 месяца,16.87,16.87,16.87,16.87,388000000.0,,,2,,RUB,,3,,2024-06-06,
MMIX,RUSFAR3M,2024-06-07,RUSFAR 3M,RUSFAR 3 месяца,16.83,16.83,16.83,16.83,34911000.0,,,2,,RUB,,3,,2024-06-07,
MMIX,RUSFAR3M,2024-06-10,RUSFAR 3M,RUSFAR 3 месяца,16.3,16.3,16.3,16.3,1000000.0,,,2,,RUB,,3,,2024-06-10,
MMIX,RUSFAR3M,2024-06-11,RUSFAR 3M,RUSFAR 3 месяца,16.3,16.3,16.3,16.3,59000000.0,,,2,,RUB,,3,,2024-06-11,
MMIX,RUSFAR3M,2024-06-13,RUSFAR 3M,RUSFAR 3 месяца,16.44,16.44,16.44,16.44,210000000.0,,,2,,RUB,,3,,2024-06-13,
MMIX,RUSFAR3M,2024-06-14,RUSFAR 3M,RUSFAR 3 месяца,16.36,16.36,16.36,16.36,1230000000.0,,,2,,RUB,,3,,2024-06-14,
MMIX,RUSFAR3M,2024-06-17,RUSFAR 3M,RUSFAR 3 месяца,16.41,16.41,16.41,16.41,851650000.0,,,2,,RUB,,3,,2024-06-17,
MMIX,RUSFAR3M,2024-06-18,RUSFAR 3M,RUSFAR 3 месяца,16.46,16.46,16.46,16.46,1030000000.0,,,2,,RUB,,3,,2024-06-18,
MMIX,RUSFAR3M,2024-06-19,RUSFAR 3M,RUSFAR 3 месяца,16.56,16.56,16.56,16.56,254000000.0,,,2,,RUB,,3,,2024-06-19,
MMIX,RUSFAR3M,2024-06-20,RUSFAR 3M,RUSFAR 3 месяца,16.81,16.81,16.81,16.81,1619000000.0,,,2,,RUB,,3,,2024-06-20,
MMIX,RUSFAR3M,2024-06-21,RUSFAR 3M,RUSFAR 3 месяца,16.88,16.88,16.88,16.88,2000000000.0,,,2,,RUB,,3,,2024-06-21,
MMIX,RUSFAR3M,2024-06-24,RUSFAR 3M,RUSFAR 3 месяца,16.83,16.83,16.83,16.83,810000000.0,,,2,,RUB,,3,,2024-06-24,
MMIX,RUSFAR3M,2024-06-25,RUSFAR 3M,RUSFAR 3 месяца,16.87,16.87,16.87,16.87,210000000.0,,,2,,RUB,,3,,2024-06-25,
MMIX,RUSFAR3M,2024-06-26,RUSFAR 3M,RUSFAR 3 месяца,16.88,16.88,16.88,16.88,0.0,,,2,,RUB,,3,,2024-06-26,
MMIX,RUSFAR3M,2024-06-27,RUSFAR 3M,RUSFAR 3 месяца,16.93,16.93,16.93,16.93,820000000.0,,,2,,RUB,,3,,2024-06-27,
MMIX,RUSFAR3M,2024-06-28,RUSFAR 3M,RUSFAR 3 месяца,16.94,16.94,16.94,16.94,0.0,,,2,,RUB,,3,,2024-06-28,
MMIX,RUSFAR3M,2024-07-01,RUSFAR 3M,RUSFAR 3 месяца,17.0,17.0,17.0,17.0,232000000.0,,,2,,RUB,,3,,2024-07-01,
MMIX,RUSFAR3M,2024-07-02,RUSFAR 3M,RUSFAR 3 месяца,17.08,17.08,17.08,17.08,16897000.0,,,2,,RUB,,3,,2024-07-02,
MMIX,RUSFAR3M,2024-07-03,RUSFAR 3M,RUSFAR 3 месяца,17.13,17.13,17.13,17.13,402500000.0,,,2,,RUB,,3,,2024-07-03,
MMIX,RUSFAR3M,2024-07-04,RUSFAR 3M,RUSFAR 3 месяца,17.08,17.08,17.08,17.08,830150000.0,,,2,,RUB,,3,,2024-07-04,
MMIX,RUSFAR3M,2024-07-05,RUSFAR 3M,RUSFAR 3 месяца,17.09,17.09,17.09,17.09,17770000.0,,,2,,RUB,,3,,2024-07-05,
MMIX,RUSFAR3M,2024-07-08,RUSFAR 3M,RUSFAR 3 месяца,17.22,17.22,17.22,17.22,1007000000.0,,,2,,RUB,,3,,2024-07-08,
MMIX,RUSFAR3M,2024-07-09,RUSFAR 3M,RUSFAR 3 месяца,17.29,17.29,17.29,17.29,6000000.0,,,2,,RUB,,3,,2024-07-09,
MMIX,RUSFAR3M,2024-07-10,RUSFAR 3M,RUSFAR 3 месяца,17.41,17.41,17.41,17.41,611000000.0,,,2,,RUB,,3,,2024-07-10,
MMIX,RUSFAR3M,2024-07-11,RUSFAR 3M,RUSFAR 3 месяца,17.48,17.48,17.48,17.48,345000000.0,,,2,,RUB,,3,,2024-07-11,
MMIX,RUSFAR3M,2024-07-12,RUSFAR 3M,RUSFAR 3 месяца,17.44,17.44,17.44,17.44,0.0,,,2,,RUB,,3,,2024-07-12,
MMIX,RUSFAR3M,2024-07-15,RUSFAR 3M,RUSFAR 3 месяца,17.55,17.55,17.55,17.55,4033000.0,,,2,,RUB,,3,,2024-07-15,
MMIX,RUSFAR3M,2024-07-16,RUSFAR 3M,RUSFAR 3 месяца,17.56,17.56,17.56,17.56,72133000.0,,,2,,RUB,,3,,2024-07-16,
MMIX,RUSFAR3M,2024-07-17,RUSFAR 3M,RUSFAR 3 месяца,17.65,17.65,17.65,17.65,19100000.0,,,2,,RUB,,3,,2024-07-17,
MMIX,RUSFAR3M,2024-07-18,RUSFAR 3M,RUSFAR 3 месяца,17.67,17.67,17.67,17.67,7000000.0,,,2,,RUB,,3,,2024-07-18,
MMIX,RUSFAR3M,2024-07-19,RUSFAR 3M,RUSFAR 3 месяца,17.74,17.74,17.74,17.74,42100000.0,,,2,,RUB,,3,,2024-07-19,
MMIX,RUSFAR3M,2024-07-22,RUSFAR 3M,RUSFAR 3 месяца,17.65,17.65,17.65,17.65,2200000.0,,,2,,RUB,,3,,2024-07-22,
MMIX,RUSFAR3M,2024-07-23,RUSFAR 3M,RUSFAR 3 месяца,17.72,17.72,17.72,17.72,202150000.0,,,2,,RUB,,3,,2024-07-23,
MMIX,RUSFAR3M,2024-07-24,RUSFAR 3M,RUSFAR 3 месяца,17.83,17.83,17.83,17.83,0.0,,,2,,RUB,,3,,2024-07-24,
MMIX,RUSFAR3M,2024-07-25,RUSFAR 3M,RUSFAR 3 месяца,17.85,17.85,17.85,17.85,39755000.0,,,2,,RUB,,3,,2024-07-25,
MMIX,RUSFAR3M,2024-07-26,RUSFAR 3M,RUSFAR 3 месяца,17.86,17.86,17.86,17.86,1008800000.0,,,2,,RUB,,3,,2024-07-26,
MMIX,RUSFAR3M,2024-07-29,RUSFAR 3M,RUSFAR 3 месяца,18.0,18.0,18.0,18.0,1415971000.0,,,2,,RUB,,3,,2024-07-29,
MMIX,RUSFAR3M,2024-07-30,RUSFAR 3M,RUSFAR 3 месяца,18.06,18.06,18.06,18.06,137700000.0,,,2,,RUB,,3,,2024-07-30,
MMIX,RUSFAR3M,2024-07-31,RUSFAR 3M,RUSFAR 3 месяца,18.05,18.05,18.05,18.05,53566000.0,,,2,,RUB,,3,,2024-07-31,
MMIX,RUSFAR3M,2024-08-01,RUSFAR 3M,RUSFAR 3 месяца,18.11,18.11,18.11,18.11,200000000.0,,,2,,RUB,,3,,2024-08-01,
MMIX,RUSFAR3M,2024-08-02,RUSFAR 3M,RUSFAR 3 месяца,18.11,18.11,18.11,18.11,468712000.0,,,2,,RUB,,3,,2024-08-02,
MMIX,RUSFAR3M,2024-08-05,RUSFAR 3M,RUSFAR 3 месяца,18.14,18.14,18.14,18.14,2370000.0,,,2,,RUB,,3,,2024-08-05,
MMIX,RUSFAR3M,2024-08-06,RUSFAR 3M,RUSFAR 3 месяца,18.14,18.14,18.14,18.14,495078000.0,,,2,,RUB,,3,,2024-08-06,
MMIX,RUSFAR3M,2024-08-07,RUSFAR 3M,RUSFAR 3 месяца,18.14,18.14,18.14,18.14,0.0,,,2,,RUB,,3,,2024-08-07,
MMIX,RUSFAR3M,2024-08-08,RUSFAR 3M,RUSFAR 3 месяца,18.11,18.11,18.11,18.11,0.0,,,2,,RUB,,3,,2024-08-08,
MMIX,RUSFAR3M,2024-08-09,RUSFAR 3M,RUSFAR 3 месяца,18.14,18.14,18.14,18.14,0.0,,,2,,RUB,,3,,2024-08-09,
MMIX,RUSFAR3M,2024-08-12,RUSFAR 3M,RUSFAR 3 месяца,18.13,18.13,18.13,18.13,1350000.0,,,2,,RUB,,3,,2024-08-12,
MMIX,RUSFAR3M,2024-08-13,RUSFAR 3M,RUSFAR 3 месяца,18.16,18.16,18.16,18.16,6111000.0,,,2,,RUB,,3,,2024-08-13,
MMIX,RUSFAR3M,2024-08-14,RUSFAR 3M,RUSFAR 3 месяца,18.24,18.24,18.24,18.24,1032790000.0,,,2,,RUB,,3,,2024-08-14,
MMIX,RUSFAR3M,2024-08-15,RUSFAR 3M,RUSFAR 3 месяца,18.35,18.35,18.35,18.35,357641000.0,,,2,,RUB,,3,,2024-08-15,
MMIX,RUSFAR3M,2024-08-16,RUSFAR 3M,RUSFAR 3 месяца,18.36,18.36,18.36,18.36,106212000.0,,,2,,RUB,,3,,2024-08-16,
MMIX,RUSFAR3M,2024-08-19,RUSFAR 3M,RUSFAR 3 месяца,18.38,18.38,18.38,18.38,0.0,,,2,,RUB,,3,,2024-08-19,
MMIX,RUSFAR3M,2024-08-20,RUSFAR 3M,RUSFAR 3 месяца,18.36,18.36,18.36,18.36,16863000.0,,,2,,RUB,,3,,2024-08-20,
MMIX,RUSFAR3M,2024-08-21,RUSFAR 3M,RUSFAR 3 месяца,18.37,18.37,18.37,18.37,1359371000.0,,,2,,RUB,,3,,2024-08-21,
MMIX,RUSFAR3M,2024-08-22,RUSFAR 3M,RUSFAR 3 месяца,18.45,18.45,18.45,18.45,0.0,,,2,,RUB,,3,,2024-08-22,
MMIX,RUSFAR3M,2024-08-23,RUSFAR 3M,RUSFAR 3 месяца,18.52,18.52,18.52,18.52,190031000.0,,,2,,RUB,,3,,2024-08-23,
MMIX,RUSFAR3M,2024-08-26,RUSFAR 3M,RUSFAR 3 месяца,18.55,18.55,18.55,18.55,12777000.0,,,2,,RUB,,3,,2024-08-26,
MMIX,RUSFAR3M,2024-08-27,RUSFAR 3M,RUSFAR 3 месяца,18.58,18.58,18.58,18.58,100000.0,,,2,,RUB,,3,,2024-08-27,
MMIX,RUSFAR3M,2024-08-28,RUSFAR 3M,RUSFAR 3 месяца,18.58,18.58,18.58,18.58,6600000.0,,,2,,RUB,,3,,2024-08-28,
MMIX,RUSFAR3M,2024-08-29,RUSFAR 3M,RUSFAR 3 месяца,18.52,18.52,18.52,18.52,1123300000.0,,,2,,RUB,,3,,2024-08-29,
MMIX,RUSFAR3M,2024-08-30,RUSFAR 3M,RUSFAR 3 месяца,18.85,18.85,18.85,18.85,1430111000.0,,,2,,RUB,,3,,2024-08-30,
MMIX,RUSFAR3M,2024-09-02,RUSFAR 3M,RUSFAR 3 месяца,18.85,18.85,18.85,18.85,134931000.0,,,2,,RUB,,3,,2024-09-02,
MMIX,RUSFAR3M,2024-09-03,RUSFAR 3M,RUSFAR 3 месяца,18.88,18.88,18.88,18.88,56111000.0,,,2,,RUB,,3,,2024-09-03,
MMIX,RUSFAR3M,2024-09-04,RUSFAR 3M,RUSFAR 3 месяца,18.85,18.85,18.85,18.85,0.0,,,2,,RUB,,3,,2024-09-04,
MMIX,RUSFAR3M,2024-09-05,RUSFAR 3M,RUSFAR 3 месяца,18.85,18.85,18.85,18.85,72800000.0,,,2,,RUB,,3,,2024-09-05,
MMIX,RUSFAR3M,2024-09-06,RUSFAR 3M,RUSFAR 3 месяца,18.93,18.93,18.93,18.93,201100000.0,,,2,,RUB,,3,,2024-09-06,
MMIX,RUSFAR3M,2024-09-09,RUSFAR 3M,RUSFAR 3 месяца,19.05,19.05,19.05,19.05,158911000.0,,,2,,RUB,,3,,2024-09-09,
MMIX,RUSFAR3M,2024-09-10,RUSFAR 3M,RUSFAR 3 месяца,19.01,19.01,19.01,19.01,0.0,,,2,,RUB,,3,,2024-09-10,
MMIX,RUSFAR3M,2024-09-11,RUSFAR 3M,RUSFAR 3 месяца,19.06,19.06,19.06,19.06,0.0,,,2,,RUB,,3,,2024-09-11,
MMIX,RUSFAR3M,2024-09-12,RUSFAR 3M,RUSFAR 3 месяца,19.06,19.06,19.06,19.06,0.0,,,2,,RUB,,3,,2024-09-12,
MMIX,RUSFAR3M,2024-09-13,RUSFAR 3M,RUSFAR 3 месяца,19.14,19.14,19.14,19.14,6809000.0,,,2,,RUB,,3,,2024-09-13,
MMIX,RUSFAR3M,2024-09-16,RUSFAR 3M,RUSFAR 3 месяца,19.28,19.28,19.28,19.28,17010000.0,,,2,,RUB,,3,,2024-09-16,
MMIX,RUSFAR3M,2024-09-17,RUSFAR 3M,RUSFAR 3 месяца,19.32,19.32,19.32,19.32,9390000.0,,,2,,RUB,,3,,2024-09-17,
MMIX,RUSFAR3M,2024-09-18,RUSFAR 3M,RUSFAR 3 месяца,19.53,19.53,19.53,19.53,206710000.0,,,2,,RUB,,3,,2024-09-18,
MMIX,RUSFAR3M,2024-09-19,RUSFAR 3M,RUSFAR 3 месяца,19.62,19.62,19.62,19.62,705969000.0,,,2,,RUB,,3,,2024-09-19,
MMIX,RUSFAR3M,2024-09-20,RUSFAR 3M,RUSFAR 3 месяца,19.59,19.59,19.59,19.59,109239000.0,,,2,,RUB,,3,,2024-09-20,
MMIX,RUSFAR3M,2024-09-23,RUSFAR 3M,RUSFAR 3 месяца,19.57,19.57,19.57,19.57,1102273000.0,,,2,,RUB,,3,,2024-09-23,
MMIX,RUSFAR3M,2024-09-24,RUSFAR 3M,RUSFAR 3 месяца,19.57,19.57,19.57,19.57,91888000.0,,,2,,RUB,,3,,2024-09-24,
MMIX,RUSFAR3M,2024-09-25,RUSFAR 3M,RUSFAR 3 месяца,19.58,19.58,19.58,19.58,2600000.0,,,2,,RUB,,3,,2024-09-25,
MMIX,RUSFAR3M,2024-09-26,RUSFAR 3M,RUSFAR 3 месяца,19.58,19.58,19.58,19.58,16120000.0,,,2,,RUB,,3,,2024-09-26,
MMIX,RUSFAR3M,2024-09-27,RUSFAR 3M,RUSFAR 3 месяца,19.58,19.58,19.58,19.58,100000.0,,,2,,RUB,,3,,2024-09-27,
MMIX,RUSFAR3M,2024-09-30,RUSFAR 3M,RUSFAR 3 месяца,19.6,19.6,19.6,19.6,12346000.0,,,2,,RUB,,3,,2024-09-30,
MMIX,RUSFAR3M,2024-10-01,RUSFAR 3M,RUSFAR 3 месяца,19.6,19.6,19.6,19.6,0.0,,,2,,RUB,,3,,2024-10-01,
MMIX,RUSFAR3M,2024-10-02,RUSFAR 3M,RUSFAR 3 месяца,19.57,19.57,19.57,19.57,66085000.0,,,2,,RUB,,3,,2024-10-02,
MMIX,RUSFAR3M,2024-10-03,RUSFAR 3M,RUSFAR 3 месяца,19.58,19.58,19.58,19.58,30000000.0,,,2,,RUB,,3,,2024-10-03,
MMIX,RUSFAR3M,2024-10-04,RUSFAR 3M,RUSFAR 3 месяца,19.78,19.78,19.78,19.78,806401000.0,,,2,,RUB,,3,,2024-10-04,
MMIX,RUSFAR3M,2024-10-07,RUSFAR 3M,RUSFAR 3 месяца,19.83,19.83,19.83,19.83,6210000.0,,,2,,RUB,,3,,2024-10-07,
MMIX,RUSFAR3M,2024-10-08,RUSFAR 3M,RUSFAR 3 месяца,19.87,19.87,19.87,19.87,0.0,,,2,,RUB,,3,,2024-10-08,
MMIX,RUSFAR3M,2024-10-09,RUSFAR 3M,RUSFAR 3 месяца,19.89,19.89,19.89,19.89,6210000.0,,,2,,RUB,,3,,2024-10-09,
MMIX,RUSFAR3M,2024-10-10,RUSFAR 3M,RUSFAR 3 месяца,20.21,20.21,20.21,20.21,206107000.0,,,2,,RUB,,3,,2024-10-10,
MMIX,RUSFAR3M,2024-10-11,RUSFAR 3M,RUSFAR 3 месяца,20.37,20.37,20.37,20.37,206294000.0,,,2,,RUB,,3,,2024-10-11,
MMIX,RUSFAR3M,2024-10-14,RUSFAR 3M,RUSFAR 3 месяца,20.39,20.39,20.39,20.39,0.0,,,2,,RUB,,3,,2024-10-14,
MMIX,RUSFAR3M,2024-10-15,RUSFAR 3M,RUSFAR 3 месяца,20.39,20.39,20.39,20.39,0.0,,,2,,RUB,,3,,2024-10-15,
MMIX,RUSFAR3M,2024-10-16,RUSFAR 3M,RUSFAR 3 месяца,20.39,20.39,20.39,20.39,100000.0,,,2,,RUB,,3,,2024-10-16,
MMIX,RUSFAR3M,2024-10-17,RUSFAR 3M,RUSFAR 3 месяца,21.04,21.04,21.04,21.04,6200000.0,,,2,,RUB,,3,,2024-10-17,
MMIX,RUSFAR3M,2024-10-18,RUSFAR 3M,RUSFAR 3 месяца,21.09,21.09,21.09,21.09,24985000.0,,,2,,RUB,,3,,2024-10-18,
MMIX,RUSFAR3M,2024-10-21,RUSFAR 3M,RUSFAR 3 месяца,21.0,21.0,21.0,21.0,60266000.0,,,2,,RUB,,3,,2024-10-21,
MMIX,RUSFAR3M,2024-10-22,RUSFAR 3M,RUSFAR 3 месяца,20.95,20.95,20.95,20.95,9000000.0,,,2,,RUB,,3,,2024-10-22,
MMIX,RUSFAR3M,2024-10-23,RUSFAR 3M,RUSFAR 3 месяца,20.96,20.96,20.96,20.96,0.0,,,2,,RUB,,3,,2024-10-23,
MMIX,RUSFAR3M,2024-10-24,RUSFAR 3M,RUSFAR 3 месяца,20.94,20.94,20.94,20.94,0.0,,,2,,RUB,,3,,2024-10-24,
MMIX,RUSFAR3M,2024-10-25,RUSFAR 3M,RUSFAR 3 месяца,20.94,20.94,20.94,20.94,109500000.0,,,2,,RUB,,3,,2024-10-25,
MMIX,RUSFAR3M,2024-10-28,RUSFAR 3M,RUSFAR 3 месяца,21.2,21.2,21.2,21.2,250000.0,,,2,,RUB,,3,,2024-10-28,
MMIX,RUSFAR3M,2024-10-29,RUSFAR 3M,RUSFAR 3 месяца,21.29,21.29,21.29,21.29,205893000.0,,,2,,RUB,,3,,2024-10-29,
MMIX,RUSFAR3M,2024-10-30,RUSFAR 3M,RUSFAR 3 месяца,21.27,21.27,21.27,21.27,0.0,,,2,,RUB,,3,,2024-10-30,
MMIX,RUSFAR3M,2024-10-31,RUSFAR 3M,RUSFAR 3 месяца,21.31,21.31,21.31,21.31,11723000.0,,,2,,RUB,,3,,2024-10-31,
MMIX,RUSFAR3M,2024-11-01,RUSFAR 3M,RUSFAR 3 месяца,21.54,21.54,21.54,21.54,1206000000.0,,,2,,RUB,,3,,2024-11-01,
MMIX,RUSFAR3M,2024-11-05,RUSFAR 3M,RUSFAR 3 месяца,21.65,21.65,21.65,21.65,11000000.0,,,2,,RUB,,3,,2024-11-05,
MMIX,RUSFAR3M,2024-11-06,RUSFAR 3M,RUSFAR 3 месяца,21.64,21.64,21.64,21.64,6000000.0,,,2,,RUB,,3,,2024-11-06,
MMIX,RUSFAR3M,2024-11-07,RUSFAR 3M,RUSFAR 3 месяца,21.66,21.66,21.66,21.66,0.0,,,2,,RUB,,3,,2024-11-07,
MMIX,RUSFAR3M,2024-11-08,RUSFAR 3M,RUSFAR 3 месяца,21.86,21.86,21.86,21.86,2906000000.0,,,2,,RUB,,3,,2024-11-08,
MMIX,RUSFAR3M,2024-11-11,RUSFAR 3M,RUSFAR 3 месяца,22.06,22.06,22.06,22.06,201000000.0,,,2,,RUB,,3,,2024-11-11,
MMIX,RUSFAR3M,2024-11-12,RUSFAR 3M,RUSFAR 3 месяца,22.24,22.24,22.24,22.24,4000000.0,,,2,,RUB,,3,,2024-11-12,
MMIX,RUSFAR3M,2024-11-13,RUSFAR 3M,RUSFAR 3 месяца,22.23,22.23,22.23,22.23,0.0,,,2,,RUB,,3,,2024-11-13,
MMIX,RUSFAR3M,2024-11-14,RUSFAR 3M,RUSFAR 3 месяца,22.14,22.14,22.14,22.14,13105000.0,,,2,,RUB,,3,,2024-11-14,
MMIX,RUSFAR3M,2024-11-15,RUSFAR 3M,RUSFAR 3 месяца,22.12,22.12,22.12,22.12,0.0,,,2,,RUB,,3,,2024-11-15,
MMIX,RUSFAR3M,2024-11-18,RUSFAR 3M,RUSFAR 3 месяца,22.14,22.14,22.14,22.14,16232000.0,,,2,,RUB,,3,,2024-11-18,
MMIX,RUSFAR3M,2024-11-19,RUSFAR 3M,RUSFAR 3 месяца,22.12,22.12,22.12,22.12,5000000.0,,,2,,RUB,,3,,2024-11-19,
MMIX,RUSFAR3M,2024-11-20,RUSFAR 3M,RUSFAR 3 месяца,22.14,22.14,22.14,22.14,201155000.0,,,2,,RUB,,3,,2024-11-20,
MMIX,RUSFAR3M,2024-11-21,RUSFAR 3M,RUSFAR 3 месяца,22.14,22.14,22.14,22.14,1000000.0,,,2,,RUB,,3,,2024-11-21,
MMIX,RUSFAR3M,2024-11-22,RUSFAR 3M,RUSFAR 3 месяца,22.15,22.15,22.15,22.15,3010000.0,,,2,,RUB,,3,,2024-11-22,
MMIX,RUSFAR3M,2024-11-25,RUSFAR 3M,RUSFAR 3 месяца,22.16,22.16,22.16,22.16,0.0,,,2,,RUB,,3,,2024-11-25,
MMIX,RUSFAR3M,2024-11-26,RUSFAR 3M,RUSFAR 3 месяца,22.2,22.2,22.2,22.2,102000.0,,,2,,RUB,,3,,2024-11-26,
MMIX,RUSFAR3M,2024-11-27,RUSFAR 3M,RUSFAR 3 месяца,22.24,22.24,22.24,22.24,6000000.0,,,2,,RUB,,3,,2024-11-27,
MMIX,RUSFAR3M,2024-11-28,RUSFAR 3M,RUSFAR 3 месяца,22.46,22.46,22.46,22.46,15000000.0,,,2,,RUB,,3,,2024-11-28,
MMIX,RUSFAR3M,2024-11-29,RUSFAR 3M,RUSFAR 3 месяца,22.6,22.6,22.6,22.6,613432000.0,,,2,,RUB,,3,,2024-11-29,
MMIX,RUSFAR3M,2024-12-02,RUSFAR 3M,RUSFAR 3 месяца,22.79,22.79,22.79,22.79,3600000.0,,,2,,RUB,,3,,2024-12-02,
MMIX,RUSFAR3M,2024-12-03,RUSFAR 3M,RUSFAR 3 месяца,22.95,22.95,22.95,22.95,0.0,,,2,,RUB,,3,,2024-12-03,
MMIX,RUSFAR3M,2024-12-04,RUSFAR 3M,RUSFAR 3 месяца,22.96,22.96,22.96,22.96,0.0,,,2,,RUB,,3,,2024-12-04,
MMIX,RUSFAR3M,2024-12-05,RUSFAR 3M,RUSFAR 3 месяца,22.88,22.88,22.88,22.88,0.0,,,2,,RUB,,3,,2024-12-05,
MMIX,RUSFAR3M,2024-12-06,RUSFAR 3M,RUSFAR 3 месяца,22.9,22.9,22.9,22.9,0.0,,,2,,RUB,,3,,2024-12-06,
MMIX,RUSFAR3M,2024-12-09,RUSFAR 3M,RUSFAR 3 месяца,22.88,22.88,22.88,22.88,11500000.0,,,2,,RUB,,3,,2024-12-09,
MMIX,RUSFAR3M,2024-12-10,RUSFAR 3M,RUSFAR 3 месяца,22.9,22.9,22.9,22.9,0.0,,,2,,RUB,,3,,2024-12-10,
MMIX,RUSFAR3M,2024-12-11,RUSFAR 3M,RUSFAR 3 месяца,22.89,22.89,22.89,22.89,3300000.0,,,2,,RUB,,3,,2024-12-11,
MMIX,RUSFAR3M,2024-12-12,RUSFAR 3M,RUSFAR 3 месяца,23.18,23.18,23.18,23.18,615000000.0,,,2,,RUB,,3,,2024-12-12,
MMIX,RUSFAR3M,2024-12-13,RUSFAR 3M,RUSFAR 3 месяца,23.33,23.33,23.33,23.33,201000000.0,,,2,,RUB,,3,,2024-12-13,
MMIX,RUSFAR3M,2024-12-16,RUSFAR 3M,RUSFAR 3 месяца,23.62,23.62,23.62,23.62,0.0,,,2,,RUB,,3,,2024-12-16,
MMIX,RUSFAR3M,2024-12-17,RUSFAR 3M,RUSFAR 3 месяца,23.65,23.65,23.65,23.65,410628000.0,,,2,,RUB,,3,,2024-12-17,
MMIX,RUSFAR3M,2024-12-18,RUSFAR 3M,RUSFAR 3 месяца,23.63,23.63,23.63,23.63,1100000.0,,,2,,RUB,,3,,2024-12-18,
MMIX,RUSFAR3M,2024-12-19,RUSFAR 3M,RUSFAR 3 месяца,23.68,23.68,23.68,23.68,16822000.0,,,2,,RUB,,3,,2024-12-19,
MMIX,RUSFAR3M,2024-12-20,RUSFAR 3M,RUSFAR 3 месяца,23.67,23.67,23.67,23.67,100000.0,,,2,,RUB,,3,,2024-12-20,
MMIX,RUSFAR3M,2024-12-23,RUSFAR 3M,RUSFAR 3 месяца,21.67,21.67,21.67,21.67,2420000000.0,,,2,,RUB,,3,,2024-12-23,
MMIX,RUSFAR3M,2024-12-24,RUSFAR 3M,RUSFAR 3 месяца,21.71,21.71,21.71,21.71,51100000.0,,,2,,RUB,,3,,2024-12-24,
MMIX,RUSFAR3M,2024-12-25,RUSFAR 3M,RUSFAR 3 месяца,21.71,21.71,21.71,21.71,0.0,,,2,,RUB,,3,,2024-12-25,
MMIX,RUSFAR3M,2024-12-26,RUSFAR 3M,RUSFAR 3 месяца,21.72,21.72,21.72,21.72,0.0,,,2,,RUB,,3,,2024-12-26,
MMIX,RUSFAR3M,2024-12-27,RUSFAR 3M,RUSFAR 3 месяца,21.73,21.73,21.73,21.73,7100000.0,,,2,,RUB,,3,,2024-12-27,
MMIX,RUSFAR3M,2025-01-09,RUSFAR 3M,RUSFAR 3 месяца,22.16,22.16,22.16,22.16,6407000.0,,,2,,RUB,,3,,2025-01-09,
MMIX,RUSFAR3M,2025-01-10,RUSFAR 3M,RUSFAR 3 месяца,22.14,22.14,22.14,22.14,151330000.0,,,2,,RUB,,3,,2025-01-10,
MMIX,RUSFAR3M,2025-01-13,RUSFAR 3M,RUSFAR 3 месяца,22.15,22.15,22.15,22.15,5104000.0,,,2,,RUB,,3,,2025-01-13,
MMIX,RUSFAR3M,2025-01-14,RUSFAR 3M,RUSFAR 3 месяца,22.13,22.13,22.13,22.13,13755000.0,,,2,,RUB,,3,,2025-01-14,
MMIX,RUSFAR3M,2025-01-15,RUSFAR 3M,RUSFAR 3 месяца,22.11,22.11,22.11,22.11,503000.0,,,2,,RUB,,3,,2025-01-15,
MMIX,RUSFAR3M,2025-01-16,RUSFAR 3M,RUSFAR 3 месяца,22.11,22.11,22.11,22.11,89299000.0,,,2,,RUB,,3,,2025-01-16,
MMIX,RUSFAR3M,2025-01-17,RUSFAR 3M,RUSFAR 3 месяца,22.08,22.08,22.08,22.08,42000000.0,,,2,,RUB,,3,,2025-01-17,
MMIX,RUSFAR3M,2025-01-20,RUSFAR 3M,RUSFAR 3 месяца,22.09,22.09,22.09,22.09,301000.0,,,2,,RUB,,3,,2025-01-20,
MMIX,RUSFAR3M,2025-01-21,RUSFAR 3M,RUSFAR 3 месяца,22.06,22.06,22.06,22.06,5000000.0,,,2,,RUB,,3,,2025-01-21,
MMIX,RUSFAR3M,2025-01-22,RUSFAR 3M,RUSFAR 3 месяца,22.04,22.04,22.04,22.04,0.0,,,2,,RUB,,3,,2025-01-22,
MMIX,RUSFAR3M,2025-01-23,RUSFAR 3M,RUSFAR 3 месяца,22.01,22.01,22.01,22.01,214000.0,,,2,,RUB,,3,,2025-01-23,
MMIX,RUSFAR3M,2025-01-24,RUSFAR 3M,RUSFAR 3 месяца,21.98,21.98,21.98,21.98,1800000.0,,,2,,RUB,,3,,2025-01-24,
MMIX,RUSFAR3M,2025-01-27,RUSFAR 3M,RUSFAR 3 месяца,21.97,21.97,21.97,21.97,21800000.0,,,2,,RUB,,3,,2025-01-27,
MMIX,RUSFAR3M,2025-01-28,RUSFAR 3M,RUSFAR 3 месяца,21.91,21.91,21.91,21.91,354000.0,,,2,,RUB,,3,,2025-01-28,
MMIX,RUSFAR3M,2025-01-29,RUSFAR 3M,RUSFAR 3 месяца,21.94,21.94,21.94,21.94,0.0,,,2,,RUB,,3,,2025-01-29,
MMIX,RUSFAR3M,2025-01-30,RUSFAR 3M,RUSFAR 3 месяца,21.95,21.95,21.95,21.95,18809000.0,,,2,,RUB,,3,,2025-01-30,
MMIX,RUSFAR3M,2025-01-31,RUSFAR 3M,RUSFAR 3 месяца,21.95,21.95,21.95,21.95,0.0,,,2,,RUB,,3,,2025-01-31,
MMIX,RUSFAR3M,2025-02-03,RUSFAR 3M,RUSFAR 3 месяца,21.96,21.96,21.96,21.96,1264000.0,,,2,,RUB,,3,,2025-02-03,
MMIX,RUSFAR3M,2025-02-04,RUSFAR 3M,RUSFAR 3 месяца,21.93,21.93,21.93,21.93,11864000.0,,,2,,RUB,,3,,2025-02-04,
MMIX,RUSFAR3M,2025-02-05,RUSFAR 3M,RUSFAR 3 месяца,21.92,21.92,21.92,21.92,0.0,,,2,,RUB,,3,,2025-02-05,
MMIX,RUSFAR3M,2025-02-06,RUSFAR 3M,RUSFAR 3 месяца,21.85,21.85,21.85,21.85,145100000.0,,,2,,RUB,,3,,2025-02-06,
MMIX,RUSFAR3M,2025-02-07,RUSFAR 3M,RUSFAR 3 месяца,21.82,21.82,21.82,21.82,2499000.0,,,2,,RUB,,3,,2025-02-07,
MMIX,RUSFAR3M,2025-02-10,RUSFAR 3M,RUSFAR 3 месяца,21.83,21.83,21.83,21.83,4200000.0,,,2,,RUB,,3,,2025-02-10,
MMIX,RUSFAR3M,2025-02-11,RUSFAR 3M,RUSFAR 3 месяца,21.85,21.85,21.85,21.85,0.0,,,2,,RUB,,3,,2025-02-11,
MMIX,RUSFAR3M,2025-02-12,RUSFAR 3M,RUSFAR 3 месяца,21.84,21.84,21.84,21.84,8094000.0,,,2,,RUB,,3,,2025-02-12,
MMIX,RUSFAR3M,2025-02-13,RUSFAR 3M,RUSFAR 3 месяца,21.81,21.81,21.81,21.81,0.0,,,2,,RUB,,3,,2025-02-13,
MMIX,RUSFAR3M,2025-02-14,RUSFAR 3M,RUSFAR 3 месяца,21.82,21.82,21.82,21.82,1466754000.0,,,2,,RUB,,3,,2025-02-14,
MMIX,RUSFAR3M,2025-02-17,RUSFAR 3M,RUSFAR 3 месяца,21.83,21.83,21.83,21.83,41170000.0,,,2,,RUB,,3,,2025-02-17,
MMIX,RUSFAR3M,2025-02-18,RUSFAR 3M,RUSFAR 3 месяца,21.82,21.82,21.82,21.82,11200000.0,,,2,,RUB,,3,,2025-02-18,
MMIX,RUSFAR3M,2025-02-19,RUSFAR 3M,RUSFAR 3 месяца,21.8,21.8,21.8,21.8,4421000.0,,,2,,RUB,,3,,2025-02-19,
MMIX,RUSFAR3M,2025-02-20,RUSFAR 3M,RUSFAR 3 месяца,21.81,21.81,21.81,21.81,21100000.0,,,2,,RUB,,3,,2025-02-20,
MMIX,RUSFAR3M,2025-02-21,RUSFAR 3M,RUSFAR 3 месяца,21.82,21.82,21.82,21.82,0.0,,,2,,RUB,,3,,2025-02-21,
MMIX,RUSFAR3M,2025-02-24,RUSFAR 3M,RUSFAR 3 месяца,21.79,21.79,21.79,21.79,63900000.0,,,2,,RUB,,3,,2025-02-24,
MMIX,RUSFAR3M,2025-02-25,RUSFAR 3M,RUSFAR 3 месяца,21.74,21.74,21.74,21.74,225000000.0,,,2,,RUB,,3,,2025-02-25,
MMIX,RUSFAR3M,2025-02-26,RUSFAR 3M,RUSFAR 3 месяца,21.72,21.72,21.72,21.72,7100000.0,,,2,,RUB,,3,,2025-02-26,
MMIX,RUSFAR3M,2025-02-27,RUSFAR 3M,RUSFAR 3 месяца,21.72,21.72,21.72,21.72,13300000.0,,,2,,RUB,,3,,2025-02-27,
MMIX,RUSFAR3M,2025-02-28,RUSFAR 3M,RUSFAR 3 месяца,21.71,21.71,21.71,21.71,26400000.0,,,2,,RUB,,3,,2025-02-28,
MMIX,RUSFAR3M,2025-03-03,RUSFAR 3M,RUSFAR 3 месяца,21.75,21.75,21.75,21.75,0.0,,,2,,RUB,,3,,2025-03-03,
MMIX,RUSFAR3M,2025-03-04,RUSFAR 3M,RUSFAR 3 месяца,21.71,21.71,21.71,21.71,0.0,,,2,,RUB,,3,,2025-03-04,
MMIX,RUSFAR3M,2025-03-05,RUSFAR 3M,RUSFAR 3 месяца,21.72,21.72,21.72,21.72,5000000.0,,,2,,RUB,,3,,2025-03-05,
MMIX,RUSFAR3M,2025-03-06,RUSFAR 3M,RUSFAR 3 месяца,21.69,21.69,21.69,21.69,1594300000.0,,,2,,RUB,,3,,2025-03-06,
MMIX,RUSFAR3M,2025-03-07,RUSFAR 3M,RUSFAR 3 месяца,21.66,21.66,21.66,21.66,65743000.0,,,2,,RUB,,3,,2025-03-07,
MMIX,RUSFAR3M,2025-03-10,RUSFAR 3M,RUSFAR 3 месяца,21.57,21.57,21.57,21.57,152000.0,,,2,,RUB,,3,,2025-03-10,
MMIX,RUSFAR3M,2025-03-11,RUSFAR 3M,RUSFAR 3 месяца,21.47,21.47,21.47,21.47,416000000.0,,,2,,RUB,,3,,2025-03-11,
MMIX,RUSFAR3M,2025-03-12,RUSFAR 3M,RUSFAR 3 месяца,21.23,21.23,21.23,21.23,21418000.0,,,2,,RUB,,3,,2025-03-12,
MMIX,RUSFAR3M,2025-03-13,RUSFAR 3M,RUSFAR 3 месяца,21.23,21.23,21.23,21.23,406000000.0,,,2,,RUB,,3,,2025-03-13,
MMIX,RUSFAR3M,2025-03-14,RUSFAR 3M,RUSFAR 3 месяца,21.29,21.29,21.29,21.29,16000000.0,,,2,,RUB,,3,,2025-03-14,
MMIX,RUSFAR3M,2025-03-17,RUSFAR 3M,RUSFAR 3 месяца,21.3,21.3,21.3,21.3,1200000000.0,,,2,,RUB,,3,,2025-03-17,
MMIX,RUSFAR3M,2025-03-18,RUSFAR 3M,RUSFAR 3 месяца,21.25,21.25,21.25,21.25,13617000.0,,,2,,RUB,,3,,2025-03-18,
MMIX,RUSFAR3M,2025-03-19,RUSFAR 3M,RUSFAR 3 месяца,21.21,21.21,21.21,21.21,1222500000.0,,,2,,RUB,,3,,2025-03-19,
MMIX,RUSFAR3M,2025-03-20,RUSFAR 3M,RUSFAR 3 месяца,21.2,21.2,21.2,21.2,0.0,,,2,,RUB,,3,,2025-03-20,
MMIX,RUSFAR3M,2025-03-21,RUSFAR 3M,RUSFAR 3 месяца,21.09,21.09,21.09,21.09,15000000.0,,,2,,RUB,,3,,2025-03-21,
MMIX,RUSFAR3M,2025-03-24,RUSFAR 3M,RUSFAR 3 месяца,21.28,21.28,21.28,21.28,15000000.0,,,2,,RUB,,3,,2025-03-24,
MMIX,RUSFAR3M,2025-03-25,RUSFAR 3M,RUSFAR 3 месяца,21.35,21.35,21.35,21.35,22000000.0,,,2,,RUB,,3,,2025-03-25,
MMIX,RUSFAR3M,2025-03-26,RUSFAR 3M,RUSFAR 3 месяца,21.37,21.37,21.37,21.37,1500000.0,,,2,,RUB,,3,,2025-03-26,
MMIX,RUSFAR3M,2025-03-27,RUSFAR 3M,RUSFAR 3 месяца,21.34,21.34,21.34,21.34,170000000.0,,,2,,RUB,,3,,2025-03-27,
MMIX,RUSFAR3M,2025-03-28,RUSFAR 3M,RUSFAR 3 месяца,21.24,21.24,21.24,21.24,1505213000.0,,,2,,RUB,,3,,2025-03-28,
MMIX,RUSFAR3M,2025-03-31,RUSFAR 3M,RUSFAR 3 месяца,21.38,21.38,21.38,21.38,600000000.0,,,2,,RUB,,3,,2025-03-31,
MMIX,RUSFAR3M,2025-04-01,RUSFAR 3M,RUSFAR 3 месяца,21.41,21.41,21.41,21.41,21000000.0,,,2,,RUB,,3,,2025-04-01,
MMIX,RUSFAR3M,2025-04-02,RUSFAR 3M,RUSFAR 3 месяца,21.57,21.57,21.57,21.57,1805218000.0,,,2,,RUB,,3,,2025-04-02,
MMIX,RUSFAR3M,2025-04-03,RUSFAR 3M,RUSFAR 3 месяца,21.65,21.65,21.65,21.65,851521000.0,,,2,,RUB,,3,,2025-04-03,
MMIX,RUSFAR3M,2025-04-04,RUSFAR 3M,RUSFAR 3 месяца,21.61,21.61,21.61,21.61,136370000.0,,,2,,RUB,,3,,2025-04-04,
MMIX,RUSFAR3M,2025-04-07,RUSFAR 3M,RUSFAR 3 месяца,21.55,21.55,21.55,21.55,551000000.0,,,2,,RUB,,3,,2025-04-07,
MMIX,RUSFAR3M,2025-04-08,RUSFAR 3M,RUSFAR 3 месяца,21.46,21.46,21.46,21.46,1405104000.0,,,2,,RUB,,3,,2025-04-08,
MMIX,RUSFAR3M,2025-04-09,RUSFAR 3M,RUSFAR 3 месяца,21.34,21.34,21.34,21.34,931543000.0,,,2,,RUB,,3,,2025-04-09,
MMIX,RUSFAR3M,2025-04-10,RUSFAR 3M,RUSFAR 3 месяца,21.33,21.33,21.33,21.33,5000000.0,,,2,,RUB,,3,,2025-04-10,
MMIX,RUSFAR3M,2025-04-11,RUSFAR 3M,RUSFAR 3 месяца,21.27,21.27,21.27,21.27,3214234000.0,,,2,,RUB,,3,,2025-04-11,
MMIX,RUSFAR3M,2025-04-14,RUSFAR 3M,RUSFAR 3 месяца,21.31,21.31,21.31,21.31,205000000.0,,,2,,RUB,,3,,2025-04-14,
MMIX,RUSFAR3M,2025-04-15,RUSFAR 3M,RUSFAR 3 месяца,21.29,21.29,21.29,21.29,1050000000.0,,,2,,RUB,,3,,2025-04-15,
MMIX,RUSFAR3M,2025-04-16,RUSFAR 3M,RUSFAR 3 месяца,21.24,21.24,21.24,21.24,3325000.0,,,2,,RUB,,3,,2025-04-16,
MMIX,RUSFAR3M,2025-04-17,RUSFAR 3M,RUSFAR 3 месяца,21.17,21.17,21.17,21.17,39992000.0,,,2,,RUB,,3,,2025-04-17,
MMIX,RUSFAR3M,2025-04-18,RUSFAR 3M,RUSFAR 3 месяца,21.09,21.09,21.09,21.09,186000000.0,,,2,,RUB,,3,,2025-04-18,
MMIX,RUSFAR3M,2025-04-21,RUSFAR 3M,RUSFAR 3 месяца,21.25,21.25,21.25,21.25,11000000.0,,,2,,RUB,,3,,2025-04-21,
MMIX,RUSFAR3M,2025-04-22,RUSFAR 3M,RUSFAR 3 месяца,21.26,21.26,21.26,21.26,5000000.0,,,2,,RUB,,3,,2025-04-22,
MMIX,RUSFAR3M,2025-04-23,RUSFAR 3M,RUSFAR 3 месяца,21.14,21.14,21.14,21.14,52127000.0,,,2,,RUB,,3,,2025-04-23,
MMIX,RUSFAR3M,2025-04-24,RUSFAR 3M,RUSFAR 3 месяца,21.15,21.15,21.15,21.15,0.0,,,2,,RUB,,3,,2025-04-24,
MMIX,RUSFAR3M,2025-04-25,RUSFAR 3M,RUSFAR 3 месяца,21.15,21.15,21.15,21.15,3515101000.0,,,2,,RUB,,3,,2025-04-25,
MMIX,RUSFAR3M,2025-04-28,RUSFAR 3M,RUSFAR 3 месяца,21.12,21.12,21.12,21.12,27800000.0,,,2,,RUB,,3,,2025-04-28,
MMIX,RUSFAR3M,2025-04-29,RUSFAR 3M,RUSFAR 3 месяца,21.06,21.06,21.06,21.06,15516000.0,,,2,,RUB,,3,,2025-04-29,
MMIX,RUSFAR3M,2025-04-30,RUSFAR 3M,RUSFAR 3 месяца,21.04,21.04,21.04,21.04,2170000000.0,,,2,,RUB,,3,,2025-04-30,
MMIX,RUSFAR3M,2025-05-05,RUSFAR 3M,RUSFAR 3 месяца,21.1,21.1,21.1,21.1,5530000.0,,,2,,RUB,,3,,2025-05-05,
MMIX,RUSFAR3M,2025-05-06,RUSFAR 3M,RUSFAR 3 месяца,21.06,21.06,21.06,21.06,147900000.0,,,2,,RUB,,3,,2025-05-06,
MMIX,RUSFAR3M,2025-05-07,RUSFAR 3M,RUSFAR 3 месяца,21.03,21.03,21.03,21.03,25000000.0,,,2,,RUB,,3,,2025-05-07,
MMIX,RUSFAR3M,2025-05-12,RUSFAR 3M,RUSFAR 3 месяца,21.01,21.01,21.01,21.01,45000000.0,,,2,,RUB,,3,,2025-05-12,
MMIX,RUSFAR3M,2025-05-13,RUSFAR 3M,RUSFAR 3 месяца,20.99,20.99,20.99,20.99,450300000.0,,,2,,RUB,,3,,2025-05-13,
MMIX,RUSFAR3M,2025-05-14,RUSFAR 3M,RUSFAR 3 месяца,20.94,20.94,20.94,20.94,140626000.0,,,2,,RUB,,3,,2025-05-14,
MMIX,RUSFAR3M,2025-05-15,RUSFAR 3M,RUSFAR 3 месяца,20.93,20.93,20.93,20.93,81620000.0,,,2,,RUB,,3,,2025-05-15,
MMIX,RUSFAR3M,2025-05-16,RUSFAR 3M,RUSFAR 3 месяца,20.76,20.76,20.76,20.76,5000000.0,,,2,,RUB,,3,,2025-05-16,
MMIX,RUSFAR3M,2025-05-19,RUSFAR 3M,RUSFAR 3 месяца,20.77,20.77,20.77,20.77,4000000.0,,,2,,RUB,,3,,2025-05-19,
MMIX,RUSFAR3M,2025-05-20,RUSFAR 3M,RUSFAR 3 месяца,20.67,20.67,20.67,20.67,100000.0,,,2,,RUB,,3,,2025-05-20,
MMIX,RUSFAR3M,2025-05-21,RUSFAR 3M,RUSFAR 3 месяца,20.71,20.71,20.71,20.71,0.0,,,2,,RUB,,3,,2025-05-21,
MMIX,RUSFAR3M,2025-05-22,RUSFAR 3M,RUSFAR 3 месяца,20.66,20.66,20.66,20.66,518000.0,,,2,,RUB,,3,,2025-05-22,
MMIX,RUSFAR3M,2025-05-23,RUSFAR 3M,RUSFAR 3 месяца,20.87,20.87,20.87,20.87,1178859000.0,,,2,,RUB,,3,,2025-05-23,
MMIX,RUSFAR3M,2025-05-26,RUSFAR 3M,RUSFAR 3 месяца,20.71,20.71,20.71,20.71,201500000.0,,,2,,RUB,,3,,2025-05-26,
MMIX,RUSFAR3M,2025-05-27,RUSFAR 3M,RUSFAR 3 месяца,20.53,20.53,20.53,20.53,0.0,,,2,,RUB,,3,,2025-05-27,
MMIX,RUSFAR3M,2025-05-28,RUSFAR 3M,RUSFAR 3 месяца,20.57,20.57,20.57,20.57,1000000.0,,,2,,RUB,,3,,2025-05-28,
MMIX,RUSFAR3M,2025-05-29,RUSFAR 3M,RUSFAR 3 месяца,20.52,20.52,20.52,20.52,1201100000.0,,,2,,RUB,,3,,2025-05-29,
MMIX,RUSFAR3M,2025-05-30,RUSFAR 3M,RUSFAR 3 месяца,20.41,20.41,20.41,20.41,29450000.0,,,2,,RUB,,3,,2025-05-30,
MMIX,RUSFAR3M,2025-06-02,RUSFAR 3M,RUSFAR 3 месяца,20.49,20.49,20.49,20.49,0.0,,,2,,RUB,,3,,2025-06-02,
MMIX,RUSFAR3M,2025-06-03,RUSFAR 3M,RUSFAR 3 месяца,20.4,20.4,20.4,20.4,437000.0,,,2,,RUB,,3,,2025-06-03,
MMIX,RUSFAR3M,2025-06-04,RUSFAR 3M,RUSFAR 3 месяца,20.37,20.37,20.37,20.37,20000000.0,,,2,,RUB,,3,,2025-06-04,
MMIX,RUSFAR3M,2025-06-05,RUSFAR 3M,RUSFAR 3 месяца,20.33,20.33,20.33,20.33,33157000.0,,,2,,RUB,,3,,2025-06-05,
MMIX,RUSFAR3M,2025-06-06,RUSFAR 3M,RUSFAR 3 месяца,20.06,20.06,20.06,20.06,281303000.0,,,2,,RUB,,3,,2025-06-06,
MMIX,RUSFAR3M,2025-06-09,RUSFAR 3M,RUSFAR 3 месяца,20.1,20.1,20.1,20.1,15000000.0,,,2,,RUB,,3,,2025-06-09,
MMIX,RUSFAR3M,2025-06-10,RUSFAR 3M,RUSFAR 3 месяца,19.83,19.83,19.83,19.83,1000000000.0,,,2,,RUB,,3,,2025-06-10,
MMIX,RUSFAR3M,2025-06-11,RUSFAR 3M,RUSFAR 3 месяца,19.66,19.66,19.66,19.66,83193000.0,,,2,,RUB,,3,,2025-06-11,
MMIX,RUSFAR3M,2025-06-16,RUSFAR 3M,RUSFAR 3 месяца,19.66,19.66,19.66,19.66,6500000.0,,,2,,RUB,,3,,2025-06-16,
MMIX,RUSFAR3M,2025-06-17,RUSFAR 3M,RUSFAR 3 месяца,19.63,19.63,19.63,19.63,4300000.0,,,2,,RUB,,3,,2025-06-17,
MMIX,RUSFAR3M,2025-06-18,RUSFAR 3M,RUSFAR 3 месяца,19.62,19.62,19.62,19.62,100000.0,,,2,,RUB,,3,,2025-06-18,
MMIX,RUSFAR3M,2025-06-19,RUSFAR 3M,RUSFAR 3 месяца,19.63,19.63,19.63,19.63,100000.0,,,2,,RUB,,3,,2025-06-19,
MMIX,RUSFAR3M,2025-06-20,RUSFAR 3M,RUSFAR 3 месяца,19.62,19.62,19.62,19.62,8900000.0,,,2,,RUB,,3,,2025-06-20,
MMIX,RUSFAR3M,2025-06-23,RUSFAR 3M,RUSFAR 3 месяца,19.45,19.45,19.45,19.45,13100000.0,,,2,,RUB,,3,,2025-06-23,
MMIX,RUSFAR3M,2025-06-24,RUSFAR 3M,RUSFAR 3 месяца,19.41,19.41,19.41,19.41,302000.0,,,2,,RUB,,3,,2025-06-24,
MMIX,RUSFAR3M,2025-06-25,RUSFAR 3M,RUSFAR 3 месяца,19.41,19.41,19.41,19.41,106000.0,,,2,,RUB,,3,,2025-06-25,
MMIX,RUSFAR3M,2025-06-26,RUSFAR 3M,RUSFAR 3 месяца,19.38,19.38,19.38,19.38,0.0,,,2,,RUB,,3,,2025-06-26,
MMIX,RUSFAR3M,2025-06-27,RUSFAR 3M,RUSFAR 3 месяца,19.38,19.38,19.38,19.38,0.0,,,2,,RUB,,3,,2025-06-27,
MMIX,RUSFAR3M,2025-06-30,RUSFAR 3M,RUSFAR 3 месяца,19.24,19.24,19.24,19.24,0.0,,,2,,RUB,,3,,2025-06-30,
MMIX,RUSFAR3M,2025-07-01,RUSFAR 3M,RUSFAR 3 месяца,19.14,19.14,19.14,19.14,0.0,,,2,,RUB,,3,,2025-07-01,
MMIX,RUSFAR3M,2025-07-02,RUSFAR 3M,RUSFAR 3 месяца,18.95,18.95,18.95,18.95,0.0,,,2,,RUB,,3,,2025-07-02,
MMIX,RUSFAR3M,2025-07-03,RUSFAR 3M,RUSFAR 3 месяца,18.78,18.78,18.78,18.78,36112000.0,,,2,,RUB,,3,,2025-07-03,
MMIX,RUSFAR3M,2025-07-04,RUSFAR 3M,RUSFAR 3 месяца,18.89,18.89,18.89,18.89,516000000.0,,,2,,RUB,,3,,2025-07-04,
MMIX,RUSFAR3M,2025-07-07,RUSFAR 3M,RUSFAR 3 месяца,18.92,18.92,18.92,18.92,0.0,,,2,,RUB,,3,,2025-07-07,
MMIX,RUSFAR3M,2025-07-08,RUSFAR 3M,RUSFAR 3 месяца,18.8,18.8,18.8,18.8,5000000.0,,,2,,RUB,,3,,2025-07-08,
MMIX,RUSFAR3M,2025-07-09,RUSFAR 3M,RUSFAR 3 месяца,18.69,18.69,18.69,18.69,5244000.0,,,2,,RUB,,3,,2025-07-09,
MMIX,RUSFAR3M,2025-07-10,RUSFAR 3M,RUSFAR 3 месяца,18.54,18.54,18.54,18.54,10512000.0,,,2,,RUB,,3,,2025-07-10,
MMIX,RUSFAR3M,2025-07-11,RUSFAR 3M,RUSFAR 3 месяца,18.45,18.45,18.45,18.45,22023000.0,,,2,,RUB,,3,,2025-07-11,
MMIX,RUSFAR3M,2025-07-14,RUSFAR 3M,RUSFAR 3 месяца,18.42,18.42,18.42,18.42,20000000.0,,,2,,RUB,,3,,2025-07-14,
MMIX,RUSFAR3M,2025-07-15,RUSFAR 3M,RUSFAR 3 месяца,18.38,18.38,18.38,18.38,512000000.0,,,2,,RUB,,3,,2025-07-15,
MMIX,RUSFAR3M,2025-07-16,RUSFAR 3M,RUSFAR 3 месяца,18.42,18.42,18.42,18.42,1000000000.0,,,2,,RUB,,3,,2025-07-16,
MMIX,RUSFAR3M,2025-07-17,RUSFAR 3M,RUSFAR 3 месяца,18.26,18.26,18.26,18.26,410000000.0,,,2,,RUB,,3,,2025-07-17,
MMIX,RUSFAR3M,2025-07-18,RUSFAR 3M,RUSFAR 3 месяца,18.16,18.16,18.16,18.16,0.0,,,2,,RUB,,3,,2025-07-18,
MMIX,RUSFAR3M,2025-07-21,RUSFAR 3M,RUSFAR 3 месяца,18.15,18.15,18.15,18.15,241750000.0,,,2,,RUB,,3,,2025-07-21,
MMIX,RUSFAR3M,2025-07-22,RUSFAR 3M,RUSFAR 3 месяца,17.86,17.86,17.86,17.86,1545286000.0,,,2,,RUB,,3,,2025-07-22,
MMIX,RUSFAR3M,2025-07-23,RUSFAR 3M,RUSFAR 3 месяца,17.71,17.71,17.71,17.71,30313000.0,,,2,,RUB,,3,,2025-07-23,
MMIX,RUSFAR3M,2025-07-24,RUSFAR 3M,RUSFAR 3 месяца,17.68,17.68,17.68,17.68,1201500000.0,,,2,,RUB,,3,,2025-07-24,
MMIX,RUSFAR3M,2025-07-25,RUSFAR 3M,RUSFAR 3 месяца,17.37,17.37,17.37,17.37,14121000.0,,,2,,RUB,,3,,2025-07-25,
MMIX,RUSFAR3M,2025-07-28,RUSFAR 3M,RUSFAR 3 месяца,17.68,17.68,17.68,17.68,576000.0,,,2,,RUB,,3,,2025-07-28,
MMIX,RUSFAR3M,2025-07-29,RUSFAR 3M,RUSFAR 3 месяца,17.57,17.57,17.57,17.57,274800000.0,,,2,,RUB,,3,,2025-07-29,
MMIX,RUSFAR3M,2025-07-30,RUSFAR 3M,RUSFAR 3 месяца,17.57,17.57,17.57,17.57,22736000.0,,,2,,RUB,,3,,2025-07-30,
MMIX,RUSFAR3M,2025-07-31,RUSFAR 3M,RUSFAR 3 месяца,17.56,17.56,17.56,17.56,12240000.0,,,2,,RUB,,3,,2025-07-31,
MMIX,RUSFAR3M,2025-08-01,RUSFAR 3M,RUSFAR 3 месяца,17.55,17.55,17.55,17.55,50000000.0,,,2,,RUB,,3,,2025-08-01,
MMIX,RUSFAR3M,2025-08-04,RUSFAR 3M,RUSFAR 3 месяца,17.49,17.49,17.49,17.49,0.0,,,2,,RUB,,3,,2025-08-04,
MMIX,RUSFAR3M,2025-08-05,RUSFAR 3M,RUSFAR 3 месяца,17.42,17.42,17.42,17.42,0.0,,,2,,RUB,,3,,2025-08-05,
MMIX,RUSFAR3M,2025-08-06,RUSFAR 3M,RUSFAR 3 месяца,17.42,17.42,17.42,17.42,0.0,,,2,,RUB,,3,,2025-08-06,
MMIX,RUSFAR3M,2025-08-07,RUSFAR 3M,RUSFAR 3 месяца,17.39,17.39,17.39,17.39,10500000.0,,,2,,RUB,,3,,2025-08-07,
MMIX,RUSFAR3M,2025-08-08,RUSFAR 3M,RUSFAR 3 месяца,17.28,17.28,17.28,17.28,244416000.0,,,2,,RUB,,3,,2025-08-08,
MMIX,RUSFAR3M,2025-08-11,RUSFAR 3M,RUSFAR 3 месяца,17.16,17.16,17.16,17.16,20000000.0,,,2,,RUB,,3,,2025-08-11,
MMIX,RUSFAR3M,2025-08-12,RUSFAR 3M,RUSFAR 3 месяца,17.08,17.08,17.08,17.08,0.0,,,2,,RUB,,3,,2025-08-12,
MMIX,RUSFAR3M,2025-08-13,RUSFAR 3M,RUSFAR 3 месяца,16.91,16.91,16.91,16.91,1251650000.0,,,2,,RUB,,3,,2025-08-13,
MMIX,RUSFAR3M,2025-08-14,RUSFAR 3M,RUSFAR 3 месяца,16.79,16.79,16.79,16.79,0.0,,,2,,RUB,,3,,2025-08-14,
MMIX,RUSFAR3M,2025-08-15,RUSFAR 3M,RUSFAR 3 месяца,16.74,16.74,16.74,16.74,0.0,,,2,,RUB,,3,,2025-08-15,
MMIX,RUSFAR3M,2025-08-18,RUSFAR 3M,RUSFAR 3 месяца,16.75,16.75,16.75,16.75,0.0,,,2,,RUB,,3,,2025-08-18,
MMIX,RUSFAR3M,2025-08-19,RUSFAR 3M,RUSFAR 3 месяца,16.74,16.74,16.74,16.74,600000.0,,,2,,RUB,,3,,2025-08-19,
MMIX,RUSFAR3M,2025-08-20,RUSFAR 3M,RUSFAR 3 месяца,16.7,16.7,16.7,16.7,540000.0,,,2,,RUB,,3,,2025-08-20,
MMIX,RUSFAR3M,2025-08-21,RUSFAR 3M,RUSFAR 3 месяца,16.63,16.63,16.63,16.63,12555000.0,,,2,,RUB,,3,,2025-08-21,
MMIX,RUSFAR3M,2025-08-22,RUSFAR 3M,RUSFAR 3 месяца,16.53,16.53,16.53,16.53,10200000.0,,,2,,RUB,,3,,2025-08-22,
MMIX,RUSFAR3M,2025-08-25,RUSFAR 3M,RUSFAR 3 месяца,16.47,16.47,16.47,16.47,0.0,,,2,,RUB,,3,,2025-08-25,
MMIX,RUSFAR3M,2025-08-26,RUSFAR 3M,RUSFAR 3 месяца,16.44,16.44,16.44,16.44,300108000.0,,,2,,RUB,,3,,2025-08-26,
MMIX,RUSFAR3M,2025-08-27,RUSFAR 3M,RUSFAR 3 месяца,16.59,16.59,16.59,16.59,5800000.0,,,2,,RUB,,3,,2025-08-27,
MMIX,RUSFAR3M,2025-08-28,RUSFAR 3M,RUSFAR 3 месяца,16.53,16.53,16.53,16.53,22107000.0,,,2,,RUB,,3,,2025-08-28,
MMIX,RUSFAR3M,2025-08-29,RUSFAR 3M,RUSFAR 3 месяца,16.48,16.48,16.48,16.48,36000000.0,,,2,,RUB,,3,,2025-08-29,
MMIX,RUSFAR3M,2025-09-01,RUSFAR 3M,RUSFAR 3 месяца,16.44,16.44,16.44,16.44,1007437000.0,,,2,,RUB,,3,,2025-09-01,
MMIX,RUSFAR3M,2025-09-02,RUSFAR 3M,RUSFAR 3 месяца,16.5,16.5,16.5,16.5,505000000.0,,,2,,RUB,,3,,2025-09-02,
MMIX,RUSFAR3M,2025-09-03,RUSFAR 3M,RUSFAR 3 месяца,16.4,16.4,16.4,16.4,10000000.0,,,2,,RUB,,3,,2025-09-03,
MMIX,RUSFAR3M,2025-09-04,RUSFAR 3M,RUSFAR 3 месяца,16.36,16.36,16.36,16.36,19000000.0,,,2,,RUB,,3,,2025-09-04,
MMIX,RUSFAR3M,2025-09-05,RUSFAR 3M,RUSFAR 3 месяца,16.29,16.29,16.29,16.29,10850000.0,,,2,,RUB,,3,,2025-09-05,
MMIX,RUSFAR3M,2025-09-08,RUSFAR 3M,RUSFAR 3 месяца,16.18,16.18,16.18,16.18,25471000.0,,,2,,RUB,,3,,2025-09-08,
MMIX,RUSFAR3M,2025-09-09,RUSFAR 3M,RUSFAR 3 месяца,16.26,16.26,16.26,16.26,405675000.0,,,2,,RUB,,3,,2025-09-09,
MMIX,RUSFAR3M,2025-09-10,RUSFAR 3M,RUSFAR 3 месяца,16.18,16.18,16.18,16.18,6000000.0,,,2,,RUB,,3,,2025-09-10,
MMIX,RUSFAR3M,2025-09-11,RUSFAR 3M,RUSFAR 3 месяца,16.19,16.19,16.19,16.19,5300000.0,,,2,,RUB,,3,,2025-09-11,
MMIX,RUSFAR3M,2025-09-12,RUSFAR 3M,RUSFAR 3 месяца,16.19,16.19,16.19,16.19,548136000.0,,,2,,RUB,,3,,2025-09-12,
MMIX,RUSFAR3M,2025-09-15,RUSFAR 3M,RUSFAR 3 месяца,16.54,16.54,16.54,16.54,0.0,,,2,,RUB,,3,,2025-09-15,
MMIX,RUSFAR3M,2025-09-16,RUSFAR 3M,RUSFAR 3 месяца,16.45,16.45,16.45,16.45,6545000.0,,,2,,RUB,,3,,2025-09-16,
MMIX,RUSFAR3M,2025-09-17,RUSFAR 3M,RUSFAR 3 месяца,16.56,16.56,16.56,16.56,11604000.0,,,2,,RUB,,3,,2025-09-17,
MMIX,RUSFAR3M,2025-09-18,RUSFAR 3M,RUSFAR 3 месяца,16.49,16.49,16.49,16.49,9304000.0,,,2,,RUB,,3,,2025-09-18,
MMIX,RUSFAR3M,2025-09-19,RUSFAR 3M,RUSFAR 3 месяца,16.55,16.55,16.55,16.55,20653000.0,,,2,,RUB,,3,,2025-09-19,
MMIX,RUSFAR3M,2025-09-22,RUSFAR 3M,RUSFAR 3 месяца,16.55,16.55,16.55,16.55,61200000.0,,,2,,RUB,,3,,2025-09-22,
MMIX,RUSFAR3M,2025-09-23,RUSFAR 3M,RUSFAR 3 месяца,16.53,16.53,16.53,16.53,48711000.0,,,2,,RUB,,3,,2025-09-23,
MMIX,RUSFAR3M,2025-09-24,RUSFAR 3M,RUSFAR 3 месяца,16.55,16.55,16.55,16.55,39156000.0,,,2,,RUB,,3,,2025-09-24,
MMIX,RUSFAR3M,2025-09-25,RUSFAR 3M,RUSFAR 3 месяца,16.55,16.55,16.55,16.55,15000000.0,,,2,,RUB,,3,,2025-09-25,
MMIX,RUSFAR3M,2025-09-26,RUSFAR 3M,RUSFAR 3 месяца,16.63,16.63,16.63,16.63,33030000.0,,,2,,RUB,,3,,2025-09-26,
MMIX,RUSFAR3M,2025-09-29,RUSFAR 3M,RUSFAR 3 месяца,16.53,16.53,16.53,16.53,0.0,,,2,,RUB,,3,,2025-09-29,
MMIX,RUSFAR3M,2025-09-30,RUSFAR 3M,RUSFAR 3 месяца,16.71,16.71,16.71,16.71,205000000.0,,,2,,RUB,,3,,2025-09-30,
MMIX,RUSFAR3M,2025-10-01,RUSFAR 3M,RUSFAR 3 месяца,16.64,16.64,16.64,16.64,10689000.0,,,2,,RUB,,3,,2025-10-01,
MMIX,RUSFAR3M,2025-10-02,RUSFAR 3M,RUSFAR 3 месяца,16.64,16.64,16.64,16.64,14000000.0,,,2,,RUB,,3,,2025-10-02,
MMIX,RUSFAR3M,2025-10-03,RUSFAR 3M,RUSFAR 3 месяца,16.64,16.64,16.64,16.64,25152000.0,,,2,,RUB,,3,,2025-10-03,
MMIX,RUSFAR3M,2025-10-06,RUSFAR 3M,RUSFAR 3 месяца,16.69,16.69,16.69,16.69,100000.0,,,2,,RUB,,3,,2025-10-06,
MMIX,RUSFAR3M,2025-10-07,RUSFAR 3M,RUSFAR 3 месяца,16.65,16.65,16.65,16.65,1079000.0,,,2,,RUB,,3,,2025-10-07,
MMIX,RUSFAR3M,2025-10-08,RUSFAR 3M,RUSFAR 3 месяца,16.63,16.63,16.63,16.63,500000.0,,,2,,RUB,,3,,2025-10-08,
MMIX,RUSFAR3M,2025-10-09,RUSFAR 3M,RUSFAR 3 месяца,16.61,16.61,16.61,16.61,0.0,,,2,,RUB,,3,,2025-10-09,
MMIX,RUSFAR3M,2025-10-10,RUSFAR 3M,RUSFAR 3 месяца,16.61,16.61,16.61,16.61,1563000.0,,,2,,RUB,,3,,2025-10-10,
MMIX,RUSFAR3M,2025-10-13,RUSFAR 3M,RUSFAR 3 месяца,16.55,16.55,16.55,16.55,100000.0,,,2,,RUB,,3,,2025-10-13,
MMIX,RUSFAR3M,2025-10-14,RUSFAR 3M,RUSFAR 3 месяца,16.39,16.39,16.39,16.39,13000000.0,,,2,,RUB,,3,,2025-10-14,
MMIX,RUSFAR3M,2025-10-15,RUSFAR 3M,RUSFAR 3 месяца,16.34,16.34,16.34,16.34,33015000.0,,,2,,RUB,,3,,2025-10-15,
MMIX,RUSFAR3M,2025-10-16,RUSFAR 3M,RUSFAR 3 месяца,16.49,16.49,16.49,16.49,606000.0,,,2,,RUB,,3,,2025-10-16,
MMIX,RUSFAR3M,2025-10-17,RUSFAR 3M,RUSFAR 3 месяца,16.5,16.5,16.5,16.5,15981000.0,,,2,,RUB,,3,,2025-10-17,
MMIX,RUSFAR3M,2025-10-20,RUSFAR 3M,RUSFAR 3 месяца,16.33,16.33,16.33,16.33,1410000000.0,,,2,,RUB,,3,,2025-10-20,
MMIX,RUSFAR3M,2025-10-21,RUSFAR 3M,RUSFAR 3 месяца,16.39,16.39,16.39,16.39,305000000.0,,,2,,RUB,,3,,2025-10-21,
MMIX,RUSFAR3M,2025-10-22,RUSFAR 3M,RUSFAR 3 месяца,16.25,16.25,16.25,16.25,228413000.0,,,2,,RUB,,3,,2025-10-22,
MMIX,RUSFAR3M,2025-10-23,RUSFAR 3M,RUSFAR 3 месяца,16.21,16.21,16.21,16.21,51000000.0,,,2,,RUB,,3,,2025-10-23,
MMIX,RUSFAR3M,2025-10-24,RUSFAR 3M,RUSFAR 3 месяца,16.23,16.23,16.23,16.23,1497500000.0,,,2,,RUB,,3,,2025-10-24,
MMIX,RUSFAR3M,2025-10-27,RUSFAR 3M,RUSFAR 3 месяца,16.35,16.35,16.35,16.35,52000000.0,,,2,,RUB,,3,,2025-10-27,
MMIX,RUSFAR3M,2025-10-28,RUSFAR 3M,RUSFAR 3 месяца,16.34,16.34,16.34,16.34,10000000.0,,,2,,RUB,,3,,2025-10-28,
MMIX,RUSFAR3M,2025-10-29,RUSFAR 3M,RUSFAR 3 месяца,16.4,16.4,16.4,16.4,20000000.0,,,2,,RUB,,3,,2025-10-29,
MMIX,RUSFAR3M,2025-10-30,RUSFAR 3M,RUSFAR 3 месяца,16.23,16.23,16.23,16.23,20000000.0,,,2,,RUB,,3,,2025-10-30,
MMIX,RUSFAR3M,2025-10-31,RUSFAR 3M,RUSFAR 3 месяца,16.4,16.4,16.4,16.4,697000.0,,,2,,RUB,,3,,2025-10-31,
MMIX,RUSFAR3M,2025-11-05,RUSFAR 3M,RUSFAR 3 месяца,16.36,16.36,16.36,16.36,405000.0,,,2,,RUB,,3,,2025-11-05,
MMIX,RUSFAR3M,2025-11-06,RUSFAR 3M,RUSFAR 3 месяца,16.36,16.36,16.36,16.36,5260000.0,,,2,,RUB,,3,,2025-11-06,
MMIX,RUSFAR3M,2025-11-07,RUSFAR 3M,RUSFAR 3 месяца,16.32,16.32,16.32,16.32,1300000.0,,,2,,RUB,,3,,2025-11-07,
MMIX,RUSFAR3M,2025-11-10,RUSFAR 3M,RUSFAR 3 месяца,16.32,16.32,16.32,16.32,0.0,,,2,,RUB,,3,,2025-11-10,
MMIX,RUSFAR3M,2025-11-11,RUSFAR 3M,RUSFAR 3 месяца,16.4,16.4,16.4,16.4,80108000.0,,,2,,RUB,,3,,2025-11-11,
MMIX,RUSFAR3M,2025-11-12,RUSFAR 3M,RUSFAR 3 месяца,16.3,16.3,16.3,16.3,110105000.0,,,2,,RUB,,3,,2025-11-12,
MMIX,RUSFAR3M,2025-11-13,RUSFAR 3M,RUSFAR 3 месяца,16.33,16.33,16.33,16.33,5703000.0,,,2,,RUB,,3,,2025-11-13,
MMIX,RUSFAR3M,2025-11-14,RUSFAR 3M,RUSFAR 3 месяца,16.33,16.33,16.33,16.33,21000000.0,,,2,,RUB,,3,,2025-11-14,
MMIX,RUSFAR3M,2025-11-17,RUSFAR 3M,RUSFAR 3 месяца,16.31,16.31,16.31,16.31,134895000.0,,,2,,RUB,,3,,2025-11-17,
MMIX,RUSFAR3M,2025-11-18,RUSFAR 3M,RUSFAR 3 месяца,16.22,16.22,16.22,16.22,90000000.0,,,2,,RUB,,3,,2025-11-18,
MMIX,RUSFAR3M,2025-11-19,RUSFAR 3M,RUSFAR 3 месяца,16.12,16.12,16.12,16.12,60000000.0,,,2,,RUB,,3,,2025-11-19,
MMIX,RUSFAR3M,2025-11-20,RUSFAR 3M,RUSFAR 3 месяца,16.16,16.16,16.16,16.16,0.0,,,2,,RUB,,3,,2025-11-20,
MMIX,RUSFAR3M,2025-11-21,RUSFAR 3M,RUSFAR 3 месяца,16.12,16.12,16.12,16.12,10000000.0,,,2,,RUB,,3,,2025-11-21,
MMIX,RUSFAR3M,2025-11-24,RUSFAR 3M,RUSFAR 3 месяца,16.05,16.05,16.05,16.05,36050000.0,,,2,,RUB,,3,,2025-11-24,
MMIX,RUSFAR3M,2025-11-25,RUSFAR 3M,RUSFAR 3 месяца,15.87,15.87,15.87,15.87,1039160000.0,,,2,,RUB,,3,,2025-11-25,
MMIX,RUSFAR3M,2025-11-26,RUSFAR 3M,RUSFAR 3 месяца,15.87,15.87,15.87,15.87,230000000.0,,,2,,RUB,,3,,2025-11-26,
MMIX,RUSFAR3M,2025-11-27,RUSFAR 3M,RUSFAR 3 месяца,15.93,15.93,15.93,15.93,55500000.0,,,2,,RUB,,3,,2025-11-27,
MMIX,RUSFAR3M,2025-11-28,RUSFAR 3M,RUSFAR 3 месяца,15.91,15.91,15.91,15.91,30000000.0,,,2,,RUB,,3,,2025-11-28,
MMIX,RUSFAR3M,2025-12-01,RUSFAR 3M,RUSFAR 3 месяца,15.95,15.95,15.95,15.95,6879000.0,,,2,,RUB,,3,,2025-12-01,
MMIX,RUSFAR3M,2025-12-02,RUSFAR 3M,RUSFAR 3 месяца,15.9,15.9,15.9,15.9,5100000.0,,,2,,RUB,,3,,2025-12-02,
MMIX,RUSFAR3M,2025-12-03,RUSFAR 3M,RUSFAR 3 месяца,15.91,15.91,15.91,15.91,22000000.0,,,2,,RUB,,3,,2025-12-03,
MMIX,RUSFAR3M,2025-12-04,RUSFAR 3M,RUSFAR 3 месяца,15.81,15.81,15.81,15.81,80000000.0,,,2,,RUB,,3,,2025-12-04,
MMIX,RUSFAR3M,2025-12-05,RUSFAR 3M,RUSFAR 3 месяца,15.92,15.92,15.92,15.92,20000000.0,,,2,,RUB,,3,,2025-12-05,
MMIX,RUSFAR3M,2025-12-08,RUSFAR 3M,RUSFAR 3 месяца,15.89,15.89,15.89,15.89,52950000.0,,,2,,RUB,,3,,2025-12-08,
MMIX,RUSFAR3M,2025-12-09,RUSFAR 3M,RUSFAR 3 месяца,15.9,15.9,15.9,15.9,200314000.0,,,2,,RUB,,3,,2025-12-09,
MMIX,RUSFAR3M,2025-12-10,RUSFAR 3M,RUSFAR 3 месяца,15.87,15.87,15.87,15.87,0.0,,,2,,RUB,,3,,2025-12-10,
MMIX,RUSFAR3M,2025-12-11,RUSFAR 3M,RUSFAR 3 месяца,15.84,15.84,15.84,15.84,21229000.0,,,2,,RUB,,3,,2025-12-11,
MMIX,RUSFAR3M,2025-12-12,RUSFAR 3M,RUSFAR 3 месяца,15.81,15.81,15.81,15.81,42009000.0,,,2,,RUB,,3,,2025-12-12,
MMIX,RUSFAR3M,2025-12-15,RUSFAR 3M,RUSFAR 3 месяца,15.78,15.78,15.78,15.78,110000000.0,,,2,,RUB,,3,,2025-12-15,
MMIX,RUSFAR3M,2025-12-16,RUSFAR 3M,RUSFAR 3 месяца,15.78,15.78,15.78,15.78,5307000.0,,,2,,RUB,,3,,2025-12-16,
MMIX,RUSFAR3M,2025-12-17,RUSFAR 3M,RUSFAR 3 месяца,15.64,15.64,15.64,15.64,920000000.0,,,2,,RUB,,3,,2025-12-17,
MMIX,RUSFAR3M,2025-12-18,RUSFAR 3M,RUSFAR 3 месяца,15.63,15.63,15.63,15.63,24500000.0,,,2,,RUB,,3,,2025-12-18,
MMIX,RUSFAR3M,2025-12-19,RUSFAR 3M,RUSFAR 3 месяца,15.62,15.62,15.62,15.62,85000000.0,,,2,,RUB,,3,,2025-12-19,
MMIX,RUSFAR3M,2025-12-22,RUSFAR 3M,RUSFAR 3 месяца,15.77,15.77,15.77,15.77,50615000.0,,,2,,RUB,,3,,2025-12-22,
MMIX,RUSFAR3M,2025-12-23,RUSFAR 3M,RUSFAR 3 месяца,15.85,15.85,15.85,15.85,4457000.0,,,2,,RUB,,3,,2025-12-23,
MMIX,RUSFAR3M,2025-12-24,RUSFAR 3M,RUSFAR 3 месяца,15.87,15.87,15.87,15.87,83444000.0,,,2,,RUB,,3,,2025-12-24,
MMIX,RUSFAR3M,2025-12-25,RUSFAR 3M,RUSFAR 3 месяца,15.8,15.8,15.8,15.8,782988000.0,,,2,,RUB,,3,,2025-12-25,
MMIX,RUSFAR3M,2025-12-26,RUSFAR 3M,RUSFAR 3 месяца,15.86,15.86,15.86,15.86,5500000.0,,,2,,RUB,,3,,2025-12-26,
MMIX,RUSFAR3M,2025-12-29,RUSFAR 3M,RUSFAR 3 месяца,15.85,15.85,15.85,15.85,19800000.0,,,2,,RUB,,3,,2025-12-29,
MMIX,RUSFAR3M,2026-01-12,RUSFAR 3M,RUSFAR 3 месяца,15.73,15.73,15.73,15.73,12000000.0,,,2,,RUB,,3,,2026-01-12,
MMIX,RUSFAR3M,2026-01-13,RUSFAR 3M,RUSFAR 3 месяца,15.55,15.55,15.55,15.55,265910000.0,,,2,,RUB,,3,,2026-01-13,
MMIX,RUSFAR3M,2026-01-14,RUSFAR 3M,RUSFAR 3 месяца,15.6,15.6,15.6,15.6,0.0,,,2,,RUB,,3,,2026-01-14,
MMIX,RUSFAR3M,2026-01-15,RUSFAR 3M,RUSFAR 3 месяца,15.45,15.45,15.45,15.45,1010390000.0,,,2,,RUB,,3,,2026-01-15,
MMIX,RUSFAR3M,2026-01-16,RUSFAR 3M,RUSFAR 3 месяца,15.51,15.51,15.51,15.51,57400000.0,,,2,,RUB,,3,,2026-01-16,
MMIX,RUSFAR3M,2026-01-19,RUSFAR 3M,RUSFAR 3 месяца,15.55,15.55,15.55,15.55,1000000.0,,,2,,RUB,,3,,2026-01-19,
MMIX,RUSFAR3M,2026-01-20,RUSFAR 3M,RUSFAR 3 месяца,15.56,15.56,15.56,15.56,225244000.0,,,2,,RUB,,3,,2026-01-20,
MMIX,RUSFAR3M,2026-01-21,RUSFAR 3M,RUSFAR 3 месяца,15.63,15.63,15.63,15.63,57365000.0,,,2,,RUB,,3,,2026-01-21,
MMIX,RUSFAR3M,2026-01-22,RUSFAR 3M,RUSFAR 3 месяца,15.61,15.61,15.61,15.61,22786000.0,,,2,,RUB,,3,,2026-01-22,
MMIX,RUSFAR3M,2026-01-23,RUSFAR 3M,RUSFAR 3 месяца,15.61,15.61,15.61,15.61,82940000.0,,,2,,RUB,,3,,2026-01-23,
MMIX,RUSFAR3M,2026-01-26,RUSFAR 3M,RUSFAR 3 месяца,15.58,15.58,15.58,15.58,0.0,,,2,,RUB,,3,,2026-01-26,
MMIX,RUSFAR3M,2026-01-27,RUSFAR 3M,RUSFAR 3 месяца,15.5,15.5,15.5,15.5,50000000.0,,,2,,RUB,,3,,2026-01-27,
MMIX,RUSFAR3M,2026-01-28,RUSFAR 3M,RUSFAR 3 месяца,15.55,15.55,15.55,15.55,50000000.0,,,2,,RUB,,3,,2026-01-28,
MMIX,RUSFAR3M,2026-01-29,RUSFAR 3M,RUSFAR 3 месяца,15.62,15.62,15.62,15.62,31500000.0,,,2,,RUB,,3,,2026-01-29,
MMIX,RUSFAR3M,2026-01-30,RUSFAR 3M,RUSFAR 3 месяца,15.52,15.52,15.52,15.52,33960000.0,,,2,,RUB,,3,,2026-01-30,
MMIX,RUSFAR3M,2026-02-02,RUSFAR 3M,RUSFAR 3 месяца,15.53,15.53,15.53,15.53,0.0,,,2,,RUB,,3,,2026-02-02,
MMIX,RUSFAR3M,2026-02-03,RUSFAR 3M,RUSFAR 3 месяца,15.49,15.49,15.49,15.49,112230000.0,,,2,,RUB,,3,,2026-02-03,
MMIX,RUSFAR3M,2026-02-04,RUSFAR 3M,RUSFAR 3 месяца,15.52,15.52,15.52,15.52,50000000.0,,,2,,RUB,,3,,2026-02-04,
MMIX,RUSFAR3M,2026-02-05,RUSFAR 3M,RUSFAR 3 месяца,15.56,15.56,15.56,15.56,73600000.0,,,2,,RUB,,3,,2026-02-05,
MMIX,RUSFAR3M,2026-02-06,RUSFAR 3M,RUSFAR 3 месяца,15.52,15.52,15.52,15.52,150000000.0,,,2,,RUB,,3,,2026-02-06,
MMIX,RUSFAR3M,2026-02-09,RUSFAR 3M,RUSFAR 3 месяца,15.44,15.44,15.44,15.44,100000000.0,,,2,,RUB,,3,,2026-02-09,
MMIX,RUSFAR3M,2026-02-10,RUSFAR 3M,RUSFAR 3 месяца,15.46,15.46,15.46,15.46,50657000.0,,,2,,RUB,,3,,2026-02-10,
MMIX,RUSFAR3M,2026-02-11,RUSFAR 3M,RUSFAR 3 месяца,15.43,15.43,15.43,15.43,16009000.0,,,2,,RUB,,3,,2026-02-11,
MMIX,RUSFAR3M,2026-02-12,RUSFAR 3M,RUSFAR 3 месяца,15.45,15.45,15.45,15.45,7850000.0,,,2,,RUB,,3,,2026-02-12,
MMIX,RUSFAR3M,2026-02-13,RUSFAR 3M,RUSFAR 3 месяца,15.4,15.4,15.4,15.4,189685000.0,,,2,,RUB,,3,,2026-02-13,
MMIX,RUSFAR3M,2026-02-16,RUSFAR 3M,RUSFAR 3 месяца,15.25,15.25,15.25,15.25,2996000.0,,,2,,RUB,,3,,2026-02-16,
MMIX,RUSFAR3M,2026-02-17,RUSFAR 3M,RUSFAR 3 месяца,15.15,15.15,15.15,15.15,0.0,,,2,,RUB,,3,,2026-02-17,
MMIX,RUSFAR3M,2026-02-18,RUSFAR 3M,RUSFAR 3 месяца,15.2,15.2,15.2,15.2,170000000.0,,,2,,RUB,,3,,2026-02-18,
MMIX,RUSFAR3M,2026-02-19,RUSFAR 3M,RUSFAR 3 месяца,15.12,15.12,15.12,15.12,60500000.0,,,2,,RUB,,3,,2026-02-19,
MMIX,RUSFAR3M,2026-02-20,RUSFAR 3M,RUSFAR 3 месяца,15.12,15.12,15.12,15.12,9020000.0,,,2,,RUB,,3,,2026-02-20,
MMIX,RUSFAR3M,2026-02-24,RUSFAR 3M,RUSFAR 3 месяца,15.13,15.13,15.13,15.13,7000000.0,,,2,,RUB,,3,,2026-02-24,
MMIX,RUSFAR3M,2026-02-25,RUSFAR 3M,RUSFAR 3 месяца,14.98,14.98,14.98,14.98,0.0,,,2,,RUB,,3,,2026-02-25,
MMIX,RUSFAR3M,2026-02-26,RUSFAR 3M,RUSFAR 3 месяца,14.95,14.95,14.95,14.95,19160000.0,,,2,,RUB,,3,,2026-02-26,
MMIX,RUSFAR3M,2026-02-27,RUSFAR 3M,RUSFAR 3 месяца,14.93,14.93,14.93,14.93,75100000.0,,,2,,RUB,,3,,2026-02-27,
MMIX,RUSFAR3M,2026-03-02,RUSFAR 3M,RUSFAR 3 месяца,15.1,15.1,15.1,15.1,605860000.0,,,2,,RUB,,3,,2026-03-02,
MMIX,RUSFAR3M,2026-03-03,RUSFAR 3M,RUSFAR 3 месяца,15.18,15.18,15.18,15.18,23000000.0,,,2,,RUB,,3,,2026-03-03,
MMIX,RUSFAR3M,2026-03-04,RUSFAR 3M,RUSFAR 3 месяца,15.05,15.05,15.05,15.05,2600000.0,,,2,,RUB,,3,,2026-03-04,
MMIX,RUSFAR3M,2026-03-05,RUSFAR 3M,RUSFAR 3 месяца,15.05,15.05,15.05,15.05,30000000.0,,,2,,RUB,,3,,2026-03-05,
MMIX,RUSFAR3M,2026-03-06,RUSFAR 3M,RUSFAR 3 месяца,15.05,15.05,15.05,15.05,7533000.0,,,2,,RUB,,3,,2026-03-06,
MMIX,RUSFAR3M,2026-03-10,RUSFAR 3M,RUSFAR 3 месяца,15.0,15.0,15.0,15.0,0.0,,,2,,RUB,,3,,2026-03-10,
MMIX,RUSFAR3M,2026-03-11,RUSFAR 3M,RUSFAR 3 месяца,14.99,14.99,14.99,14.99,62394000.0,,,2,,RUB,,3,,2026-03-11,
MMIX,RUSFAR3M,2026-03-12,RUSFAR 3M,RUSFAR 3 месяца,14.94,14.94,14.94,14.94,15300000.0,,,2,,RUB,,3,,2026-03-12,
MMIX,RUSFAR3M,2026-03-13,RUSFAR 3M,RUSFAR 3 месяца,14.89,14.89,14.89,14.89,50100000.0,,,2,,RUB,,3,,2026-03-13,
MMIX,RUSFAR3M,2026-03-16,RUSFAR 3M,RUSFAR 3 месяца,14.84,14.84,14.84,14.84,56246000.0,,,2,,RUB,,3,,2026-03-16,
MMIX,RUSFAR3M,2026-03-17,RUSFAR 3M,RUSFAR 3 месяца,14.79,14.79,14.79,14.79,20204000.0,,,2,,RUB,,3,,2026-03-17,
MMIX,RUSFAR3M,2026-03-18,RUSFAR 3M,RUSFAR 3 месяца,14.81,14.81,14.81,14.81,131383000.0,,,2,,RUB,,3,,2026-03-18,
MMIX,RUSFAR3M,2026-03-19,RUSFAR 3M,RUSFAR 3 месяца,14.79,14.79,14.79,14.79,23852000.0,,,2,,RUB,,3,,2026-03-19,
MMIX,RUSFAR3M,2026-03-20,RUSFAR 3M,RUSFAR 3 месяца,14.7,14.7,14.7,14.7,64795000.0,,,2,,RUB,,3,,2026-03-20,
MMIX,RUSFAR3M,2026-03-23,RUSFAR 3M,RUSFAR 3 месяца,14.7,14.7,14.7,14.7,13000000.0,,,2,,RUB,,3,,2026-03-23,
MMIX,RUSFAR3M,2026-03-24,RUSFAR 3M,RUSFAR 3 месяца,14.8,14.8,14.8,14.8,42277000.0,,,2,,RUB,,3,,2026-03-24,
MMIX,RUSFAR3M,2026-03-25,RUSFAR 3M,RUSFAR 3 месяца,14.81,14.81,14.81,14.81,5437000.0,,,2,,RUB,,3,,2026-03-25,
MMIX,RUSFAR3M,2026-03-26,RUSFAR 3M,RUSFAR 3 месяца,14.72,14.72,14.72,14.72,5500000.0,,,2,,RUB,,3,,2026-03-26,
MMIX,RUSFAR3M,2026-03-27,RUSFAR 3M,RUSFAR 3 месяца,14.7,14.7,14.7,14.7,15200000.0,,,2,,RUB,,3,,2026-03-27,
MMIX,RUSFAR3M,2026-03-30,RUSFAR 3M,RUSFAR 3 месяца,14.67,14.67,14.67,14.67,30000000.0,,,2,,RUB,,3,,2026-03-30,
MMIX,RUSFAR3M,2026-03-31,RUSFAR 3M,RUSFAR 3 месяца,14.57,14.57,14.57,14.57,1002000000.0,,,2,,RUB,,3,,2026-03-31,
MMIX,RUSFAR3M,2026-04-01,RUSFAR 3M,RUSFAR 3 месяца,14.56,14.56,14.56,14.56,1005299000.0,,,2,,RUB,,3,,2026-04-01,
MMIX,RUSFAR3M,2026-04-02,RUSFAR 3M,RUSFAR 3 месяца,14.53,14.53,14.53,14.53,1032455000.0,,,2,,RUB,,3,,2026-04-02,
MMIX,RUSFAR3M,2026-04-03,RUSFAR 3M,RUSFAR 3 месяца,14.51,14.51,14.51,14.51,1250000000.0,,,2,,RUB,,3,,2026-04-03,
MMIX,RUSFAR3M,2026-04-06,RUSFAR 3M,RUSFAR 3 месяца,14.52,14.52,14.52,14.52,1300000.0,,,2,,RUB,,3,,2026-04-06,
MMIX,RUSFAR3M,2026-04-07,RUSFAR 3M,RUSFAR 3 месяца,14.5,14.5,14.5,14.5,31300000.0,,,2,,RUB,,3,,2026-04-07,
MMIX,RUSFAR3M,2026-04-08,RUSFAR 3M,RUSFAR 3 месяца,14.51,14.51,14.51,14.51,339000.0,,,2,,RUB,,3,,2026-04-08,
MMIX,RUSFAR3M,2026-04-09,RUSFAR 3M,RUSFAR 3 месяца,14.49,14.49,14.49,14.49,500000.0,,,2,,RUB,,3,,2026-04-09,
MMIX,RUSFAR3M,2026-04-10,RUSFAR 3M,RUSFAR 3 месяца,14.48,14.48,14.48,14.48,200383000.0,,,2,,RUB,,3,,2026-04-10,
MMIX,RUSFAR3M,2026-04-13,RUSFAR 3M,RUSFAR 3 месяца,14.47,14.47,14.47,14.47,1460000.0,,,2,,RUB,,3,,2026-04-13,
MMIX,RUSFAR3M,2026-04-14,RUSFAR 3M,RUSFAR 3 месяца,14.42,14.42,14.42,14.42,0.0,,,2,,RUB,,3,,2026-04-14,
MMIX,RUSFAR3M,2026-04-15,RUSFAR 3M,RUSFAR 3 месяца,14.43,14.43,14.43,14.43,0.0,,,2,,RUB,,3,,2026-04-15,
MMIX,RUSFAR3M,2026-04-16,RUSFAR 3M,RUSFAR 3 месяца,14.33,14.33,14.33,14.33,150000000.0,,,2,,RUB,,3,,2026-04-16,
MMIX,RUSFAR3M,2026-04-17,RUSFAR 3M,RUSFAR 3 месяца,14.29,14.29,14.29,14.29,313900000.0,,,2,,RUB,,3,,2026-04-17,
MMIX,RUSFAR3M,2026-04-20,RUSFAR 3M,RUSFAR 3 месяца,14.26,14.26,14.26,14.26,100000.0,,,2,,RUB,,3,,2026-04-20,
MMIX,RUSFAR3M,2026-04-21,RUSFAR 3M,RUSFAR 3 месяца,14.11,14.11,14.11,14.11,53000000.0,,,2,,RUB,,3,,2026-04-21,
MMIX,RUSFAR3M,2026-04-22,RUSFAR 3M,RUSFAR 3 месяца,14.13,14.13,14.13,14.13,13000000.0,,,2,,RUB,,3,,2026-04-22,
MMIX,RUSFAR3M,2026-04-23,RUSFAR 3M,RUSFAR 3 месяца,14.14,14.14,14.14,14.14,14433000.0,,,2,,RUB,,3,,2026-04-23,
MMIX,RUSFAR3M,2026-04-24,RUSFAR 3M,RUSFAR 3 месяца,14.07,14.07,14.07,14.07,54000000.0,,,2,,RUB,,3,,2026-04-24,
MMIX,RUSFAR3M,2026-04-27,RUSFAR 3M,RUSFAR 3 месяца,14.31,14.31,14.31,14.31,296500000.0,,,2,,RUB,,3,,2026-04-27,
MMIX,RUSFAR3M,2026-04-28,RUSFAR 3M,RUSFAR 3 месяца,14.4,14.4,14.4,14.4,50000000.0,,,2,,RUB,,3,,2026-04-28,
MMIX,RUSFAR3M,2026-04-29,RUSFAR 3M,RUSFAR 3 месяца,14.37,14.37,14.37,14.37,131555000.0,,,2,,RUB,,3,,2026-04-29,
MMIX,RUSFAR3M,2026-04-30,RUSFAR 3M,RUSFAR 3 месяца,14.39,14.39,14.39,14.39,8500000.0,,,2,,RUB,,3,,2026-04-30,
MMIX,RUSFAR3M,2026-05-04,RUSFAR 3M,RUSFAR 3 месяца,14.37,14.37,14.37,14.37,156024000.0,,,2,,RUB,,3,,2026-05-04,
MMIX,RUSFAR3M,2026-05-05,RUSFAR 3M,RUSFAR 3 месяца,14.24,14.24,14.24,14.24,52500000.0,,,2,,RUB,,3,,2026-05-05,
MMIX,RUSFAR3M,2026-05-06,RUSFAR 3M,RUSFAR 3 месяца,14.21,14.21,14.21,14.21,105000.0,,,2,,RUB,,3,,2026-05-06,
MMIX,RUSFAR3M,2026-05-07,RUSFAR 3M,RUSFAR 3 месяца,14.2,14.2,14.2,14.2,1700000.0,,,2,,RUB,,3,,2026-05-07,
MMIX,RUSFAR3M,2026-05-08,RUSFAR 3M,RUSFAR 3 месяца,14.14,14.14,14.14,14.14,14745000.0,,,2,,RUB,,3,,2026-05-08,
MMIX,RUSFAR3M,2026-05-12,RUSFAR 3M,RUSFAR 3 месяца,14.14,14.14,14.14,14.14,243961000.0,,,2,,RUB,,3,,2026-05-12,
MMIX,RUSFAR3M,2026-05-13,RUSFAR 3M,RUSFAR 3 месяца,14.14,14.14,14.14,14.14,0.0,,,2,,RUB,,3,,2026-05-13,
MMIX,RUSFAR3M,2026-05-14,RUSFAR 3M,RUSFAR 3 месяца,14.16,14.16,14.16,14.16,100000.0,,,2,,RUB,,3,,2026-05-14,
MMIX,RUSFAR3M,2026-05-15,RUSFAR 3M,RUSFAR 3 месяца,14.12,14.12,14.12,14.12,50000000.0,,,2,,RUB,,3,,2026-05-15,
MMIX,RUSFAR3M,2026-05-18,RUSFAR 3M,RUSFAR 3 месяца,14.12,14.12,14.12,14.12,220000000.0,,,2,,RUB,,3,,2026-05-18,
MMIX,RUSFAR3M,2026-05-19,RUSFAR 3M,RUSFAR 3 месяца,14.17,14.17,14.17,14.17,500000.0,,,2,,RUB,,3,,2026-05-19,
MMIX,RUSFAR3M,2026-05-20,RUSFAR 3M,RUSFAR 3 месяца,14.16,14.16,14.16,14.16,62600000.0,,,2,,RUB,,3,,2026-05-20,
MMIX,RUSFAR3M,2026-05-21,RUSFAR 3M,RUSFAR 3 месяца,14.15,14.15,14.15,14.15,62823000.0,,,2,,RUB,,3,,2026-05-21,
MMIX,RUSFAR3M,2026-05-22,RUSFAR 3M,RUSFAR 3 месяца,14.1,14.1,14.1,14.1,27503000.0,,,2,,RUB,,3,,2026-05-22,
MMIX,RUSFAR3M,2026-05-25,RUSFAR 3M,RUSFAR 3 месяца,14.07,14.07,14.07,14.07,1050000000.0,,,2,,RUB,,3,,2026-05-25,
MMIX,RUSFAR3M,2026-05-26,RUSFAR 3M,RUSFAR 3 месяца,14.14,14.14,14.14,14.14,5000000.0,,,2,,RUB,,3,,2026-05-26,
MMIX,RUSFAR3M,2026-05-27,RUSFAR 3M,RUSFAR 3 месяца,14.14,14.14,14.14,14.14,18500000.0,,,2,,RUB,,3,,2026-05-27,
MMIX,RUSFAR3M,2026-05-28,RUSFAR 3M,RUSFAR 3 месяца,14.12,14.12,14.12,14.12,50000000.0,,,2,,RUB,,3,,2026-05-28,
MMIX,RUSFAR3M,2026-05-29,RUSFAR 3M,RUSFAR 3 месяца,14.12,14.12,14.12,14.12,5200000.0,,,2,,RUB,,3,,2026-05-29,
MMIX,RUSFAR3M,2026-06-01,RUSFAR 3M,RUSFAR 3 месяца,14.12,14.12,14.12,14.12,611000000.0,,,2,,RUB,,3,,2026-06-01,
MMIX,RUSFAR3M,2026-06-02,RUSFAR 3M,RUSFAR 3 месяца,14.08,14.08,14.08,14.08,50000000.0,,,2,,RUB,,3,,2026-06-02,
MMIX,RUSFAR3M,2026-06-03,RUSFAR 3M,RUSFAR 3 месяца,14.05,14.05,14.05,14.05,55000000.0,,,2,,RUB,,3,,2026-06-03,
MMIX,RUSFAR3M,2026-06-04,RUSFAR 3M,RUSFAR 3 месяца,13.98,13.98,13.98,13.98,50000000.0,,,2,,RUB,,3,,2026-06-04,
MMIX,RUSFAR3M,2026-06-05,RUSFAR 3M,RUSFAR 3 месяца,14.02,14.02,14.02,14.02,35700000.0,,,2,,RUB,,3,,2026-06-05,
MMIX,RUSFAR3M,2026-06-08,RUSFAR 3M,RUSFAR 3 месяца,13.92,13.92,13.92,13.92,400000000.0,,,2,,RUB,,3,,2026-06-08,
MMIX,RUSFAR3M,2026-06-09,RUSFAR 3M,RUSFAR 3 месяца,13.93,13.93,13.93,13.93,30000000.0,,,2,,RUB,,3,,2026-06-09,
MMIX,RUSFAR3M,2026-06-10,RUSFAR 3M,RUSFAR 3 месяца,13.94,13.94,13.94,13.94,0.0,,,2,,RUB,,3,,2026-06-10,
MMIX,RUSFAR3M,2026-06-11,RUSFAR 3M,RUSFAR 3 месяца,13.95,13.95,13.95,13.95,31583000.0,,,2,,RUB,,3,,2026-06-11,
MMIX,RUSFAR3M,2026-06-15,RUSFAR 3M,RUSFAR 3 месяца,13.88,13.88,13.88,13.88,33700000.0,,,2,,RUB,,3,,2026-06-15,
MMIX,RUSFAR3M,2026-06-16,RUSFAR 3M,RUSFAR 3 месяца,13.82,13.82,13.82,13.82,17556000.0,,,2,,RUB,,3,,2026-06-16,
MMIX,RUSFAR3M,2026-06-17,RUSFAR 3M,RUSFAR 3 месяца,13.79,13.79,13.79,13.79,26180000.0,,,2,,RUB,,3,,2026-06-17,
MMIX,RUSFAR3M,2026-06-18,RUSFAR 3M,RUSFAR 3 месяца,13.74,13.74,13.74,13.74,170224000.0,,,2,,RUB,,3,,2026-06-18,
MMIX,RUSFAR3M,2026-06-19,RUSFAR 3M,RUSFAR 3 месяца,13.73,13.73,13.73,13.73,211503000.0,,,2,,RUB,,3,,2026-06-19,
MMIX,RUSFAR3M,2026-06-22,RUSFAR 3M,RUSFAR 3 месяца,13.91,13.91,13.91,13.91,52229000.0,,,2,,RUB,,3,,2026-06-22,
MMIX,RUSFAR3M,2026-06-23,RUSFAR 3M,RUSFAR 3 месяца,13.95,13.95,13.95,13.95,30335000.0,,,2,,RUB,,3,,2026-06-23,
MMIX,RUSFAR3M,2026-06-24,RUSFAR 3M,RUSFAR 3 месяца,14.01,14.01,14.01,14.01,0.0,,,2,,RUB,,3,,2026-06-24,
MMIX,RUSFAR3M,2026-06-25,RUSFAR 3M,RUSFAR 3 месяца,14.04,14.04,14.04,14.04,232765000.0,,,2,,RUB,,3,,2026-06-25,
MMIX,RUSFAR3M,2026-06-26,RUSFAR 3M,RUSFAR 3 месяца,13.97,13.97,13.97,13.97,30000000.0,,,2,,RUB,,3,,2026-06-26,
MMIX,RUSFAR3M,2026-06-29,RUSFAR 3M,RUSFAR 3 месяца,14.13,14.13,14.13,14.13,10000000.0,,,2,,RUB,,3,,2026-06-29,
MMIX,RUSFAR3M,2026-06-30,RUSFAR 3M,RUSFAR 3 месяца,14.11,14.11,14.11,14.11,143000000.0,,,2,,RUB,,3,,2026-06-30,
MMIX,RUSFAR3M,2026-07-01,RUSFAR 3M,RUSFAR 3 месяца,14.11,14.11,14.11,14.11,0.0,,,2,,RUB,,3,,2026-07-01,
MMIX,RUSFAR3M,2026-07-02,RUSFAR 3M,RUSFAR 3 месяца,14.19,14.19,14.19,14.19,473105000.0,,,2,,RUB,,3,,2026-07-02,
MMIX,RUSFAR3M,2026-07-03,RUSFAR 3M,RUSFAR 3 месяца,14.2,14.2,14.2,14.2,128741000.0,,,2,,RUB,,3,,2026-07-03,
MMIX,RUSFAR3M,2026-07-06,RUSFAR 3M,RUSFAR 3 месяца,14.22,14.22,14.22,14.22,3245000.0,,,2,,RUB,,3,,2026-07-06,
MMIX,RUSFAR3M,2026-07-07,RUSFAR 3M,RUSFAR 3 месяца,14.23,14.23,14.23,14.23,31405000.0,,,2,,RUB,,3,,2026-07-07,
MMIX,RUSFAR3M,2026-07-08,RUSFAR 3M,RUSFAR 3 месяца,14.23,14.23,14.23,14.23,35000000.0,,,2,,RUB,,3,,2026-07-08,
MMIX,RUSFAR3M,2026-07-09,RUSFAR 3M,RUSFAR 3 месяца,14.32,14.32,14.32,14.32,33000000.0,,,2,,RUB,,3,,2026-07-09,
MMIX,RUSFAR3M,2026-07-10,RUSFAR 3M,RUSFAR 3 месяца,14.35,14.35,14.35,14.35,40807000.0,,,2,,RUB,,3,,2026-07-10,
MMIX,RUSFAR3M,2026-07-13,RUSFAR 3M,RUSFAR 3 месяца,14.4,14.4,14.4,14.4,61029000.0,,,2,,RUB,,3,,2026-07-13,
MMIX,RUSFAR3M,2026-07-14,RUSFAR 3M,RUSFAR 3 месяца,14.36,14.36,14.36,14.36,140915000.0,,,2,,RUB,,3,,2026-07-14,
MMIX,RUSFAR3M,2026-07-15,RUSFAR 3M,RUSFAR 3 месяца,14.33,14.33,14.33,14.33,115000000.0,,,2,,RUB,,3,,2026-07-15,
MMIX,RUSFAR3M,2026-07-16,RUSFAR 3M,RUSFAR 3 месяца,14.45,14.45,14.45,14.45,279356000.0,,,2,,RUB,,3,,2026-07-16,
MMIX,RUSFAR3M,2026-07-17,RUSFAR 3M,RUSFAR 3 месяца,14.47,14.47,14.47,14.47,153000000.0,,,2,,RUB,,3,,2026-07-17,
MMIX,RUSFARCN1W,2023-12-04,RUSFARCN1W,RUSFAR CNY 1 неделя,0.79,0.79,0.79,0.79,271841961.0,,,2,,CNY,,3,,2023-12-04,
MMIX,RUSFARCN1W,2023-12-05,RUSFARCN1W,RUSFAR CNY 1 неделя,0.79,0.79,0.79,0.79,4993598.0,,,2,,CNY,,3,,2023-12-05,
MMIX,RUSFARCN1W,2023-12-06,RUSFARCN1W,RUSFAR CNY 1 неделя,0.76,0.76,0.76,0.76,68820096.0,,,2,,CNY,,3,,2023-12-06,
MMIX,RUSFARCN1W,2023-12-07,RUSFARCN1W,RUSFAR CNY 1 неделя,0.68,0.68,0.68,0.68,13913928.0,,,2,,CNY,,3,,2023-12-07,
MMIX,RUSFARCN1W,2023-12-08,RUSFARCN1W,RUSFAR CNY 1 неделя,0.75,0.75,0.75,0.75,108405609.0,,,2,,CNY,,3,,2023-12-08,
MMIX,RUSFARCN1W,2023-12-11,RUSFARCN1W,RUSFAR CNY 1 неделя,1.09,1.09,1.09,1.09,393094854.0,,,2,,CNY,,3,,2023-12-11,
MMIX,RUSFARCN1W,2023-12-12,RUSFARCN1W,RUSFAR CNY 1 неделя,1.19,1.19,1.19,1.19,64108109.0,,,2,,CNY,,3,,2023-12-12,
MMIX,RUSFARCN1W,2023-12-13,RUSFARCN1W,RUSFAR CNY 1 неделя,1.29,1.29,1.29,1.29,368469798.0,,,2,,CNY,,3,,2023-12-13,
MMIX,RUSFARCN1W,2023-12-14,RUSFARCN1W,RUSFAR CNY 1 неделя,1.31,1.31,1.31,1.31,175297288.0,,,2,,CNY,,3,,2023-12-14,
MMIX,RUSFARCN1W,2023-12-15,RUSFARCN1W,RUSFAR CNY 1 неделя,0.9,0.9,0.9,0.9,100501607.0,,,2,,CNY,,3,,2023-12-15,
MMIX,RUSFARCN1W,2023-12-18,RUSFARCN1W,RUSFAR CNY 1 неделя,0.55,0.55,0.55,0.55,120367779.0,,,2,,CNY,,3,,2023-12-18,
MMIX,RUSFARCN1W,2023-12-19,RUSFARCN1W,RUSFAR CNY 1 неделя,0.66,0.66,0.66,0.66,71451720.0,,,2,,CNY,,3,,2023-12-19,
MMIX,RUSFARCN1W,2023-12-20,RUSFARCN1W,RUSFAR CNY 1 неделя,2.49,2.49,2.49,2.49,213501285.0,,,2,,CNY,,3,,2023-12-20,
MMIX,RUSFARCN1W,2023-12-21,RUSFARCN1W,RUSFAR CNY 1 неделя,4.1,4.1,4.1,4.1,176261016.0,,,2,,CNY,,3,,2023-12-21,
MMIX,RUSFARCN1W,2023-12-22,RUSFARCN1W,RUSFAR CNY 1 неделя,2.4,2.4,2.4,2.4,224330400.0,,,2,,CNY,,3,,2023-12-22,
MMIX,RUSFARCN1W,2023-12-25,RUSFARCN1W,RUSFAR CNY 1 неделя,4.85,4.85,4.85,4.85,182090610.0,,,2,,CNY,,3,,2023-12-25,
MMIX,RUSFARCN1W,2023-12-26,RUSFARCN1W,RUSFAR CNY 1 неделя,5.05,5.05,5.05,5.05,294002469.0,,,2,,CNY,,3,,2023-12-26,
MMIX,RUSFARCN1W,2023-12-27,RUSFARCN1W,RUSFAR CNY 1 неделя,4.65,4.65,4.65,4.65,450179197.0,,,2,,CNY,,3,,2023-12-27,
MMIX,RUSFARCN1W,2023-12-28,RUSFARCN1W,RUSFAR CNY 1 неделя,5.89,5.89,5.89,5.89,108274938.0,,,2,,CNY,,3,,2023-12-28,
MMIX,RUSFARCN1W,2024-01-09,RUSFARCN1W,RUSFAR CNY 1 неделя,2.8,2.8,2.8,2.8,701440489.0,,,2,,CNY,,3,,2024-01-09,
MMIX,RUSFARCN1W,2024-01-10,RUSFARCN1W,RUSFAR CNY 1 неделя,1.37,1.37,1.37,1.37,373403965.0,,,2,,CNY,,3,,2024-01-10,
MMIX,RUSFARCN1W,2024-01-11,RUSFARCN1W,RUSFAR CNY 1 неделя,0.67,0.67,0.67,0.67,101395330.0,,,2,,CNY,,3,,2024-01-11,
MMIX,RUSFARCN1W,2024-01-12,RUSFARCN1W,RUSFAR CNY 1 неделя,0.61,0.61,0.61,0.61,87629688.0,,,2,,CNY,,3,,2024-01-12,
MMIX,RUSFARCN1W,2024-01-15,RUSFARCN1W,RUSFAR CNY 1 неделя,0.66,0.66,0.66,0.66,44179236.0,,,2,,CNY,,3,,2024-01-15,
MMIX,RUSFARCN1W,2024-01-16,RUSFARCN1W,RUSFAR CNY 1 неделя,0.68,0.68,0.68,0.68,297263114.0,,,2,,CNY,,3,,2024-01-16,
MMIX,RUSFARCN1W,2024-01-17,RUSFARCN1W,RUSFAR CNY 1 неделя,2.52,2.52,2.52,2.52,153810278.0,,,2,,CNY,,3,,2024-01-17,
MMIX,RUSFARCN1W,2024-01-18,RUSFARCN1W,RUSFAR CNY 1 неделя,2.11,2.11,2.11,2.11,224954577.0,,,2,,CNY,,3,,2024-01-18,
MMIX,RUSFARCN1W,2024-01-19,RUSFARCN1W,RUSFAR CNY 1 неделя,2.31,2.31,2.31,2.31,94068642.0,,,2,,CNY,,3,,2024-01-19,
MMIX,RUSFARCN1W,2024-01-22,RUSFARCN1W,RUSFAR CNY 1 неделя,3.5,3.5,3.5,3.5,187118503.0,,,2,,CNY,,3,,2024-01-22,
MMIX,RUSFARCN1W,2024-01-23,RUSFARCN1W,RUSFAR CNY 1 неделя,4.05,4.05,4.05,4.05,148201780.0,,,2,,CNY,,3,,2024-01-23,
MMIX,RUSFARCN1W,2024-01-24,RUSFARCN1W,RUSFAR CNY 1 неделя,3.39,3.39,3.39,3.39,122973947.0,,,2,,CNY,,3,,2024-01-24,
MMIX,RUSFARCN1W,2024-01-25,RUSFARCN1W,RUSFAR CNY 1 неделя,3.28,3.28,3.28,3.28,166586455.0,,,2,,CNY,,3,,2024-01-25,
MMIX,RUSFARCN1W,2024-01-26,RUSFARCN1W,RUSFAR CNY 1 неделя,3.98,3.98,3.98,3.98,140877146.0,,,2,,CNY,,3,,2024-01-26,
MMIX,RUSFARCN1W,2024-01-29,RUSFARCN1W,RUSFAR CNY 1 неделя,4.43,4.43,4.43,4.43,259950561.0,,,2,,CNY,,3,,2024-01-29,
MMIX,RUSFARCN1W,2024-01-30,RUSFARCN1W,RUSFAR CNY 1 неделя,5.06,5.06,5.06,5.06,440837848.0,,,2,,CNY,,3,,2024-01-30,
MMIX,RUSFARCN1W,2024-01-31,RUSFARCN1W,RUSFAR CNY 1 неделя,6.42,6.42,6.42,6.42,135855853.0,,,2,,CNY,,3,,2024-01-31,
MMIX,RUSFARCN1W,2024-02-01,RUSFARCN1W,RUSFAR CNY 1 неделя,4.87,4.87,4.87,4.87,158327136.0,,,2,,CNY,,3,,2024-02-01,
MMIX,RUSFARCN1W,2024-02-02,RUSFARCN1W,RUSFAR CNY 1 неделя,3.82,3.82,3.82,3.82,52275313.0,,,2,,CNY,,3,,2024-02-02,
MMIX,RUSFARCN1W,2024-02-05,RUSFARCN1W,RUSFAR CNY 1 неделя,4.73,4.73,4.73,4.73,395791624.0,,,2,,CNY,,3,,2024-02-05,
MMIX,RUSFARCN1W,2024-02-06,RUSFARCN1W,RUSFAR CNY 1 неделя,5.48,5.48,5.48,5.48,533999902.0,,,2,,CNY,,3,,2024-02-06,
MMIX,RUSFARCN1W,2024-02-07,RUSFARCN1W,RUSFAR CNY 1 неделя,5.74,5.74,5.74,5.74,214266215.0,,,2,,CNY,,3,,2024-02-07,
MMIX,RUSFARCN1W,2024-02-08,RUSFARCN1W,RUSFAR CNY 1 неделя,5.46,5.46,5.46,5.46,93788378.0,,,2,,CNY,,3,,2024-02-08,
MMIX,RUSFARCN1W,2024-02-09,RUSFARCN1W,RUSFAR CNY 1 неделя,3.79,3.79,3.79,3.79,336710309.0,,,2,,CNY,,3,,2024-02-09,
MMIX,RUSFARCN1W,2024-02-19,RUSFARCN1W,RUSFAR CNY 1 неделя,2.88,2.88,2.88,2.88,366370939.0,,,2,,CNY,,3,,2024-02-19,
MMIX,RUSFARCN1W,2024-02-20,RUSFARCN1W,RUSFAR CNY 1 неделя,2.42,2.42,2.42,2.42,199277676.0,,,2,,CNY,,3,,2024-02-20,
MMIX,RUSFARCN1W,2024-02-21,RUSFARCN1W,RUSFAR CNY 1 неделя,4.04,4.04,4.04,4.04,308144493.0,,,2,,CNY,,3,,2024-02-21,
MMIX,RUSFARCN1W,2024-02-22,RUSFARCN1W,RUSFAR CNY 1 неделя,3.21,3.21,3.21,3.21,299337777.0,,,2,,CNY,,3,,2024-02-22,
MMIX,RUSFARCN1W,2024-02-26,RUSFARCN1W,RUSFAR CNY 1 неделя,3.93,3.93,3.93,3.93,1211792396.0,,,2,,CNY,,3,,2024-02-26,
MMIX,RUSFARCN1W,2024-02-27,RUSFARCN1W,RUSFAR CNY 1 неделя,4.17,4.17,4.17,4.17,530885545.0,,,2,,CNY,,3,,2024-02-27,
MMIX,RUSFARCN1W,2024-02-28,RUSFARCN1W,RUSFAR CNY 1 неделя,6.21,6.21,6.21,6.21,182737378.0,,,2,,CNY,,3,,2024-02-28,
MMIX,RUSFARCN1W,2024-02-29,RUSFARCN1W,RUSFAR CNY 1 неделя,6.94,6.94,6.94,6.94,104674548.0,,,2,,CNY,,3,,2024-02-29,
MMIX,RUSFARCN1W,2024-03-01,RUSFARCN1W,RUSFAR CNY 1 неделя,11.93,11.93,11.93,11.93,0.0,,,2,,CNY,,3,,2024-03-01,
MMIX,RUSFARCN1W,2024-03-04,RUSFARCN1W,RUSFAR CNY 1 неделя,3.74,3.74,3.74,3.74,370204683.0,,,2,,CNY,,3,,2024-03-04,
MMIX,RUSFARCN1W,2024-03-05,RUSFARCN1W,RUSFAR CNY 1 неделя,4.38,4.38,4.38,4.38,338470367.0,,,2,,CNY,,3,,2024-03-05,
MMIX,RUSFARCN1W,2024-03-06,RUSFARCN1W,RUSFAR CNY 1 неделя,5.39,5.39,5.39,5.39,137252575.0,,,2,,CNY,,3,,2024-03-06,
MMIX,RUSFARCN1W,2024-03-07,RUSFARCN1W,RUSFAR CNY 1 неделя,5.79,5.79,5.79,5.79,584060351.0,,,2,,CNY,,3,,2024-03-07,
MMIX,RUSFARCN1W,2024-03-11,RUSFARCN1W,RUSFAR CNY 1 неделя,5.14,5.14,5.14,5.14,179377206.0,,,2,,CNY,,3,,2024-03-11,
MMIX,RUSFARCN1W,2024-03-12,RUSFARCN1W,RUSFAR CNY 1 неделя,4.85,4.85,4.85,4.85,170623550.0,,,2,,CNY,,3,,2024-03-12,
MMIX,RUSFARCN1W,2024-03-13,RUSFARCN1W,RUSFAR CNY 1 неделя,4.65,4.65,4.65,4.65,62337699.0,,,2,,CNY,,3,,2024-03-13,
MMIX,RUSFARCN1W,2024-03-14,RUSFARCN1W,RUSFAR CNY 1 неделя,4.79,4.79,4.79,4.79,321053434.0,,,2,,CNY,,3,,2024-03-14,
MMIX,RUSFARCN1W,2024-03-15,RUSFARCN1W,RUSFAR CNY 1 неделя,3.98,3.98,3.98,3.98,193166661.0,,,2,,CNY,,3,,2024-03-15,
MMIX,RUSFARCN1W,2024-03-18,RUSFARCN1W,RUSFAR CNY 1 неделя,3.34,3.34,3.34,3.34,374257715.0,,,2,,CNY,,3,,2024-03-18,
MMIX,RUSFARCN1W,2024-03-19,RUSFARCN1W,RUSFAR CNY 1 неделя,3.5,3.5,3.5,3.5,163332301.0,,,2,,CNY,,3,,2024-03-19,
MMIX,RUSFARCN1W,2024-03-20,RUSFARCN1W,RUSFAR CNY 1 неделя,3.06,3.06,3.06,3.06,52659253.0,,,2,,CNY,,3,,2024-03-20,
MMIX,RUSFARCN1W,2024-03-21,RUSFARCN1W,RUSFAR CNY 1 неделя,2.85,2.85,2.85,2.85,62897873.0,,,2,,CNY,,3,,2024-03-21,
MMIX,RUSFARCN1W,2024-03-22,RUSFARCN1W,RUSFAR CNY 1 неделя,1.58,1.58,1.58,1.58,312106132.0,,,2,,CNY,,3,,2024-03-22,
MMIX,RUSFARCN1W,2024-03-25,RUSFARCN1W,RUSFAR CNY 1 неделя,2.79,2.79,2.79,2.79,483789292.0,,,2,,CNY,,3,,2024-03-25,
MMIX,RUSFARCN1W,2024-03-26,RUSFARCN1W,RUSFAR CNY 1 неделя,3.24,3.24,3.24,3.24,277083352.0,,,2,,CNY,,3,,2024-03-26,
MMIX,RUSFARCN1W,2024-03-27,RUSFARCN1W,RUSFAR CNY 1 неделя,3.79,3.79,3.79,3.79,260643401.0,,,2,,CNY,,3,,2024-03-27,
MMIX,RUSFARCN1W,2024-03-28,RUSFARCN1W,RUSFAR CNY 1 неделя,4.89,4.89,4.89,4.89,379789059.0,,,2,,CNY,,3,,2024-03-28,
MMIX,RUSFARCN1W,2024-03-29,RUSFARCN1W,RUSFAR CNY 1 неделя,4.73,4.73,4.73,4.73,158424745.0,,,2,,CNY,,3,,2024-03-29,
MMIX,RUSFARCN1W,2024-04-01,RUSFARCN1W,RUSFAR CNY 1 неделя,2.19,2.19,2.19,2.19,256279786.0,,,2,,CNY,,3,,2024-04-01,
MMIX,RUSFARCN1W,2024-04-02,RUSFARCN1W,RUSFAR CNY 1 неделя,2.37,2.37,2.37,2.37,261144175.0,,,2,,CNY,,3,,2024-04-02,
MMIX,RUSFARCN1W,2024-04-03,RUSFARCN1W,RUSFAR CNY 1 неделя,4.42,4.42,4.42,4.42,179778137.0,,,2,,CNY,,3,,2024-04-03,
MMIX,RUSFARCN1W,2024-04-08,RUSFARCN1W,RUSFAR CNY 1 неделя,3.4,3.4,3.4,3.4,593971350.0,,,2,,CNY,,3,,2024-04-08,
MMIX,RUSFARCN1W,2024-04-09,RUSFARCN1W,RUSFAR CNY 1 неделя,3.26,3.26,3.26,3.26,254103136.0,,,2,,CNY,,3,,2024-04-09,
MMIX,RUSFARCN1W,2024-04-10,RUSFARCN1W,RUSFAR CNY 1 неделя,2.4,2.4,2.4,2.4,57410795.0,,,2,,CNY,,3,,2024-04-10,
MMIX,RUSFARCN1W,2024-04-11,RUSFARCN1W,RUSFAR CNY 1 неделя,2.28,2.28,2.28,2.28,125948519.0,,,2,,CNY,,3,,2024-04-11,
MMIX,RUSFARCN1W,2024-04-12,RUSFARCN1W,RUSFAR CNY 1 неделя,3.54,3.54,3.54,3.54,156350402.0,,,2,,CNY,,3,,2024-04-12,
MMIX,RUSFARCN1W,2024-04-15,RUSFARCN1W,RUSFAR CNY 1 неделя,3.26,3.26,3.26,3.26,173234437.0,,,2,,CNY,,3,,2024-04-15,
MMIX,RUSFARCN1W,2024-04-16,RUSFARCN1W,RUSFAR CNY 1 неделя,2.7,2.7,2.7,2.7,222574277.0,,,2,,CNY,,3,,2024-04-16,
MMIX,RUSFARCN1W,2024-04-17,RUSFARCN1W,RUSFAR CNY 1 неделя,3.21,3.21,3.21,3.21,3127730.0,,,2,,CNY,,3,,2024-04-17,
MMIX,RUSFARCN1W,2024-04-18,RUSFARCN1W,RUSFAR CNY 1 неделя,3.62,3.62,3.62,3.62,401883854.0,,,2,,CNY,,3,,2024-04-18,
MMIX,RUSFARCN1W,2024-04-19,RUSFARCN1W,RUSFAR CNY 1 неделя,4.64,4.64,4.64,4.64,160072081.0,,,2,,CNY,,3,,2024-04-19,
MMIX,RUSFARCN1W,2024-04-22,RUSFARCN1W,RUSFAR CNY 1 неделя,4.69,4.69,4.69,4.69,250457347.0,,,2,,CNY,,3,,2024-04-22,
MMIX,RUSFARCN1W,2024-04-23,RUSFARCN1W,RUSFAR CNY 1 неделя,4.45,4.45,4.45,4.45,243820053.0,,,2,,CNY,,3,,2024-04-23,
MMIX,RUSFARCN1W,2024-04-24,RUSFARCN1W,RUSFAR CNY 1 неделя,4.1,4.1,4.1,4.1,118397702.0,,,2,,CNY,,3,,2024-04-24,
MMIX,RUSFARCN1W,2024-04-25,RUSFARCN1W,RUSFAR CNY 1 неделя,4.27,4.27,4.27,4.27,493759692.0,,,2,,CNY,,3,,2024-04-25,
MMIX,RUSFARCN1W,2024-04-26,RUSFARCN1W,RUSFAR CNY 1 неделя,5.96,5.96,5.96,5.96,293795432.0,,,2,,CNY,,3,,2024-04-26,
MMIX,RUSFARCN1W,2024-05-06,RUSFARCN1W,RUSFAR CNY 1 неделя,3.77,3.77,3.77,3.77,835441598.0,,,2,,CNY,,3,,2024-05-06,
MMIX,RUSFARCN1W,2024-05-07,RUSFARCN1W,RUSFAR CNY 1 неделя,2.3,2.3,2.3,2.3,218747727.0,,,2,,CNY,,3,,2024-05-07,
MMIX,RUSFARCN1W,2024-05-08,RUSFARCN1W,RUSFAR CNY 1 неделя,1.91,1.91,1.91,1.91,628559247.0,,,2,,CNY,,3,,2024-05-08,
MMIX,RUSFARCN1W,2024-05-13,RUSFARCN1W,RUSFAR CNY 1 неделя,2.3,2.3,2.3,2.3,608024851.0,,,2,,CNY,,3,,2024-05-13,
MMIX,RUSFARCN1W,2024-05-14,RUSFARCN1W,RUSFAR CNY 1 неделя,2.03,2.03,2.03,2.03,298154005.0,,,2,,CNY,,3,,2024-05-14,
MMIX,RUSFARCN1W,2024-05-15,RUSFARCN1W,RUSFAR CNY 1 неделя,2.77,2.77,2.77,2.77,137787142.0,,,2,,CNY,,3,,2024-05-15,
MMIX,RUSFARCN1W,2024-05-16,RUSFARCN1W,RUSFAR CNY 1 неделя,3.4,3.4,3.4,3.4,294687418.0,,,2,,CNY,,3,,2024-05-16,
MMIX,RUSFARCN1W,2024-05-17,RUSFARCN1W,RUSFAR CNY 1 неделя,4.89,4.89,4.89,4.89,122512732.0,,,2,,CNY,,3,,2024-05-17,
MMIX,RUSFARCN1W,2024-05-20,RUSFARCN1W,RUSFAR CNY 1 неделя,3.38,3.38,3.38,3.38,346344070.0,,,2,,CNY,,3,,2024-05-20,
MMIX,RUSFARCN1W,2024-05-21,RUSFARCN1W,RUSFAR CNY 1 неделя,4.14,4.14,4.14,4.14,340042657.0,,,2,,CNY,,3,,2024-05-21,
MMIX,RUSFARCN1W,2024-05-22,RUSFARCN1W,RUSFAR CNY 1 неделя,3.31,3.31,3.31,3.31,462559826.0,,,2,,CNY,,3,,2024-05-22,
MMIX,RUSFARCN1W,2024-05-23,RUSFARCN1W,RUSFAR CNY 1 неделя,2.88,2.88,2.88,2.88,471040245.0,,,2,,CNY,,3,,2024-05-23,
MMIX,RUSFARCN1W,2024-05-24,RUSFARCN1W,RUSFAR CNY 1 неделя,2.31,2.31,2.31,2.31,238782014.0,,,2,,CNY,,3,,2024-05-24,
MMIX,RUSFARCN1W,2024-05-27,RUSFARCN1W,RUSFAR CNY 1 неделя,2.64,2.64,2.64,2.64,483423446.0,,,2,,CNY,,3,,2024-05-27,
MMIX,RUSFARCN1W,2024-05-28,RUSFARCN1W,RUSFAR CNY 1 неделя,3.18,3.18,3.18,3.18,513259197.0,,,2,,CNY,,3,,2024-05-28,
MMIX,RUSFARCN1W,2024-05-29,RUSFARCN1W,RUSFAR CNY 1 неделя,3.09,3.09,3.09,3.09,469072417.0,,,2,,CNY,,3,,2024-05-29,
MMIX,RUSFARCN1W,2024-05-30,RUSFARCN1W,RUSFAR CNY 1 неделя,3.27,3.27,3.27,3.27,325314108.0,,,2,,CNY,,3,,2024-05-30,
MMIX,RUSFARCN1W,2024-05-31,RUSFARCN1W,RUSFAR CNY 1 неделя,3.74,3.74,3.74,3.74,268598140.0,,,2,,CNY,,3,,2024-05-31,
MMIX,RUSFARCN1W,2024-06-03,RUSFARCN1W,RUSFAR CNY 1 неделя,3.2,3.2,3.2,3.2,693786117.0,,,2,,CNY,,3,,2024-06-03,
MMIX,RUSFARCN1W,2024-06-04,RUSFARCN1W,RUSFAR CNY 1 неделя,2.82,2.82,2.82,2.82,340548699.0,,,2,,CNY,,3,,2024-06-04,
MMIX,RUSFARCN1W,2024-06-05,RUSFARCN1W,RUSFAR CNY 1 неделя,2.62,2.62,2.62,2.62,175747759.0,,,2,,CNY,,3,,2024-06-05,
MMIX,RUSFARCN1W,2024-06-06,RUSFARCN1W,RUSFAR CNY 1 неделя,2.39,2.39,2.39,2.39,210771840.0,,,2,,CNY,,3,,2024-06-06,
MMIX,RUSFARCN1W,2024-06-07,RUSFARCN1W,RUSFAR CNY 1 неделя,2.21,2.21,2.21,2.21,349310310.0,,,2,,CNY,,3,,2024-06-07,
MMIX,RUSFARCN1W,2024-06-11,RUSFARCN1W,RUSFAR CNY 1 неделя,2.07,2.07,2.07,2.07,1156669241.0,,,2,,CNY,,3,,2024-06-11,
MMIX,RUSFARCN1W,2024-06-13,RUSFARCN1W,RUSFAR CNY 1 неделя,9.19,9.19,9.19,9.19,280402709.0,,,2,,CNY,,3,,2024-06-13,
MMIX,RUSFARCN1W,2024-06-14,RUSFARCN1W,RUSFAR CNY 1 неделя,5.17,5.17,5.17,5.17,372745431.0,,,2,,CNY,,3,,2024-06-14,
MMIX,RUSFARCN1W,2024-06-17,RUSFARCN1W,RUSFAR CNY 1 неделя,5.41,5.41,5.41,5.41,337645481.0,,,2,,CNY,,3,,2024-06-17,
MMIX,RUSFARCN1W,2024-06-18,RUSFARCN1W,RUSFAR CNY 1 неделя,5.29,5.29,5.29,5.29,346169355.0,,,2,,CNY,,3,,2024-06-18,
MMIX,RUSFARCN1W,2024-06-19,RUSFARCN1W,RUSFAR CNY 1 неделя,5.73,5.73,5.73,5.73,19418668.0,,,2,,CNY,,3,,2024-06-19,
MMIX,RUSFARCN1W,2024-06-20,RUSFARCN1W,RUSFAR CNY 1 неделя,5.84,5.84,5.84,5.84,491629810.0,,,2,,CNY,,3,,2024-06-20,
MMIX,RUSFARCN1W,2024-06-21,RUSFARCN1W,RUSFAR CNY 1 неделя,7.11,7.11,7.11,7.11,404284223.0,,,2,,CNY,,3,,2024-06-21,
MMIX,RUSFARCN1W,2024-06-24,RUSFARCN1W,RUSFAR CNY 1 неделя,8.51,8.51,8.51,8.51,445846996.0,,,2,,CNY,,3,,2024-06-24,
MMIX,RUSFARCN1W,2024-06-25,RUSFARCN1W,RUSFAR CNY 1 неделя,7.25,7.25,7.25,7.25,167501338.0,,,2,,CNY,,3,,2024-06-25,
MMIX,RUSFARCN1W,2024-06-26,RUSFARCN1W,RUSFAR CNY 1 неделя,6.2,6.2,6.2,6.2,32525298.0,,,2,,CNY,,3,,2024-06-26,
MMIX,RUSFARCN1W,2024-06-27,RUSFARCN1W,RUSFAR CNY 1 неделя,6.15,6.15,6.15,6.15,59549712.0,,,2,,CNY,,3,,2024-06-27,
MMIX,RUSFARCN1W,2024-06-28,RUSFARCN1W,RUSFAR CNY 1 неделя,6.25,6.25,6.25,6.25,229168660.0,,,2,,CNY,,3,,2024-06-28,
MMIX,RUSFARCN1W,2024-07-01,RUSFARCN1W,RUSFAR CNY 1 неделя,6.73,6.73,6.73,6.73,299626922.0,,,2,,CNY,,3,,2024-07-01,
MMIX,RUSFARCN1W,2024-07-02,RUSFARCN1W,RUSFAR CNY 1 неделя,7.43,7.43,7.43,7.43,411873357.0,,,2,,CNY,,3,,2024-07-02,
MMIX,RUSFARCN1W,2024-07-03,RUSFARCN1W,RUSFAR CNY 1 неделя,8.73,8.73,8.73,8.73,127714702.0,,,2,,CNY,,3,,2024-07-03,
MMIX,RUSFARCN1W,2024-07-04,RUSFARCN1W,RUSFAR CNY 1 неделя,7.08,7.08,7.08,7.08,221618455.0,,,2,,CNY,,3,,2024-07-04,
MMIX,RUSFARCN1W,2024-07-05,RUSFARCN1W,RUSFAR CNY 1 неделя,6.98,6.98,6.98,6.98,36247720.0,,,2,,CNY,,3,,2024-07-05,
MMIX,RUSFARCN1W,2024-07-08,RUSFARCN1W,RUSFAR CNY 1 неделя,6.31,6.31,6.31,6.31,142577616.0,,,2,,CNY,,3,,2024-07-08,
MMIX,RUSFARCN1W,2024-07-09,RUSFARCN1W,RUSFAR CNY 1 неделя,6.05,6.05,6.05,6.05,188415417.0,,,2,,CNY,,3,,2024-07-09,
MMIX,RUSFARCN1W,2024-07-10,RUSFARCN1W,RUSFAR CNY 1 неделя,6.53,6.53,6.53,6.53,399854559.0,,,2,,CNY,,3,,2024-07-10,
MMIX,RUSFARCN1W,2024-07-11,RUSFARCN1W,RUSFAR CNY 1 неделя,6.92,6.92,6.92,6.92,68996460.0,,,2,,CNY,,3,,2024-07-11,
MMIX,RUSFARCN1W,2024-07-12,RUSFARCN1W,RUSFAR CNY 1 неделя,7.01,7.01,7.01,7.01,236049416.0,,,2,,CNY,,3,,2024-07-12,
MMIX,RUSFARCN1W,2024-07-15,RUSFARCN1W,RUSFAR CNY 1 неделя,7.11,7.11,7.11,7.11,187209458.0,,,2,,CNY,,3,,2024-07-15,
MMIX,RUSFARCN1W,2024-07-16,RUSFARCN1W,RUSFAR CNY 1 неделя,5.7,5.7,5.7,5.7,138821981.0,,,2,,CNY,,3,,2024-07-16,
MMIX,RUSFARCN1W,2024-07-17,RUSFARCN1W,RUSFAR CNY 1 неделя,5.16,5.16,5.16,5.16,74699871.0,,,2,,CNY,,3,,2024-07-17,
MMIX,RUSFARCN1W,2024-07-18,RUSFARCN1W,RUSFAR CNY 1 неделя,4.82,4.82,4.82,4.82,300636586.0,,,2,,CNY,,3,,2024-07-18,
MMIX,RUSFARCN1W,2024-07-19,RUSFARCN1W,RUSFAR CNY 1 неделя,5.76,5.76,5.76,5.76,478268019.0,,,2,,CNY,,3,,2024-07-19,
MMIX,RUSFARCN1W,2024-07-22,RUSFARCN1W,RUSFAR CNY 1 неделя,6.34,6.34,6.34,6.34,380703475.0,,,2,,CNY,,3,,2024-07-22,
MMIX,RUSFARCN1W,2024-07-23,RUSFARCN1W,RUSFAR CNY 1 неделя,7.32,7.32,7.32,7.32,262872736.0,,,2,,CNY,,3,,2024-07-23,
MMIX,RUSFARCN1W,2024-07-24,RUSFARCN1W,RUSFAR CNY 1 неделя,8.16,8.16,8.16,8.16,113097547.0,,,2,,CNY,,3,,2024-07-24,
MMIX,RUSFARCN1W,2024-07-25,RUSFARCN1W,RUSFAR CNY 1 неделя,7.58,7.58,7.58,7.58,22470327.0,,,2,,CNY,,3,,2024-07-25,
MMIX,RUSFARCN1W,2024-07-26,RUSFARCN1W,RUSFAR CNY 1 неделя,7.39,7.39,7.39,7.39,119387174.0,,,2,,CNY,,3,,2024-07-26,
MMIX,RUSFARCN1W,2024-07-29,RUSFARCN1W,RUSFAR CNY 1 неделя,7.54,7.54,7.54,7.54,16216741.0,,,2,,CNY,,3,,2024-07-29,
MMIX,RUSFARCN1W,2024-07-30,RUSFARCN1W,RUSFAR CNY 1 неделя,6.68,6.68,6.68,6.68,21847519.0,,,2,,CNY,,3,,2024-07-30,
MMIX,RUSFARCN1W,2024-07-31,RUSFARCN1W,RUSFAR CNY 1 неделя,7.43,7.43,7.43,7.43,84637839.0,,,2,,CNY,,3,,2024-07-31,
MMIX,RUSFARCN1W,2024-08-01,RUSFARCN1W,RUSFAR CNY 1 неделя,7.87,7.87,7.87,7.87,5211367.0,,,2,,CNY,,3,,2024-08-01,
MMIX,RUSFARCN1W,2024-08-02,RUSFARCN1W,RUSFAR CNY 1 неделя,8.62,8.62,8.62,8.62,176434108.0,,,2,,CNY,,3,,2024-08-02,
MMIX,RUSFARCN1W,2024-08-05,RUSFARCN1W,RUSFAR CNY 1 неделя,9.07,9.07,9.07,9.07,160531622.0,,,2,,CNY,,3,,2024-08-05,
MMIX,RUSFARCN1W,2024-08-06,RUSFARCN1W,RUSFAR CNY 1 неделя,15.36,15.36,15.36,15.36,98888672.0,,,2,,CNY,,3,,2024-08-06,
MMIX,RUSFARCN1W,2024-08-07,RUSFARCN1W,RUSFAR CNY 1 неделя,14.92,14.92,14.92,14.92,409536048.0,,,2,,CNY,,3,,2024-08-07,
MMIX,RUSFARCN1W,2024-08-08,RUSFARCN1W,RUSFAR CNY 1 неделя,8.52,8.52,8.52,8.52,9613369.0,,,2,,CNY,,3,,2024-08-08,
MMIX,RUSFARCN1W,2024-08-09,RUSFARCN1W,RUSFAR CNY 1 неделя,8.27,8.27,8.27,8.27,287102164.0,,,2,,CNY,,3,,2024-08-09,
MMIX,RUSFARCN1W,2024-08-12,RUSFARCN1W,RUSFAR CNY 1 неделя,8.42,8.42,8.42,8.42,165660360.0,,,2,,CNY,,3,,2024-08-12,
MMIX,RUSFARCN1W,2024-08-13,RUSFARCN1W,RUSFAR CNY 1 неделя,8.55,8.55,8.55,8.55,131142859.0,,,2,,CNY,,3,,2024-08-13,
MMIX,RUSFARCN1W,2024-08-14,RUSFARCN1W,RUSFAR CNY 1 неделя,8.71,8.71,8.71,8.71,312341734.0,,,2,,CNY,,3,,2024-08-14,
MMIX,RUSFARCN1W,2024-08-15,RUSFARCN1W,RUSFAR CNY 1 неделя,8.78,8.78,8.78,8.78,145479810.0,,,2,,CNY,,3,,2024-08-15,
MMIX,RUSFARCN1W,2024-08-16,RUSFARCN1W,RUSFAR CNY 1 неделя,8.75,8.75,8.75,8.75,363630366.0,,,2,,CNY,,3,,2024-08-16,
MMIX,RUSFARCN1W,2024-08-19,RUSFARCN1W,RUSFAR CNY 1 неделя,8.71,8.71,8.71,8.71,518513144.0,,,2,,CNY,,3,,2024-08-19,
MMIX,RUSFARCN1W,2024-08-20,RUSFARCN1W,RUSFAR CNY 1 неделя,8.34,8.34,8.34,8.34,169929008.0,,,2,,CNY,,3,,2024-08-20,
MMIX,RUSFARCN1W,2024-08-21,RUSFARCN1W,RUSFAR CNY 1 неделя,8.54,8.54,8.54,8.54,192492359.0,,,2,,CNY,,3,,2024-08-21,
MMIX,RUSFARCN1W,2024-08-22,RUSFARCN1W,RUSFAR CNY 1 неделя,8.53,8.53,8.53,8.53,33913957.0,,,2,,CNY,,3,,2024-08-22,
MMIX,RUSFARCN1W,2024-08-23,RUSFARCN1W,RUSFAR CNY 1 неделя,8.82,8.82,8.82,8.82,108215511.0,,,2,,CNY,,3,,2024-08-23,
MMIX,RUSFARCN1W,2024-08-26,RUSFARCN1W,RUSFAR CNY 1 неделя,8.79,8.79,8.79,8.79,73840056.0,,,2,,CNY,,3,,2024-08-26,
MMIX,RUSFARCN1W,2024-08-27,RUSFARCN1W,RUSFAR CNY 1 неделя,8.8,8.8,8.8,8.8,139726929.0,,,2,,CNY,,3,,2024-08-27,
MMIX,RUSFARCN1W,2024-08-28,RUSFARCN1W,RUSFAR CNY 1 неделя,8.71,8.71,8.71,8.71,1212001609.0,,,2,,CNY,,3,,2024-08-28,
MMIX,RUSFARCN1W,2024-08-29,RUSFARCN1W,RUSFAR CNY 1 неделя,8.87,8.87,8.87,8.87,7172309.0,,,2,,CNY,,3,,2024-08-29,
MMIX,RUSFARCN1W,2024-08-30,RUSFARCN1W,RUSFAR CNY 1 неделя,16.82,16.82,16.82,16.82,236013527.0,,,2,,CNY,,3,,2024-08-30,
MMIX,RUSFARCN1W,2024-09-02,RUSFARCN1W,RUSFAR CNY 1 неделя,18.79,18.79,18.79,18.79,109395192.0,,,2,,CNY,,3,,2024-09-02,
MMIX,RUSFARCN1W,2024-09-03,RUSFARCN1W,RUSFAR CNY 1 неделя,19.07,19.07,19.07,19.07,74626285.0,,,2,,CNY,,3,,2024-09-03,
MMIX,RUSFARCN1W,2024-09-04,RUSFARCN1W,RUSFAR CNY 1 неделя,42.31,42.31,42.31,42.31,87468685.0,,,2,,CNY,,3,,2024-09-04,
MMIX,RUSFARCN1W,2024-09-05,RUSFARCN1W,RUSFAR CNY 1 неделя,75.79,75.79,75.79,75.79,146342688.0,,,2,,CNY,,3,,2024-09-05,
MMIX,RUSFARCN1W,2024-09-06,RUSFARCN1W,RUSFAR CNY 1 неделя,18.36,18.36,18.36,18.36,185565847.0,,,2,,CNY,,3,,2024-09-06,
MMIX,RUSFARCN1W,2024-09-09,RUSFARCN1W,RUSFAR CNY 1 неделя,17.06,17.06,17.06,17.06,190206833.0,,,2,,CNY,,3,,2024-09-09,
MMIX,RUSFARCN1W,2024-09-10,RUSFARCN1W,RUSFAR CNY 1 неделя,12.13,12.13,12.13,12.13,450669125.0,,,2,,CNY,,3,,2024-09-10,
MMIX,RUSFARCN1W,2024-09-11,RUSFARCN1W,RUSFAR CNY 1 неделя,11.47,11.47,11.47,11.47,277542492.0,,,2,,CNY,,3,,2024-09-11,
MMIX,RUSFARCN1W,2024-09-12,RUSFARCN1W,RUSFAR CNY 1 неделя,12.66,12.66,12.66,12.66,253465448.0,,,2,,CNY,,3,,2024-09-12,
MMIX,RUSFARCN1W,2024-09-13,RUSFARCN1W,RUSFAR CNY 1 неделя,20.09,20.09,20.09,20.09,196542440.0,,,2,,CNY,,3,,2024-09-13,
MMIX,RUSFARCN1W,2024-09-18,RUSFARCN1W,RUSFAR CNY 1 неделя,28.32,28.32,28.32,28.32,298318508.0,,,2,,CNY,,3,,2024-09-18,
MMIX,RUSFARCN1W,2024-09-19,RUSFARCN1W,RUSFAR CNY 1 неделя,29.9,29.9,29.9,29.9,303859800.0,,,2,,CNY,,3,,2024-09-19,
MMIX,RUSFARCN1W,2024-09-20,RUSFARCN1W,RUSFAR CNY 1 неделя,18.02,18.02,18.02,18.02,178195384.0,,,2,,CNY,,3,,2024-09-20,
MMIX,RUSFARCN1W,2024-09-23,RUSFARCN1W,RUSFAR CNY 1 неделя,13.31,13.31,13.31,13.31,6808106.0,,,2,,CNY,,3,,2024-09-23,
MMIX,RUSFARCN1W,2024-09-24,RUSFARCN1W,RUSFAR CNY 1 неделя,17.1,17.1,17.1,17.1,475452298.0,,,2,,CNY,,3,,2024-09-24,
MMIX,RUSFARCN1W,2024-09-25,RUSFARCN1W,RUSFAR CNY 1 неделя,18.52,18.52,18.52,18.52,448648324.0,,,2,,CNY,,3,,2024-09-25,
MMIX,RUSFARCN1W,2024-09-26,RUSFARCN1W,RUSFAR CNY 1 неделя,20.08,20.08,20.08,20.08,336967380.0,,,2,,CNY,,3,,2024-09-26,
MMIX,RUSFARCN1W,2024-09-27,RUSFARCN1W,RUSFAR CNY 1 неделя,18.79,18.79,18.79,18.79,168060318.0,,,2,,CNY,,3,,2024-09-27,
MMIX,RUSFARCN1W,2024-09-30,RUSFARCN1W,RUSFAR CNY 1 неделя,14.86,14.86,14.86,14.86,553102368.0,,,2,,CNY,,3,,2024-09-30,
MMIX,RUSFARCN1W,2024-10-08,RUSFARCN1W,RUSFAR CNY 1 неделя,14.21,14.21,14.21,14.21,502782056.0,,,2,,CNY,,3,,2024-10-08,
MMIX,RUSFARCN1W,2024-10-09,RUSFARCN1W,RUSFAR CNY 1 неделя,13.93,13.93,13.93,13.93,101720292.0,,,2,,CNY,,3,,2024-10-09,
MMIX,RUSFARCN1W,2024-10-10,RUSFARCN1W,RUSFAR CNY 1 неделя,14.25,14.25,14.25,14.25,147236783.0,,,2,,CNY,,3,,2024-10-10,
MMIX,RUSFARCN1W,2024-10-11,RUSFARCN1W,RUSFAR CNY 1 неделя,14.53,14.53,14.53,14.53,54156578.0,,,2,,CNY,,3,,2024-10-11,
MMIX,RUSFARCN1W,2024-10-14,RUSFARCN1W,RUSFAR CNY 1 неделя,14.3,14.3,14.3,14.3,2371091.0,,,2,,CNY,,3,,2024-10-14,
MMIX,RUSFARCN1W,2024-10-15,RUSFARCN1W,RUSFAR CNY 1 неделя,14.12,14.12,14.12,14.12,387480507.0,,,2,,CNY,,3,,2024-10-15,
MMIX,RUSFARCN1W,2024-10-16,RUSFARCN1W,RUSFAR CNY 1 неделя,14.25,14.25,14.25,14.25,280977876.0,,,2,,CNY,,3,,2024-10-16,
MMIX,RUSFARCN1W,2024-10-17,RUSFARCN1W,RUSFAR CNY 1 неделя,14.15,14.15,14.15,14.15,43902110.0,,,2,,CNY,,3,,2024-10-17,
MMIX,RUSFARCN1W,2024-10-18,RUSFARCN1W,RUSFAR CNY 1 неделя,14.39,14.39,14.39,14.39,1951992.0,,,2,,CNY,,3,,2024-10-18,
MMIX,RUSFARCN1W,2024-10-21,RUSFARCN1W,RUSFAR CNY 1 неделя,14.39,14.39,14.39,14.39,29122369.0,,,2,,CNY,,3,,2024-10-21,
MMIX,RUSFARCN1W,2024-10-22,RUSFARCN1W,RUSFAR CNY 1 неделя,14.24,14.24,14.24,14.24,205370765.0,,,2,,CNY,,3,,2024-10-22,
MMIX,RUSFARCN1W,2024-10-23,RUSFARCN1W,RUSFAR CNY 1 неделя,14.28,14.28,14.28,14.28,80505976.0,,,2,,CNY,,3,,2024-10-23,
MMIX,RUSFARCN1W,2024-10-24,RUSFARCN1W,RUSFAR CNY 1 неделя,14.47,14.47,14.47,14.47,191922455.0,,,2,,CNY,,3,,2024-10-24,
MMIX,RUSFARCN1W,2024-10-25,RUSFARCN1W,RUSFAR CNY 1 неделя,14.5,14.5,14.5,14.5,121909320.0,,,2,,CNY,,3,,2024-10-25,
MMIX,RUSFARCN1W,2024-10-28,RUSFARCN1W,RUSFAR CNY 1 неделя,19.74,19.74,19.74,19.74,283421940.0,,,2,,CNY,,3,,2024-10-28,
MMIX,RUSFARCN1W,2024-10-29,RUSFARCN1W,RUSFAR CNY 1 неделя,19.47,19.47,19.47,19.47,158582344.0,,,2,,CNY,,3,,2024-10-29,
MMIX,RUSFARCN1W,2024-10-30,RUSFARCN1W,RUSFAR CNY 1 неделя,20.01,20.01,20.01,20.01,271864630.0,,,2,,CNY,,3,,2024-10-30,
MMIX,RUSFARCN1W,2024-10-31,RUSFARCN1W,RUSFAR CNY 1 неделя,20.2,20.2,20.2,20.2,32877388.0,,,2,,CNY,,3,,2024-10-31,
MMIX,RUSFARCN1W,2024-11-01,RUSFARCN1W,RUSFAR CNY 1 неделя,20.31,20.31,20.31,20.31,697711508.0,,,2,,CNY,,3,,2024-11-01,
MMIX,RUSFARCN1W,2024-11-05,RUSFARCN1W,RUSFAR CNY 1 неделя,19.91,19.91,19.91,19.91,534871031.0,,,2,,CNY,,3,,2024-11-05,
MMIX,RUSFARCN1W,2024-11-06,RUSFARCN1W,RUSFAR CNY 1 неделя,14.54,14.54,14.54,14.54,761199028.0,,,2,,CNY,,3,,2024-11-06,
MMIX,RUSFARCN1W,2024-11-07,RUSFARCN1W,RUSFAR CNY 1 неделя,9.83,9.83,9.83,9.83,240460832.0,,,2,,CNY,,3,,2024-11-07,
MMIX,RUSFARCN1W,2024-11-08,RUSFARCN1W,RUSFAR CNY 1 неделя,4.07,4.07,4.07,4.07,826093446.0,,,2,,CNY,,3,,2024-11-08,
MMIX,RUSFARCN1W,2024-11-11,RUSFARCN1W,RUSFAR CNY 1 неделя,4.06,4.06,4.06,4.06,319074456.0,,,2,,CNY,,3,,2024-11-11,
MMIX,RUSFARCN1W,2024-11-12,RUSFARCN1W,RUSFAR CNY 1 неделя,5.31,5.31,5.31,5.31,358004205.0,,,2,,CNY,,3,,2024-11-12,
MMIX,RUSFARCN1W,2024-11-13,RUSFARCN1W,RUSFAR CNY 1 неделя,5.03,5.03,5.03,5.03,691636838.0,,,2,,CNY,,3,,2024-11-13,
MMIX,RUSFARCN1W,2024-11-14,RUSFARCN1W,RUSFAR CNY 1 неделя,8.25,8.25,8.25,8.25,352440057.0,,,2,,CNY,,3,,2024-11-14,
MMIX,RUSFARCN1W,2024-11-15,RUSFARCN1W,RUSFAR CNY 1 неделя,19.68,19.68,19.68,19.68,715415688.0,,,2,,CNY,,3,,2024-11-15,
MMIX,RUSFARCN1W,2024-11-18,RUSFARCN1W,RUSFAR CNY 1 неделя,16.12,16.12,16.12,16.12,406956283.0,,,2,,CNY,,3,,2024-11-18,
MMIX,RUSFARCN1W,2024-11-19,RUSFARCN1W,RUSFAR CNY 1 неделя,18.63,18.63,18.63,18.63,130061974.0,,,2,,CNY,,3,,2024-11-19,
MMIX,RUSFARCN1W,2024-11-20,RUSFARCN1W,RUSFAR CNY 1 неделя,19.81,19.81,19.81,19.81,654034488.0,,,2,,CNY,,3,,2024-11-20,
MMIX,RUSFARCN1W,2024-11-21,RUSFARCN1W,RUSFAR CNY 1 неделя,19.75,19.75,19.75,19.75,376799022.0,,,2,,CNY,,3,,2024-11-21,
MMIX,RUSFARCN1W,2024-11-22,RUSFARCN1W,RUSFAR CNY 1 неделя,20.82,20.82,20.82,20.82,333081739.0,,,2,,CNY,,3,,2024-11-22,
MMIX,RUSFARCN1W,2024-11-25,RUSFARCN1W,RUSFAR CNY 1 неделя,16.15,16.15,16.15,16.15,387735363.0,,,2,,CNY,,3,,2024-11-25,
MMIX,RUSFARCN1W,2024-11-26,RUSFARCN1W,RUSFAR CNY 1 неделя,7.31,7.31,7.31,7.31,331882480.0,,,2,,CNY,,3,,2024-11-26,
MMIX,RUSFARCN1W,2024-11-27,RUSFARCN1W,RUSFAR CNY 1 неделя,4.97,4.97,4.97,4.97,205193841.0,,,2,,CNY,,3,,2024-11-27,
MMIX,RUSFARCN1W,2024-11-28,RUSFARCN1W,RUSFAR CNY 1 неделя,3.52,3.52,3.52,3.52,37823011.0,,,2,,CNY,,3,,2024-11-28,
MMIX,RUSFARCN1W,2024-11-29,RUSFARCN1W,RUSFAR CNY 1 неделя,2.69,2.69,2.69,2.69,198164332.0,,,2,,CNY,,3,,2024-11-29,
MMIX,RUSFARCN1W,2024-12-02,RUSFARCN1W,RUSFAR CNY 1 неделя,3.57,3.57,3.57,3.57,65543205.0,,,2,,CNY,,3,,2024-12-02,
MMIX,RUSFARCN1W,2024-12-03,RUSFARCN1W,RUSFAR CNY 1 неделя,2.91,2.91,2.91,2.91,171508369.0,,,2,,CNY,,3,,2024-12-03,
MMIX,RUSFARCN1W,2024-12-04,RUSFARCN1W,RUSFAR CNY 1 неделя,2.21,2.21,2.21,2.21,276808627.0,,,2,,CNY,,3,,2024-12-04,
MMIX,RUSFARCN1W,2024-12-05,RUSFARCN1W,RUSFAR CNY 1 неделя,1.79,1.79,1.79,1.79,52914358.0,,,2,,CNY,,3,,2024-12-05,
MMIX,RUSFARCN1W,2024-12-06,RUSFARCN1W,RUSFAR CNY 1 неделя,1.28,1.28,1.28,1.28,88930133.0,,,2,,CNY,,3,,2024-12-06,
MMIX,RUSFARCN1W,2024-12-09,RUSFARCN1W,RUSFAR CNY 1 неделя,1.53,1.53,1.53,1.53,124518339.0,,,2,,CNY,,3,,2024-12-09,
MMIX,RUSFARCN1W,2024-12-10,RUSFARCN1W,RUSFAR CNY 1 неделя,1.98,1.98,1.98,1.98,73649149.0,,,2,,CNY,,3,,2024-12-10,
MMIX,RUSFARCN1W,2024-12-11,RUSFARCN1W,RUSFAR CNY 1 неделя,2.3,2.3,2.3,2.3,520864311.0,,,2,,CNY,,3,,2024-12-11,
MMIX,RUSFARCN1W,2024-12-12,RUSFARCN1W,RUSFAR CNY 1 неделя,1.66,1.66,1.66,1.66,87106224.0,,,2,,CNY,,3,,2024-12-12,
MMIX,RUSFARCN1W,2024-12-13,RUSFARCN1W,RUSFAR CNY 1 неделя,1.26,1.26,1.26,1.26,135720802.0,,,2,,CNY,,3,,2024-12-13,
MMIX,RUSFARCN1W,2024-12-16,RUSFARCN1W,RUSFAR CNY 1 неделя,1.7,1.7,1.7,1.7,67701431.0,,,2,,CNY,,3,,2024-12-16,
MMIX,RUSFARCN1W,2024-12-17,RUSFARCN1W,RUSFAR CNY 1 неделя,1.32,1.32,1.32,1.32,22308780.0,,,2,,CNY,,3,,2024-12-17,
MMIX,RUSFARCN1W,2024-12-18,RUSFARCN1W,RUSFAR CNY 1 неделя,2.16,2.16,2.16,2.16,45832059.0,,,2,,CNY,,3,,2024-12-18,
MMIX,RUSFARCN1W,2024-12-19,RUSFARCN1W,RUSFAR CNY 1 неделя,1.54,1.54,1.54,1.54,93956681.0,,,2,,CNY,,3,,2024-12-19,
MMIX,RUSFARCN1W,2024-12-20,RUSFARCN1W,RUSFAR CNY 1 неделя,0.99,0.99,0.99,0.99,113407173.0,,,2,,CNY,,3,,2024-12-20,
MMIX,RUSFARCN1W,2024-12-23,RUSFARCN1W,RUSFAR CNY 1 неделя,1.25,1.25,1.25,1.25,389309173.0,,,2,,CNY,,3,,2024-12-23,
MMIX,RUSFARCN1W,2024-12-24,RUSFARCN1W,RUSFAR CNY 1 неделя,0.84,0.84,0.84,0.84,320362412.0,,,2,,CNY,,3,,2024-12-24,
MMIX,RUSFARCN1W,2024-12-25,RUSFARCN1W,RUSFAR CNY 1 неделя,0.9,0.9,0.9,0.9,383752295.0,,,2,,CNY,,3,,2024-12-25,
MMIX,RUSFARCN1W,2024-12-26,RUSFARCN1W,RUSFAR CNY 1 неделя,0.58,0.58,0.58,0.58,446528228.0,,,2,,CNY,,3,,2024-12-26,
MMIX,RUSFARCN1W,2024-12-27,RUSFARCN1W,RUSFAR CNY 1 неделя,0.11,0.11,0.11,0.11,155415493.0,,,2,,CNY,,3,,2024-12-27,
MMIX,RUSFARCN1W,2025-01-09,RUSFARCN1W,RUSFAR CNY 1 неделя,0.41,0.41,0.41,0.41,187801787.0,,,2,,CNY,,3,,2025-01-09,
MMIX,RUSFARCN1W,2025-01-10,RUSFARCN1W,RUSFAR CNY 1 неделя,-0.11,-0.11,-0.11,-0.11,0.0,,,2,,CNY,,3,,2025-01-10,
MMIX,RUSFARCN1W,2025-01-13,RUSFARCN1W,RUSFAR CNY 1 неделя,-0.11,-0.11,-0.11,-0.11,0.0,,,2,,CNY,,3,,2025-01-13,
MMIX,RUSFARCN1W,2025-01-14,RUSFARCN1W,RUSFAR CNY 1 неделя,-0.09,-0.09,-0.09,-0.09,0.0,,,2,,CNY,,3,,2025-01-14,
MMIX,RUSFARCN1W,2025-01-15,RUSFARCN1W,RUSFAR CNY 1 неделя,0.59,0.59,0.59,0.59,22684305.0,,,2,,CNY,,3,,2025-01-15,
MMIX,RUSFARCN1W,2025-01-16,RUSFARCN1W,RUSFAR CNY 1 неделя,0.3,0.3,0.3,0.3,78657260.0,,,2,,CNY,,3,,2025-01-16,
MMIX,RUSFARCN1W,2025-01-17,RUSFARCN1W,RUSFAR CNY 1 неделя,0.19,0.19,0.19,0.19,3843942.0,,,2,,CNY,,3,,2025-01-17,
MMIX,RUSFARCN1W,2025-01-20,RUSFARCN1W,RUSFAR CNY 1 неделя,0.23,0.23,0.23,0.23,389357.0,,,2,,CNY,,3,,2025-01-20,
MMIX,RUSFARCN1W,2025-01-21,RUSFARCN1W,RUSFAR CNY 1 неделя,0.15,0.15,0.15,0.15,46242862.0,,,2,,CNY,,3,,2025-01-21,
MMIX,RUSFARCN1W,2025-01-22,RUSFARCN1W,RUSFAR CNY 1 неделя,0.13,0.13,0.13,0.13,66489517.0,,,2,,CNY,,3,,2025-01-22,
MMIX,RUSFARCN1W,2025-01-23,RUSFARCN1W,RUSFAR CNY 1 неделя,0.13,0.0,0.0,0.0,79768476.0,,,2,,CNY,,3,,2025-01-23,
MMIX,RUSFARCN1W,2025-01-24,RUSFARCN1W,RUSFAR CNY 1 неделя,0.02,0.02,0.02,0.02,165768979.0,,,2,,CNY,,3,,2025-01-24,
MMIX,RUSFARCN1W,2025-01-27,RUSFARCN1W,RUSFAR CNY 1 неделя,-0.54,-0.54,-0.54,-0.54,203210582.0,,,2,,CNY,,3,,2025-01-27,
MMIX,RUSFARCN1W,2025-02-05,RUSFARCN1W,RUSFAR CNY 1 неделя,-0.26,-0.26,-0.26,-0.26,164905830.0,,,2,,CNY,,3,,2025-02-05,
MMIX,RUSFARCN1W,2025-02-06,RUSFARCN1W,RUSFAR CNY 1 неделя,-0.23,-0.23,-0.23,-0.23,69209550.0,,,2,,CNY,,3,,2025-02-06,
MMIX,RUSFARCN1W,2025-02-07,RUSFARCN1W,RUSFAR CNY 1 неделя,-0.69,-0.69,-0.69,-0.69,0.0,,,2,,CNY,,3,,2025-02-07,
MMIX,RUSFARCN1W,2025-02-10,RUSFARCN1W,RUSFAR CNY 1 неделя,-0.63,-0.63,-0.63,-0.63,0.0,,,2,,CNY,,3,,2025-02-10,
MMIX,RUSFARCN1W,2025-02-11,RUSFARCN1W,RUSFAR CNY 1 неделя,-0.45,-0.45,-0.45,-0.45,33291097.0,,,2,,CNY,,3,,2025-02-11,
MMIX,RUSFARCN1W,2025-02-12,RUSFARCN1W,RUSFAR CNY 1 неделя,-0.36,-0.36,-0.36,-0.36,33222254.0,,,2,,CNY,,3,,2025-02-12,
MMIX,RUSFARCN1W,2025-02-13,RUSFARCN1W,RUSFAR CNY 1 неделя,-0.36,0.0,0.0,0.0,51816762.0,,,2,,CNY,,3,,2025-02-13,
MMIX,RUSFARCN1W,2025-02-14,RUSFARCN1W,RUSFAR CNY 1 неделя,-0.12,-0.12,-0.12,-0.12,14627538.0,,,2,,CNY,,3,,2025-02-14,
MMIX,RUSFARCN1W,2025-02-17,RUSFARCN1W,RUSFAR CNY 1 неделя,-0.04,-0.04,-0.04,-0.04,0.0,,,2,,CNY,,3,,2025-02-17,
MMIX,RUSFARCN1W,2025-02-18,RUSFARCN1W,RUSFAR CNY 1 неделя,-0.01,-0.01,-0.01,-0.01,53617806.0,,,2,,CNY,,3,,2025-02-18,
MMIX,RUSFARCN1W,2025-02-19,RUSFARCN1W,RUSFAR CNY 1 неделя,-0.11,-0.11,-0.11,-0.11,506589.0,,,2,,CNY,,3,,2025-02-19,
MMIX,RUSFARCN1W,2025-02-20,RUSFARCN1W,RUSFAR CNY 1 неделя,-0.4,-0.4,-0.4,-0.4,64054750.0,,,2,,CNY,,3,,2025-02-20,
MMIX,RUSFARCN1W,2025-02-21,RUSFARCN1W,RUSFAR CNY 1 неделя,-0.17,-0.17,-0.17,-0.17,0.0,,,2,,CNY,,3,,2025-02-21,
MMIX,RUSFARCN1W,2025-02-24,RUSFARCN1W,RUSFAR CNY 1 неделя,0.16,0.16,0.16,0.16,0.0,,,2,,CNY,,3,,2025-02-24,
MMIX,RUSFARCN1W,2025-02-25,RUSFARCN1W,RUSFAR CNY 1 неделя,0.02,0.02,0.02,0.02,9229669.0,,,2,,CNY,,3,,2025-02-25,
MMIX,RUSFARCN1W,2025-02-26,RUSFARCN1W,RUSFAR CNY 1 неделя,0.07,0.07,0.07,0.07,63286980.0,,,2,,CNY,,3,,2025-02-26,
MMIX,RUSFARCN1W,2025-02-27,RUSFARCN1W,RUSFAR CNY 1 неделя,0.03,0.03,0.03,0.03,48334901.0,,,2,,CNY,,3,,2025-02-27,
MMIX,RUSFARCN1W,2025-02-28,RUSFARCN1W,RUSFAR CNY 1 неделя,-0.25,-0.25,-0.25,-0.25,292084471.0,,,2,,CNY,,3,,2025-02-28,
MMIX,RUSFARCN1W,2025-03-03,RUSFARCN1W,RUSFAR CNY 1 неделя,-0.29,-0.29,-0.29,-0.29,15997511.0,,,2,,CNY,,3,,2025-03-03,
MMIX,RUSFARCN1W,2025-03-04,RUSFARCN1W,RUSFAR CNY 1 неделя,-0.45,-0.45,-0.45,-0.45,15996407.0,,,2,,CNY,,3,,2025-03-04,
MMIX,RUSFARCN1W,2025-03-05,RUSFARCN1W,RUSFAR CNY 1 неделя,-0.15,-0.15,-0.15,-0.15,44572799.0,,,2,,CNY,,3,,2025-03-05,
MMIX,RUSFARCN1W,2025-03-06,RUSFARCN1W,RUSFAR CNY 1 неделя,-0.02,-0.02,-0.02,-0.02,31317455.0,,,2,,CNY,,3,,2025-03-06,
MMIX,RUSFARCN1W,2025-03-07,RUSFARCN1W,RUSFAR CNY 1 неделя,0.0,0.0,0.0,0.0,30061286.0,,,2,,CNY,,3,,2025-03-07,
MMIX,RUSFARCN1W,2025-03-10,RUSFARCN1W,RUSFAR CNY 1 неделя,0.08,0.08,0.08,0.08,47308702.0,,,2,,CNY,,3,,2025-03-10,
MMIX,RUSFARCN1W,2025-03-11,RUSFARCN1W,RUSFAR CNY 1 неделя,0.13,0.13,0.13,0.13,0.0,,,2,,CNY,,3,,2025-03-11,
MMIX,RUSFARCN1W,2025-03-12,RUSFARCN1W,RUSFAR CNY 1 неделя,0.13,0.13,0.13,0.13,32066744.0,,,2,,CNY,,3,,2025-03-12,
MMIX,RUSFARCN1W,2025-03-13,RUSFARCN1W,RUSFAR CNY 1 неделя,0.25,0.25,0.25,0.25,30147804.0,,,2,,CNY,,3,,2025-03-13,
MMIX,RUSFARCN1W,2025-03-14,RUSFARCN1W,RUSFAR CNY 1 неделя,0.02,0.02,0.02,0.02,46335880.0,,,2,,CNY,,3,,2025-03-14,
MMIX,RUSFARCN1W,2025-03-17,RUSFARCN1W,RUSFAR CNY 1 неделя,0.21,0.21,0.21,0.21,39838689.0,,,2,,CNY,,3,,2025-03-17,
MMIX,RUSFARCN1W,2025-03-18,RUSFARCN1W,RUSFAR CNY 1 неделя,0.23,0.23,0.23,0.23,116141696.0,,,2,,CNY,,3,,2025-03-18,
MMIX,RUSFARCN1W,2025-03-19,RUSFARCN1W,RUSFAR CNY 1 неделя,0.0,0.0,0.0,0.0,16024662.0,,,2,,CNY,,3,,2025-03-19,
MMIX,RUSFARCN1W,2025-03-20,RUSFARCN1W,RUSFAR CNY 1 неделя,0.06,0.06,0.06,0.06,30150328.0,,,2,,CNY,,3,,2025-03-20,
MMIX,RUSFARCN1W,2025-03-21,RUSFARCN1W,RUSFAR CNY 1 неделя,0.15,0.15,0.15,0.15,31993736.0,,,2,,CNY,,3,,2025-03-21,
MMIX,RUSFARCN1W,2025-03-24,RUSFARCN1W,RUSFAR CNY 1 неделя,0.18,0.18,0.18,0.18,30563811.0,,,2,,CNY,,3,,2025-03-24,
MMIX,RUSFARCN1W,2025-03-25,RUSFARCN1W,RUSFAR CNY 1 неделя,0.25,0.25,0.25,0.25,67041191.0,,,2,,CNY,,3,,2025-03-25,
MMIX,RUSFARCN1W,2025-03-26,RUSFARCN1W,RUSFAR CNY 1 неделя,0.2,0.2,0.2,0.2,13949818.0,,,2,,CNY,,3,,2025-03-26,
MMIX,RUSFARCN1W,2025-03-27,RUSFARCN1W,RUSFAR CNY 1 неделя,0.23,0.23,0.23,0.23,0.0,,,2,,CNY,,3,,2025-03-27,
MMIX,RUSFARCN1W,2025-03-28,RUSFARCN1W,RUSFAR CNY 1 неделя,0.26,0.26,0.26,0.26,9996547.0,,,2,,CNY,,3,,2025-03-28,
MMIX,RUSFARCN1W,2025-03-31,RUSFARCN1W,RUSFAR CNY 1 неделя,0.12,0.12,0.12,0.12,12279108.0,,,2,,CNY,,3,,2025-03-31,
MMIX,RUSFARCN1W,2025-04-01,RUSFARCN1W,RUSFAR CNY 1 неделя,-0.07,-0.07,-0.07,-0.07,123414525.0,,,2,,CNY,,3,,2025-04-01,
MMIX,RUSFARCN1W,2025-04-02,RUSFARCN1W,RUSFAR CNY 1 неделя,-0.08,-0.08,-0.08,-0.08,64295525.0,,,2,,CNY,,3,,2025-04-02,
MMIX,RUSFARCN1W,2025-04-03,RUSFARCN1W,RUSFAR CNY 1 неделя,-0.04,-0.04,-0.04,-0.04,126389199.0,,,2,,CNY,,3,,2025-04-03,
MMIX,RUSFARCN1W,2025-04-07,RUSFARCN1W,RUSFAR CNY 1 неделя,0.0,0.0,0.0,0.0,9994265.0,,,2,,CNY,,3,,2025-04-07,
MMIX,RUSFARCN1W,2025-04-08,RUSFARCN1W,RUSFAR CNY 1 неделя,-0.05,-0.05,-0.05,-0.05,172290600.0,,,2,,CNY,,3,,2025-04-08,
MMIX,RUSFARCN1W,2025-04-09,RUSFARCN1W,RUSFAR CNY 1 неделя,-0.01,-0.01,-0.01,-0.01,140237326.0,,,2,,CNY,,3,,2025-04-09,
MMIX,RUSFARCN1W,2025-04-10,RUSFARCN1W,RUSFAR CNY 1 неделя,-0.01,-0.01,-0.01,-0.01,24714911.0,,,2,,CNY,,3,,2025-04-10,
MMIX,RUSFARCN1W,2025-04-11,RUSFARCN1W,RUSFAR CNY 1 неделя,-0.02,-0.02,-0.02,-0.02,0.0,,,2,,CNY,,3,,2025-04-11,
MMIX,RUSFARCN1W,2025-04-14,RUSFARCN1W,RUSFAR CNY 1 неделя,0.0,0.0,0.0,0.0,0.0,,,2,,CNY,,3,,2025-04-14,
MMIX,RUSFARCN1W,2025-04-15,RUSFARCN1W,RUSFAR CNY 1 неделя,-0.02,-0.02,-0.02,-0.02,91831331.0,,,2,,CNY,,3,,2025-04-15,
MMIX,RUSFARCN1W,2025-04-16,RUSFARCN1W,RUSFAR CNY 1 неделя,-0.03,-0.03,-0.03,-0.03,0.0,,,2,,CNY,,3,,2025-04-16,
MMIX,RUSFARCN1W,2025-04-17,RUSFARCN1W,RUSFAR CNY 1 неделя,0.03,0.03,0.03,0.03,179565457.0,,,2,,CNY,,3,,2025-04-17,
MMIX,RUSFARCN1W,2025-04-18,RUSFARCN1W,RUSFAR CNY 1 неделя,0.02,0.02,0.02,0.02,45098400.0,,,2,,CNY,,3,,2025-04-18,
MMIX,RUSFARCN1W,2025-04-21,RUSFARCN1W,RUSFAR CNY 1 неделя,0.19,0.19,0.19,0.19,32601132.0,,,2,,CNY,,3,,2025-04-21,
MMIX,RUSFARCN1W,2025-04-22,RUSFARCN1W,RUSFAR CNY 1 неделя,0.28,0.28,0.28,0.28,100757152.0,,,2,,CNY,,3,,2025-04-22,
MMIX,RUSFARCN1W,2025-04-23,RUSFARCN1W,RUSFAR CNY 1 неделя,0.34,0.34,0.34,0.34,10913946.0,,,2,,CNY,,3,,2025-04-23,
MMIX,RUSFARCN1W,2025-04-24,RUSFARCN1W,RUSFAR CNY 1 неделя,0.32,0.32,0.32,0.32,59112180.0,,,2,,CNY,,3,,2025-04-24,
MMIX,RUSFARCN1W,2025-04-25,RUSFARCN1W,RUSFAR CNY 1 неделя,0.24,0.24,0.24,0.24,21093767.0,,,2,,CNY,,3,,2025-04-25,
MMIX,RUSFARCN1W,2025-04-28,RUSFARCN1W,RUSFAR CNY 1 неделя,0.12,0.12,0.12,0.12,188570096.0,,,2,,CNY,,3,,2025-04-28,
MMIX,RUSFARCN1W,2025-04-29,RUSFARCN1W,RUSFAR CNY 1 неделя,-0.33,-0.33,-0.33,-0.33,298566293.0,,,2,,CNY,,3,,2025-04-29,
MMIX,RUSFARCN1W,2025-04-30,RUSFARCN1W,RUSFAR CNY 1 неделя,-0.25,-0.25,-0.25,-0.25,0.0,,,2,,CNY,,3,,2025-04-30,
MMIX,RUSFARCN1W,2025-05-06,RUSFARCN1W,RUSFAR CNY 1 неделя,0.09,0.09,0.09,0.09,145288491.0,,,2,,CNY,,3,,2025-05-06,
MMIX,RUSFARCN1W,2025-05-07,RUSFARCN1W,RUSFAR CNY 1 неделя,0.1,0.1,0.1,0.1,79050568.0,,,2,,CNY,,3,,2025-05-07,
MMIX,RUSFARCN1W,2025-05-12,RUSFARCN1W,RUSFAR CNY 1 неделя,0.15,0.15,0.15,0.15,0.0,,,2,,CNY,,3,,2025-05-12,
MMIX,RUSFARCN1W,2025-05-13,RUSFARCN1W,RUSFAR CNY 1 неделя,0.14,0.14,0.14,0.14,72371787.0,,,2,,CNY,,3,,2025-05-13,
MMIX,RUSFARCN1W,2025-05-14,RUSFARCN1W,RUSFAR CNY 1 неделя,0.11,0.11,0.11,0.11,34669558.0,,,2,,CNY,,3,,2025-05-14,
MMIX,RUSFARCN1W,2025-05-15,RUSFARCN1W,RUSFAR CNY 1 неделя,0.1,0.1,0.1,0.1,2662007.0,,,2,,CNY,,3,,2025-05-15,
MMIX,RUSFARCN1W,2025-05-16,RUSFARCN1W,RUSFAR CNY 1 неделя,0.15,0.15,0.15,0.15,0.0,,,2,,CNY,,3,,2025-05-16,
MMIX,RUSFARCN1W,2025-05-19,RUSFARCN1W,RUSFAR CNY 1 неделя,0.1,0.1,0.1,0.1,22126079.0,,,2,,CNY,,3,,2025-05-19,
MMIX,RUSFARCN1W,2025-05-20,RUSFARCN1W,RUSFAR CNY 1 неделя,0.14,0.14,0.14,0.14,50596783.0,,,2,,CNY,,3,,2025-05-20,
MMIX,RUSFARCN1W,2025-05-21,RUSFARCN1W,RUSFAR CNY 1 неделя,0.09,0.09,0.09,0.09,0.0,,,2,,CNY,,3,,2025-05-21,
MMIX,RUSFARCN1W,2025-05-22,RUSFARCN1W,RUSFAR CNY 1 неделя,0.19,0.19,0.19,0.19,48971333.0,,,2,,CNY,,3,,2025-05-22,
MMIX,RUSFARCN1W,2025-05-23,RUSFARCN1W,RUSFAR CNY 1 неделя,0.13,0.13,0.13,0.13,0.0,,,2,,CNY,,3,,2025-05-23,
MMIX,RUSFARCN1W,2025-05-26,RUSFARCN1W,RUSFAR CNY 1 неделя,0.11,0.11,0.11,0.11,36283600.0,,,2,,CNY,,3,,2025-05-26,
MMIX,RUSFARCN1W,2025-05-27,RUSFARCN1W,RUSFAR CNY 1 неделя,0.2,0.2,0.2,0.2,89125631.0,,,2,,CNY,,3,,2025-05-27,
MMIX,RUSFARCN1W,2025-05-28,RUSFARCN1W,RUSFAR CNY 1 неделя,0.03,0.03,0.03,0.03,0.0,,,2,,CNY,,3,,2025-05-28,
MMIX,RUSFARCN1W,2025-05-29,RUSFARCN1W,RUSFAR CNY 1 неделя,-0.01,-0.01,-0.01,-0.01,19339846.0,,,2,,CNY,,3,,2025-05-29,
MMIX,RUSFARCN1W,2025-05-30,RUSFARCN1W,RUSFAR CNY 1 неделя,-0.01,-0.01,-0.01,-0.01,0.0,,,2,,CNY,,3,,2025-05-30,
MMIX,RUSFARCN1W,2025-06-03,RUSFARCN1W,RUSFAR CNY 1 неделя,0.1,0.1,0.1,0.1,82597950.0,,,2,,CNY,,3,,2025-06-03,
MMIX,RUSFARCN1W,2025-06-04,RUSFARCN1W,RUSFAR CNY 1 неделя,0.06,0.06,0.06,0.06,9999789.0,,,2,,CNY,,3,,2025-06-04,
MMIX,RUSFARCN1W,2025-06-05,RUSFARCN1W,RUSFAR CNY 1 неделя,0.08,0.08,0.08,0.08,49027248.0,,,2,,CNY,,3,,2025-06-05,
MMIX,RUSFARCN1W,2025-06-06,RUSFARCN1W,RUSFAR CNY 1 неделя,0.12,0.12,0.12,0.12,63080586.0,,,2,,CNY,,3,,2025-06-06,
MMIX,RUSFARCN1W,2025-06-09,RUSFARCN1W,RUSFAR CNY 1 неделя,-0.02,-0.02,-0.02,-0.02,16371306.0,,,2,,CNY,,3,,2025-06-09,
MMIX,RUSFARCN1W,2025-06-10,RUSFARCN1W,RUSFAR CNY 1 неделя,0.19,0.19,0.19,0.19,66509687.0,,,2,,CNY,,3,,2025-06-10,
MMIX,RUSFARCN1W,2025-06-11,RUSFARCN1W,RUSFAR CNY 1 неделя,0.07,0.07,0.07,0.07,62278545.0,,,2,,CNY,,3,,2025-06-11,
MMIX,RUSFARCN1W,2025-06-16,RUSFARCN1W,RUSFAR CNY 1 неделя,0.06,0.06,0.06,0.06,58290258.0,,,2,,CNY,,3,,2025-06-16,
MMIX,RUSFARCN1W,2025-06-17,RUSFARCN1W,RUSFAR CNY 1 неделя,0.13,0.13,0.13,0.13,51501965.0,,,2,,CNY,,3,,2025-06-17,
MMIX,RUSFARCN1W,2025-06-18,RUSFARCN1W,RUSFAR CNY 1 неделя,0.09,0.09,0.09,0.09,0.0,,,2,,CNY,,3,,2025-06-18,
MMIX,RUSFARCN1W,2025-06-19,RUSFARCN1W,RUSFAR CNY 1 неделя,0.1,0.1,0.1,0.1,22301066.0,,,2,,CNY,,3,,2025-06-19,
MMIX,RUSFARCN1W,2025-06-20,RUSFARCN1W,RUSFAR CNY 1 неделя,0.07,0.07,0.07,0.07,59746734.0,,,2,,CNY,,3,,2025-06-20,
MMIX,RUSFARCN1W,2025-06-23,RUSFARCN1W,RUSFAR CNY 1 неделя,0.09,0.09,0.09,0.09,54654383.0,,,2,,CNY,,3,,2025-06-23,
MMIX,RUSFARCN1W,2025-06-24,RUSFARCN1W,RUSFAR CNY 1 неделя,0.11,0.11,0.11,0.11,53876258.0,,,2,,CNY,,3,,2025-06-24,
MMIX,RUSFARCN1W,2025-06-25,RUSFARCN1W,RUSFAR CNY 1 неделя,0.03,0.03,0.03,0.03,65949480.0,,,2,,CNY,,3,,2025-06-25,
MMIX,RUSFARCN1W,2025-06-26,RUSFARCN1W,RUSFAR CNY 1 неделя,0.09,0.09,0.09,0.09,126521751.0,,,2,,CNY,,3,,2025-06-26,
MMIX,RUSFARCN1W,2025-06-27,RUSFARCN1W,RUSFAR CNY 1 неделя,0.11,0.11,0.11,0.11,71723926.0,,,2,,CNY,,3,,2025-06-27,
MMIX,RUSFARCN1W,2025-06-30,RUSFARCN1W,RUSFAR CNY 1 неделя,0.16,0.16,0.16,0.16,103833486.0,,,2,,CNY,,3,,2025-06-30,
MMIX,RUSFARCN1W,2025-07-01,RUSFARCN1W,RUSFAR CNY 1 неделя,0.11,0.11,0.11,0.11,88475724.0,,,2,,CNY,,3,,2025-07-01,
MMIX,RUSFARCN1W,2025-07-02,RUSFARCN1W,RUSFAR CNY 1 неделя,0.05,0.05,0.05,0.05,0.0,,,2,,CNY,,3,,2025-07-02,
MMIX,RUSFARCN1W,2025-07-03,RUSFARCN1W,RUSFAR CNY 1 неделя,0.02,0.02,0.02,0.02,260731978.0,,,2,,CNY,,3,,2025-07-03,
MMIX,RUSFARCN1W,2025-07-04,RUSFARCN1W,RUSFAR CNY 1 неделя,0.05,0.05,0.05,0.05,4939473.0,,,2,,CNY,,3,,2025-07-04,
MMIX,RUSFARCN1W,2025-07-07,RUSFARCN1W,RUSFAR CNY 1 неделя,0.04,0.04,0.04,0.04,0.0,,,2,,CNY,,3,,2025-07-07,
MMIX,RUSFARCN1W,2025-07-08,RUSFARCN1W,RUSFAR CNY 1 неделя,0.04,0.04,0.04,0.04,49544801.0,,,2,,CNY,,3,,2025-07-08,
MMIX,RUSFARCN1W,2025-07-09,RUSFARCN1W,RUSFAR CNY 1 неделя,0.03,0.03,0.03,0.03,912796.0,,,2,,CNY,,3,,2025-07-09,
MMIX,RUSFARCN1W,2025-07-10,RUSFARCN1W,RUSFAR CNY 1 неделя,-0.03,-0.03,-0.03,-0.03,17297962.0,,,2,,CNY,,3,,2025-07-10,
MMIX,RUSFARCN1W,2025-07-11,RUSFARCN1W,RUSFAR CNY 1 неделя,0.03,0.03,0.03,0.03,132375314.0,,,2,,CNY,,3,,2025-07-11,
MMIX,RUSFARCN1W,2025-07-14,RUSFARCN1W,RUSFAR CNY 1 неделя,-0.03,-0.03,-0.03,-0.03,1369645.0,,,2,,CNY,,3,,2025-07-14,
MMIX,RUSFARCN1W,2025-07-15,RUSFARCN1W,RUSFAR CNY 1 неделя,-0.15,-0.15,-0.15,-0.15,268555174.0,,,2,,CNY,,3,,2025-07-15,
MMIX,RUSFARCN1W,2025-07-16,RUSFARCN1W,RUSFAR CNY 1 неделя,-0.26,-0.26,-0.26,-0.26,0.0,,,2,,CNY,,3,,2025-07-16,
MMIX,RUSFARCN1W,2025-07-17,RUSFARCN1W,RUSFAR CNY 1 неделя,-0.24,-0.24,-0.24,-0.24,83301117.0,,,2,,CNY,,3,,2025-07-17,
MMIX,RUSFARCN1W,2025-07-18,RUSFARCN1W,RUSFAR CNY 1 неделя,-0.17,-0.17,-0.17,-0.17,183689540.0,,,2,,CNY,,3,,2025-07-18,
MMIX,RUSFARCN1W,2025-07-21,RUSFARCN1W,RUSFAR CNY 1 неделя,-0.09,-0.09,-0.09,-0.09,17837859.0,,,2,,CNY,,3,,2025-07-21,
MMIX,RUSFARCN1W,2025-07-22,RUSFARCN1W,RUSFAR CNY 1 неделя,0.02,0.02,0.02,0.02,34281570.0,,,2,,CNY,,3,,2025-07-22,
MMIX,RUSFARCN1W,2025-07-23,RUSFARCN1W,RUSFAR CNY 1 неделя,0.0,0.0,0.0,0.0,34761800.0,,,2,,CNY,,3,,2025-07-23,
MMIX,RUSFARCN1W,2025-07-24,RUSFARCN1W,RUSFAR CNY 1 неделя,-0.1,-0.1,-0.1,-0.1,66726234.0,,,2,,CNY,,3,,2025-07-24,
MMIX,RUSFARCN1W,2025-07-25,RUSFARCN1W,RUSFAR CNY 1 неделя,-0.14,-0.14,-0.14,-0.14,102666237.0,,,2,,CNY,,3,,2025-07-25,
MMIX,RUSFARCN1W,2025-07-28,RUSFARCN1W,RUSFAR CNY 1 неделя,-0.09,-0.09,-0.09,-0.09,86651115.0,,,2,,CNY,,3,,2025-07-28,
MMIX,RUSFARCN1W,2025-07-29,RUSFARCN1W,RUSFAR CNY 1 неделя,-0.05,-0.05,-0.05,-0.05,105345251.0,,,2,,CNY,,3,,2025-07-29,
MMIX,RUSFARCN1W,2025-07-30,RUSFARCN1W,RUSFAR CNY 1 неделя,-0.09,-0.09,-0.09,-0.09,85245108.0,,,2,,CNY,,3,,2025-07-30,
MMIX,RUSFARCN1W,2025-07-31,RUSFARCN1W,RUSFAR CNY 1 неделя,-0.12,-0.12,-0.12,-0.12,96108750.0,,,2,,CNY,,3,,2025-07-31,
MMIX,RUSFARCN1W,2025-08-01,RUSFARCN1W,RUSFAR CNY 1 неделя,-0.2,-0.2,-0.2,-0.2,5902722.0,,,2,,CNY,,3,,2025-08-01,
MMIX,RUSFARCN1W,2025-08-04,RUSFARCN1W,RUSFAR CNY 1 неделя,-0.08,-0.08,-0.08,-0.08,114647735.0,,,2,,CNY,,3,,2025-08-04,
MMIX,RUSFARCN1W,2025-08-05,RUSFARCN1W,RUSFAR CNY 1 неделя,-0.1,-0.1,-0.1,-0.1,157168397.0,,,2,,CNY,,3,,2025-08-05,
MMIX,RUSFARCN1W,2025-08-06,RUSFARCN1W,RUSFAR CNY 1 неделя,-0.11,-0.11,-0.11,-0.11,153309577.0,,,2,,CNY,,3,,2025-08-06,
MMIX,RUSFARCN1W,2025-08-07,RUSFARCN1W,RUSFAR CNY 1 неделя,-0.21,-0.21,-0.21,-0.21,252586431.0,,,2,,CNY,,3,,2025-08-07,
MMIX,RUSFARCN1W,2025-08-08,RUSFARCN1W,RUSFAR CNY 1 неделя,-0.17,-0.17,-0.17,-0.17,32985818.0,,,2,,CNY,,3,,2025-08-08,
MMIX,RUSFARCN1W,2025-08-11,RUSFARCN1W,RUSFAR CNY 1 неделя,-0.1,-0.1,-0.1,-0.1,96348530.0,,,2,,CNY,,3,,2025-08-11,
MMIX,RUSFARCN1W,2025-08-12,RUSFARCN1W,RUSFAR CNY 1 неделя,-0.12,-0.12,-0.12,-0.12,49051386.0,,,2,,CNY,,3,,2025-08-12,
MMIX,RUSFARCN1W,2025-08-13,RUSFARCN1W,RUSFAR CNY 1 неделя,0.04,0.04,0.04,0.04,142831065.0,,,2,,CNY,,3,,2025-08-13,
MMIX,RUSFARCN1W,2025-08-14,RUSFARCN1W,RUSFAR CNY 1 неделя,-0.06,-0.06,-0.06,-0.06,43908522.0,,,2,,CNY,,3,,2025-08-14,
MMIX,RUSFARCN1W,2025-08-15,RUSFARCN1W,RUSFAR CNY 1 неделя,-0.06,-0.06,-0.06,-0.06,13390374.0,,,2,,CNY,,3,,2025-08-15,
MMIX,RUSFARCN1W,2025-08-18,RUSFARCN1W,RUSFAR CNY 1 неделя,-0.09,-0.09,-0.09,-0.09,114226877.0,,,2,,CNY,,3,,2025-08-18,
MMIX,RUSFARCN1W,2025-08-19,RUSFARCN1W,RUSFAR CNY 1 неделя,-0.18,-0.18,-0.18,-0.18,33500898.0,,,2,,CNY,,3,,2025-08-19,
MMIX,RUSFARCN1W,2025-08-20,RUSFARCN1W,RUSFAR CNY 1 неделя,-0.13,-0.13,-0.13,-0.13,146057406.0,,,2,,CNY,,3,,2025-08-20,
MMIX,RUSFARCN1W,2025-08-21,RUSFARCN1W,RUSFAR CNY 1 неделя,-0.11,-0.11,-0.11,-0.11,83091055.0,,,2,,CNY,,3,,2025-08-21,
MMIX,RUSFARCN1W,2025-08-22,RUSFARCN1W,RUSFAR CNY 1 неделя,-0.22,-0.22,-0.22,-0.22,125379921.0,,,2,,CNY,,3,,2025-08-22,
MMIX,RUSFARCN1W,2025-08-25,RUSFARCN1W,RUSFAR CNY 1 неделя,-0.16,-0.16,-0.16,-0.16,92234980.0,,,2,,CNY,,3,,2025-08-25,
MMIX,RUSFARCN1W,2025-08-26,RUSFARCN1W,RUSFAR CNY 1 неделя,-0.17,-0.17,-0.17,-0.17,10894314.0,,,2,,CNY,,3,,2025-08-26,
MMIX,RUSFARCN1W,2025-08-27,RUSFARCN1W,RUSFAR CNY 1 неделя,-0.13,-0.13,-0.13,-0.13,63130712.0,,,2,,CNY,,3,,2025-08-27,
MMIX,RUSFARCN1W,2025-08-28,RUSFARCN1W,RUSFAR CNY 1 неделя,-0.17,-0.17,-0.17,-0.17,74904063.0,,,2,,CNY,,3,,2025-08-28,
MMIX,RUSFARCN1W,2025-08-29,RUSFARCN1W,RUSFAR CNY 1 неделя,-0.22,-0.22,-0.22,-0.22,116504141.0,,,2,,CNY,,3,,2025-08-29,
MMIX,RUSFARCN1W,2025-09-01,RUSFARCN1W,RUSFAR CNY 1 неделя,-0.21,-0.21,-0.21,-0.21,163529548.0,,,2,,CNY,,3,,2025-09-01,
MMIX,RUSFARCN1W,2025-09-02,RUSFARCN1W,RUSFAR CNY 1 неделя,-0.29,-0.29,-0.29,-0.29,34865456.0,,,2,,CNY,,3,,2025-09-02,
MMIX,RUSFARCN1W,2025-09-03,RUSFARCN1W,RUSFAR CNY 1 неделя,-0.34,-0.34,-0.34,-0.34,116189739.0,,,2,,CNY,,3,,2025-09-03,
MMIX,RUSFARCN1W,2025-09-04,RUSFARCN1W,RUSFAR CNY 1 неделя,-0.31,-0.31,-0.31,-0.31,31478565.0,,,2,,CNY,,3,,2025-09-04,
MMIX,RUSFARCN1W,2025-09-05,RUSFARCN1W,RUSFAR CNY 1 неделя,-0.37,-0.37,-0.37,-0.37,24994152.0,,,2,,CNY,,3,,2025-09-05,
MMIX,RUSFARCN1W,2025-09-08,RUSFARCN1W,RUSFAR CNY 1 неделя,-0.25,-0.25,-0.25,-0.25,0.0,,,2,,CNY,,3,,2025-09-08,
MMIX,RUSFARCN1W,2025-09-09,RUSFARCN1W,RUSFAR CNY 1 неделя,-0.08,-0.08,-0.08,-0.08,98918270.0,,,2,,CNY,,3,,2025-09-09,
MMIX,RUSFARCN1W,2025-09-10,RUSFARCN1W,RUSFAR CNY 1 неделя,-0.22,-0.22,-0.22,-0.22,71385919.0,,,2,,CNY,,3,,2025-09-10,
MMIX,RUSFARCN1W,2025-09-11,RUSFARCN1W,RUSFAR CNY 1 неделя,0.01,0.01,0.01,0.01,71063519.0,,,2,,CNY,,3,,2025-09-11,
MMIX,RUSFARCN1W,2025-09-12,RUSFARCN1W,RUSFAR CNY 1 неделя,0.16,0.16,0.16,0.16,84882653.0,,,2,,CNY,,3,,2025-09-12,
MMIX,RUSFARCN1W,2025-09-15,RUSFARCN1W,RUSFAR CNY 1 неделя,0.39,0.39,0.39,0.39,85460982.0,,,2,,CNY,,3,,2025-09-15,
MMIX,RUSFARCN1W,2025-09-16,RUSFARCN1W,RUSFAR CNY 1 неделя,0.3,0.3,0.3,0.3,67542708.0,,,2,,CNY,,3,,2025-09-16,
MMIX,RUSFARCN1W,2025-09-17,RUSFARCN1W,RUSFAR CNY 1 неделя,0.26,0.26,0.26,0.26,48947616.0,,,2,,CNY,,3,,2025-09-17,
MMIX,RUSFARCN1W,2025-09-18,RUSFARCN1W,RUSFAR CNY 1 неделя,0.29,0.29,0.29,0.29,103307648.0,,,2,,CNY,,3,,2025-09-18,
MMIX,RUSFARCN1W,2025-09-19,RUSFARCN1W,RUSFAR CNY 1 неделя,0.24,0.24,0.24,0.24,11674435.0,,,2,,CNY,,3,,2025-09-19,
MMIX,RUSFARCN1W,2025-09-22,RUSFARCN1W,RUSFAR CNY 1 неделя,0.24,0.24,0.24,0.24,93793761.0,,,2,,CNY,,3,,2025-09-22,
MMIX,RUSFARCN1W,2025-09-23,RUSFARCN1W,RUSFAR CNY 1 неделя,0.12,0.12,0.12,0.12,79023418.0,,,2,,CNY,,3,,2025-09-23,
MMIX,RUSFARCN1W,2025-09-24,RUSFARCN1W,RUSFAR CNY 1 неделя,0.12,0.12,0.12,0.12,16378051.0,,,2,,CNY,,3,,2025-09-24,
MMIX,RUSFARCN1W,2025-09-25,RUSFARCN1W,RUSFAR CNY 1 неделя,0.16,0.16,0.16,0.16,10991964.0,,,2,,CNY,,3,,2025-09-25,
MMIX,RUSFARCN1W,2025-09-26,RUSFARCN1W,RUSFAR CNY 1 неделя,0.14,0.14,0.14,0.14,30870844.0,,,2,,CNY,,3,,2025-09-26,
MMIX,RUSFARCN1W,2025-09-29,RUSFARCN1W,RUSFAR CNY 1 неделя,0.21,0.21,0.21,0.21,1699117.0,,,2,,CNY,,3,,2025-09-29,
MMIX,RUSFARCN1W,2025-09-30,RUSFARCN1W,RUSFAR CNY 1 неделя,-0.32,-0.32,-0.32,-0.32,476697111.0,,,2,,CNY,,3,,2025-09-30,
MMIX,RUSFARCN1W,2025-10-09,RUSFARCN1W,RUSFAR CNY 1 неделя,0.14,0.14,0.14,0.14,180066692.0,,,2,,CNY,,3,,2025-10-09,
MMIX,RUSFARCN1W,2025-10-10,RUSFARCN1W,RUSFAR CNY 1 неделя,0.09,0.09,0.09,0.09,58178102.0,,,2,,CNY,,3,,2025-10-10,
MMIX,RUSFARCN1W,2025-10-13,RUSFARCN1W,RUSFAR CNY 1 неделя,0.13,0.13,0.13,0.13,19367367.0,,,2,,CNY,,3,,2025-10-13,
MMIX,RUSFARCN1W,2025-10-14,RUSFARCN1W,RUSFAR CNY 1 неделя,0.19,0.19,0.19,0.19,8945.0,,,2,,CNY,,3,,2025-10-14,
MMIX,RUSFARCN1W,2025-10-15,RUSFARCN1W,RUSFAR CNY 1 неделя,0.27,0.27,0.27,0.27,101142730.0,,,2,,CNY,,3,,2025-10-15,
MMIX,RUSFARCN1W,2025-10-16,RUSFARCN1W,RUSFAR CNY 1 неделя,0.31,0.31,0.31,0.31,147361910.0,,,2,,CNY,,3,,2025-10-16,
MMIX,RUSFARCN1W,2025-10-17,RUSFARCN1W,RUSFAR CNY 1 неделя,0.25,0.25,0.25,0.25,52335950.0,,,2,,CNY,,3,,2025-10-17,
MMIX,RUSFARCN1W,2025-10-20,RUSFARCN1W,RUSFAR CNY 1 неделя,0.28,0.28,0.28,0.28,76169027.0,,,2,,CNY,,3,,2025-10-20,
MMIX,RUSFARCN1W,2025-10-21,RUSFARCN1W,RUSFAR CNY 1 неделя,0.31,0.31,0.31,0.31,107014054.0,,,2,,CNY,,3,,2025-10-21,
MMIX,RUSFARCN1W,2025-10-22,RUSFARCN1W,RUSFAR CNY 1 неделя,0.29,0.29,0.29,0.29,15769224.0,,,2,,CNY,,3,,2025-10-22,
MMIX,RUSFARCN1W,2025-10-23,RUSFARCN1W,RUSFAR CNY 1 неделя,0.25,0.25,0.25,0.25,16645054.0,,,2,,CNY,,3,,2025-10-23,
MMIX,RUSFARCN1W,2025-10-24,RUSFARCN1W,RUSFAR CNY 1 неделя,0.3,0.3,0.3,0.3,156530940.0,,,2,,CNY,,3,,2025-10-24,
MMIX,RUSFARCN1W,2025-10-27,RUSFARCN1W,RUSFAR CNY 1 неделя,0.21,0.21,0.21,0.21,167974408.0,,,2,,CNY,,3,,2025-10-27,
MMIX,RUSFARCN1W,2025-10-28,RUSFARCN1W,RUSFAR CNY 1 неделя,0.22,0.22,0.22,0.22,0.0,,,2,,CNY,,3,,2025-10-28,
MMIX,RUSFARCN1W,2025-10-29,RUSFARCN1W,RUSFAR CNY 1 неделя,0.15,0.15,0.15,0.15,268255040.0,,,2,,CNY,,3,,2025-10-29,
MMIX,RUSFARCN1W,2025-10-30,RUSFARCN1W,RUSFAR CNY 1 неделя,0.15,0.15,0.15,0.15,96231766.0,,,2,,CNY,,3,,2025-10-30,
MMIX,RUSFARCN1W,2025-10-31,RUSFARCN1W,RUSFAR CNY 1 неделя,0.12,0.12,0.12,0.12,197926900.0,,,2,,CNY,,3,,2025-10-31,
MMIX,RUSFARCN1W,2025-11-05,RUSFARCN1W,RUSFAR CNY 1 неделя,0.21,0.21,0.21,0.21,112953204.0,,,2,,CNY,,3,,2025-11-05,
MMIX,RUSFARCN1W,2025-11-06,RUSFARCN1W,RUSFAR CNY 1 неделя,0.24,0.24,0.24,0.24,142998076.0,,,2,,CNY,,3,,2025-11-06,
MMIX,RUSFARCN1W,2025-11-07,RUSFARCN1W,RUSFAR CNY 1 неделя,0.43,0.43,0.43,0.43,318490768.0,,,2,,CNY,,3,,2025-11-07,
MMIX,RUSFARCN1W,2025-11-10,RUSFARCN1W,RUSFAR CNY 1 неделя,0.33,0.33,0.33,0.33,82586157.0,,,2,,CNY,,3,,2025-11-10,
MMIX,RUSFARCN1W,2025-11-11,RUSFARCN1W,RUSFAR CNY 1 неделя,0.28,0.28,0.28,0.28,77493009.0,,,2,,CNY,,3,,2025-11-11,
MMIX,RUSFARCN1W,2025-11-12,RUSFARCN1W,RUSFAR CNY 1 неделя,0.21,0.21,0.21,0.21,178180063.0,,,2,,CNY,,3,,2025-11-12,
MMIX,RUSFARCN1W,2025-11-13,RUSFARCN1W,RUSFAR CNY 1 неделя,0.3,0.3,0.3,0.3,124707713.0,,,2,,CNY,,3,,2025-11-13,
MMIX,RUSFARCN1W,2025-11-14,RUSFARCN1W,RUSFAR CNY 1 неделя,0.33,0.33,0.33,0.33,124372631.0,,,2,,CNY,,3,,2025-11-14,
MMIX,RUSFARCN1W,2025-11-17,RUSFARCN1W,RUSFAR CNY 1 неделя,0.35,0.35,0.35,0.35,63280152.0,,,2,,CNY,,3,,2025-11-17,
MMIX,RUSFARCN1W,2025-11-18,RUSFARCN1W,RUSFAR CNY 1 неделя,0.37,0.37,0.37,0.37,110698729.0,,,2,,CNY,,3,,2025-11-18,
MMIX,RUSFARCN1W,2025-11-19,RUSFARCN1W,RUSFAR CNY 1 неделя,0.31,0.31,0.31,0.31,103978730.0,,,2,,CNY,,3,,2025-11-19,
MMIX,RUSFARCN1W,2025-11-20,RUSFARCN1W,RUSFAR CNY 1 неделя,0.27,0.27,0.27,0.27,108872484.0,,,2,,CNY,,3,,2025-11-20,
MMIX,RUSFARCN1W,2025-11-21,RUSFARCN1W,RUSFAR CNY 1 неделя,0.3,0.3,0.3,0.3,353359974.0,,,2,,CNY,,3,,2025-11-21,
MMIX,RUSFARCN1W,2025-11-24,RUSFARCN1W,RUSFAR CNY 1 неделя,0.31,0.31,0.31,0.31,81179550.0,,,2,,CNY,,3,,2025-11-24,
MMIX,RUSFARCN1W,2025-11-25,RUSFARCN1W,RUSFAR CNY 1 неделя,0.33,0.33,0.33,0.33,283404837.0,,,2,,CNY,,3,,2025-11-25,
MMIX,RUSFARCN1W,2025-11-26,RUSFARCN1W,RUSFAR CNY 1 неделя,0.29,0.29,0.29,0.29,146649788.0,,,2,,CNY,,3,,2025-11-26,
MMIX,RUSFARCN1W,2025-11-27,RUSFARCN1W,RUSFAR CNY 1 неделя,0.33,0.33,0.33,0.33,169903024.0,,,2,,CNY,,3,,2025-11-27,
MMIX,RUSFARCN1W,2025-11-28,RUSFARCN1W,RUSFAR CNY 1 неделя,0.27,0.27,0.27,0.27,181132998.0,,,2,,CNY,,3,,2025-11-28,
MMIX,RUSFARCN1W,2025-12-01,RUSFARCN1W,RUSFAR CNY 1 неделя,0.28,0.28,0.28,0.28,136565273.0,,,2,,CNY,,3,,2025-12-01,
MMIX,RUSFARCN1W,2025-12-02,RUSFARCN1W,RUSFAR CNY 1 неделя,0.27,0.27,0.27,0.27,131444496.0,,,2,,CNY,,3,,2025-12-02,
MMIX,RUSFARCN1W,2025-12-03,RUSFARCN1W,RUSFAR CNY 1 неделя,0.21,0.21,0.21,0.21,35821293.0,,,2,,CNY,,3,,2025-12-03,
MMIX,RUSFARCN1W,2025-12-04,RUSFARCN1W,RUSFAR CNY 1 неделя,0.26,0.26,0.26,0.26,230568955.0,,,2,,CNY,,3,,2025-12-04,
MMIX,RUSFARCN1W,2025-12-05,RUSFARCN1W,RUSFAR CNY 1 неделя,0.29,0.29,0.29,0.29,153006341.0,,,2,,CNY,,3,,2025-12-05,
MMIX,RUSFARCN1W,2025-12-08,RUSFARCN1W,RUSFAR CNY 1 неделя,0.49,0.49,0.49,0.49,141562375.0,,,2,,CNY,,3,,2025-12-08,
MMIX,RUSFARCN1W,2025-12-09,RUSFARCN1W,RUSFAR CNY 1 неделя,0.49,0.49,0.49,0.49,215588126.0,,,2,,CNY,,3,,2025-12-09,
MMIX,RUSFARCN1W,2025-12-10,RUSFARCN1W,RUSFAR CNY 1 неделя,0.5,0.5,0.5,0.5,240587749.0,,,2,,CNY,,3,,2025-12-10,
MMIX,RUSFARCN1W,2025-12-11,RUSFARCN1W,RUSFAR CNY 1 неделя,0.48,0.48,0.48,0.48,19980621.0,,,2,,CNY,,3,,2025-12-11,
MMIX,RUSFARCN1W,2025-12-12,RUSFARCN1W,RUSFAR CNY 1 неделя,0.45,0.45,0.45,0.45,155556644.0,,,2,,CNY,,3,,2025-12-12,
MMIX,RUSFARCN1W,2025-12-15,RUSFARCN1W,RUSFAR CNY 1 неделя,0.52,0.52,0.52,0.52,209361973.0,,,2,,CNY,,3,,2025-12-15,
MMIX,RUSFARCN1W,2025-12-16,RUSFARCN1W,RUSFAR CNY 1 неделя,0.51,0.51,0.51,0.51,176013684.0,,,2,,CNY,,3,,2025-12-16,
MMIX,RUSFARCN1W,2025-12-17,RUSFARCN1W,RUSFAR CNY 1 неделя,0.51,0.51,0.51,0.51,187419817.0,,,2,,CNY,,3,,2025-12-17,
MMIX,RUSFARCN1W,2025-12-18,RUSFARCN1W,RUSFAR CNY 1 неделя,0.52,0.52,0.52,0.52,241239267.0,,,2,,CNY,,3,,2025-12-18,
MMIX,RUSFARCN1W,2025-12-19,RUSFARCN1W,RUSFAR CNY 1 неделя,0.49,0.49,0.49,0.49,83618075.0,,,2,,CNY,,3,,2025-12-19,
MMIX,RUSFARCN1W,2025-12-22,RUSFARCN1W,RUSFAR CNY 1 неделя,0.41,0.41,0.41,0.41,73632563.0,,,2,,CNY,,3,,2025-12-22,
MMIX,RUSFARCN1W,2025-12-23,RUSFARCN1W,RUSFAR CNY 1 неделя,0.5,0.5,0.5,0.5,113195502.0,,,2,,CNY,,3,,2025-12-23,
MMIX,RUSFARCN1W,2025-12-24,RUSFARCN1W,RUSFAR CNY 1 неделя,1.36,1.36,1.36,1.36,312197584.0,,,2,,CNY,,3,,2025-12-24,
MMIX,RUSFARCN1W,2025-12-25,RUSFARCN1W,RUSFAR CNY 1 неделя,2.21,2.21,2.21,2.21,657380295.0,,,2,,CNY,,3,,2025-12-25,
MMIX,RUSFARCN1W,2025-12-26,RUSFARCN1W,RUSFAR CNY 1 неделя,1.7,1.7,1.7,1.7,595494030.0,,,2,,CNY,,3,,2025-12-26,
MMIX,RUSFARCN1W,2025-12-29,RUSFARCN1W,RUSFAR CNY 1 неделя,0.79,0.79,0.79,0.79,703631157.0,,,2,,CNY,,3,,2025-12-29,
MMIX,RUSFARCN1W,2026-01-12,RUSFARCN1W,RUSFAR CNY 1 неделя,0.61,0.61,0.61,0.61,383701782.0,,,2,,CNY,,3,,2026-01-12,
MMIX,RUSFARCN1W,2026-01-13,RUSFARCN1W,RUSFAR CNY 1 неделя,0.47,0.47,0.47,0.47,378371433.0,,,2,,CNY,,3,,2026-01-13,
MMIX,RUSFARCN1W,2026-01-14,RUSFARCN1W,RUSFAR CNY 1 неделя,0.47,0.47,0.47,0.47,201230266.0,,,2,,CNY,,3,,2026-01-14,
MMIX,RUSFARCN1W,2026-01-15,RUSFARCN1W,RUSFAR CNY 1 неделя,0.34,0.34,0.34,0.34,84766125.0,,,2,,CNY,,3,,2026-01-15,
MMIX,RUSFARCN1W,2026-01-16,RUSFARCN1W,RUSFAR CNY 1 неделя,0.27,0.27,0.27,0.27,80388349.0,,,2,,CNY,,3,,2026-01-16,
MMIX,RUSFARCN1W,2026-01-19,RUSFARCN1W,RUSFAR CNY 1 неделя,0.33,0.33,0.33,0.33,123401105.0,,,2,,CNY,,3,,2026-01-19,
MMIX,RUSFARCN1W,2026-01-20,RUSFARCN1W,RUSFAR CNY 1 неделя,0.4,0.4,0.4,0.4,144260948.0,,,2,,CNY,,3,,2026-01-20,
MMIX,RUSFARCN1W,2026-01-21,RUSFARCN1W,RUSFAR CNY 1 неделя,1.18,1.18,1.18,1.18,348092446.0,,,2,,CNY,,3,,2026-01-21,
MMIX,RUSFARCN1W,2026-01-22,RUSFARCN1W,RUSFAR CNY 1 неделя,1.46,1.46,1.46,1.46,101988465.0,,,2,,CNY,,3,,2026-01-22,
MMIX,RUSFARCN1W,2026-01-23,RUSFARCN1W,RUSFAR CNY 1 неделя,0.75,0.75,0.75,0.75,141998926.0,,,2,,CNY,,3,,2026-01-23,
MMIX,RUSFARCN1W,2026-01-26,RUSFARCN1W,RUSFAR CNY 1 неделя,0.92,0.92,0.92,0.92,284746432.0,,,2,,CNY,,3,,2026-01-26,
MMIX,RUSFARCN1W,2026-01-27,RUSFARCN1W,RUSFAR CNY 1 неделя,0.83,0.83,0.83,0.83,430894214.0,,,2,,CNY,,3,,2026-01-27,
MMIX,RUSFARCN1W,2026-01-28,RUSFARCN1W,RUSFAR CNY 1 неделя,0.76,0.76,0.76,0.76,439345627.0,,,2,,CNY,,3,,2026-01-28,
MMIX,RUSFARCN1W,2026-01-29,RUSFARCN1W,RUSFAR CNY 1 неделя,0.45,0.45,0.45,0.45,39696541.0,,,2,,CNY,,3,,2026-01-29,
MMIX,RUSFARCN1W,2026-01-30,RUSFARCN1W,RUSFAR CNY 1 неделя,0.53,0.53,0.53,0.53,231284558.0,,,2,,CNY,,3,,2026-01-30,
MMIX,RUSFARCN1W,2026-02-02,RUSFARCN1W,RUSFAR CNY 1 неделя,0.71,0.71,0.71,0.71,349817836.0,,,2,,CNY,,3,,2026-02-02,
MMIX,RUSFARCN1W,2026-02-03,RUSFARCN1W,RUSFAR CNY 1 неделя,0.9,0.9,0.9,0.9,566002779.0,,,2,,CNY,,3,,2026-02-03,
MMIX,RUSFARCN1W,2026-02-04,RUSFARCN1W,RUSFAR CNY 1 неделя,0.9,0.9,0.9,0.9,788261829.0,,,2,,CNY,,3,,2026-02-04,
MMIX,RUSFARCN1W,2026-02-05,RUSFARCN1W,RUSFAR CNY 1 неделя,0.82,0.82,0.82,0.82,557046217.0,,,2,,CNY,,3,,2026-02-05,
MMIX,RUSFARCN1W,2026-02-06,RUSFARCN1W,RUSFAR CNY 1 неделя,7.21,7.21,7.21,7.21,0.0,,,2,,CNY,,3,,2026-02-06,
MMIX,RUSFARCN1W,2026-02-09,RUSFARCN1W,RUSFAR CNY 1 неделя,7.26,7.26,7.26,7.26,6324651.0,,,2,,CNY,,3,,2026-02-09,
MMIX,RUSFARCN1W,2026-02-10,RUSFARCN1W,RUSFAR CNY 1 неделя,3.56,3.56,3.56,3.56,352047598.0,,,2,,CNY,,3,,2026-02-10,
MMIX,RUSFARCN1W,2026-02-11,RUSFARCN1W,RUSFAR CNY 1 неделя,10.45,10.45,10.45,10.45,0.0,,,2,,CNY,,3,,2026-02-11,
MMIX,RUSFARCN1W,2026-02-12,RUSFARCN1W,RUSFAR CNY 1 неделя,7.18,7.18,7.18,7.18,374124448.0,,,2,,CNY,,3,,2026-02-12,
MMIX,RUSFARCN1W,2026-02-13,RUSFARCN1W,RUSFAR CNY 1 неделя,7.1,7.1,7.1,7.1,1645985083.0,,,2,,CNY,,3,,2026-02-13,
MMIX,RUSFARCN1W,2026-02-24,RUSFARCN1W,RUSFAR CNY 1 неделя,8.75,8.75,8.75,8.75,243966512.0,,,2,,CNY,,3,,2026-02-24,
MMIX,RUSFARCN1W,2026-02-25,RUSFARCN1W,RUSFAR CNY 1 неделя,9.87,9.87,9.87,9.87,356375182.0,,,2,,CNY,,3,,2026-02-25,
MMIX,RUSFARCN1W,2026-02-26,RUSFARCN1W,RUSFAR CNY 1 неделя,9.47,9.47,9.47,9.47,192310501.0,,,2,,CNY,,3,,2026-02-26,
MMIX,RUSFARCN1W,2026-02-27,RUSFARCN1W,RUSFAR CNY 1 неделя,7.37,7.37,7.37,7.37,33792139.0,,,2,,CNY,,3,,2026-02-27,
MMIX,RUSFARCN1W,2026-03-02,RUSFARCN1W,RUSFAR CNY 1 неделя,6.34,6.34,6.34,6.34,169811094.0,,,2,,CNY,,3,,2026-03-02,
MMIX,RUSFARCN1W,2026-03-03,RUSFARCN1W,RUSFAR CNY 1 неделя,5.35,5.35,5.35,5.35,491769464.0,,,2,,CNY,,3,,2026-03-03,
MMIX,RUSFARCN1W,2026-03-04,RUSFARCN1W,RUSFAR CNY 1 неделя,6.12,6.12,6.12,6.12,1176189938.0,,,2,,CNY,,3,,2026-03-04,
MMIX,RUSFARCN1W,2026-03-05,RUSFARCN1W,RUSFAR CNY 1 неделя,6.06,6.06,6.06,6.06,428725504.0,,,2,,CNY,,3,,2026-03-05,
MMIX,RUSFARCN1W,2026-03-06,RUSFARCN1W,RUSFAR CNY 1 неделя,6.49,6.49,6.49,6.49,60095282.0,,,2,,CNY,,3,,2026-03-06,
MMIX,RUSFARCN1W,2026-03-10,RUSFARCN1W,RUSFAR CNY 1 неделя,6.2,6.2,6.2,6.2,224810994.0,,,2,,CNY,,3,,2026-03-10,
MMIX,RUSFARCN1W,2026-03-11,RUSFARCN1W,RUSFAR CNY 1 неделя,7.31,7.31,7.31,7.31,554534381.0,,,2,,CNY,,3,,2026-03-11,
MMIX,RUSFARCN1W,2026-03-12,RUSFARCN1W,RUSFAR CNY 1 неделя,8.64,8.64,8.64,8.64,311991186.0,,,2,,CNY,,3,,2026-03-12,
MMIX,RUSFARCN1W,2026-03-13,RUSFARCN1W,RUSFAR CNY 1 неделя,10.56,10.56,10.56,10.56,129873171.0,,,2,,CNY,,3,,2026-03-13,
MMIX,RUSFARCN1W,2026-03-16,RUSFARCN1W,RUSFAR CNY 1 неделя,12.02,12.02,12.02,12.02,188332516.0,,,2,,CNY,,3,,2026-03-16,
MMIX,RUSFARCN1W,2026-03-17,RUSFARCN1W,RUSFAR CNY 1 неделя,13.7,13.7,13.7,13.7,147638517.0,,,2,,CNY,,3,,2026-03-17,
MMIX,RUSFARCN1W,2026-03-18,RUSFARCN1W,RUSFAR CNY 1 неделя,16.73,16.73,16.73,16.73,224341402.0,,,2,,CNY,,3,,2026-03-18,
MMIX,RUSFARCN1W,2026-03-19,RUSFARCN1W,RUSFAR CNY 1 неделя,20.95,20.95,20.95,20.95,31415116.0,,,2,,CNY,,3,,2026-03-19,
MMIX,RUSFARCN1W,2026-03-20,RUSFARCN1W,RUSFAR CNY 1 неделя,16.46,16.46,16.46,16.46,14519927.0,,,2,,CNY,,3,,2026-03-20,
MMIX,RUSFARCN1W,2026-03-23,RUSFARCN1W,RUSFAR CNY 1 неделя,8.3,8.3,8.3,8.3,163197273.0,,,2,,CNY,,3,,2026-03-23,
MMIX,RUSFARCN1W,2026-03-24,RUSFARCN1W,RUSFAR CNY 1 неделя,9.19,9.19,9.19,9.19,436267999.0,,,2,,CNY,,3,,2026-03-24,
MMIX,RUSFARCN1W,2026-03-25,RUSFARCN1W,RUSFAR CNY 1 неделя,12.59,12.59,12.59,12.59,225745004.0,,,2,,CNY,,3,,2026-03-25,
MMIX,RUSFARCN1W,2026-03-26,RUSFARCN1W,RUSFAR CNY 1 неделя,11.16,11.16,11.16,11.16,278700744.0,,,2,,CNY,,3,,2026-03-26,
MMIX,RUSFARCN1W,2026-03-27,RUSFARCN1W,RUSFAR CNY 1 неделя,9.96,9.96,9.96,9.96,435256594.0,,,2,,CNY,,3,,2026-03-27,
MMIX,RUSFARCN1W,2026-03-30,RUSFARCN1W,RUSFAR CNY 1 неделя,5.65,5.65,5.65,5.65,169301319.0,,,2,,CNY,,3,,2026-03-30,
MMIX,RUSFARCN1W,2026-03-31,RUSFARCN1W,RUSFAR CNY 1 неделя,5.15,5.15,5.15,5.15,223157551.0,,,2,,CNY,,3,,2026-03-31,
MMIX,RUSFARCN1W,2026-04-01,RUSFARCN1W,RUSFAR CNY 1 неделя,4.3,4.3,4.3,4.3,361502886.0,,,2,,CNY,,3,,2026-04-01,
MMIX,RUSFARCN1W,2026-04-02,RUSFARCN1W,RUSFAR CNY 1 неделя,5.37,5.37,5.37,5.37,259955341.0,,,2,,CNY,,3,,2026-04-02,
MMIX,RUSFARCN1W,2026-04-03,RUSFARCN1W,RUSFAR CNY 1 неделя,5.66,5.66,5.66,5.66,264354145.0,,,2,,CNY,,3,,2026-04-03,
MMIX,RUSFARCN1W,2026-04-07,RUSFARCN1W,RUSFAR CNY 1 неделя,4.16,4.16,4.16,4.16,387168091.0,,,2,,CNY,,3,,2026-04-07,
MMIX,RUSFARCN1W,2026-04-08,RUSFARCN1W,RUSFAR CNY 1 неделя,2.55,2.55,2.55,2.55,256092487.0,,,2,,CNY,,3,,2026-04-08,
MMIX,RUSFARCN1W,2026-04-09,RUSFARCN1W,RUSFAR CNY 1 неделя,1.53,1.53,1.53,1.53,184918187.0,,,2,,CNY,,3,,2026-04-09,
MMIX,RUSFARCN1W,2026-04-10,RUSFARCN1W,RUSFAR CNY 1 неделя,1.57,1.57,1.57,1.57,235875560.0,,,2,,CNY,,3,,2026-04-10,
MMIX,RUSFARCN1W,2026-04-13,RUSFARCN1W,RUSFAR CNY 1 неделя,3.21,3.21,3.21,3.21,60819363.0,,,2,,CNY,,3,,2026-04-13,
MMIX,RUSFARCN1W,2026-04-14,RUSFARCN1W,RUSFAR CNY 1 неделя,2.28,2.28,2.28,2.28,209866758.0,,,2,,CNY,,3,,2026-04-14,
MMIX,RUSFARCN1W,2026-04-15,RUSFARCN1W,RUSFAR CNY 1 неделя,1.3,1.3,1.3,1.3,74324910.0,,,2,,CNY,,3,,2026-04-15,
MMIX,RUSFARCN1W,2026-04-16,RUSFARCN1W,RUSFAR CNY 1 неделя,1.28,1.28,1.28,1.28,75204291.0,,,2,,CNY,,3,,2026-04-16,
MMIX,RUSFARCN1W,2026-04-17,RUSFARCN1W,RUSFAR CNY 1 неделя,0.94,0.94,0.94,0.94,358065886.0,,,2,,CNY,,3,,2026-04-17,
MMIX,RUSFARCN1W,2026-04-20,RUSFARCN1W,RUSFAR CNY 1 неделя,0.88,0.88,0.88,0.88,140630644.0,,,2,,CNY,,3,,2026-04-20,
MMIX,RUSFARCN1W,2026-04-21,RUSFARCN1W,RUSFAR CNY 1 неделя,0.62,0.62,0.62,0.62,339249521.0,,,2,,CNY,,3,,2026-04-21,
MMIX,RUSFARCN1W,2026-04-22,RUSFARCN1W,RUSFAR CNY 1 неделя,0.48,0.48,0.48,0.48,24489270.0,,,2,,CNY,,3,,2026-04-22,
MMIX,RUSFARCN1W,2026-04-23,RUSFARCN1W,RUSFAR CNY 1 неделя,0.37,0.37,0.37,0.37,98097213.0,,,2,,CNY,,3,,2026-04-23,
MMIX,RUSFARCN1W,2026-04-24,RUSFARCN1W,RUSFAR CNY 1 неделя,0.4,0.4,0.4,0.4,287355252.0,,,2,,CNY,,3,,2026-04-24,
MMIX,RUSFARCN1W,2026-04-27,RUSFARCN1W,RUSFAR CNY 1 неделя,0.61,0.61,0.61,0.61,117886878.0,,,2,,CNY,,3,,2026-04-27,
MMIX,RUSFARCN1W,2026-04-28,RUSFARCN1W,RUSFAR CNY 1 неделя,0.57,0.57,0.57,0.57,209049603.0,,,2,,CNY,,3,,2026-04-28,
MMIX,RUSFARCN1W,2026-04-29,RUSFARCN1W,RUSFAR CNY 1 неделя,0.54,0.54,0.54,0.54,295138274.0,,,2,,CNY,,3,,2026-04-29,
MMIX,RUSFARCN1W,2026-04-30,RUSFARCN1W,RUSFAR CNY 1 неделя,0.0,0.0,0.0,0.0,37904659.0,,,2,,CNY,,3,,2026-04-30,
MMIX,RUSFARCN1W,2026-05-06,RUSFARCN1W,RUSFAR CNY 1 неделя,0.13,0.13,0.13,0.13,711559077.0,,,2,,CNY,,3,,2026-05-06,
MMIX,RUSFARCN1W,2026-05-07,RUSFARCN1W,RUSFAR CNY 1 неделя,0.21,0.21,0.21,0.21,559713536.0,,,2,,CNY,,3,,2026-05-07,
MMIX,RUSFARCN1W,2026-05-08,RUSFARCN1W,RUSFAR CNY 1 неделя,0.24,0.24,0.24,0.24,412950888.0,,,2,,CNY,,3,,2026-05-08,
MMIX,RUSFARCN1W,2026-05-12,RUSFARCN1W,RUSFAR CNY 1 неделя,0.34,0.34,0.34,0.34,302466189.0,,,2,,CNY,,3,,2026-05-12,
MMIX,RUSFARCN1W,2026-05-13,RUSFARCN1W,RUSFAR CNY 1 неделя,0.29,0.29,0.29,0.29,638929782.0,,,2,,CNY,,3,,2026-05-13,
MMIX,RUSFARCN1W,2026-05-14,RUSFARCN1W,RUSFAR CNY 1 неделя,0.27,0.27,0.27,0.27,518819259.0,,,2,,CNY,,3,,2026-05-14,
MMIX,RUSFARCN1W,2026-05-15,RUSFARCN1W,RUSFAR CNY 1 неделя,0.24,0.24,0.24,0.24,157385846.0,,,2,,CNY,,3,,2026-05-15,
MMIX,RUSFARCN1W,2026-05-18,RUSFARCN1W,RUSFAR CNY 1 неделя,0.24,0.24,0.24,0.24,103398048.0,,,2,,CNY,,3,,2026-05-18,
MMIX,RUSFARCN1W,2026-05-19,RUSFARCN1W,RUSFAR CNY 1 неделя,0.18,0.18,0.18,0.18,158217713.0,,,2,,CNY,,3,,2026-05-19,
MMIX,RUSFARCN1W,2026-05-20,RUSFARCN1W,RUSFAR CNY 1 неделя,0.22,0.22,0.22,0.22,322810925.0,,,2,,CNY,,3,,2026-05-20,
MMIX,RUSFARCN1W,2026-05-21,RUSFARCN1W,RUSFAR CNY 1 неделя,0.19,0.19,0.19,0.19,362528182.0,,,2,,CNY,,3,,2026-05-21,
MMIX,RUSFARCN1W,2026-05-22,RUSFARCN1W,RUSFAR CNY 1 неделя,0.11,0.11,0.11,0.11,149011499.0,,,2,,CNY,,3,,2026-05-22,
MMIX,RUSFARCN1W,2026-05-25,RUSFARCN1W,RUSFAR CNY 1 неделя,0.1,0.1,0.1,0.1,101217502.0,,,2,,CNY,,3,,2026-05-25,
MMIX,RUSFARCN1W,2026-05-26,RUSFARCN1W,RUSFAR CNY 1 неделя,0.11,0.11,0.11,0.11,156140081.0,,,2,,CNY,,3,,2026-05-26,
MMIX,RUSFARCN1W,2026-05-27,RUSFARCN1W,RUSFAR CNY 1 неделя,0.37,0.37,0.37,0.37,5135597.0,,,2,,CNY,,3,,2026-05-27,
MMIX,RUSFARCN1W,2026-05-28,RUSFARCN1W,RUSFAR CNY 1 неделя,0.35,0.35,0.35,0.35,348997678.0,,,2,,CNY,,3,,2026-05-28,
MMIX,RUSFARCN1W,2026-05-29,RUSFARCN1W,RUSFAR CNY 1 неделя,0.64,0.64,0.64,0.64,266613724.0,,,2,,CNY,,3,,2026-05-29,
MMIX,RUSFARCN1W,2026-06-01,RUSFARCN1W,RUSFAR CNY 1 неделя,2.83,2.83,2.83,2.83,435963572.0,,,2,,CNY,,3,,2026-06-01,
MMIX,RUSFARCN1W,2026-06-02,RUSFARCN1W,RUSFAR CNY 1 неделя,1.15,1.15,1.15,1.15,147306143.0,,,2,,CNY,,3,,2026-06-02,
MMIX,RUSFARCN1W,2026-06-03,RUSFARCN1W,RUSFAR CNY 1 неделя,1.15,1.15,1.15,1.15,22984256.0,,,2,,CNY,,3,,2026-06-03,
MMIX,RUSFARCN1W,2026-06-04,RUSFARCN1W,RUSFAR CNY 1 неделя,0.96,0.96,0.96,0.96,678225544.0,,,2,,CNY,,3,,2026-06-04,
MMIX,RUSFARCN1W,2026-06-05,RUSFARCN1W,RUSFAR CNY 1 неделя,0.77,0.77,0.77,0.77,228552943.0,,,2,,CNY,,3,,2026-06-05,
MMIX,RUSFARCN1W,2026-06-08,RUSFARCN1W,RUSFAR CNY 1 неделя,0.59,0.59,0.59,0.59,140229427.0,,,2,,CNY,,3,,2026-06-08,
MMIX,RUSFARCN1W,2026-06-09,RUSFARCN1W,RUSFAR CNY 1 неделя,0.5,0.5,0.5,0.5,334800333.0,,,2,,CNY,,3,,2026-06-09,
MMIX,RUSFARCN1W,2026-06-10,RUSFARCN1W,RUSFAR CNY 1 неделя,0.46,0.46,0.46,0.46,335064528.0,,,2,,CNY,,3,,2026-06-10,
MMIX,RUSFARCN1W,2026-06-11,RUSFARCN1W,RUSFAR CNY 1 неделя,0.44,0.44,0.44,0.44,672758476.0,,,2,,CNY,,3,,2026-06-11,
MMIX,RUSFARCN1W,2026-06-15,RUSFARCN1W,RUSFAR CNY 1 неделя,0.22,0.22,0.22,0.22,443712088.0,,,2,,CNY,,3,,2026-06-15,
MMIX,RUSFARCN1W,2026-06-16,RUSFARCN1W,RUSFAR CNY 1 неделя,1.53,1.53,1.53,1.53,221643304.0,,,2,,CNY,,3,,2026-06-16,
MMIX,RUSFARCN1W,2026-06-17,RUSFARCN1W,RUSFAR CNY 1 неделя,1.92,1.92,1.92,1.92,297563260.0,,,2,,CNY,,3,,2026-06-17,
MMIX,RUSFARCN1W,2026-06-18,RUSFARCN1W,RUSFAR CNY 1 неделя,3.68,3.68,3.68,3.68,382109975.0,,,2,,CNY,,3,,2026-06-18,
MMIX,RUSFARCN1W,2026-06-22,RUSFARCN1W,RUSFAR CNY 1 неделя,4.31,4.31,4.31,4.31,328658514.0,,,2,,CNY,,3,,2026-06-22,
MMIX,RUSFARCN1W,2026-06-23,RUSFARCN1W,RUSFAR CNY 1 неделя,5.6,5.6,5.6,5.6,567202716.0,,,2,,CNY,,3,,2026-06-23,
MMIX,RUSFARCN1W,2026-06-24,RUSFARCN1W,RUSFAR CNY 1 неделя,2.46,2.46,2.46,2.46,401636623.0,,,2,,CNY,,3,,2026-06-24,
MMIX,RUSFARCN1W,2026-06-25,RUSFARCN1W,RUSFAR CNY 1 неделя,2.85,2.85,2.85,2.85,330956500.0,,,2,,CNY,,3,,2026-06-25,
MMIX,RUSFARCN1W,2026-06-26,RUSFARCN1W,RUSFAR CNY 1 неделя,2.15,2.15,2.15,2.15,131849643.0,,,2,,CNY,,3,,2026-06-26,
MMIX,RUSFARCN1W,2026-06-29,RUSFARCN1W,RUSFAR CNY 1 неделя,1.4,1.4,1.4,1.4,355633527.0,,,2,,CNY,,3,,2026-06-29,
MMIX,RUSFARCN1W,2026-06-30,RUSFARCN1W,RUSFAR CNY 1 неделя,1.06,1.06,1.06,1.06,288326868.0,,,2,,CNY,,3,,2026-06-30,
MMIX,RUSFARCN1W,2026-07-01,RUSFARCN1W,RUSFAR CNY 1 неделя,1.09,1.09,1.09,1.09,252770785.0,,,2,,CNY,,3,,2026-07-01,
MMIX,RUSFARCN1W,2026-07-02,RUSFARCN1W,RUSFAR CNY 1 неделя,1.59,1.59,1.59,1.59,476769409.0,,,2,,CNY,,3,,2026-07-02,
MMIX,RUSFARCN1W,2026-07-03,RUSFARCN1W,RUSFAR CNY 1 неделя,1.64,1.64,1.64,1.64,183777588.0,,,2,,CNY,,3,,2026-07-03,
MMIX,RUSFARCN1W,2026-07-06,RUSFARCN1W,RUSFAR CNY 1 неделя,1.35,1.35,1.35,1.35,398047104.0,,,2,,CNY,,3,,2026-07-06,
MMIX,RUSFARCN1W,2026-07-07,RUSFARCN1W,RUSFAR CNY 1 неделя,1.02,1.02,1.02,1.02,257605495.0,,,2,,CNY,,3,,2026-07-07,
MMIX,RUSFARCN1W,2026-07-08,RUSFARCN1W,RUSFAR CNY 1 неделя,1.13,1.13,1.13,1.13,404488058.0,,,2,,CNY,,3,,2026-07-08,
MMIX,RUSFARCN1W,2026-07-09,RUSFARCN1W,RUSFAR CNY 1 неделя,1.48,1.48,1.48,1.48,302204004.0,,,2,,CNY,,3,,2026-07-09,
MMIX,RUSFARCN1W,2026-07-10,RUSFARCN1W,RUSFAR CNY 1 неделя,1.87,1.87,1.87,1.87,316211575.0,,,2,,CNY,,3,,2026-07-10,
MMIX,RUSFARCN1W,2026-07-13,RUSFARCN1W,RUSFAR CNY 1 неделя,1.79,1.79,1.79,1.79,344293835.0,,,2,,CNY,,3,,2026-07-13,
MMIX,RUSFARCN1W,2026-07-14,RUSFARCN1W,RUSFAR CNY 1 неделя,2.23,2.23,2.23,2.23,248331321.0,,,2,,CNY,,3,,2026-07-14,
MMIX,RUSFARCN1W,2026-07-15,RUSFARCN1W,RUSFAR CNY 1 неделя,2.04,2.04,2.04,2.04,249404435.0,,,2,,CNY,,3,,2026-07-15,
MMIX,RUSFARCN1W,2026-07-16,RUSFARCN1W,RUSFAR CNY 1 неделя,3.63,3.63,3.63,3.63,175337692.0,,,2,,CNY,,3,,2026-07-16,
MMIX,RUSFARCN1W,2026-07-17,RUSFARCN1W,RUSFAR CNY 1 неделя,2.9,2.9,2.9,2.9,277981186.0,,,2,,CNY,,3,,2026-07-17,
