BOARDID,TRADEDATE,SECID,OPEN,LOW,HIGH,CLOSE,OPENPOSITIONVALUE,VALUE,VOLUME,OPENPOSITION,SETTLEPRICE,SWAPRATE,WAPRICE,CHANGE,QTY,NUMTRADES,SHORTNAME,ASSETCODE
RFUD,2022-07-01,CRZ2,8.66,8.65,9.57,9.39,31378600.0,14005070.0,1518.0,3356,9.35,,9.23,7.07,3.0,435,CNY-12.22,CNY
RFUD,2022-07-04,CRZ2,9.45,9.19,9.54,9.34,33942540.0,6369310.0,680.0,3638,9.33,,9.37,-0.53,5.0,240,CNY-12.22,CNY
RFUD,2022-07-05,CRZ2,9.36,9.36,9.99,9.92,38227900.0,8928450.0,917.0,3842,9.95,,9.74,6.21,3.0,248,CNY-12.22,CNY
RFUD,2022-07-06,CRZ2,10.02,9.92,10.3,10.18,36126720.0,6480050.0,643.0,3528,10.24,,10.08,2.62,17.0,196,CNY-12.22,CNY
RFUD,2022-07-07,CRZ2,10.28,9.92,10.28,10.06,36779360.0,3865240.0,382.0,3656,10.06,,10.12,-1.18,2.0,112,CNY-12.22,CNY
RFUD,2022-07-08,CRZ2,9.94,9.71,9.94,9.86,36521440.0,2981000.0,304.0,3704,9.86,,9.8,-1.99,1.0,91,CNY-12.22,CNY
RFUD,2022-07-11,CRZ2,9.82,9.46,9.88,9.48,39853920.0,5184100.0,533.0,4204,9.48,,9.73,-3.85,1.0,158,CNY-12.22,CNY
RFUD,2022-07-12,CRZ2,9.46,9.14,9.48,9.44,41674080.0,5341640.0,572.0,4424,9.42,,9.34,-0.42,3.0,207,CNY-12.22,CNY
RFUD,2022-07-13,CRZ2,9.38,9.26,9.45,9.27,43755900.0,3685730.0,395.0,4710,9.29,,9.33,-1.8,1.0,180,CNY-12.22,CNY
RFUD,2022-07-14,CRZ2,9.25,9.17,9.31,9.3,53847000.0,8409530.0,907.0,5790,9.3,,9.27,0.32,4.0,325,CNY-12.22,CNY
RFUD,2022-07-15,CRZ2,9.28,9.01,9.39,9.19,68830020.0,18954870.0,2050.0,7506,9.17,,9.25,-1.18,1.0,361,CNY-12.22,CNY
RFUD,2022-07-18,CRZ2,9.18,8.95,9.2,9.02,70951320.0,3629960.0,402.0,7866,9.02,,9.03,-1.85,7.0,131,CNY-12.22,CNY
RFUD,2022-07-19,CRZ2,9.02,8.76,9.02,8.9,111303400.0,27082380.0,3045.0,12506,8.9,,8.89,-1.33,1.0,726,CNY-12.22,CNY
RFUD,2022-07-20,CRZ2,8.96,8.73,8.96,8.75,142502500.0,22818970.0,2607.0,16286,8.75,,8.75,-1.69,1.0,182,CNY-12.22,CNY
RFUD,2022-07-21,CRZ2,8.75,8.72,9.27,9.1,162292860.0,29094260.0,3229.0,17854,9.09,,9.01,4.0,10.0,549,CNY-12.22,CNY
RFUD,2022-07-22,CRZ2,9.05,9.01,9.25,9.09,301660740.0,120848980.0,13232.0,33186,9.09,,9.13,-0.11,5.0,705,CNY-12.22,CNY
RFUD,2022-07-25,CRZ2,9.08,9.07,9.27,9.26,345823960.0,34512350.0,3739.0,37346,9.26,,9.23,1.87,1.0,322,CNY-12.22,CNY
RFUD,2022-07-26,CRZ2,9.25,9.25,9.73,9.72,415510560.0,47973020.0,5062.0,42748,9.72,,9.48,4.97,4.0,465,CNY-12.22,CNY
RFUD,2022-07-27,CRZ2,9.78,9.44,9.9,9.58,506590400.0,114732280.0,11957.0,52880,9.58,,9.59,-1.44,1.0,992,CNY-12.22,CNY
RFUD,2022-07-28,CRZ2,9.58,9.46,9.77,9.7,636665280.0,73089460.0,7578.0,65568,9.71,,9.69,1.25,5.0,514,CNY-12.22,CNY
RFUD,2022-07-29,CRZ2,9.75,9.67,9.93,9.89,869528800.0,172013850.0,17567.0,87920,9.89,,9.85,1.96,2.0,785,CNY-12.22,CNY
RFUD,2022-08-01,CRZ2,9.91,9.46,10.07,9.6,1366215260.0,362284570.0,36609.0,142166,9.61,,9.82,-2.93,3.0,1878,CNY-12.22,CNY
RFUD,2022-08-02,CRZ2,9.61,9.47,9.67,9.62,1770028800.0,340458120.0,35465.0,184378,9.6,,9.58,0.21,2.0,1843,CNY-12.22,CNY
RFUD,2022-08-03,CRZ2,9.63,9.53,9.7,9.65,3665783520.0,1079888270.0,112288.0,380268,9.64,,9.59,0.31,17.0,1853,CNY-12.22,CNY
RFUD,2022-08-04,CRZ2,9.65,9.49,9.7,9.56,4395401200.0,503814760.0,52510.0,459770,9.56,,9.57,-0.93,1.0,2050,CNY-12.22,CNY
RFUD,2022-08-05,CRZ2,9.59,9.53,9.78,9.72,6282658080.0,1019222850.0,105405.0,646364,9.72,,9.67,1.67,9.0,1482,CNY-12.22,CNY
RFUD,2022-08-08,CRZ2,9.75,9.57,9.77,9.71,9971529140.0,2113972440.0,217289.0,1026934,9.71,,9.65,-0.1,2.0,2238,CNY-12.22,CNY
RFUD,2022-08-09,CRZ2,9.71,9.49,9.75,9.56,11279729280.0,1077107670.0,111487.0,1179888,9.56,,9.61,-1.54,10.0,2744,CNY-12.22,CNY
RFUD,2022-08-10,CRZ2,9.56,9.53,9.63,9.62,12097958080.0,597677910.0,62301.0,1257584,9.62,,9.59,0.63,2.0,1796,CNY-12.22,CNY
RFUD,2022-08-11,CRZ2,9.64,9.52,9.66,9.62,14151077720.0,1597118660.0,166539.0,1471006,9.62,,9.59,0.0,47.0,3260,CNY-12.22,CNY
RFUD,2022-08-12,CRZ2,9.6,9.43,9.61,9.49,14413279140.0,1191086980.0,124600.0,1518786,9.49,,9.56,-1.35,60.0,2328,CNY-12.22,CNY
RFUD,2022-08-15,CRZ2,9.5,9.47,9.57,9.51,14462745920.0,188545370.0,19787.0,1519196,9.52,,9.53,0.21,1.0,957,CNY-12.22,CNY
RFUD,2022-08-16,CRZ2,9.52,9.38,9.54,9.41,14559773060.0,289996350.0,30681.0,1547266,9.41,,9.45,-1.05,10.0,1056,CNY-12.22,CNY
RFUD,2022-08-17,CRZ2,9.39,9.24,9.44,9.3,14467210200.0,222437210.0,23837.0,1555614,9.3,,9.33,-1.17,5.0,1203,CNY-12.22,CNY
RFUD,2022-08-18,CRZ2,9.31,9.04,9.35,9.15,14222156100.0,420058240.0,45878.0,1554334,9.15,,9.16,-1.61,3.0,2514,CNY-12.22,CNY
RFUD,2022-08-19,CRZ2,9.14,8.87,9.14,8.95,14152768000.0,498535380.0,55533.0,1579550,8.96,,8.98,-2.19,3.0,2777,CNY-12.22,CNY
RFUD,2022-08-22,CRZ2,8.97,8.94,9.14,9.04,14486889280.0,341047600.0,37741.0,1602532,9.04,,9.04,1.01,5.0,2167,CNY-12.22,CNY
RFUD,2022-08-23,CRZ2,9.04,8.85,9.1,9.04,14846825920.0,509927340.0,56518.0,1642348,9.04,,9.02,0.0,19.0,2735,CNY-12.22,CNY
RFUD,2022-08-24,CRZ2,9.05,9.01,9.09,9.06,14999464200.0,226413310.0,25014.0,1655570,9.06,,9.05,0.22,10.0,1195,CNY-12.22,CNY
RFUD,2022-08-25,CRZ2,9.06,8.98,9.08,9.04,14931827400.0,670900510.0,74323.0,1653580,9.03,,9.03,-0.22,9.0,2709,CNY-12.22,CNY
RFUD,2022-08-26,CRZ2,9.04,9.0,9.07,9.06,14858218800.0,252993430.0,28023.0,1639980,9.06,,9.03,0.22,1.0,901,CNY-12.22,CNY
RFUD,2022-08-29,CRZ2,9.06,8.96,9.09,9.0,14669361200.0,381474830.0,42375.0,1628120,9.01,,9.0,-0.66,1.0,2039,CNY-12.22,CNY
RFUD,2022-08-30,CRZ2,9.01,8.92,9.03,8.93,11669795440.0,2060271120.0,229194.0,1306808,8.93,,8.98,-0.78,5.0,2713,CNY-12.22,CNY
RFUD,2022-08-31,CRZ2,8.93,8.85,9.05,8.97,11016646040.0,1080396330.0,120857.0,1226798,8.98,,8.96,0.45,5.0,2494,CNY-12.22,CNY
RFUD,2022-09-01,CRZ2,8.98,8.95,9.03,8.99,11938072720.0,876758460.0,97429.0,1327928,8.99,,9.0,0.22,5.0,2409,CNY-12.22,CNY
RFUD,2022-09-02,CRZ2,9.0,8.98,9.09,9.07,12326564880.0,480341940.0,53264.0,1360548,9.06,,9.02,0.89,1.0,1698,CNY-12.22,CNY
RFUD,2022-09-05,CRZ2,9.07,9.0,9.14,9.03,13763670480.0,1821004430.0,201046.0,1524216,9.03,,9.06,-0.44,10.0,6870,CNY-12.22,CNY
RFUD,2022-09-06,CRZ2,9.03,8.97,9.05,9.02,13765459980.0,1292856970.0,143620.0,1527798,9.01,,9.0,-0.11,1.0,3384,CNY-12.22,CNY
RFUD,2022-09-07,CRZ2,9.02,8.96,9.06,8.99,12910143440.0,1840656520.0,204740.0,1436056,8.99,,8.99,-0.33,1.0,3672,CNY-12.22,CNY
RFUD,2022-09-08,CRZ2,9.0,8.94,9.01,8.98,14766740260.0,2090924150.0,232779.0,1642574,8.99,,8.98,-0.11,141.0,3890,CNY-12.22,CNY
RFUD,2022-09-09,CRZ2,9.0,8.95,9.01,8.98,16053070800.0,2793544360.0,311049.0,1789640,8.97,,8.98,0.0,1.0,3327,CNY-12.22,CNY
RFUD,2022-09-12,CRZ2,8.97,8.93,9.03,8.98,17079475080.0,2028211850.0,226168.0,1901946,8.98,,8.97,0.0,1.0,4399,CNY-12.22,CNY
RFUD,2022-09-13,CRZ2,8.98,8.78,9.0,8.85,18819719700.0,3672360010.0,413629.0,2126522,8.85,,8.88,-1.45,85.0,9053,CNY-12.22,CNY
RFUD,2022-09-14,CRZ2,8.84,8.77,8.85,8.82,19606754160.0,2025753510.0,230043.0,2222988,8.82,,8.81,-0.34,30.0,6893,CNY-12.22,CNY
RFUD,2022-09-15,CRZ2,8.82,8.73,8.84,8.8,21749511300.0,3790610140.0,431674.0,2468730,8.81,,8.78,-0.23,1.0,9963,CNY-12.22,CNY
RFUD,2022-09-16,CRZ2,8.81,8.74,8.84,8.77,23189244240.0,3460138840.0,394545.0,2647174,8.76,,8.77,-0.34,1.0,9651,CNY-12.22,CNY
RFUD,2022-09-19,CRZ2,8.77,8.74,8.84,8.79,22662672600.0,3595198540.0,409706.0,2581170,8.78,,8.78,0.23,1.0,8911,CNY-12.22,CNY
RFUD,2022-09-20,CRZ2,8.79,8.73,8.85,8.85,28956498480.0,7548653770.0,859304.0,3275622,8.84,,8.78,0.68,45.0,14510,CNY-12.22,CNY
RFUD,2022-09-21,CRZ2,8.85,8.74,9.1,8.79,29201048040.0,7767920970.0,876737.0,3322076,8.79,,8.86,-0.68,246.0,25744,CNY-12.22,CNY
RFUD,2022-09-22,CRZ2,8.79,8.48,8.8,8.53,29657165760.0,5706442270.0,662480.0,3480888,8.52,,8.61,-2.96,2.0,19326,CNY-12.22,CNY
RFUD,2022-09-23,CRZ2,8.52,8.12,8.56,8.26,29998134880.0,8209130420.0,990103.0,3627344,8.27,,8.29,-3.16,16.0,27007,CNY-12.22,CNY
RFUD,2022-09-26,CRZ2,8.27,8.22,8.35,8.32,32117914360.0,4985904200.0,600956.0,3855692,8.33,,8.3,0.73,10.0,17419,CNY-12.22,CNY
RFUD,2022-09-27,CRZ2,8.32,8.28,8.39,8.37,34548129180.0,3786467830.0,454583.0,4127614,8.37,,8.33,0.6,10.0,10042,CNY-12.22,CNY
RFUD,2022-09-28,CRZ2,8.38,8.19,8.46,8.24,37345690560.0,6638877540.0,800048.0,4532244,8.24,,8.3,-1.55,5.0,20714,CNY-12.22,CNY
RFUD,2022-09-29,CRZ2,8.25,8.11,8.36,8.34,39676839580.0,8890699880.0,1079581.0,4763126,8.33,,8.24,1.21,50.0,27658,CNY-12.22,CNY
RFUD,2022-09-30,CRZ2,8.33,8.22,8.72,8.48,38750903360.0,14767183640.0,1760247.0,4569682,8.48,,8.39,1.68,5.0,41833,CNY-12.22,CNY
RFUD,2022-10-03,CRZ2,8.51,8.25,8.7,8.46,46079849200.0,15235301230.0,1816641.0,5440360,8.47,,8.39,-0.24,1.0,48812,CNY-12.22,CNY
RFUD,2022-10-04,CRZ2,8.47,8.35,8.51,8.41,47350391300.0,6619720830.0,787098.0,5643670,8.39,,8.41,-0.59,2.0,22040,CNY-12.22,CNY
RFUD,2022-10-05,CRZ2,8.41,8.35,8.75,8.73,45188522820.0,9610332620.0,1121515.0,5176234,8.73,,8.57,3.81,3.0,28476,CNY-12.22,CNY
RFUD,2022-10-06,CRZ2,8.72,8.63,8.84,8.68,49189403760.0,14486808800.0,1659022.0,5666982,8.68,,8.732,-0.57,1.0,29720,CNY-12.22,CNY
RFUD,2022-10-07,CRZ2,8.68,8.61,8.787,8.637,49871531520.0,8360361133.0,959933.0,5772168,8.64,,8.709,-0.5,2.0,38832,CNY-12.22,CNY
RFUD,2022-10-10,CRZ2,8.63,8.615,8.835,8.8,51640184336.0,10579165608.0,1209099.0,5867536,8.801,,8.75,1.89,2.0,43756,CNY-12.22,CNY
RFUD,2022-10-11,CRZ2,8.8,8.781,8.922,8.818,52598173972.0,9948155760.0,1121345.0,5964188,8.819,,8.872,0.21,80.0,38464,CNY-12.22,CNY
RFUD,2022-10-12,CRZ2,8.825,8.682,8.961,8.8,53768002106.0,16661460838.0,1892255.0,6109306,8.801,,8.805,-0.2,2.0,73523,CNY-12.22,CNY
RFUD,2022-10-13,CRZ2,8.793,8.761,8.846,8.785,52734714180.0,7997181706.0,908263.0,6002130,8.786,,8.805,-0.17,9.0,33036,CNY-12.22,CNY
RFUD,2022-10-14,CRZ2,8.786,8.692,8.83,8.723,50710178988.0,9317507726.0,1062738.0,5814054,8.722,,8.767,-0.71,4.0,39854,CNY-12.22,CNY
RFUD,2022-10-17,CRZ2,8.718,8.563,8.723,8.618,49974144096.0,9883159769.0,1145369.0,5800156,8.616,,8.629,-1.2,13.0,40295,CNY-12.22,CNY
RFUD,2022-10-18,CRZ2,8.618,8.571,8.647,8.614,49563162336.0,6299030847.0,732009.0,5755128,8.612,,8.605,-0.05,210.0,27987,CNY-12.22,CNY
RFUD,2022-10-19,CRZ2,8.61,8.504,8.668,8.549,47926183046.0,10063510646.0,1175881.0,5604746,8.551,,8.558,-0.76,22.0,37212,CNY-12.22,CNY
RFUD,2022-10-20,CRZ2,8.544,8.498,8.562,8.516,47994078564.0,6510416343.0,763000.0,5635092,8.517,,8.533,-0.39,1.0,26704,CNY-12.22,CNY
RFUD,2022-10-21,CRZ2,8.516,8.385,8.521,8.397,48740981344.0,9727247976.0,1151689.0,5799736,8.404,,8.446,-1.4,20.0,36265,CNY-12.22,CNY
RFUD,2022-10-24,CRZ2,8.397,8.388,8.447,8.414,48788309440.0,7478187480.0,888474.0,5797090,8.416,,8.417,0.2,9.0,31861,CNY-12.22,CNY
RFUD,2022-10-25,CRZ2,8.414,8.392,8.52,8.496,50626491552.0,8825271496.0,1046093.0,5958862,8.496,,8.436,0.97,1.0,34262,CNY-12.22,CNY
RFUD,2022-10-26,CRZ2,8.5,8.498,8.6,8.582,50960362264.0,8644571369.0,1008954.0,5938052,8.582,,8.568,1.01,8.0,35136,CNY-12.22,CNY
RFUD,2022-10-27,CRZ2,8.585,8.491,8.645,8.56,50756444490.0,8258803385.0,967008.0,5931570,8.557,,8.541,-0.26,16.0,37727,CNY-12.22,CNY
RFUD,2022-10-28,CRZ2,8.559,8.46,8.563,8.501,50104462512.0,8616789829.0,1012185.0,5893256,8.502,,8.513,-0.69,1.0,35697,CNY-12.22,CNY
RFUD,2022-10-31,CRZ2,8.505,8.441,8.549,8.468,52714934802.0,9753218392.0,1149303.0,6224458,8.469,,8.486,-0.39,2.0,35976,CNY-12.22,CNY
RFUD,2022-11-01,CRZ2,8.471,8.456,8.514,8.485,52170147470.0,6636284519.0,781285.0,6144170,8.491,,8.494,0.2,21.0,25389,CNY-12.22,CNY
RFUD,2022-11-02,CRZ2,8.491,8.478,8.524,8.494,51749890884.0,5461562308.0,642248.0,6090372,8.497,,8.504,0.11,16.0,23533,CNY-12.22,CNY
RFUD,2022-11-03,CRZ2,8.5,8.473,8.547,8.487,52589490116.0,7875605766.0,925821.0,6197206,8.486,,8.507,-0.08,18.0,29797,CNY-12.22,CNY
RFUD,2022-11-07,CRZ2,8.486,8.484,8.54,8.496,52846802602.0,6711630955.0,788783.0,6219466,8.497,,8.51,0.11,10.0,22511,CNY-12.22,CNY
RFUD,2022-11-08,CRZ2,8.498,8.421,8.501,8.449,53198745600.0,5241268788.0,620261.0,6297200,8.448,,8.45,-0.55,5.0,22117,CNY-12.22,CNY
RFUD,2022-11-09,CRZ2,8.449,8.429,8.546,8.53,53869151960.0,8046936759.0,947751.0,6317480,8.527,,8.491,0.96,19.0,29258,CNY-12.22,CNY
RFUD,2022-11-10,CRZ2,8.527,8.416,8.56,8.467,54330411954.0,8907677846.0,1051449.0,6419758,8.463,,8.472,-0.74,1.0,35111,CNY-12.22,CNY
RFUD,2022-11-11,CRZ2,8.47,8.443,8.54,8.526,49489576248.0,10288213256.0,1209732.0,5804548,8.526,,8.509,0.7,2.0,39686,CNY-12.22,CNY
RFUD,2022-11-14,CRZ2,8.524,8.515,8.626,8.579,46665005418.0,21034043054.0,2444404.0,5438178,8.581,,8.605,0.62,83.0,74244,CNY-12.22,CNY
RFUD,2022-11-15,CRZ2,8.582,8.553,8.62,8.606,46391444400.0,6882945638.0,801781.0,5394354,8.6,,8.585,0.32,74.0,27558,CNY-12.22,CNY
RFUD,2022-11-16,CRZ2,8.606,8.514,8.61,8.539,45987587166.0,6690182012.0,782095.0,5385594,8.539,,8.554,-0.78,1.0,24763,CNY-12.22,CNY
RFUD,2022-11-17,CRZ2,8.538,8.477,8.548,8.507,46740146040.0,4893263187.0,575673.0,5495608,8.505,,8.5,-0.38,1.0,18822,CNY-12.22,CNY
RFUD,2022-11-18,CRZ2,8.507,8.499,8.557,8.552,45914302378.0,6162260494.0,722850.0,5370722,8.549,,8.525,0.53,8.0,19060,CNY-12.22,CNY
RFUD,2022-11-21,CRZ2,8.553,8.503,8.563,8.518,46137508836.0,4977886727.0,584148.0,5417108,8.517,,8.522,-0.4,90.0,19684,CNY-12.22,CNY
RFUD,2022-11-22,CRZ2,8.516,8.502,8.535,8.507,44957105784.0,4453598907.0,523066.0,5284098,8.508,,8.514,-0.13,1.0,13666,CNY-12.22,CNY
RFUD,2022-11-23,CRZ2,8.508,8.456,8.511,8.485,45551756440.0,5850842207.0,690192.0,5368504,8.485,,8.477,-0.26,5.0,17031,CNY-12.22,CNY
RFUD,2022-11-24,CRZ2,8.484,8.461,8.499,8.494,46140704544.0,4596938026.0,542243.0,5433432,8.492,,8.478,0.11,4.0,16761,CNY-12.22,CNY
RFUD,2022-11-25,CRZ2,8.493,8.454,8.495,8.46,47899510450.0,5246393751.0,619924.0,5662550,8.459,,8.463,-0.4,10.0,14863,CNY-12.22,CNY
RFUD,2022-11-28,CRZ2,8.46,8.433,8.481,8.473,48137587116.0,4537091239.0,536719.0,5681292,8.473,,8.453,0.15,1.0,15603,CNY-12.22,CNY
RFUD,2022-11-29,CRZ2,8.475,8.463,8.56,8.501,45378814056.0,10944160753.0,1285264.0,5338056,8.501,,8.515,0.33,10.0,27295,CNY-12.22,CNY
RFUD,2022-11-30,CRZ2,8.503,8.499,8.618,8.617,42055440840.0,9648449364.0,1125728.0,4880520,8.617,,8.571,1.36,10.0,30211,CNY-12.22,CNY
RFUD,2022-12-01,CRZ2,8.618,8.596,8.748,8.735,39370846220.0,11045926579.0,1271425.0,4507252,8.735,,8.688,1.37,2.0,32826,CNY-12.22,CNY
RFUD,2022-12-02,CRZ2,8.732,8.721,8.849,8.828,36533842440.0,14663719107.0,1666940.0,4137468,8.83,,8.797,1.06,10.0,36154,CNY-12.22,CNY
RFUD,2022-12-05,CRZ2,8.826,8.816,8.991,8.946,35198264408.0,13201874389.0,1476099.0,3933646,8.948,0.0,8.944,1.34,83.0,42659,CNY-12.22,CNY
RFUD,2022-12-06,CRZ2,8.947,8.866,9.045,8.974,33901364640.0,10919258976.0,1216488.0,3776890,8.976,0.0,8.976,0.31,2.0,40060,CNY-12.22,CNY
RFUD,2022-12-07,CRZ2,8.978,8.947,9.067,9.016,32017813812.0,9040940992.0,1004010.0,3550434,9.018,0.0,9.005,0.47,1.0,32720,CNY-12.22,CNY
RFUD,2022-12-08,CRZ2,9.02,8.938,9.054,9.018,29743149564.0,9520475195.0,1058797.0,3298198,9.018,0.0,8.992,0.02,5.0,32257,CNY-12.22,CNY
RFUD,2022-12-09,CRZ2,9.016,8.954,9.043,8.985,28049575280.0,7883896413.0,877989.0,3122170,8.984,0.0,8.979,-0.37,2.0,24227,CNY-12.22,CNY
RFUD,2022-12-12,CRZ2,8.983,8.94,9.023,9.004,25623889336.0,6288324128.0,699455.0,2845834,9.004,0.0,8.99,0.21,20.0,22775,CNY-12.22,CNY
RFUD,2022-12-13,CRZ2,9.005,8.987,9.077,9.045,19588027480.0,10965305467.0,1212609.0,2165380,9.046,0.0,9.043,0.46,1.0,27635,CNY-12.22,CNY
RFUD,2022-12-14,CRZ2,9.043,9.038,9.198,9.179,14267120148.0,11391887621.0,1248362.0,1553814,9.182,0.0,9.126,1.48,16.0,31899,CNY-12.22,CNY
RFUD,2022-12-15,CRZ2,9.177,9.131,9.261,9.159,0.0,5237373053.0,569400.0,0,9.1581,0.0,9.198,-0.22,217.0,12131,CNY-12.22,CNY
RFUD,2022-08-15,CRH3,10.16,10.16,10.16,10.16,20140.0,10160.0,1.0,2,10.07,,10.16,,1.0,1,CNY-3.23,CNY
RFUD,2022-08-16,CRH3,9.86,9.86,10.0,10.0,59640.0,29860.0,3.0,6,9.94,,9.95,-1.57,1.0,3,CNY-3.23,CNY
RFUD,2022-08-17,CRH3,9.93,9.93,9.93,9.93,78400.0,9930.0,1.0,8,9.8,,9.93,-0.7,1.0,1,CNY-3.23,CNY
RFUD,2022-08-18,CRH3,9.65,9.55,9.65,9.55,1323420.0,620900.0,65.0,138,9.59,,9.55,-3.83,2.0,5,CNY-3.23,CNY
RFUD,2022-08-19,CRH3,9.46,9.4,9.46,9.4,1488240.0,84780.0,9.0,156,9.54,,9.42,-1.57,1.0,4,CNY-3.23,CNY
RFUD,2022-08-22,CRH3,9.45,9.36,9.45,9.36,1759680.0,150570.0,16.0,188,9.36,,9.41,-0.43,5.0,4,CNY-3.23,CNY
RFUD,2022-08-23,CRH3,,,,,1778480.0,,,188,9.46,,,,,0,CNY-3.23,CNY
RFUD,2022-08-24,CRH3,9.35,9.31,9.35,9.33,1977960.0,139950.0,15.0,212,9.33,,9.33,,5.0,5,CNY-3.23,CNY
RFUD,2022-08-25,CRH3,9.47,9.47,9.47,9.47,2100120.0,47350.0,5.0,222,9.46,,9.47,1.5,5.0,1,CNY-3.23,CNY
RFUD,2022-08-26,CRH3,9.31,9.3,9.45,9.45,2475900.0,187550.0,20.0,262,9.45,,9.38,-0.21,10.0,3,CNY-3.23,CNY
RFUD,2022-08-29,CRH3,9.4,9.4,9.4,9.4,2554080.0,47000.0,5.0,272,9.39,,9.4,-0.53,3.0,2,CNY-3.23,CNY
RFUD,2022-08-30,CRH3,9.25,9.25,9.25,9.25,2534500.0,9250.0,1.0,274,9.25,,9.25,-1.6,1.0,1,CNY-3.23,CNY
RFUD,2022-08-31,CRH3,9.1,9.1,9.22,9.18,4371120.0,1028300.0,112.0,468,9.34,,9.18,-0.76,10.0,13,CNY-3.23,CNY
RFUD,2022-09-01,CRH3,9.38,9.3,9.38,9.3,4371000.0,18680.0,2.0,470,9.3,,9.34,1.31,1.0,2,CNY-3.23,CNY
RFUD,2022-09-02,CRH3,9.47,9.24,9.49,9.49,5070560.0,577370.0,61.0,536,9.46,,9.47,2.04,5.0,20,CNY-3.23,CNY
RFUD,2022-09-05,CRH3,9.32,9.3,9.32,9.3,5747400.0,381320.0,41.0,618,9.3,,9.3,-2.0,40.0,2,CNY-3.23,CNY
RFUD,2022-09-06,CRH3,9.25,9.14,9.25,9.22,5716400.0,736550.0,80.0,620,9.22,,9.21,-0.86,10.0,13,CNY-3.23,CNY
RFUD,2022-09-07,CRH3,9.27,9.27,9.39,9.27,6118200.0,204060.0,22.0,660,9.27,,9.28,0.54,20.0,3,CNY-3.23,CNY
RFUD,2022-09-08,CRH3,9.39,9.39,9.39,9.39,6158880.0,9390.0,1.0,658,9.36,,9.39,1.29,1.0,1,CNY-3.23,CNY
RFUD,2022-09-09,CRH3,9.34,9.34,9.34,9.34,6318960.0,93400.0,10.0,678,9.32,,9.34,-0.53,10.0,1,CNY-3.23,CNY
RFUD,2022-09-12,CRH3,9.33,9.23,9.33,9.23,7927920.0,860010.0,93.0,858,9.24,,9.25,-1.18,1.0,10,CNY-3.23,CNY
RFUD,2022-09-13,CRH3,9.25,9.07,9.25,9.1,9282000.0,1332170.0,146.0,1020,9.1,,9.12,-1.41,5.0,29,CNY-3.23,CNY
RFUD,2022-09-14,CRH3,9.1,8.93,9.12,9.0,34560000.0,18339080.0,2034.0,3840,9.0,,9.02,-1.1,2.0,212,CNY-3.23,CNY
RFUD,2022-09-15,CRH3,9.01,8.94,9.04,9.03,41086500.0,9754270.0,1086.0,4550,9.03,,8.98,0.33,4.0,167,CNY-3.23,CNY
RFUD,2022-09-16,CRH3,9.02,8.92,9.04,8.94,402264240.0,208094100.0,23224.0,44996,8.94,,8.96,-1.0,2.0,388,CNY-3.23,CNY
RFUD,2022-09-19,CRH3,8.95,8.93,9.01,8.97,404529060.0,9443660.0,1054.0,45098,8.97,,8.96,0.34,1.0,146,CNY-3.23,CNY
RFUD,2022-09-20,CRH3,8.98,8.92,9.04,9.03,422620000.0,22454160.0,2505.0,46750,9.04,,8.96,0.67,10.0,199,CNY-3.23,CNY
RFUD,2022-09-21,CRH3,9.05,8.95,9.27,8.98,416743840.0,78340540.0,8699.0,46408,8.98,,9.01,-0.55,58.0,375,CNY-3.23,CNY
RFUD,2022-09-22,CRH3,8.97,8.67,8.97,8.72,402410560.0,34261340.0,3896.0,46148,8.72,,8.79,-2.9,1.0,295,CNY-3.23,CNY
RFUD,2022-09-23,CRH3,8.71,8.3,8.75,8.41,384069880.0,105376440.0,12441.0,45614,8.42,,8.47,-3.55,3.0,763,CNY-3.23,CNY
RFUD,2022-09-26,CRH3,8.46,8.4,8.52,8.5,384200000.0,70627940.0,8334.0,45200,8.5,,8.47,1.07,15.0,513,CNY-3.23,CNY
RFUD,2022-09-27,CRH3,8.5,8.45,8.57,8.56,399152800.0,12253180.0,1440.0,46630,8.56,,8.51,0.71,6.0,201,CNY-3.23,CNY
RFUD,2022-09-28,CRH3,8.57,8.38,8.64,8.5,417365640.0,31226800.0,3672.0,49334,8.46,,8.5,-0.7,8.0,297,CNY-3.23,CNY
RFUD,2022-09-29,CRH3,8.46,8.33,8.56,8.53,438510240.0,51640620.0,6132.0,51408,8.53,,8.42,0.35,48.0,405,CNY-3.23,CNY
RFUD,2022-09-30,CRH3,8.55,8.43,8.93,8.69,455619000.0,205855610.0,23966.0,52370,8.7,,8.59,1.88,1.0,1089,CNY-3.23,CNY
RFUD,2022-10-03,CRH3,8.74,8.52,9.17,8.68,537951680.0,124553310.0,14354.0,61976,8.68,,8.68,-0.11,5.0,914,CNY-3.23,CNY
RFUD,2022-10-04,CRH3,8.71,8.59,8.72,8.66,562622880.0,30822860.0,3567.0,64968,8.66,,8.64,-0.23,1.0,335,CNY-3.23,CNY
RFUD,2022-10-05,CRH3,8.67,8.6,8.97,8.93,566858540.0,67016940.0,7610.0,63478,8.93,,8.81,3.12,1.0,637,CNY-3.23,CNY
RFUD,2022-10-06,CRH3,8.94,8.82,9.04,8.86,591954320.0,80476780.0,9017.0,66812,8.86,,8.925,-0.78,14.0,478,CNY-3.23,CNY
RFUD,2022-10-07,CRH3,8.82,8.79,8.97,8.832,598502124.0,81888435.0,9208.0,67842,8.822,,8.893,-0.32,13.0,1084,CNY-3.23,CNY
RFUD,2022-10-10,CRH3,8.847,8.81,9.029,9.001,625896000.0,66368114.0,7423.0,69544,9.0,,8.941,1.91,1.0,1180,CNY-3.23,CNY
RFUD,2022-10-11,CRH3,8.989,8.986,9.111,9.01,640856224.0,87504164.0,9641.0,71072,9.017,,9.076,0.1,1.0,944,CNY-3.23,CNY
RFUD,2022-10-12,CRH3,9.026,8.9,9.154,9.01,691643640.0,87752441.0,9716.0,76764,9.01,,9.032,0.0,120.0,1592,CNY-3.23,CNY
RFUD,2022-10-13,CRH3,8.996,8.97,9.045,8.982,690817680.0,24575596.0,2729.0,76860,8.988,,9.005,-0.31,9.0,581,CNY-3.23,CNY
RFUD,2022-10-14,CRH3,8.985,8.896,9.025,8.922,683478732.0,37477611.0,4178.0,76606,8.922,,8.97,-0.67,60.0,467,CNY-3.23,CNY
RFUD,2022-10-17,CRH3,8.92,8.761,8.92,8.818,692761280.0,52361312.0,5942.0,78580,8.816,,8.812,-1.17,7.0,1019,CNY-3.23,CNY
RFUD,2022-10-18,CRH3,8.812,8.769,8.84,8.799,712683804.0,34432024.0,3918.0,80996,8.799,,8.788,-0.21,1.0,446,CNY-3.23,CNY
RFUD,2022-10-19,CRH3,8.792,8.69,8.854,8.737,729541342.0,56927574.0,6509.0,83462,8.741,,8.746,-0.7,2.0,900,CNY-3.23,CNY
RFUD,2022-10-20,CRH3,8.736,8.684,8.754,8.705,795132110.0,59065019.0,6785.0,91342,8.705,,8.705,-0.37,1.0,590,CNY-3.23,CNY
RFUD,2022-10-21,CRH3,8.705,8.566,8.705,8.582,830934216.0,107591313.0,12483.0,96744,8.589,,8.619,-1.41,1.0,1288,CNY-3.23,CNY
RFUD,2022-10-24,CRH3,8.58,8.571,8.632,8.6,915252800.0,88594205.0,10294.0,106400,8.602,,8.606,0.21,1.0,988,CNY-3.23,CNY
RFUD,2022-10-25,CRH3,8.593,8.57,8.69,8.665,1027322400.0,116317099.0,13515.0,118560,8.665,,8.607,0.76,8.0,1595,CNY-3.23,CNY
RFUD,2022-10-26,CRH3,8.669,8.644,8.766,8.749,1043445130.0,61027739.0,7011.0,119210,8.753,,8.706,0.97,1.0,995,CNY-3.23,CNY
RFUD,2022-10-27,CRH3,8.774,8.664,8.816,8.727,1067207472.0,51793954.0,5941.0,122274,8.728,,8.718,-0.25,3.0,1091,CNY-3.23,CNY
RFUD,2022-10-28,CRH3,8.726,8.638,8.727,8.676,1094554712.0,60655912.0,6987.0,126188,8.674,,8.681,-0.58,30.0,861,CNY-3.23,CNY
RFUD,2022-10-31,CRH3,8.67,8.603,8.718,8.634,1121004024.0,65945542.0,7620.0,129836,8.634,,8.654,-0.48,1.0,967,CNY-3.23,CNY
RFUD,2022-11-01,CRH3,8.63,8.622,8.679,8.659,1124094062.0,13313606.0,1538.0,129818,8.659,,8.656,0.29,10.0,367,CNY-3.23,CNY
RFUD,2022-11-02,CRH3,8.654,8.648,8.7,8.675,1215905350.0,98743656.0,11386.0,140162,8.675,,8.676,0.18,3.0,825,CNY-3.23,CNY
RFUD,2022-11-03,CRH3,8.674,8.658,8.72,8.676,1430785100.0,195782516.0,22552.0,164932,8.675,,8.683,0.01,7.0,1307,CNY-3.23,CNY
RFUD,2022-11-07,CRH3,8.673,8.673,8.722,8.689,2287483518.0,456940040.0,52645.0,263262,8.689,,8.702,0.15,5.0,589,CNY-3.23,CNY
RFUD,2022-11-08,CRH3,8.683,8.615,8.69,8.637,2658710436.0,220196953.0,25491.0,307828,8.637,,8.638,-0.6,1.0,1305,CNY-3.23,CNY
RFUD,2022-11-09,CRH3,8.633,8.62,8.735,8.712,2934753204.0,186085135.0,21441.0,336786,8.714,,8.679,0.87,313.0,1064,CNY-3.23,CNY
RFUD,2022-11-10,CRH3,8.712,8.607,8.74,8.659,3290684682.0,245154235.0,28353.0,380382,8.651,,8.646,-0.61,1.0,1565,CNY-3.23,CNY
RFUD,2022-11-11,CRH3,8.645,8.635,8.732,8.719,5898822012.0,1369025811.0,157879.0,676548,8.719,,8.711,0.69,1.0,2312,CNY-3.23,CNY
RFUD,2022-11-14,CRH3,8.718,8.709,8.807,8.771,6179993974.0,240015477.0,27354.0,704594,8.771,,8.774,0.6,1.0,1770,CNY-3.23,CNY
RFUD,2022-11-15,CRH3,8.779,8.732,8.795,8.773,6257815992.0,187222301.0,21368.0,713304,8.773,,8.762,0.02,1.0,1656,CNY-3.23,CNY
RFUD,2022-11-16,CRH3,8.776,8.68,8.777,8.703,6315930160.0,126865215.0,14538.0,725552,8.705,,8.726,-0.8,2.0,1460,CNY-3.23,CNY
RFUD,2022-11-17,CRH3,8.703,8.641,8.709,8.667,6381876114.0,199443255.0,23029.0,736342,8.667,,8.661,-0.41,5.0,1444,CNY-3.23,CNY
RFUD,2022-11-18,CRH3,8.667,8.66,8.709,8.704,6395420672.0,176040781.0,20291.0,734768,8.704,,8.676,0.43,10.0,1522,CNY-3.23,CNY
RFUD,2022-11-21,CRH3,8.709,8.662,8.712,8.682,6394546134.0,86990429.0,10022.0,736614,8.681,,8.68,-0.25,1.0,1008,CNY-3.23,CNY
RFUD,2022-11-22,CRH3,8.678,8.665,8.697,8.67,6415695960.0,67045314.0,7728.0,739988,8.67,,8.676,-0.14,10.0,691,CNY-3.23,CNY
RFUD,2022-11-23,CRH3,8.67,8.616,8.673,8.639,6653049402.0,196935908.0,22795.0,770118,8.639,,8.639,-0.36,1.0,1357,CNY-3.23,CNY
RFUD,2022-11-24,CRH3,8.639,8.619,8.657,8.647,6752404956.0,117997937.0,13663.0,780986,8.646,,8.636,0.09,1.0,1239,CNY-3.23,CNY
RFUD,2022-11-25,CRH3,8.647,8.614,8.647,8.619,6978941640.0,194324929.0,22538.0,809622,8.62,,8.622,-0.32,2.0,1151,CNY-3.23,CNY
RFUD,2022-11-28,CRH3,8.619,8.592,8.643,8.638,7269227406.0,240413767.0,27909.0,841638,8.637,,8.614,0.22,1.0,1468,CNY-3.23,CNY
RFUD,2022-11-29,CRH3,8.637,8.613,8.709,8.642,7336973556.0,1136276315.0,131396.0,848892,8.643,,8.648,0.05,1.0,4309,CNY-3.23,CNY
RFUD,2022-11-30,CRH3,8.643,8.642,8.751,8.748,7496527500.0,729810777.0,83929.0,856746,8.75,,8.696,1.23,1.0,3259,CNY-3.23,CNY
RFUD,2022-12-01,CRH3,8.751,8.73,8.899,8.887,7742301078.0,953218340.0,108041.0,871194,8.887,,8.823,1.59,50.0,4724,CNY-3.23,CNY
RFUD,2022-12-02,CRH3,8.885,8.878,9.0,8.985,8223107940.0,880780589.0,98419.0,915204,8.985,,8.949,1.1,5.0,4493,CNY-3.23,CNY
RFUD,2022-12-05,CRH3,8.976,8.97,9.152,9.108,10199684880.0,2388807457.0,262415.0,1119860,9.108,0.0,9.103,1.37,81.0,9082,CNY-3.23,CNY
RFUD,2022-12-06,CRH3,9.107,9.06,9.206,9.141,12171647490.0,1984685980.0,217019.0,1330962,9.145,0.0,9.145,0.36,10.0,9417,CNY-3.23,CNY
RFUD,2022-12-07,CRH3,9.146,9.125,9.221,9.183,13346991928.0,1888030023.0,205761.0,1453604,9.182,0.0,9.176,0.46,38.0,7288,CNY-3.23,CNY
RFUD,2022-12-08,CRH3,9.178,9.108,9.23,9.172,13924635056.0,2072379858.0,226496.0,1517506,9.176,0.0,9.15,-0.12,11.0,7956,CNY-3.23,CNY
RFUD,2022-12-09,CRH3,9.175,9.12,9.201,9.145,15857850670.0,2415635027.0,264235.0,1734046,9.145,0.0,9.142,-0.29,2.0,7361,CNY-3.23,CNY
RFUD,2022-12-12,CRH3,9.144,9.109,9.19,9.166,18641312736.0,2758318036.0,301235.0,2033302,9.168,0.0,9.157,0.23,1.0,10073,CNY-3.23,CNY
RFUD,2022-12-13,CRH3,9.169,9.156,9.24,9.212,23446347960.0,5859456524.0,636178.0,2544920,9.213,0.0,9.211,0.5,117.0,14093,CNY-3.23,CNY
RFUD,2022-12-14,CRH3,9.211,9.202,9.379,9.357,34946570880.0,10263140322.0,1103281.0,3733608,9.36,0.0,9.302,1.57,1.0,34241,CNY-3.23,CNY
RFUD,2022-12-15,CRH3,9.355,9.311,9.433,9.368,39102019740.0,15183789333.0,1618761.0,4174890,9.366,0.0,9.38,0.12,5.0,42697,CNY-3.23,CNY
RFUD,2022-12-16,CRH3,9.366,9.345,9.443,9.433,41380405380.0,12519184008.0,1330562.0,4388166,9.43,0.0,9.409,0.69,64.0,31537,CNY-3.23,CNY
RFUD,2022-12-19,CRH3,9.431,9.425,9.966,9.814,41091488116.0,43863232039.0,4507276.0,4185748,9.817,0.0,9.732,4.04,3.0,109168,CNY-3.23,CNY
RFUD,2022-12-20,CRH3,9.82,9.774,10.15,10.041,41152517856.0,26032006239.0,2601807.0,4097224,10.044,0.0,10.005,2.31,1.0,78605,CNY-3.23,CNY
RFUD,2022-12-21,CRH3,10.039,10.039,10.289,10.227,47114694234.0,25027012866.0,2448753.0,4611402,10.217,0.0,10.22,1.85,5.0,65370,CNY-3.23,CNY
RFUD,2022-12-22,CRH3,10.23,9.841,10.433,9.874,44599618836.0,42151833978.0,4134449.0,4517332,9.873,0.0,10.195,-3.45,10.0,134037,CNY-3.23,CNY
RFUD,2022-12-23,CRH3,9.885,9.655,10.019,9.933,46981854080.0,41425127103.0,4212010.0,4736074,9.92,0.0,9.835,0.6,27.0,132448,CNY-3.23,CNY
RFUD,2022-12-26,CRH3,9.958,9.733,10.123,9.86,50727894476.0,25464139824.0,2584313.0,5143252,9.863,0.0,9.853,-0.73,1.0,120267,CNY-3.23,CNY
RFUD,2022-12-27,CRH3,9.865,9.803,10.188,10.104,57433709284.0,29666588931.0,2959188.0,5689886,10.094,0.0,10.025,2.48,20.0,120987,CNY-3.23,CNY
RFUD,2022-12-28,CRH3,10.09,10.059,10.287,10.267,71955645840.0,30276430942.0,2968933.0,7006392,10.27,0.0,10.198,1.61,1.0,119502,CNY-3.23,CNY
RFUD,2022-12-29,CRH3,10.263,10.014,10.368,10.2,84623982288.0,48256947012.0,4750423.0,8301352,10.194,0.0,10.158,-0.65,45.0,197796,CNY-3.23,CNY
RFUD,2022-12-30,CRH3,10.203,9.856,10.271,10.004,81539534524.0,35716104492.0,3577577.0,8151508,10.003,0.0,9.983,-1.92,3.0,152499,CNY-3.23,CNY
RFUD,2023-01-03,CRH3,10.004,9.952,10.24,10.157,84006687242.0,11522163971.0,1139968.0,8265934,10.163,0.0,10.107,1.53,5.0,68236,CNY-3.23,CNY
RFUD,2023-01-04,CRH3,10.167,10.16,10.371,10.326,86001216720.0,10642022810.0,1034017.0,8325384,10.33,0.0,10.292,1.66,1.0,63880,CNY-3.23,CNY
RFUD,2023-01-05,CRH3,10.328,10.271,10.469,10.468,88759263096.0,12082729979.0,1164741.0,8487212,10.458,0.0,10.374,1.38,4.0,62909,CNY-3.23,CNY
RFUD,2023-01-06,CRH3,10.454,10.409,10.546,10.499,90190182810.0,8013761852.0,765297.0,8596910,10.491,0.0,10.471,0.3,8.0,47423,CNY-3.23,CNY
RFUD,2023-01-09,CRH3,10.485,10.215,10.559,10.257,87354577184.0,26554207251.0,2567318.0,8512432,10.262,0.0,10.343,-2.31,4.0,119614,CNY-3.23,CNY
RFUD,2023-01-10,CRH3,10.265,10.194,10.344,10.336,89468733804.0,12613557621.0,1227298.0,8657706,10.334,0.0,10.278,0.77,10.0,63408,CNY-3.23,CNY
RFUD,2023-01-11,CRH3,10.339,10.061,10.378,10.119,91393011600.0,26719069758.0,2622456.0,9030930,10.12,0.0,10.189,-2.1,20.0,96150,CNY-3.23,CNY
RFUD,2023-01-12,CRH3,10.12,10.017,10.129,10.07,93744354354.0,16256497847.0,1616457.0,9306498,10.073,0.0,10.057,-0.48,10.0,65988,CNY-3.23,CNY
RFUD,2023-01-13,CRH3,10.066,10.027,10.283,10.244,95188574448.0,23964238796.0,2358997.0,9293944,10.242,0.0,10.159,1.73,2.0,99711,CNY-3.23,CNY
RFUD,2023-01-16,CRH3,10.247,10.13,10.359,10.201,93779070672.0,18583103034.0,1819011.0,9194928,10.199,0.0,10.216,-0.42,10.0,87509,CNY-3.23,CNY
RFUD,2023-01-17,CRH3,10.2,10.133,10.281,10.225,93699029176.0,14684587258.0,1440735.0,9165512,10.223,0.0,10.192,0.24,1.0,65646,CNY-3.23,CNY
RFUD,2023-01-18,CRH3,10.23,10.181,10.284,10.238,94009533002.0,10516931205.0,1027814.0,9179722,10.241,0.0,10.232,0.13,4.0,49946,CNY-3.23,CNY
RFUD,2023-01-19,CRH3,10.237,10.156,10.26,10.18,91519770100.0,11292439524.0,1107157.0,8994572,10.175,0.0,10.2,-0.57,200.0,46732,CNY-3.23,CNY
RFUD,2023-01-20,CRH3,10.179,10.141,10.197,10.177,90855921780.0,8931076817.0,877956.0,8925820,10.179,0.0,10.173,-0.03,10.0,38405,CNY-3.23,CNY
RFUD,2023-01-23,CRH3,10.183,10.117,10.208,10.197,90996763954.0,12880464777.0,1267058.0,8927378,10.193,0.0,10.166,0.2,2.0,62402,CNY-3.23,CNY
RFUD,2023-01-24,CRH3,10.193,10.159,10.248,10.212,89211089500.0,12362944303.0,1213122.0,8741900,10.205,0.0,10.191,0.15,50.0,59507,CNY-3.23,CNY
RFUD,2023-01-25,CRH3,10.201,10.175,10.285,10.273,91349108238.0,11030842380.0,1077910.0,8888694,10.277,0.0,10.234,0.6,3.0,50805,CNY-3.23,CNY
RFUD,2023-01-26,CRH3,10.275,10.268,10.364,10.343,90614464478.0,14616900070.0,1416713.0,8760946,10.343,0.0,10.317,0.68,10.0,68304,CNY-3.23,CNY
RFUD,2023-01-27,CRH3,10.346,10.295,10.362,10.333,91469596606.0,11001578549.0,1065871.0,8852182,10.333,0.0,10.322,-0.1,200.0,38806,CNY-3.23,CNY
RFUD,2023-01-30,CRH3,10.33,10.319,10.481,10.473,92781542814.0,14697773554.0,1413197.0,8859118,10.473,0.0,10.4,1.35,16.0,66642,CNY-3.23,CNY
RFUD,2023-01-31,CRH3,10.48,10.389,10.535,10.435,90998795448.0,17875537156.0,1706388.0,8721372,10.434,0.0,10.476,-0.36,1.0,79743,CNY-3.23,CNY
RFUD,2023-02-01,CRH3,10.43,10.374,10.495,10.46,93574068864.0,15140995891.0,1448004.0,8942476,10.464,0.0,10.456,0.24,1.0,56203,CNY-3.23,CNY
RFUD,2023-02-02,CRH3,10.468,10.446,10.539,10.534,101763757926.0,13733720718.0,1309635.0,9661422,10.533,0.0,10.489,0.71,2.0,43342,CNY-3.23,CNY
RFUD,2023-02-03,CRH3,10.538,10.449,10.564,10.477,104497574720.0,15462134849.0,1473383.0,9978760,10.472,0.0,10.494,-0.54,10.0,55576,CNY-3.23,CNY
RFUD,2023-02-06,CRH3,10.476,10.406,10.593,10.49,103907939720.0,12703826001.0,1214727.0,9905428,10.49,0.0,10.458,0.12,14.0,51547,CNY-3.23,CNY
RFUD,2023-02-07,CRH3,10.49,10.474,10.532,10.52,102945792388.0,9355741471.0,890773.0,9786652,10.519,0.0,10.503,0.29,9.0,39349,CNY-3.23,CNY
RFUD,2023-02-08,CRH3,10.517,10.498,10.719,10.706,105728023936.0,17787083563.0,1674460.0,9870976,10.711,0.0,10.623,1.77,1.0,68088,CNY-3.23,CNY
RFUD,2023-02-09,CRH3,10.71,10.704,10.858,10.812,106172803748.0,15465462530.0,1430993.0,9818996,10.813,0.0,10.808,0.99,1.0,59151,CNY-3.23,CNY
RFUD,2023-02-10,CRH3,10.82,10.712,10.838,10.8,105958319336.0,14011954742.0,1301965.0,9811864,10.799,0.0,10.762,-0.11,43.0,60292,CNY-3.23,CNY
RFUD,2023-02-13,CRH3,10.811,10.722,10.86,10.856,109723139536.0,13175458407.0,1217537.0,10110868,10.852,0.0,10.821,0.52,10.0,57989,CNY-3.23,CNY
RFUD,2023-02-14,CRH3,10.854,10.751,10.903,10.841,108680696416.0,18212980932.0,1679019.0,10014808,10.852,0.0,10.847,-0.14,3.0,73504,CNY-3.23,CNY
RFUD,2023-02-15,CRH3,10.84,10.775,10.966,10.927,108455176144.0,18837102435.0,1728619.0,9928156,10.924,0.0,10.897,0.79,2.0,63983,CNY-3.23,CNY
RFUD,2023-02-16,CRH3,10.926,10.895,10.962,10.93,107150701056.0,15730443419.0,1438999.0,9805152,10.928,0.0,10.932,0.03,1.0,52903,CNY-3.23,CNY
RFUD,2023-02-17,CRH3,10.929,10.755,10.954,10.796,100733872194.0,36067308698.0,3324676.0,9329802,10.797,0.0,10.848,-1.23,1.0,93090,CNY-3.23,CNY
RFUD,2023-02-20,CRH3,10.793,10.728,10.945,10.916,103299620620.0,23658148460.0,2185715.0,9465740,10.913,0.0,10.824,1.11,18.0,81404,CNY-3.23,CNY
RFUD,2023-02-21,CRH3,10.907,10.815,10.96,10.861,104168149800.0,30730425596.0,2825735.0,9584850,10.868,0.0,10.874,-0.5,3.0,91031,CNY-3.23,CNY
RFUD,2023-02-22,CRH3,10.862,10.806,10.949,10.928,103031191340.0,18814484225.0,1730537.0,9423010,10.934,0.0,10.872,0.62,1.0,66269,CNY-3.23,CNY
RFUD,2023-02-24,CRH3,10.926,10.844,11.046,10.99,106049564280.0,21472161000.0,1961414.0,9650520,10.989,0.0,10.947,0.57,30.0,79645,CNY-3.23,CNY
RFUD,2023-02-27,CRH3,10.99,10.694,11.01,10.73,100767701154.0,31679014492.0,2930985.0,9381594,10.741,0.0,10.807,-2.37,12.0,101217,CNY-3.23,CNY
RFUD,2023-02-28,CRH3,10.729,10.636,10.829,10.817,99428745378.0,21475058279.0,1995226.0,9196998,10.811,0.0,10.763,0.81,5.0,77344,CNY-3.23,CNY
RFUD,2023-03-01,CRH3,10.813,10.787,10.959,10.922,96430071064.0,25595428875.0,2345531.0,8829784,10.921,0.0,10.915,0.97,25.0,77717,CNY-3.23,CNY
RFUD,2023-03-02,CRH3,10.91,10.861,10.968,10.881,93334091824.0,16763033868.0,1534827.0,8572198,10.888,0.0,10.922,-0.38,1.0,60996,CNY-3.23,CNY
RFUD,2023-03-03,CRH3,10.88,10.846,10.954,10.942,90471196280.0,14940794193.0,1367904.0,8269762,10.94,0.0,10.925,0.56,9.0,49949,CNY-3.23,CNY
RFUD,2023-03-06,CRH3,10.932,10.834,10.996,10.881,87507738670.0,22975288902.0,2109621.0,8043730,10.879,0.0,10.891,-0.56,81.0,73838,CNY-3.23,CNY
RFUD,2023-03-07,CRH3,10.875,10.839,10.917,10.891,78648002078.0,12528373146.0,1151623.0,7222702,10.889,0.0,10.879,0.09,93.0,39648,CNY-3.23,CNY
RFUD,2023-03-09,CRH3,10.886,10.841,10.911,10.876,69548103604.0,16280166211.0,1497076.0,6394052,10.877,0.0,10.875,-0.14,6.0,48712,CNY-3.23,CNY
RFUD,2023-03-10,CRH3,10.87,10.864,10.977,10.97,55111264222.0,20861794461.0,1911042.0,5043586,10.927,0.0,10.916,0.86,6.0,53772,CNY-3.23,CNY
RFUD,2023-03-13,CRH3,10.967,10.87,11.004,10.924,47540953940.0,24040488513.0,2197418.0,4352770,10.922,0.0,10.941,-0.42,84.0,70395,CNY-3.23,CNY
RFUD,2023-03-14,CRH3,10.925,10.905,10.954,10.936,39119636118.0,14425623751.0,1319590.0,3576162,10.939,0.0,10.932,0.11,2.0,39115,CNY-3.23,CNY
RFUD,2023-03-15,CRH3,10.931,10.925,11.015,10.995,30442032420.0,12507414903.0,1139698.0,2768716,10.995,0.0,10.975,0.54,1.0,42179,CNY-3.23,CNY
RFUD,2023-03-16,CRH3,10.999,10.992,11.184,11.111,0.0,6905747870.0,625365.0,0,11.1078,0.0,11.043,1.05,28.0,17833,CNY-3.23,CNY
RFUD,2022-07-01,CRU2,8.4,8.11,9.22,9.03,2360243340.0,860136340.0,96453.0,261378,9.03,,8.92,7.25,3.0,9246,CNY-9.22,CNY
RFUD,2022-07-04,CRU2,9.13,8.77,9.23,8.91,2579662680.0,541590680.0,60467.0,288876,8.93,,8.96,-1.33,2.0,6922,CNY-9.22,CNY
RFUD,2022-07-05,CRU2,8.9,8.85,9.66,9.63,2450257200.0,896081420.0,95989.0,254440,9.63,,9.34,8.08,1.0,9436,CNY-9.22,CNY
RFUD,2022-07-06,CRU2,9.63,9.56,9.98,9.92,2383910200.0,630743710.0,64599.0,239830,9.94,,9.76,3.01,3.0,9039,CNY-9.22,CNY
RFUD,2022-07-07,CRU2,9.97,9.56,10.1,9.7,2344800400.0,372351100.0,38134.0,241732,9.7,,9.76,-2.22,2.0,5903,CNY-9.22,CNY
RFUD,2022-07-08,CRU2,9.71,9.41,9.77,9.53,2466078100.0,321322160.0,33740.0,258770,9.53,,9.52,-1.75,5.0,4815,CNY-9.22,CNY
RFUD,2022-07-11,CRU2,9.5,9.1,9.6,9.13,2465720840.0,698032690.0,74507.0,270068,9.13,,9.37,-4.2,12.0,6849,CNY-9.22,CNY
RFUD,2022-07-12,CRU2,9.07,8.78,9.19,9.08,2787936600.0,747327050.0,83157.0,307380,9.07,,8.99,-0.55,14.0,8241,CNY-9.22,CNY
RFUD,2022-07-13,CRU2,9.04,8.9,9.16,8.97,3125465300.0,618045620.0,68579.0,349214,8.95,,9.01,-1.21,1.0,6575,CNY-9.22,CNY
RFUD,2022-07-14,CRU2,8.97,8.81,8.99,8.94,3549323040.0,540150850.0,60609.0,397016,8.94,,8.91,-0.33,4.0,6326,CNY-9.22,CNY
RFUD,2022-07-15,CRU2,8.95,8.65,9.02,8.81,3407995080.0,813143840.0,92315.0,386394,8.82,,8.81,-1.45,1.0,9560,CNY-9.22,CNY
RFUD,2022-07-18,CRU2,8.8,8.6,8.89,8.68,3695161800.0,639317780.0,73674.0,425220,8.69,,8.68,-1.48,4.0,6681,CNY-9.22,CNY
RFUD,2022-07-19,CRU2,8.68,8.4,8.68,8.49,4641200820.0,1088979150.0,127903.0,545382,8.51,,8.51,-2.19,1.0,8367,CNY-9.22,CNY
RFUD,2022-07-20,CRU2,8.52,8.31,8.52,8.39,5286975280.0,691211310.0,82320.0,630152,8.39,,8.4,-1.18,4.0,5203,CNY-9.22,CNY
RFUD,2022-07-21,CRU2,8.39,8.31,8.91,8.72,6843743820.0,2003333450.0,232144.0,783934,8.73,,8.63,3.93,1.0,15867,CNY-9.22,CNY
RFUD,2022-07-22,CRU2,8.73,8.68,8.99,8.77,8930477500.0,2550529390.0,288952.0,1020626,8.75,,8.83,0.57,1.0,15855,CNY-9.22,CNY
RFUD,2022-07-25,CRU2,8.77,8.75,8.92,8.87,9953290080.0,1116887980.0,126201.0,1120866,8.88,,8.85,1.14,2.0,8141,CNY-9.22,CNY
RFUD,2022-07-26,CRU2,8.88,8.88,9.42,9.37,11576551200.0,2540836750.0,279672.0,1231548,9.4,,9.09,5.64,3.0,13853,CNY-9.22,CNY
RFUD,2022-07-27,CRU2,9.39,9.07,9.52,9.21,12095515160.0,2597214350.0,281463.0,1311878,9.22,,9.23,-1.71,2.0,16943,CNY-9.22,CNY
RFUD,2022-07-28,CRU2,9.2,9.1,9.37,9.33,12562912640.0,1675566400.0,180863.0,1347952,9.32,,9.27,1.3,1.0,12477,CNY-9.22,CNY
RFUD,2022-07-29,CRU2,9.32,9.27,9.56,9.51,13434052800.0,2167093680.0,229436.0,1411140,9.52,,9.45,1.93,21.0,14304,CNY-9.22,CNY
RFUD,2022-08-01,CRU2,9.52,9.01,9.66,9.18,16929370440.0,5585418280.0,593712.0,1844158,9.18,,9.4,-3.47,1.0,29517,CNY-9.22,CNY
RFUD,2022-08-02,CRU2,9.2,9.02,9.22,9.15,16812755800.0,2723505970.0,298521.0,1839470,9.14,,9.12,-0.33,2.0,19683,CNY-9.22,CNY
RFUD,2022-08-03,CRU2,9.15,9.05,9.24,9.17,16906861080.0,2683333360.0,293881.0,1841706,9.18,,9.13,0.22,3.0,12522,CNY-9.22,CNY
RFUD,2022-08-04,CRU2,9.18,9.01,9.25,9.13,19279151040.0,3419577380.0,374583.0,2113942,9.12,,9.13,-0.44,2.0,14662,CNY-9.22,CNY
RFUD,2022-08-05,CRU2,9.13,9.07,9.25,9.22,22321448100.0,5929593590.0,646434.0,2423610,9.21,,9.17,0.99,230.0,19300,CNY-9.22,CNY
RFUD,2022-08-08,CRU2,9.22,9.05,9.26,9.19,21195261360.0,6746327720.0,736968.0,2308852,9.18,,9.14,-0.33,2.0,21312,CNY-9.22,CNY
RFUD,2022-08-09,CRU2,9.19,9.07,9.22,9.1,20949977520.0,3832355190.0,419776.0,2304728,9.09,,9.12,-0.98,47.0,14798,CNY-9.22,CNY
RFUD,2022-08-10,CRU2,9.09,9.05,9.21,9.21,21163183200.0,4512748470.0,493832.0,2300346,9.2,,9.14,1.21,4.0,13959,CNY-9.22,CNY
RFUD,2022-08-11,CRU2,9.21,9.12,9.23,9.18,19897007400.0,3833008560.0,418799.0,2167430,9.18,,9.15,-0.33,5.0,10971,CNY-9.22,CNY
RFUD,2022-08-12,CRU2,9.17,9.03,9.22,9.1,19917101900.0,5640787290.0,616884.0,2186290,9.11,,9.14,-0.87,8.0,14472,CNY-9.22,CNY
RFUD,2022-08-15,CRU2,9.1,9.08,9.2,9.14,19457914200.0,3708790380.0,405035.0,2126548,9.15,,9.16,0.44,10.0,10634,CNY-9.22,CNY
RFUD,2022-08-16,CRU2,9.15,9.02,9.19,9.06,19172826360.0,3185794900.0,349523.0,2116206,9.06,,9.11,-0.88,1.0,9419,CNY-9.22,CNY
RFUD,2022-08-17,CRU2,9.05,8.9,9.11,8.98,19039521720.0,3670748860.0,407722.0,2120214,8.98,,9.0,-0.88,2.0,13049,CNY-9.22,CNY
RFUD,2022-08-18,CRU2,8.99,8.75,9.03,8.84,18769383540.0,5261039930.0,592862.0,2125638,8.83,,8.87,-1.56,1.0,18086,CNY-9.22,CNY
RFUD,2022-08-19,CRU2,8.83,8.59,8.84,8.7,17899908600.0,4436806240.0,509892.0,2064580,8.67,,8.7,-1.58,646.0,15152,CNY-9.22,CNY
RFUD,2022-08-22,CRU2,8.67,8.67,8.86,8.76,18969780000.0,4697022550.0,535583.0,2165500,8.76,,8.77,0.69,1.0,16879,CNY-9.22,CNY
RFUD,2022-08-23,CRU2,8.77,8.67,8.84,8.77,18395723980.0,2999160140.0,341968.0,2097574,8.77,,8.77,0.11,3.0,12093,CNY-9.22,CNY
RFUD,2022-08-24,CRU2,8.77,8.74,8.82,8.8,17323240000.0,2388323970.0,271916.0,1968550,8.8,,8.78,0.34,8.0,6687,CNY-9.22,CNY
RFUD,2022-08-25,CRU2,8.78,8.75,8.83,8.79,17756485620.0,2946145940.0,335045.0,2020078,8.79,,8.79,-0.11,38.0,8887,CNY-9.22,CNY
RFUD,2022-08-26,CRU2,8.8,8.75,8.83,8.82,17133361560.0,2545492880.0,289736.0,1942558,8.82,,8.79,0.34,1.0,6627,CNY-9.22,CNY
RFUD,2022-08-29,CRU2,8.82,8.74,8.84,8.78,17813496160.0,2308362020.0,262970.0,2028872,8.78,,8.78,-0.45,15.0,7428,CNY-9.22,CNY
RFUD,2022-08-30,CRU2,8.77,8.7,8.82,8.72,17231167800.0,6000651400.0,683437.0,1980594,8.7,,8.78,-0.68,1.0,10871,CNY-9.22,CNY
RFUD,2022-08-31,CRU2,8.72,8.62,8.82,8.75,16158100000.0,4709606520.0,539166.0,1846640,8.75,,8.74,0.34,4.0,13466,CNY-9.22,CNY
RFUD,2022-09-01,CRU2,8.76,8.74,8.8,8.76,16994470080.0,2090171060.0,238313.0,1940008,8.76,,8.77,0.11,4.0,6901,CNY-9.22,CNY
RFUD,2022-09-02,CRU2,8.77,8.76,8.87,8.84,16775640180.0,2001120070.0,227504.0,1899846,8.83,,8.8,0.91,4.0,6201,CNY-9.22,CNY
RFUD,2022-09-05,CRU2,8.82,8.75,8.9,8.78,17125609740.0,2958105970.0,335774.0,1948306,8.79,,8.81,-0.68,15.0,11440,CNY-9.22,CNY
RFUD,2022-09-06,CRU2,8.78,8.74,8.8,8.79,16050592740.0,1851354840.0,211066.0,1826006,8.79,,8.77,0.11,3.0,5290,CNY-9.22,CNY
RFUD,2022-09-07,CRU2,8.79,8.74,8.84,8.75,16032622080.0,1546132300.0,176172.0,1830208,8.76,,8.78,-0.46,155.0,5644,CNY-9.22,CNY
RFUD,2022-09-08,CRU2,8.77,8.73,8.8,8.75,15691770480.0,1651007490.0,188615.0,1791298,8.76,,8.75,0.0,130.0,4494,CNY-9.22,CNY
RFUD,2022-09-09,CRU2,8.75,8.71,8.78,8.74,14032472040.0,1892327520.0,216353.0,1605546,8.74,,8.74,-0.11,4.0,3839,CNY-9.22,CNY
RFUD,2022-09-12,CRU2,8.74,8.71,8.77,8.75,12229410040.0,1752390940.0,200653.0,1399246,8.74,,8.73,0.11,9.0,3952,CNY-9.22,CNY
RFUD,2022-09-13,CRU2,8.73,8.54,8.76,8.61,10582051620.0,1618566230.0,187268.0,1229042,8.61,,8.64,-1.6,5.0,4601,CNY-9.22,CNY
RFUD,2022-09-14,CRU2,8.61,8.55,8.63,8.59,8713950960.0,1602969070.0,186885.0,1015612,8.58,,8.58,-0.23,1.0,4182,CNY-9.22,CNY
RFUD,2022-09-15,CRU2,8.59,8.52,8.59,8.54,0.0,2032793990.0,237468.0,0,8.5262,,8.56,-0.58,2.0,3833,CNY-9.22,CNY
RFUD,2022-11-02,CRU3,,,,,0.0,,,0,9.486,,,,,0,CNY-9.23,CNY
RFUD,2022-11-03,CRU3,,,,,0.0,,,0,9.592,,,,,0,CNY-9.23,CNY
RFUD,2022-11-07,CRU3,,,,,0.0,,,0,9.588,,,,,0,CNY-9.23,CNY
RFUD,2022-11-08,CRU3,,,,,0.0,,,0,9.499,,,,,0,CNY-9.23,CNY
RFUD,2022-11-09,CRU3,,,,,0.0,,,0,10.038,,,,,0,CNY-9.23,CNY
RFUD,2022-11-10,CRU3,,,,,0.0,,,0,9.636,,,,,0,CNY-9.23,CNY
RFUD,2022-11-11,CRU3,,,,,0.0,,,0,9.65,,,,,0,CNY-9.23,CNY
RFUD,2022-11-14,CRU3,,,,,0.0,,,0,9.799,,,,,0,CNY-9.23,CNY
RFUD,2022-11-15,CRU3,,,,,0.0,,,0,9.87,,,,,0,CNY-9.23,CNY
RFUD,2022-11-16,CRU3,9.553,9.3,9.553,9.3,186000.0,95071.0,10.0,20,9.3,,9.507,,1.0,4,CNY-9.23,CNY
RFUD,2022-11-17,CRU3,9.2,9.2,9.2,9.2,316200.0,64400.0,7.0,34,9.3,,9.2,-1.07,6.0,2,CNY-9.23,CNY
RFUD,2022-11-18,CRU3,,,,,313480.0,,,34,9.22,,,,,0,CNY-9.23,CNY
RFUD,2022-11-21,CRU3,9.21,9.131,9.21,9.131,310454.0,45734.0,5.0,34,9.131,,9.147,,4.0,2,CNY-9.23,CNY
RFUD,2022-11-22,CRU3,9.13,9.13,9.3,9.3,796446.0,240630.0,26.0,86,9.261,,9.255,1.85,15.0,4,CNY-9.23,CNY
RFUD,2022-11-23,CRU3,,,,,790770.0,,,86,9.195,,,,,0,CNY-9.23,CNY
RFUD,2022-11-24,CRU3,9.23,9.23,9.23,9.23,800058.0,9230.0,1.0,86,9.303,,9.23,,1.0,1,CNY-9.23,CNY
RFUD,2022-11-25,CRU3,9.11,9.1,9.11,9.1,852932.0,27315.0,3.0,92,9.271,,9.105,-1.41,1.0,3,CNY-9.23,CNY
RFUD,2022-11-28,CRU3,,,,,851920.0,,,92,9.26,,,,,0,CNY-9.23,CNY
RFUD,2022-11-29,CRU3,,,,,852196.0,,,92,9.263,,,,,0,CNY-9.23,CNY
RFUD,2022-11-30,CRU3,9.282,9.282,9.491,9.3,967200.0,65548.0,7.0,104,9.3,,9.364,,1.0,5,CNY-9.23,CNY
RFUD,2022-12-01,CRU3,9.31,9.162,9.31,9.22,1069890.0,92278.0,10.0,114,9.385,,9.228,-0.86,1.0,10,CNY-9.23,CNY
RFUD,2022-12-02,CRU3,9.37,9.268,9.411,9.268,1077640.0,28049.0,3.0,116,9.29,,9.35,0.52,1.0,3,CNY-9.23,CNY
RFUD,2022-12-05,CRU3,9.498,9.491,9.64,9.64,1523120.0,305279.0,32.0,158,9.64,0.0,9.54,4.01,1.0,9,CNY-9.23,CNY
RFUD,2022-12-06,CRU3,9.51,9.51,9.51,9.51,1512060.0,9510.0,1.0,158,9.57,0.0,9.51,-1.35,1.0,1,CNY-9.23,CNY
RFUD,2022-12-07,CRU3,9.61,9.61,9.61,9.61,1521540.0,9610.0,1.0,158,9.63,0.0,9.61,1.05,1.0,1,CNY-9.23,CNY
RFUD,2022-12-08,CRU3,9.63,9.61,9.773,9.61,1537600.0,67678.0,7.0,160,9.61,0.0,9.668,0.0,1.0,7,CNY-9.23,CNY
RFUD,2022-12-09,CRU3,9.6,9.6,9.6,9.6,1593600.0,28800.0,3.0,166,9.6,0.0,9.6,-0.1,1.0,3,CNY-9.23,CNY
RFUD,2022-12-12,CRU3,9.585,9.585,9.585,9.585,1610280.0,28755.0,3.0,168,9.585,0.0,9.585,-0.16,1.0,3,CNY-9.23,CNY
RFUD,2022-12-13,CRU3,9.7,9.65,9.7,9.65,1640500.0,19350.0,2.0,170,9.65,0.0,9.675,0.68,1.0,2,CNY-9.23,CNY
RFUD,2022-12-14,CRU3,9.725,9.6,9.726,9.688,2128940.0,260234.0,27.0,220,9.677,0.0,9.638,0.39,1.0,17,CNY-9.23,CNY
RFUD,2022-12-15,CRU3,9.7,9.677,9.8,9.677,2051524.0,87807.0,9.0,212,9.677,0.0,9.756,-0.11,1.0,8,CNY-9.23,CNY
RFUD,2022-12-16,CRU3,9.813,9.726,9.817,9.753,2069544.0,156886.0,16.0,212,9.762,0.0,9.805,0.78,1.0,9,CNY-9.23,CNY
RFUD,2022-12-19,CRU3,9.85,9.85,10.25,10.043,6387348.0,2557654.0,255.0,636,10.043,0.0,10.03,2.97,1.0,41,CNY-9.23,CNY
RFUD,2022-12-20,CRU3,10.084,10.084,10.345,10.345,6641490.0,102676.0,10.0,642,10.345,0.0,10.268,3.01,1.0,10,CNY-9.23,CNY
RFUD,2022-12-21,CRU3,10.3,10.3,10.555,10.488,7949904.0,931578.0,89.0,758,10.488,0.0,10.467,1.38,1.0,14,CNY-9.23,CNY
RFUD,2022-12-22,CRU3,10.599,10.292,10.749,10.292,9892350.0,1724849.0,164.0,950,10.413,0.0,10.517,-1.87,1.0,37,CNY-9.23,CNY
RFUD,2022-12-23,CRU3,10.337,10.033,10.343,10.251,8360010.0,891679.0,87.0,810,10.321,0.0,10.249,-0.4,1.0,18,CNY-9.23,CNY
RFUD,2022-12-26,CRU3,10.397,10.113,10.397,10.113,8175344.0,71545.0,7.0,808,10.118,0.0,10.221,-1.35,1.0,7,CNY-9.23,CNY
RFUD,2022-12-27,CRU3,10.399,10.39,10.576,10.488,24961440.0,11429962.0,1083.0,2380,10.488,0.0,10.554,3.71,1.0,119,CNY-9.23,CNY
RFUD,2022-12-28,CRU3,10.535,10.504,10.667,10.627,37466880.0,6705888.0,629.0,3520,10.644,0.0,10.661,1.32,4.0,28,CNY-9.23,CNY
RFUD,2022-12-29,CRU3,10.699,10.475,10.738,10.475,37111380.0,74541.0,7.0,3516,10.555,0.0,10.649,-1.43,1.0,7,CNY-9.23,CNY
RFUD,2022-12-30,CRU3,10.404,10.199,10.405,10.36,37261752.0,776376.0,75.0,3596,10.362,0.0,10.352,-1.1,1.0,19,CNY-9.23,CNY
RFUD,2023-01-03,CRU3,10.345,10.3,10.6,10.557,37920744.0,491616.0,47.0,3592,10.557,0.0,10.46,1.9,1.0,33,CNY-9.23,CNY
RFUD,2023-01-04,CRU3,10.6,10.6,10.748,10.748,38671304.0,319983.0,30.0,3598,10.748,0.0,10.666,1.81,1.0,28,CNY-9.23,CNY
RFUD,2023-01-05,CRU3,10.748,10.7,10.899,10.796,39448584.0,5322768.0,496.0,3654,10.796,0.0,10.731,0.45,1.0,246,CNY-9.23,CNY
RFUD,2023-01-06,CRU3,10.776,10.758,10.9,10.9,39911952.0,194346.0,18.0,3664,10.893,0.0,10.797,0.96,1.0,18,CNY-9.23,CNY
RFUD,2023-01-09,CRU3,10.811,10.55,10.982,10.55,39962000.0,1647139.0,154.0,3770,10.6,0.0,10.696,-3.21,1.0,62,CNY-9.23,CNY
RFUD,2023-01-10,CRU3,10.626,10.59,10.626,10.59,40129200.0,350480.0,33.0,3768,10.65,0.0,10.621,0.38,1.0,13,CNY-9.23,CNY
RFUD,2023-01-11,CRU3,10.635,10.455,10.663,10.489,40235804.0,1780332.0,168.0,3836,10.489,0.0,10.597,-0.95,1.0,53,CNY-9.23,CNY
RFUD,2023-01-12,CRU3,10.438,10.361,10.531,10.418,40859396.0,1198850.0,115.0,3922,10.418,0.0,10.425,-0.68,18.0,48,CNY-9.23,CNY
RFUD,2023-01-13,CRU3,10.417,10.378,10.916,10.519,41352080.0,5258721.0,497.0,3920,10.549,0.0,10.581,0.97,1.0,74,CNY-9.23,CNY
RFUD,2023-01-16,CRU3,10.663,10.44,10.767,10.515,47401620.0,4626979.0,440.0,4508,10.515,0.0,10.516,-0.04,1.0,398,CNY-9.23,CNY
RFUD,2023-01-17,CRU3,10.543,10.457,10.633,10.521,47863152.0,1043315.0,99.0,4548,10.524,0.0,10.539,0.06,1.0,53,CNY-9.23,CNY
RFUD,2023-01-18,CRU3,10.539,10.484,10.666,10.552,47547312.0,782145.0,74.0,4506,10.552,0.0,10.57,0.29,1.0,41,CNY-9.23,CNY
RFUD,2023-01-19,CRU3,10.534,10.52,10.664,10.528,53798080.0,6116935.0,581.0,5110,10.528,0.0,10.528,-0.23,10.0,179,CNY-9.23,CNY
RFUD,2023-01-20,CRU3,10.528,10.45,10.572,10.533,54202818.0,1126070.0,107.0,5146,10.533,0.0,10.524,0.05,1.0,51,CNY-9.23,CNY
RFUD,2023-01-23,CRU3,10.523,10.503,10.555,10.503,66698814.0,6585775.0,626.0,6342,10.517,0.0,10.52,-0.29,1.0,23,CNY-9.23,CNY
RFUD,2023-01-24,CRU3,10.547,10.528,10.558,10.539,67070196.0,1790314.0,170.0,6364,10.539,0.0,10.531,0.34,1.0,45,CNY-9.23,CNY
RFUD,2023-01-25,CRU3,10.548,10.535,10.641,10.572,67533936.0,771270.0,73.0,6388,10.572,0.0,10.565,0.31,1.0,43,CNY-9.23,CNY
RFUD,2023-01-26,CRU3,10.587,10.577,10.768,10.669,67982868.0,916707.0,86.0,6372,10.669,0.0,10.659,0.92,9.0,42,CNY-9.23,CNY
RFUD,2023-01-27,CRU3,10.671,10.619,10.688,10.637,65174514.0,3647376.0,343.0,6126,10.639,0.0,10.634,-0.3,1.0,192,CNY-9.23,CNY
RFUD,2023-01-30,CRU3,10.671,10.671,10.841,10.771,66894474.0,1776699.0,165.0,6206,10.779,0.0,10.768,1.26,3.0,53,CNY-9.23,CNY
RFUD,2023-01-31,CRU3,10.799,10.728,10.85,10.741,66486790.0,1578297.0,146.0,6190,10.741,0.0,10.81,-0.28,1.0,56,CNY-9.23,CNY
RFUD,2023-02-01,CRU3,10.752,10.752,10.81,10.801,66901394.0,53974.0,5.0,6194,10.801,0.0,10.795,0.56,2.0,4,CNY-9.23,CNY
RFUD,2023-02-02,CRU3,10.8,10.8,10.86,10.836,67505760.0,889610.0,82.0,6216,10.86,0.0,10.849,0.32,1.0,13,CNY-9.23,CNY
RFUD,2023-02-03,CRU3,10.852,10.784,10.87,10.784,67212120.0,1029400.0,95.0,6232,10.785,0.0,10.836,-0.48,1.0,20,CNY-9.23,CNY
RFUD,2023-02-06,CRU3,10.772,10.701,10.8,10.78,67434072.0,236990.0,22.0,6252,10.786,0.0,10.772,-0.04,4.0,16,CNY-9.23,CNY
RFUD,2023-02-07,CRU3,10.808,10.71,10.875,10.822,68210100.0,507836.0,47.0,6300,10.827,0.0,10.805,0.39,1.0,17,CNY-9.23,CNY
RFUD,2023-02-08,CRU3,10.808,10.808,11.05,11.016,70965072.0,3414241.0,311.0,6442,11.016,0.0,10.978,1.79,1.0,48,CNY-9.23,CNY
RFUD,2023-02-09,CRU3,11.05,11.05,11.293,11.154,73683324.0,2633026.0,235.0,6606,11.154,0.0,11.204,1.25,1.0,53,CNY-9.23,CNY
RFUD,2023-02-10,CRU3,11.147,11.016,11.235,11.117,74461666.0,1223303.0,110.0,6698,11.117,0.0,11.121,-0.33,1.0,36,CNY-9.23,CNY
RFUD,2023-02-13,CRU3,11.141,11.093,11.3,11.221,98744800.0,13389472.0,1187.0,8800,11.221,0.0,11.28,0.94,1.0,184,CNY-9.23,CNY
RFUD,2023-02-14,CRU3,11.191,11.127,11.252,11.201,100741794.0,1815285.0,162.0,8994,11.201,0.0,11.205,-0.18,1.0,27,CNY-9.23,CNY
RFUD,2023-02-15,CRU3,11.177,11.175,11.339,11.233,102048030.0,1229932.0,109.0,9030,11.301,0.0,11.284,0.29,1.0,86,CNY-9.23,CNY
RFUD,2023-02-16,CRU3,11.293,11.246,11.348,11.287,102373090.0,2896577.0,256.0,9070,11.287,0.0,11.315,0.48,3.0,47,CNY-9.23,CNY
RFUD,2023-02-17,CRU3,11.286,11.109,11.323,11.133,101048870.0,4752049.0,425.0,9070,11.141,0.0,11.181,-1.36,3.0,69,CNY-9.23,CNY
RFUD,2023-02-20,CRU3,11.184,11.128,11.32,11.23,102198870.0,2255810.0,201.0,9090,11.243,0.0,11.223,0.87,1.0,100,CNY-9.23,CNY
RFUD,2023-02-21,CRU3,11.29,11.105,11.361,11.25,102082500.0,3625029.0,322.0,9074,11.25,0.0,11.258,0.18,1.0,180,CNY-9.23,CNY
RFUD,2023-02-22,CRU3,11.213,11.195,11.299,11.26,101799672.0,4916471.0,437.0,9032,11.271,0.0,11.251,0.09,1.0,186,CNY-9.23,CNY
RFUD,2023-02-24,CRU3,11.29,11.18,11.429,11.301,99771840.0,4727223.0,419.0,8820,11.312,0.0,11.282,0.36,1.0,111,CNY-9.23,CNY
RFUD,2023-02-27,CRU3,11.401,11.096,11.433,11.121,100965516.0,5670603.0,506.0,9078,11.122,0.0,11.207,-1.59,1.0,76,CNY-9.23,CNY
RFUD,2023-02-28,CRU3,11.158,11.031,11.224,11.162,102601104.0,1713242.0,154.0,9192,11.162,0.0,11.125,0.37,2.0,45,CNY-9.23,CNY
RFUD,2023-03-01,CRU3,11.197,11.135,11.331,11.299,103272860.0,1498715.0,133.0,9140,11.299,0.0,11.269,1.23,10.0,36,CNY-9.23,CNY
RFUD,2023-03-02,CRU3,11.275,11.22,11.32,11.25,104355000.0,1374839.0,122.0,9276,11.25,0.0,11.269,-0.43,50.0,31,CNY-9.23,CNY
RFUD,2023-03-03,CRU3,11.23,11.23,11.336,11.277,104747370.0,462818.0,41.0,9282,11.285,0.0,11.288,0.24,1.0,23,CNY-9.23,CNY
RFUD,2023-03-06,CRU3,11.316,11.22,11.333,11.23,106303180.0,1420755.0,126.0,9466,11.23,0.0,11.276,-0.42,1.0,35,CNY-9.23,CNY
RFUD,2023-03-07,CRU3,11.25,11.23,11.267,11.23,108443520.0,1055744.0,94.0,9648,11.24,0.0,11.231,0.0,30.0,6,CNY-9.23,CNY
RFUD,2023-03-09,CRU3,11.268,11.218,11.277,11.218,109148160.0,1504043.0,134.0,9728,11.22,0.0,11.224,-0.11,2.0,21,CNY-9.23,CNY
RFUD,2023-03-10,CRU3,11.231,11.21,11.307,11.283,121191070.0,16055182.0,1430.0,10010,12.107,0.0,11.227,0.58,1.0,77,CNY-9.23,CNY
RFUD,2023-03-13,CRU3,11.359,11.164,11.367,11.2,135811200.0,45644338.0,4064.0,12126,11.2,0.0,11.228,-0.74,9.0,364,CNY-9.23,CNY
RFUD,2023-03-14,CRU3,11.198,11.193,11.26,11.239,191849730.0,54803602.0,4884.0,17070,11.239,0.0,11.221,0.35,2.0,423,CNY-9.23,CNY
RFUD,2023-03-15,CRU3,11.24,11.23,11.303,11.285,203969584.0,18486335.0,1640.0,18076,11.284,0.0,11.274,0.41,1.0,351,CNY-9.23,CNY
RFUD,2023-03-16,CRU3,11.305,11.278,11.457,11.389,212984832.0,49466008.0,4350.0,18696,11.392,0.0,11.372,0.92,5.0,813,CNY-9.23,CNY
RFUD,2023-03-17,CRU3,11.372,11.356,11.472,11.461,204235020.0,38733370.0,3392.0,17820,11.461,0.0,11.419,0.63,15.0,788,CNY-9.23,CNY
RFUD,2023-03-20,CRU3,11.451,11.4,11.586,11.476,224021798.0,80637822.0,7021.0,19526,11.473,0.0,11.486,0.13,1.0,1812,CNY-9.23,CNY
RFUD,2023-03-21,CRU3,11.477,11.403,11.522,11.433,236468176.0,53234530.0,4651.0,20692,11.428,0.0,11.445,-0.38,30.0,1520,CNY-9.23,CNY
RFUD,2023-03-22,CRU3,11.43,11.393,11.471,11.443,265961566.0,44644805.0,3902.0,23222,11.453,0.0,11.442,0.09,1.0,1124,CNY-9.23,CNY
RFUD,2023-03-23,CRU3,11.46,11.328,11.502,11.372,301956920.0,100223209.0,8788.0,26534,11.38,0.0,11.404,-0.62,1.0,1968,CNY-9.23,CNY
RFUD,2023-03-24,CRU3,11.379,11.347,11.419,11.41,333011056.0,89395267.0,7850.0,29168,11.417,0.0,11.387,0.33,1.0,1180,CNY-9.23,CNY
RFUD,2023-03-27,CRU3,11.418,11.356,11.434,11.392,345359872.0,55004394.0,4825.0,30316,11.392,0.0,11.4,-0.16,3.0,886,CNY-9.23,CNY
RFUD,2023-03-28,CRU3,11.384,11.343,11.451,11.443,366391104.0,38049902.0,3338.0,32016,11.444,0.0,11.399,0.45,1.0,692,CNY-9.23,CNY
RFUD,2023-03-29,CRU3,11.444,11.413,11.465,11.457,365069760.0,37690947.0,3294.0,31856,11.46,0.0,11.442,0.12,1.0,614,CNY-9.23,CNY
RFUD,2023-03-30,CRU3,11.478,11.416,11.49,11.461,353044644.0,22598393.0,1973.0,30804,11.461,0.0,11.454,0.03,2.0,515,CNY-9.23,CNY
RFUD,2023-03-31,CRU3,11.457,11.455,11.609,11.542,372247824.0,57294268.0,4966.0,32246,11.544,0.0,11.537,0.71,6.0,1106,CNY-9.23,CNY
RFUD,2023-04-03,CRU3,11.543,11.445,11.694,11.689,381122304.0,156403562.0,13571.0,32608,11.688,0.0,11.524,1.27,2.0,2145,CNY-9.23,CNY
RFUD,2023-04-04,CRU3,11.696,11.68,11.815,11.753,448526832.0,97722003.0,8314.0,38166,11.752,0.0,11.754,0.55,1.0,1450,CNY-9.23,CNY
RFUD,2023-04-05,CRU3,11.761,11.743,11.827,11.81,461243172.0,93178970.0,7911.0,39052,11.811,0.0,11.779,0.48,2.0,1516,CNY-9.23,CNY
RFUD,2023-04-06,CRU3,11.81,11.81,12.023,12.023,430929226.0,298176783.0,24952.0,35854,12.019,0.0,11.951,1.8,1.0,2138,CNY-9.23,CNY
RFUD,2023-04-07,CRU3,12.045,11.931,12.342,12.027,592642452.0,383667087.0,31660.0,49276,12.027,0.0,12.119,0.03,1.0,3669,CNY-9.23,CNY
RFUD,2023-04-10,CRU3,12.029,11.972,12.115,12.028,1143766576.0,409401802.0,33978.0,95092,12.028,0.0,12.049,0.01,5.0,3080,CNY-9.23,CNY
RFUD,2023-04-11,CRU3,12.027,12.027,12.11,12.057,2561581992.0,926251893.0,76783.0,212456,12.057,0.0,12.066,0.24,5.0,4183,CNY-9.23,CNY
RFUD,2023-04-12,CRU3,12.063,12.006,12.114,12.032,2572369408.0,154340647.0,12796.0,213794,12.032,0.0,12.062,-0.21,1.0,1499,CNY-9.23,CNY
RFUD,2023-04-13,CRU3,12.023,11.934,12.043,11.957,2613861252.0,187777728.0,15668.0,218532,11.961,0.0,11.985,-0.62,25.0,1459,CNY-9.23,CNY
RFUD,2023-04-14,CRU3,11.952,11.952,12.013,12.009,2689688070.0,121264158.0,10122.0,224010,12.007,0.0,11.981,0.43,74.0,724,CNY-9.23,CNY
RFUD,2023-04-17,CRU3,12.017,11.881,12.057,11.9,2788574600.0,231011808.0,19338.0,234334,11.9,0.0,11.948,-0.91,16.0,1879,CNY-9.23,CNY
RFUD,2023-04-18,CRU3,11.907,11.886,11.964,11.921,2979129426.0,139946808.0,11742.0,249906,11.921,0.0,11.919,0.18,1.0,960,CNY-9.23,CNY
RFUD,2023-04-19,CRU3,11.917,11.872,11.963,11.955,2968036008.0,83744476.0,7024.0,248392,11.949,0.0,11.923,0.29,10.0,1399,CNY-9.23,CNY
RFUD,2023-04-20,CRU3,11.957,11.898,11.987,11.931,2968698656.0,42235360.0,3537.0,248864,11.929,0.0,11.941,-0.2,1.0,726,CNY-9.23,CNY
RFUD,2023-04-21,CRU3,11.928,11.864,11.94,11.908,2963115272.0,41365376.0,3475.0,248834,11.908,0.0,11.904,-0.19,1.0,653,CNY-9.23,CNY
RFUD,2023-04-24,CRU3,11.916,11.819,11.921,11.865,2965561830.0,107612224.0,9066.0,249942,11.865,0.0,11.87,-0.36,1.0,1154,CNY-9.23,CNY
RFUD,2023-04-25,CRU3,11.862,11.827,11.888,11.849,2964998968.0,90567365.0,7636.0,250232,11.849,0.0,11.861,-0.14,2.0,979,CNY-9.23,CNY
RFUD,2023-04-26,CRU3,11.858,11.842,11.882,11.87,2942224384.0,53401536.0,4501.0,247808,11.873,0.0,11.864,0.18,26.0,615,CNY-9.23,CNY
RFUD,2023-04-27,CRU3,11.87,11.808,11.936,11.836,2967948016.0,241746112.0,20359.0,250756,11.836,0.0,11.874,-0.29,11.0,1994,CNY-9.23,CNY
RFUD,2023-04-28,CRU3,11.846,11.53,11.882,11.729,2915665194.0,291345955.0,24917.0,248586,11.729,0.0,11.69,-0.9,3.0,4046,CNY-9.23,CNY
RFUD,2023-05-02,CRU3,11.729,11.558,11.729,11.631,2891342976.0,96559641.0,8304.0,248568,11.632,0.0,11.628,-0.84,1.0,1943,CNY-9.23,CNY
RFUD,2023-05-03,CRU3,11.657,11.514,11.675,11.581,2918550972.0,193512954.0,16681.0,252012,11.581,0.0,11.601,-0.43,1.0,2179,CNY-9.23,CNY
RFUD,2023-05-04,CRU3,11.567,11.341,11.614,11.39,2963495760.0,189205688.0,16523.0,260184,11.39,0.0,11.451,-1.65,8.0,3181,CNY-9.23,CNY
RFUD,2023-05-05,CRU3,11.391,11.21,11.432,11.362,12517979250.0,6811639869.0,603925.0,1101450,11.365,0.0,11.271,-0.25,16.0,12130,CNY-9.23,CNY
RFUD,2023-05-08,CRU3,11.366,11.242,11.48,11.439,12646430022.0,147147430.0,12919.0,1106134,11.433,0.0,11.391,0.68,1.0,2150,CNY-9.23,CNY
RFUD,2023-05-10,CRU3,11.44,11.125,11.456,11.151,12482709096.0,386076884.0,34228.0,1119124,11.154,0.0,11.269,-2.52,4.0,2841,CNY-9.23,CNY
RFUD,2023-05-11,CRU3,11.151,10.99,11.293,11.223,12817119924.0,519254261.0,46659.0,1142244,11.221,0.0,11.128,0.65,7.0,4231,CNY-9.23,CNY
RFUD,2023-05-12,CRU3,11.231,11.161,11.378,11.318,12962958120.0,393913682.0,34934.0,1145340,11.318,0.0,11.276,0.85,4.0,3972,CNY-9.23,CNY
RFUD,2023-05-15,CRU3,11.327,11.294,11.59,11.572,13199300928.0,535958834.0,46509.0,1140624,11.572,0.0,11.516,2.24,1.0,3366,CNY-9.23,CNY
RFUD,2023-05-16,CRU3,11.574,11.55,11.693,11.685,13404630246.0,182961943.0,15711.0,1147362,11.683,0.0,11.647,0.98,4.0,2190,CNY-9.23,CNY
RFUD,2023-05-17,CRU3,11.678,11.526,11.727,11.534,13297224192.0,281484992.0,24189.0,1152672,11.536,0.0,11.637,-1.29,5.0,3019,CNY-9.23,CNY
RFUD,2023-05-18,CRU3,11.526,11.433,11.606,11.571,16353016596.0,1758181680.0,152637.0,1413276,11.571,0.0,11.541,0.32,34.0,3552,CNY-9.23,CNY
RFUD,2023-05-19,CRU3,11.575,11.488,11.592,11.528,17216906608.0,709080634.0,61356.0,1493486,11.528,0.0,11.534,-0.37,1.0,2351,CNY-9.23,CNY
RFUD,2023-05-22,CRU3,11.535,11.482,11.541,11.523,20842329448.0,1978965001.0,171665.0,1808602,11.524,0.0,11.518,-0.04,27.0,2443,CNY-9.23,CNY
RFUD,2023-05-23,CRU3,11.522,11.447,11.591,11.505,22532841630.0,993880201.0,86423.0,1958526,11.505,0.0,11.522,-0.16,1.0,2003,CNY-9.23,CNY
RFUD,2023-05-24,CRU3,11.508,11.453,11.525,11.487,22631641452.0,169266774.0,14737.0,1970196,11.487,0.0,11.486,-0.16,1.0,1395,CNY-9.23,CNY
RFUD,2023-05-25,CRU3,11.488,11.397,11.506,11.474,22594715540.0,411531661.0,36017.0,1969210,11.474,0.0,11.426,-0.11,2.0,3020,CNY-9.23,CNY
RFUD,2023-05-26,CRU3,11.47,11.422,11.482,11.447,23211778348.0,499279517.0,43599.0,2027938,11.446,0.0,11.452,-0.24,14.0,2029,CNY-9.23,CNY
RFUD,2023-05-29,CRU3,11.442,11.415,11.58,11.55,24398734488.0,633405101.0,55274.0,2111896,11.553,0.0,11.459,0.9,12.0,2798,CNY-9.23,CNY
RFUD,2023-05-30,CRU3,11.56,11.427,11.599,11.585,26340463744.0,1321317275.0,114361.0,2273866,11.584,0.0,11.554,0.3,34.0,4880,CNY-9.23,CNY
RFUD,2023-05-31,CRU3,11.58,11.484,11.616,11.525,27459649400.0,849222811.0,73544.0,2382616,11.525,0.0,11.547,-0.52,11.0,3697,CNY-9.23,CNY
RFUD,2023-06-01,CRU3,11.515,11.438,11.525,11.489,30116691780.0,1542122816.0,134165.0,2621122,11.49,0.0,11.494,-0.31,4.0,4259,CNY-9.23,CNY
RFUD,2023-06-02,CRU3,11.489,11.48,11.644,11.623,33512663042.0,2112044325.0,182526.0,2883802,11.621,0.0,11.571,1.17,118.0,5397,CNY-9.23,CNY
RFUD,2023-06-05,CRU3,11.619,11.484,11.643,11.51,34961763120.0,1867051935.0,161575.0,3037512,11.51,0.0,11.555,-0.97,10.0,7733,CNY-9.23,CNY
RFUD,2023-06-06,CRU3,11.523,11.487,11.573,11.542,38461652010.0,1983858930.0,172139.0,3332610,11.541,0.0,11.538,0.28,53.0,3064,CNY-9.23,CNY
RFUD,2023-06-07,CRU3,11.543,11.52,11.628,11.627,43369213744.0,2700574802.0,233138.0,3731006,11.624,0.0,11.584,0.74,30.0,7009,CNY-9.23,CNY
RFUD,2023-06-08,CRU3,11.62,11.595,11.748,11.726,49221563274.0,3440668041.0,295472.0,4195854,11.731,0.0,11.645,0.85,1.0,9305,CNY-9.23,CNY
RFUD,2023-06-09,CRU3,11.73,11.638,11.788,11.68,58102942976.0,6654860426.0,568788.0,4972864,11.684,0.0,11.699,-0.39,8.0,15204,CNY-9.23,CNY
RFUD,2023-06-13,CRU3,11.673,11.673,11.873,11.869,65755698384.0,8066229223.0,683009.0,5540588,11.868,0.0,11.811,1.62,1.0,20874,CNY-9.23,CNY
RFUD,2023-06-14,CRU3,11.877,11.802,11.975,11.866,76758740712.0,14269598810.0,1201666.0,6466072,11.871,0.0,11.875,-0.03,5.0,43335,CNY-9.23,CNY
RFUD,2023-06-15,CRU3,11.864,11.753,11.926,11.841,84288436100.0,22481831114.0,1898646.0,7115350,11.846,0.0,11.841,-0.21,5.0,52148,CNY-9.23,CNY
RFUD,2023-06-16,CRU3,11.849,11.831,11.924,11.924,87471601126.0,21459957171.0,1808371.0,7337606,11.921,0.0,11.867,0.7,18.0,47749,CNY-9.23,CNY
RFUD,2023-06-19,CRU3,11.91,11.816,11.942,11.869,86827943452.0,18742170985.0,1580026.0,7316756,11.867,0.0,11.862,-0.46,2.0,47092,CNY-9.23,CNY
RFUD,2023-06-20,CRU3,11.881,11.835,11.944,11.941,94164337800.0,21849605567.0,1837797.0,7885800,11.941,0.0,11.889,0.61,1.0,48272,CNY-9.23,CNY
RFUD,2023-06-21,CRU3,11.937,11.753,11.948,11.78,97857732240.0,33316323765.0,2815425.0,8307108,11.78,0.0,11.833,-1.35,9.0,67236,CNY-9.23,CNY
RFUD,2023-06-22,CRU3,11.771,11.716,11.811,11.801,96320145384.0,22513199982.0,1913745.0,8163416,11.799,0.0,11.764,0.18,4.0,46721,CNY-9.23,CNY
RFUD,2023-06-23,CRU3,11.791,11.707,11.899,11.854,97167128648.0,30929393335.0,2618168.0,8198374,11.852,0.0,11.813,0.45,30.0,69164,CNY-9.23,CNY
RFUD,2023-06-26,CRU3,11.852,11.76,12.022,11.869,96855038400.0,40110799488.0,3381630.0,8162400,11.866,0.0,11.863,0.13,30.0,98423,CNY-9.23,CNY
RFUD,2023-06-27,CRU3,11.872,11.843,11.947,11.92,101301681456.0,27454491138.0,2306496.0,8501316,11.916,0.0,11.903,0.43,27.0,53922,CNY-9.23,CNY
RFUD,2023-06-28,CRU3,11.916,11.862,12.024,12.003,103716746432.0,31396004611.0,2630098.0,8637304,12.008,0.0,11.937,0.7,1.0,63027,CNY-9.23,CNY
RFUD,2023-06-29,CRU3,12.012,11.975,12.174,12.157,109310122084.0,35347135914.0,2919579.0,8990798,12.158,0.0,12.107,1.28,28.0,71028,CNY-9.23,CNY
RFUD,2023-06-30,CRU3,12.15,12.133,12.431,12.43,119623357944.0,67712733125.0,5522321.0,9624536,12.429,0.0,12.262,2.25,10.0,131673,CNY-9.23,CNY
RFUD,2023-07-03,CRU3,12.431,12.246,12.44,12.263,118987790922.0,45401616096.0,3677602.0,9706158,12.259,0.0,12.345,-1.34,31.0,90450,CNY-9.23,CNY
RFUD,2023-07-04,CRU3,12.256,12.191,12.542,12.408,133327998648.0,57604743199.0,4646526.0,10740132,12.414,0.0,12.397,1.18,150.0,126987,CNY-9.23,CNY
RFUD,2023-07-05,CRU3,12.405,12.366,12.613,12.6,149690703572.0,59372313505.0,4753304.0,11869852,12.611,0.0,12.491,1.55,68.0,116959,CNY-9.23,CNY
RFUD,2023-07-06,CRU3,12.611,12.525,12.935,12.616,166504058056.0,99294340684.0,7784786.0,13210414,12.604,0.0,12.755,0.13,300.0,191970,CNY-9.23,CNY
RFUD,2023-07-07,CRU3,12.616,12.578,12.738,12.698,167037654720.0,35773753642.0,2821993.0,13148430,12.704,0.0,12.677,0.65,10.0,86602,CNY-9.23,CNY
RFUD,2023-07-10,CRU3,12.692,12.49,12.758,12.535,169818899334.0,35258211495.0,2794288.0,13538938,12.543,0.0,12.618,-1.28,174.0,89545,CNY-9.23,CNY
RFUD,2023-07-11,CRU3,12.534,12.461,12.668,12.535,171726209424.0,34671764667.0,2759666.0,13697552,12.537,0.0,12.563,0.0,188.0,92914,CNY-9.23,CNY
RFUD,2023-07-12,CRU3,12.539,12.517,12.766,12.755,167540573538.0,39173596204.0,3096822.0,13137346,12.753,0.0,12.65,1.75,300.0,82536,CNY-9.23,CNY
RFUD,2023-07-13,CRU3,12.764,12.584,12.806,12.653,159852135268.0,38713930938.0,3059040.0,12628546,12.658,0.0,12.656,-0.8,3.0,74642,CNY-9.23,CNY
RFUD,2023-07-14,CRU3,12.654,12.628,12.739,12.712,152853073308.0,31282550043.0,2465002.0,12022422,12.714,0.0,12.691,0.47,266.0,60951,CNY-9.23,CNY
RFUD,2023-07-17,CRU3,12.715,12.642,12.777,12.77,154449559154.0,27492890713.0,2165741.0,12095666,12.769,0.0,12.694,0.46,145.0,64479,CNY-9.23,CNY
RFUD,2023-07-18,CRU3,12.77,12.693,12.801,12.709,152340952904.0,21697307709.0,1704810.0,11986856,12.709,0.0,12.727,-0.48,10.0,51467,CNY-9.23,CNY
RFUD,2023-07-19,CRU3,12.705,12.66,12.765,12.722,151671646380.0,20845836174.0,1639758.0,11921060,12.723,0.0,12.713,0.1,134.0,53654,CNY-9.23,CNY
RFUD,2023-07-20,CRU3,12.72,12.643,12.788,12.666,148906831304.0,30633758661.0,2408903.0,11761064,12.661,0.0,12.717,-0.44,16.0,73917,CNY-9.23,CNY
RFUD,2023-07-21,CRU3,12.663,12.606,12.746,12.737,149831062650.0,30828361227.0,2431562.0,11763450,12.737,0.0,12.678,0.56,43.0,68529,CNY-9.23,CNY
RFUD,2023-07-24,CRU3,12.739,12.621,12.759,12.665,146707004796.0,23313746809.0,1840597.0,11590062,12.658,0.0,12.666,-0.56,21.0,53384,CNY-9.23,CNY
RFUD,2023-07-25,CRU3,12.653,12.64,12.75,12.741,147784502050.0,25924257757.0,2041532.0,11600950,12.739,0.0,12.699,0.6,5.0,51940,CNY-9.23,CNY
RFUD,2023-07-26,CRU3,12.741,12.647,12.753,12.68,146300033916.0,19349481097.0,1526495.0,11536038,12.682,0.0,12.676,-0.48,300.0,42230,CNY-9.23,CNY
RFUD,2023-07-27,CRU3,12.681,12.658,12.74,12.737,144479552896.0,20994817659.0,1653664.0,11344186,12.736,0.0,12.696,0.45,8.0,45246,CNY-9.23,CNY
RFUD,2023-07-28,CRU3,12.735,12.716,12.913,12.896,145011851476.0,27450141164.0,2143732.0,11247332,12.893,0.0,12.805,1.25,300.0,54225,CNY-9.23,CNY
RFUD,2023-07-31,CRU3,12.89,12.825,13.026,12.904,142001177990.0,31537278761.0,2443572.0,11006990,12.901,0.0,12.906,0.06,300.0,64994,CNY-9.23,CNY
RFUD,2023-08-01,CRU3,12.905,12.831,12.935,12.927,136836048896.0,24966036145.0,1937070.0,10582016,12.931,0.0,12.889,0.18,8.0,51912,CNY-9.23,CNY
RFUD,2023-08-02,CRU3,12.935,12.883,13.172,13.143,139558063412.0,38635103646.0,2961814.0,10622474,13.138,0.0,13.044,1.67,46.0,89276,CNY-9.23,CNY
RFUD,2023-08-03,CRU3,13.146,13.043,13.259,13.224,137696282780.0,52689386730.0,4006423.0,10411030,13.226,0.0,13.151,0.62,5.0,93928,CNY-9.23,CNY
RFUD,2023-08-04,CRU3,13.224,13.177,13.479,13.445,140437987956.0,40350547067.0,3030503.0,10451588,13.437,0.0,13.315,1.67,10.0,74573,CNY-9.23,CNY
RFUD,2023-08-07,CRU3,13.428,13.263,13.572,13.326,145699853014.0,53882597612.0,4005982.0,10932682,13.327,0.0,13.451,-0.89,13.0,103969,CNY-9.23,CNY
RFUD,2023-08-08,CRU3,13.338,13.285,13.533,13.507,153704073952.0,40938111892.0,3055815.0,11378744,13.508,0.0,13.397,1.36,10.0,80325,CNY-9.23,CNY
RFUD,2023-08-09,CRU3,13.512,13.49,13.657,13.511,154094585000.0,41853021516.0,3085263.0,11395000,13.523,0.0,13.565,0.03,211.0,96370,CNY-9.23,CNY
RFUD,2023-08-10,CRU3,13.509,13.444,13.631,13.545,155588324572.0,40191959767.0,2969631.0,11485076,13.547,0.0,13.534,0.25,3.0,101901,CNY-9.23,CNY
RFUD,2023-08-11,CRU3,13.55,13.54,13.786,13.77,155701894126.0,45013241592.0,3296762.0,11306506,13.771,0.0,13.654,1.66,200.0,84898,CNY-9.23,CNY
RFUD,2023-08-14,CRU3,13.77,13.361,14.046,13.443,151556941536.0,96757167111.0,7021297.0,11270688,13.447,0.0,13.781,-2.38,1.0,173592,CNY-9.23,CNY
RFUD,2023-08-15,CRU3,13.444,13.133,13.679,13.356,167545692456.0,113341034420.0,8457530.0,12541784,13.359,0.0,13.401,-0.65,4.0,234285,CNY-9.23,CNY
RFUD,2023-08-16,CRU3,13.344,12.961,13.422,12.997,175524336966.0,76437039583.0,5789914.0,13511226,12.991,0.0,13.201,-2.69,71.0,189885,CNY-9.23,CNY
RFUD,2023-08-17,CRU3,12.99,12.73,13.118,12.88,173247289402.0,84296833794.0,6531840.0,13437314,12.893,0.0,12.905,-0.9,71.0,195175,CNY-9.23,CNY
RFUD,2023-08-18,CRU3,12.891,12.762,12.954,12.908,167855870880.0,48865185861.0,3794682.0,12999990,12.912,0.0,12.877,0.22,10.0,119025,CNY-9.23,CNY
RFUD,2023-08-21,CRU3,12.907,12.816,13.059,12.879,167688443700.0,58787025174.0,4547395.0,13020300,12.879,0.0,12.928,-0.22,1.0,131812,CNY-9.23,CNY
RFUD,2023-08-22,CRU3,12.874,12.868,13.0,12.973,178168068480.0,41206978461.0,3180076.0,13733760,12.973,0.0,12.958,0.73,142.0,86881,CNY-9.23,CNY
RFUD,2023-08-23,CRU3,12.977,12.94,13.077,12.999,180724789908.0,40135929650.0,3087649.0,13904046,12.998,0.0,12.999,0.2,1.0,85923,CNY-9.23,CNY
RFUD,2023-08-24,CRU3,12.99,12.984,13.119,13.069,168638298472.0,36252820376.0,2780775.0,12903688,13.069,0.0,13.037,0.54,200.0,71674,CNY-9.23,CNY
RFUD,2023-08-25,CRU3,13.06,13.031,13.187,13.134,155713044330.0,38312690600.0,2925835.0,11858430,13.131,0.0,13.096,0.5,9.0,70497,CNY-9.23,CNY
RFUD,2023-08-28,CRU3,13.135,13.082,13.214,13.129,156714293904.0,41574070373.0,3164498.0,11933772,13.132,0.0,13.138,-0.04,5.0,83751,CNY-9.23,CNY
RFUD,2023-08-29,CRU3,13.137,13.121,13.259,13.177,153878214864.0,52106439873.0,3951235.0,11676016,13.179,0.0,13.188,0.37,49.0,98383,CNY-9.23,CNY
RFUD,2023-08-30,CRU3,13.179,13.156,13.245,13.238,152948585920.0,28584232669.0,2163966.0,11552008,13.24,0.0,13.209,0.46,8.0,66805,CNY-9.23,CNY
RFUD,2023-08-31,CRU3,13.24,13.195,13.285,13.225,158096101338.0,33968226650.0,2564422.0,11950722,13.229,0.0,13.246,-0.1,200.0,76386,CNY-9.23,CNY
RFUD,2023-09-01,CRU3,13.225,13.225,13.365,13.326,157469663584.0,49997849533.0,3758934.0,11820272,13.322,0.0,13.301,0.76,175.0,104931,CNY-9.23,CNY
RFUD,2023-09-04,CRU3,13.319,13.306,13.384,13.356,152583057648.0,25566031005.0,1915677.0,11424308,13.356,0.0,13.346,0.22,116.0,56116,CNY-9.23,CNY
RFUD,2023-09-05,CRU3,13.348,13.345,13.431,13.429,145902123280.0,32921075512.0,2457115.0,10863896,13.43,0.0,13.398,0.55,182.0,60571,CNY-9.23,CNY
RFUD,2023-09-06,CRU3,13.422,13.361,13.503,13.5,142286938446.0,41695441307.0,3106053.0,10540554,13.499,0.0,13.424,0.53,200.0,95564,CNY-9.23,CNY
RFUD,2023-09-07,CRU3,13.478,13.274,13.491,13.458,144688654530.0,55504447961.0,4140052.0,10748730,13.461,0.0,13.407,-0.31,96.0,130214,CNY-9.23,CNY
RFUD,2023-09-08,CRU3,13.45,13.29,13.467,13.308,133276938214.0,42400106915.0,3176022.0,10014046,13.309,0.0,13.35,-1.11,48.0,81895,CNY-9.23,CNY
RFUD,2023-09-11,CRU3,13.302,13.052,13.329,13.057,133769912704.0,48992167091.0,3709141.0,10244288,13.058,0.0,13.208,-1.89,87.0,108160,CNY-9.23,CNY
RFUD,2023-09-12,CRU3,13.059,12.845,13.068,13.023,125565532700.0,63624568586.0,4906255.0,9640348,13.025,0.0,12.968,-0.26,194.0,139706,CNY-9.23,CNY
RFUD,2023-09-13,CRU3,13.026,13.014,13.287,13.237,122829268608.0,45091819515.0,3412547.0,9282744,13.232,0.0,13.214,1.64,10.0,84905,CNY-9.23,CNY
RFUD,2023-09-14,CRU3,13.24,13.126,13.365,13.34,136261646880.0,74943322452.0,5665454.0,10217580,13.336,0.0,13.227,0.78,50.0,161189,CNY-9.23,CNY
RFUD,2023-09-15,CRU3,13.343,13.177,13.368,13.232,131935177344.0,68558623178.0,5165997.0,9967904,13.236,0.0,13.271,-0.81,200.0,161984,CNY-9.23,CNY
RFUD,2023-09-18,CRU3,13.237,13.178,13.318,13.21,120388992276.0,46104625517.0,3482209.0,9114164,13.209,0.0,13.24,-0.17,31.0,87575,CNY-9.23,CNY
RFUD,2023-09-19,CRU3,13.21,13.11,13.248,13.241,112756774824.0,33609230642.0,2551355.0,8517016,13.239,0.0,13.173,0.24,3.0,69778,CNY-9.23,CNY
RFUD,2023-09-20,CRU3,13.233,13.156,13.261,13.19,55838584662.0,53005134518.0,4012740.0,4233082,13.191,0.0,13.208,-0.39,1.0,87086,CNY-9.23,CNY
RFUD,2023-09-21,CRU3,13.186,13.128,13.191,13.145,0.0,16657606989.0,1266504.0,0,13.1469,0.0,13.152,-0.34,1.0,26271,CNY-9.23,CNY
RFUD,2022-09-02,CRM3,,,,,0.0,,,0,10.29,,,,,0,CNY-6.23,CNY
RFUD,2022-09-05,CRM3,,,,,0.0,,,0,10.21,,,,,0,CNY-6.23,CNY
RFUD,2022-09-06,CRM3,,,,,0.0,,,0,10.11,,,,,0,CNY-6.23,CNY
RFUD,2022-09-07,CRM3,,,,,0.0,,,0,10.18,,,,,0,CNY-6.23,CNY
RFUD,2022-09-08,CRM3,,,,,0.0,,,0,9.95,,,,,0,CNY-6.23,CNY
RFUD,2022-09-09,CRM3,,,,,0.0,,,0,9.84,,,,,0,CNY-6.23,CNY
RFUD,2022-09-12,CRM3,,,,,0.0,,,0,9.72,,,,,0,CNY-6.23,CNY
RFUD,2022-09-13,CRM3,,,,,0.0,,,0,9.59,,,,,0,CNY-6.23,CNY
RFUD,2022-09-14,CRM3,9.46,9.46,9.46,9.46,19360.0,9460.0,1.0,2,9.68,,9.46,,1.0,1,CNY-6.23,CNY
RFUD,2022-09-15,CRM3,,,,,19300.0,,,2,9.65,,,,,0,CNY-6.23,CNY
RFUD,2022-09-16,CRM3,9.21,9.21,9.21,9.21,37560.0,9210.0,1.0,4,9.39,,9.21,,1.0,1,CNY-6.23,CNY
RFUD,2022-09-19,CRM3,9.2,9.1,9.2,9.17,111480.0,54910.0,6.0,12,9.29,,9.15,-0.43,1.0,6,CNY-6.23,CNY
RFUD,2022-09-20,CRM3,9.27,9.27,9.27,9.27,111240.0,9270.0,1.0,12,9.27,,9.27,1.09,1.0,1,CNY-6.23,CNY
RFUD,2022-09-21,CRM3,9.26,9.25,9.39,9.25,147840.0,158310.0,17.0,16,9.24,,9.31,-0.22,1.0,11,CNY-6.23,CNY
RFUD,2022-09-22,CRM3,9.04,9.04,9.08,9.07,602580.0,253580.0,28.0,66,9.13,,9.06,-1.95,1.0,6,CNY-6.23,CNY
RFUD,2022-09-23,CRM3,8.97,8.62,9.04,8.79,1229200.0,335000.0,38.0,140,8.78,,8.82,-3.09,2.0,15,CNY-6.23,CNY
RFUD,2022-09-26,CRM3,8.77,8.6,8.9,8.83,3465280.0,1201920.0,137.0,392,8.84,,8.77,0.46,3.0,31,CNY-6.23,CNY
RFUD,2022-09-27,CRM3,8.8,8.75,8.83,8.75,4690000.0,748250.0,85.0,536,8.75,,8.8,-0.91,1.0,11,CNY-6.23,CNY
RFUD,2022-09-28,CRM3,8.71,8.67,8.83,8.67,4889400.0,121860.0,14.0,562,8.7,,8.7,-0.91,7.0,8,CNY-6.23,CNY
RFUD,2022-09-29,CRM3,8.7,8.7,9.19,8.77,7427200.0,1442360.0,162.0,844,8.8,,8.9,1.15,1.0,24,CNY-6.23,CNY
RFUD,2022-09-30,CRM3,8.99,8.76,9.3,9.09,19416240.0,7172360.0,782.0,2136,9.09,,9.17,3.65,1.0,72,CNY-6.23,CNY
RFUD,2022-10-03,CRM3,9.0,8.88,9.6,9.05,35367400.0,9456950.0,999.0,3908,9.05,,9.47,-0.44,1.0,94,CNY-6.23,CNY
RFUD,2022-10-04,CRM3,9.03,8.96,9.11,9.01,36306000.0,920660.0,102.0,4034,9.0,,9.03,-0.44,1.0,52,CNY-6.23,CNY
RFUD,2022-10-05,CRM3,8.99,8.95,9.28,9.28,37172700.0,2004250.0,219.0,4010,9.27,,9.15,3.0,6.0,48,CNY-6.23,CNY
RFUD,2022-10-06,CRM3,9.19,9.18,9.33,9.21,37042620.0,636150.0,69.0,4022,9.21,,9.22,-0.75,9.0,28,CNY-6.23,CNY
RFUD,2022-10-07,CRM3,9.2,9.15,9.449,9.17,56065380.0,12133677.0,1291.0,6114,9.17,,9.399,-0.43,1.0,60,CNY-6.23,CNY
RFUD,2022-10-10,CRM3,9.151,8.92,9.289,9.23,57201790.0,1472274.0,162.0,6190,9.241,,9.088,0.65,1.0,88,CNY-6.23,CNY
RFUD,2022-10-11,CRM3,9.287,9.251,9.372,9.313,58187624.0,1715723.0,184.0,6248,9.313,,9.325,0.9,2.0,62,CNY-6.23,CNY
RFUD,2022-10-12,CRM3,9.322,9.184,9.864,9.864,77312232.0,10519640.0,1080.0,8244,9.378,,9.74,5.92,170.0,64,CNY-6.23,CNY
RFUD,2022-10-13,CRM3,9.301,9.259,9.392,9.344,77461760.0,1670630.0,179.0,8290,9.344,,9.333,-5.27,1.0,100,CNY-6.23,CNY
RFUD,2022-10-14,CRM3,9.331,9.101,9.331,9.227,77886708.0,1470316.0,159.0,8412,9.259,,9.247,-1.25,25.0,43,CNY-6.23,CNY
RFUD,2022-10-17,CRM3,9.129,9.077,9.261,9.108,74977056.0,1342122.0,147.0,8232,9.108,,9.13,-1.29,5.0,21,CNY-6.23,CNY
RFUD,2022-10-18,CRM3,9.162,9.022,9.162,9.117,75666048.0,1508766.0,167.0,8304,9.112,,9.035,0.1,1.0,15,CNY-6.23,CNY
RFUD,2022-10-19,CRM3,9.109,9.047,9.109,9.057,75299898.0,5084593.0,562.0,8314,9.057,,9.047,-0.66,1.0,10,CNY-6.23,CNY
RFUD,2022-10-20,CRM3,9.087,8.73,9.087,9.032,76771740.0,2773801.0,315.0,8516,9.015,,8.806,-0.28,1.0,28,CNY-6.23,CNY
RFUD,2022-10-21,CRM3,9.051,8.9,9.053,8.92,76293126.0,384868.0,43.0,8554,8.919,,8.95,-1.24,1.0,20,CNY-6.23,CNY
RFUD,2022-10-24,CRM3,8.917,8.89,8.917,8.897,76158320.0,124617.0,14.0,8560,8.897,,8.901,-0.26,1.0,13,CNY-6.23,CNY
RFUD,2022-10-25,CRM3,8.896,8.88,8.897,8.897,75899940.0,355792.0,40.0,8530,8.898,,8.895,0.0,19.0,10,CNY-6.23,CNY
RFUD,2022-10-26,CRM3,8.991,8.887,9.01,8.954,76421124.0,242625.0,27.0,8532,8.957,,8.986,0.64,2.0,18,CNY-6.23,CNY
RFUD,2022-10-27,CRM3,9.084,8.953,9.084,8.98,76832880.0,387803.0,43.0,8556,8.98,,9.019,0.29,2.0,23,CNY-6.23,CNY
RFUD,2022-10-28,CRM3,9.017,8.951,9.017,8.951,76602658.0,17968.0,2.0,8558,8.951,,8.984,-0.32,1.0,2,CNY-6.23,CNY
RFUD,2022-10-31,CRM3,8.922,8.904,8.99,8.94,76758840.0,750116.0,84.0,8586,8.94,,8.93,-0.12,8.0,37,CNY-6.23,CNY
RFUD,2022-11-01,CRM3,8.937,8.673,9.388,8.93,77208780.0,1132876.0,128.0,8646,8.93,,8.851,-0.11,1.0,41,CNY-6.23,CNY
RFUD,2022-11-02,CRM3,8.931,8.931,9.013,8.935,77359230.0,170147.0,19.0,8658,8.935,,8.955,0.06,1.0,14,CNY-6.23,CNY
RFUD,2022-11-03,CRM3,8.999,8.915,9.0,8.915,77524840.0,457796.0,51.0,8696,8.915,,8.976,-0.22,1.0,10,CNY-6.23,CNY
RFUD,2022-11-07,CRM3,8.964,8.914,9.034,9.03,77676060.0,680859.0,76.0,8602,9.03,,8.959,1.29,1.0,21,CNY-6.23,CNY
RFUD,2022-11-08,CRM3,8.924,8.836,8.953,8.93,75564320.0,844984.0,95.0,8548,8.84,,8.895,-1.11,1.0,29,CNY-6.23,CNY
RFUD,2022-11-09,CRM3,8.927,8.925,8.973,8.955,76350330.0,1277968.0,143.0,8526,8.955,,8.937,0.28,26.0,20,CNY-6.23,CNY
RFUD,2022-11-10,CRM3,8.95,8.921,8.975,8.921,76470812.0,786821.0,88.0,8572,8.921,,8.941,-0.38,2.0,9,CNY-6.23,CNY
RFUD,2022-11-11,CRM3,8.994,8.925,8.994,8.993,77339800.0,197367.0,22.0,8600,8.993,,8.971,0.81,1.0,10,CNY-6.23,CNY
RFUD,2022-11-14,CRM3,8.999,8.999,9.133,9.036,77745744.0,1490013.0,165.0,8604,9.036,,9.03,0.48,1.0,11,CNY-6.23,CNY
RFUD,2022-11-15,CRM3,8.977,8.977,9.081,9.049,77832664.0,45260.0,5.0,8606,9.044,,9.052,0.14,1.0,5,CNY-6.23,CNY
RFUD,2022-11-16,CRM3,9.001,8.876,9.029,8.979,76788408.0,620159.0,69.0,8552,8.979,,8.988,-0.77,5.0,17,CNY-6.23,CNY
RFUD,2022-11-17,CRM3,8.959,8.938,8.969,8.938,77689096.0,645453.0,72.0,8692,8.938,,8.965,-0.46,1.0,8,CNY-6.23,CNY
RFUD,2022-11-18,CRM3,8.938,8.851,9.015,8.963,77780914.0,266930.0,30.0,8678,8.963,,8.898,0.28,1.0,20,CNY-6.23,CNY
RFUD,2022-11-21,CRM3,9.005,8.88,9.005,8.946,77740740.0,365416.0,41.0,8690,8.946,,8.913,-0.19,5.0,25,CNY-6.23,CNY
RFUD,2022-11-22,CRM3,8.974,8.899,8.974,8.899,77519000.0,98219.0,11.0,8710,8.9,,8.929,-0.53,1.0,7,CNY-6.23,CNY
RFUD,2022-11-23,CRM3,8.91,8.88,8.91,8.886,76753600.0,570010.0,64.0,8624,8.9,,8.906,-0.15,1.0,12,CNY-6.23,CNY
RFUD,2022-11-24,CRM3,8.87,8.87,8.87,8.87,76601320.0,53220.0,6.0,8636,8.87,,8.87,-0.18,4.0,3,CNY-6.23,CNY
RFUD,2022-11-25,CRM3,8.87,8.87,8.9,8.88,76758720.0,311430.0,35.0,8644,8.88,,8.898,0.11,1.0,7,CNY-6.23,CNY
RFUD,2022-11-28,CRM3,8.899,8.88,8.899,8.885,77974760.0,586870.0,66.0,8776,8.885,,8.892,0.06,1.0,11,CNY-6.23,CNY
RFUD,2022-11-29,CRM3,8.975,8.876,8.978,8.9,78996400.0,909323.0,102.0,8876,8.9,,8.915,0.17,2.0,22,CNY-6.23,CNY
RFUD,2022-11-30,CRM3,8.875,8.87,9.0,8.998,80334144.0,1317853.0,147.0,8928,8.998,,8.965,1.1,10.0,37,CNY-6.23,CNY
RFUD,2022-12-01,CRM3,8.998,8.97,9.062,9.045,81947700.0,8941178.0,993.0,9060,9.045,,9.004,0.52,4.0,69,CNY-6.23,CNY
RFUD,2022-12-02,CRM3,9.05,9.036,9.2,9.2,84658400.0,3765771.0,412.0,9202,9.2,,9.14,1.71,10.0,44,CNY-6.23,CNY
RFUD,2022-12-05,CRM3,9.161,9.15,9.638,9.341,91429708.0,5299257.0,566.0,9788,9.341,0.0,9.363,1.53,1.0,102,CNY-6.23,CNY
RFUD,2022-12-06,CRM3,9.341,9.3,9.493,9.308,93260000.0,10867901.0,1159.0,10000,9.326,0.0,9.377,-0.35,13.0,62,CNY-6.23,CNY
RFUD,2022-12-07,CRM3,9.34,9.325,9.402,9.371,94238040.0,683132.0,73.0,10036,9.39,0.0,9.358,0.68,1.0,22,CNY-6.23,CNY
RFUD,2022-12-08,CRM3,9.39,9.352,9.399,9.394,94388280.0,787205.0,84.0,10052,9.39,0.0,9.371,0.24,1.0,32,CNY-6.23,CNY
RFUD,2022-12-09,CRM3,9.382,9.166,9.395,9.339,100638330.0,15214840.0,1642.0,10790,9.327,0.0,9.259,-0.58,23.0,131,CNY-6.23,CNY
RFUD,2022-12-12,CRM3,9.307,9.307,9.368,9.35,106496500.0,3623614.0,388.0,11390,9.35,0.0,9.339,0.12,15.0,53,CNY-6.23,CNY
RFUD,2022-12-13,CRM3,9.35,9.346,9.437,9.425,135346560.0,16742499.0,1781.0,14368,9.42,0.0,9.401,0.8,2.0,169,CNY-6.23,CNY
RFUD,2022-12-14,CRM3,9.422,9.418,9.562,9.544,171158616.0,49708122.0,5233.0,17928,9.547,0.0,9.499,1.26,1.0,461,CNY-6.23,CNY
RFUD,2022-12-15,CRM3,9.536,9.499,9.619,9.544,201563166.0,40860492.0,4279.0,21126,9.541,0.0,9.549,0.0,2.0,744,CNY-6.23,CNY
RFUD,2022-12-16,CRM3,9.552,9.528,9.626,9.619,239701950.0,76492391.0,7977.0,24930,9.615,0.0,9.589,0.79,1.0,714,CNY-6.23,CNY
RFUD,2022-12-19,CRM3,9.617,9.617,10.147,10.014,326090840.0,163495226.0,16541.0,32570,10.012,0.0,9.884,4.11,1.0,2921,CNY-6.23,CNY
RFUD,2022-12-20,CRM3,10.02,9.973,10.271,10.208,481918356.0,174874239.0,17288.0,47196,10.211,0.0,10.118,1.94,2.0,2755,CNY-6.23,CNY
RFUD,2022-12-21,CRM3,10.22,10.22,10.454,10.388,500660850.0,62123800.0,5987.0,48210,10.385,0.0,10.377,1.76,1.0,1074,CNY-6.23,CNY
RFUD,2022-12-22,CRM3,10.415,10.036,10.601,10.075,416591476.0,300503318.0,28923.0,41386,10.066,0.0,10.386,-3.01,1.0,4402,CNY-6.23,CNY
RFUD,2022-12-23,CRM3,10.073,9.824,10.211,10.099,688339716.0,364226097.0,36587.0,68308,10.077,0.0,9.957,0.24,1.0,5679,CNY-6.23,CNY
RFUD,2022-12-26,CRM3,10.148,9.903,10.273,10.02,689940550.0,96120643.0,9528.0,68822,10.025,0.0,10.088,-0.78,18.0,3292,CNY-6.23,CNY
RFUD,2022-12-27,CRM3,10.039,9.972,10.35,10.258,692459236.0,105102021.0,10324.0,67478,10.262,0.0,10.18,2.38,1.0,2181,CNY-6.23,CNY
RFUD,2022-12-28,CRM3,10.248,10.24,10.448,10.435,717781910.0,93741686.0,9053.0,68786,10.435,0.0,10.355,1.73,1.0,1802,CNY-6.23,CNY
RFUD,2022-12-29,CRM3,10.443,10.185,10.529,10.347,765385170.0,132781668.0,12849.0,73986,10.345,0.0,10.332,-0.84,2.0,3540,CNY-6.23,CNY
RFUD,2022-12-30,CRM3,10.355,10.017,10.418,10.165,733831680.0,102739438.0,10111.0,72192,10.165,0.0,10.161,-1.76,1.0,2500,CNY-6.23,CNY
RFUD,2023-01-03,CRM3,10.188,10.117,10.397,10.317,746662424.0,41382293.0,4027.0,72344,10.321,0.0,10.276,1.49,1.0,1183,CNY-6.23,CNY
RFUD,2023-01-04,CRM3,10.346,10.32,10.536,10.51,782448474.0,82792939.0,7940.0,74526,10.499,0.0,10.427,1.87,1.0,1593,CNY-6.23,CNY
RFUD,2023-01-05,CRM3,10.502,10.438,10.63,10.629,799558560.0,41141206.0,3903.0,75288,10.62,0.0,10.541,1.13,1.0,1360,CNY-6.23,CNY
RFUD,2023-01-06,CRM3,10.613,10.572,10.703,10.652,829203356.0,56597917.0,5320.0,77918,10.642,0.0,10.639,0.22,1.0,1321,CNY-6.23,CNY
RFUD,2023-01-09,CRM3,10.643,10.38,10.712,10.423,839748872.0,105744801.0,10078.0,80536,10.427,0.0,10.492,-2.15,1.0,2670,CNY-6.23,CNY
RFUD,2023-01-10,CRM3,10.43,10.359,10.501,10.495,870479272.0,62950411.0,6035.0,82966,10.492,0.0,10.431,0.69,1.0,1209,CNY-6.23,CNY
RFUD,2023-01-11,CRM3,10.523,10.23,10.524,10.28,872463600.0,155573337.0,15051.0,84870,10.28,0.0,10.335,-2.05,2.0,2396,CNY-6.23,CNY
RFUD,2023-01-12,CRM3,10.27,10.182,10.29,10.229,875948528.0,92683405.0,9070.0,85592,10.234,0.0,10.219,-0.5,1.0,1552,CNY-6.23,CNY
RFUD,2023-01-13,CRM3,10.219,10.183,10.438,10.4,922001600.0,110543002.0,10719.0,88654,10.4,0.0,10.318,1.67,2.0,1878,CNY-6.23,CNY
RFUD,2023-01-16,CRM3,10.405,10.288,10.511,10.361,915812928.0,107998468.0,10396.0,88416,10.358,0.0,10.388,-0.38,2.0,2455,CNY-6.23,CNY
RFUD,2023-01-17,CRM3,10.348,10.283,10.423,10.376,966410010.0,199615814.0,19319.0,93130,10.377,0.0,10.333,0.14,1.0,2432,CNY-6.23,CNY
RFUD,2023-01-18,CRM3,10.392,10.335,10.431,10.394,975153786.0,110798619.0,10674.0,93846,10.391,0.0,10.38,0.17,7.0,1606,CNY-6.23,CNY
RFUD,2023-01-19,CRM3,10.39,10.305,10.401,10.322,1168676028.0,176422324.0,17034.0,113178,10.326,0.0,10.36,-0.69,1.0,1740,CNY-6.23,CNY
RFUD,2023-01-20,CRM3,10.323,10.292,10.343,10.323,1208300312.0,67562096.0,6548.0,117038,10.324,0.0,10.318,0.01,12.0,1079,CNY-6.23,CNY
RFUD,2023-01-23,CRM3,10.326,10.266,10.353,10.341,1307570916.0,95948311.0,9304.0,126482,10.338,0.0,10.312,0.17,2.0,1362,CNY-6.23,CNY
RFUD,2023-01-24,CRM3,10.349,10.308,10.379,10.348,1379471184.0,90716253.0,8771.0,133308,10.348,0.0,10.343,0.07,1.0,1436,CNY-6.23,CNY
RFUD,2023-01-25,CRM3,10.34,10.329,10.427,10.42,1401370200.0,60904571.0,5873.0,134424,10.425,0.0,10.37,0.7,3.0,1195,CNY-6.23,CNY
RFUD,2023-01-26,CRM3,10.429,10.417,10.506,10.492,1574552226.0,149750015.0,14316.0,150086,10.491,0.0,10.461,0.69,2.0,2068,CNY-6.23,CNY
RFUD,2023-01-27,CRM3,10.492,10.448,10.508,10.475,1743583536.0,135680644.0,12958.0,166436,10.476,0.0,10.47,-0.16,22.0,1336,CNY-6.23,CNY
RFUD,2023-01-30,CRM3,10.48,10.466,10.633,10.63,2220096760.0,390093511.0,36917.0,208852,10.63,0.0,10.568,1.48,3.0,3211,CNY-6.23,CNY
RFUD,2023-01-31,CRM3,10.635,10.545,10.691,10.589,2592166022.0,369779267.0,34760.0,244798,10.589,0.0,10.639,-0.39,2.0,3242,CNY-6.23,CNY
RFUD,2023-02-01,CRM3,10.587,10.532,10.648,10.607,2650337028.0,107135216.0,10101.0,249702,10.614,0.0,10.609,0.17,1.0,1635,CNY-6.23,CNY
RFUD,2023-02-02,CRM3,10.618,10.603,10.682,10.682,2625837952.0,77455784.0,7275.0,245888,10.679,0.0,10.647,0.71,1.0,1496,CNY-6.23,CNY
RFUD,2023-02-03,CRM3,10.688,10.6,10.709,10.627,2858798022.0,314844187.0,29577.0,269114,10.623,0.0,10.645,-0.52,1.0,2758,CNY-6.23,CNY
RFUD,2023-02-06,CRM3,10.66,10.558,10.732,10.638,2885716976.0,152937412.0,14424.0,271316,10.636,0.0,10.602,0.1,3.0,2497,CNY-6.23,CNY
RFUD,2023-02-07,CRM3,10.635,10.619,10.691,10.671,3608541300.0,716285753.0,67215.0,338100,10.673,0.0,10.662,0.31,1.0,3680,CNY-6.23,CNY
RFUD,2023-02-08,CRM3,10.668,10.593,10.874,10.863,4472896300.0,731149537.0,67999.0,411490,10.87,0.0,10.755,1.8,40.0,4276,CNY-6.23,CNY
RFUD,2023-02-09,CRM3,10.875,10.862,11.01,10.977,5535921216.0,827016249.0,75438.0,504366,10.976,0.0,10.964,1.05,4.0,4475,CNY-6.23,CNY
RFUD,2023-02-10,CRM3,10.975,10.871,11.001,10.958,5772214890.0,336628977.0,30821.0,526710,10.959,0.0,10.921,-0.17,1.0,2551,CNY-6.23,CNY
RFUD,2023-02-13,CRM3,10.974,10.883,11.018,11.012,6186430920.0,456374492.0,41530.0,561892,11.01,0.0,10.989,0.49,10.0,3022,CNY-6.23,CNY
RFUD,2023-02-14,CRM3,11.018,10.914,11.063,11.009,6633334708.0,546509031.0,49620.0,602428,11.011,0.0,11.013,-0.03,2.0,3020,CNY-6.23,CNY
RFUD,2023-02-15,CRM3,10.972,10.94,11.12,11.085,7007259420.0,442369550.0,40051.0,632310,11.082,0.0,11.049,0.69,2.0,2542,CNY-6.23,CNY
RFUD,2023-02-16,CRM3,11.083,11.032,11.122,11.064,8816016480.0,1425288288.0,128659.0,796820,11.064,0.0,11.076,-0.19,2.0,4223,CNY-6.23,CNY
RFUD,2023-02-17,CRM3,11.061,10.909,11.09,10.94,9480497836.0,992714286.0,90181.0,866828,10.937,0.0,10.995,-1.12,4.0,4900,CNY-6.23,CNY
RFUD,2023-02-20,CRM3,10.933,10.863,11.101,11.065,10419932630.0,1030666262.0,93945.0,941702,11.065,0.0,10.974,1.14,2.0,4493,CNY-6.23,CNY
RFUD,2023-02-21,CRM3,11.061,10.969,11.108,10.999,11805448790.0,1793970357.0,162550.0,1072930,11.003,0.0,11.017,-0.6,3.0,5228,CNY-6.23,CNY
RFUD,2023-02-22,CRM3,10.995,10.951,11.09,11.072,12093974892.0,381865513.0,34656.0,1092204,11.073,0.0,11.017,0.66,4.0,2613,CNY-6.23,CNY
RFUD,2023-02-24,CRM3,11.061,11.0,11.192,11.141,12427494360.0,546254195.0,49222.0,1115574,11.14,0.0,11.095,0.62,1.0,4120,CNY-6.23,CNY
RFUD,2023-02-27,CRM3,11.15,10.853,11.153,10.897,15284824436.0,2479426113.0,225739.0,1401506,10.906,0.0,10.96,-2.19,2.0,7622,CNY-6.23,CNY
RFUD,2023-02-28,CRM3,10.89,10.8,10.987,10.973,16586047620.0,1052820688.0,96441.0,1511946,10.97,0.0,10.908,0.7,22.0,4708,CNY-6.23,CNY
RFUD,2023-03-01,CRM3,10.959,10.95,11.102,11.063,22963457720.0,4579297609.0,414401.0,2076262,11.06,0.0,11.063,0.82,25.0,14016,CNY-6.23,CNY
RFUD,2023-03-02,CRM3,11.07,11.009,11.095,11.031,23659213140.0,1187137315.0,107317.0,2144210,11.034,0.0,11.062,-0.29,1.0,7540,CNY-6.23,CNY
RFUD,2023-03-03,CRM3,11.041,10.995,11.098,11.087,26916015894.0,2800089899.0,253056.0,2426834,11.091,0.0,11.074,0.51,1.0,8368,CNY-6.23,CNY
RFUD,2023-03-06,CRM3,11.094,10.983,11.14,11.038,30032635300.0,4997095820.0,452832.0,2721580,11.035,0.0,11.036,-0.44,2.0,15555,CNY-6.23,CNY
RFUD,2023-03-07,CRM3,11.039,10.975,11.07,11.039,35164226706.0,3537852564.0,320674.0,3185454,11.039,0.0,11.031,0.01,1.0,7717,CNY-6.23,CNY
RFUD,2023-03-09,CRM3,11.036,10.994,11.062,11.025,38014678286.0,2494242849.0,226290.0,3447418,11.027,0.0,11.023,-0.13,5.0,8322,CNY-6.23,CNY
RFUD,2023-03-10,CRM3,11.016,11.015,11.12,11.113,44918483382.0,3371042373.0,304650.0,3816678,11.769,0.0,11.065,0.8,6.0,10247,CNY-6.23,CNY
RFUD,2023-03-13,CRM3,11.158,11.018,11.169,11.062,47272616288.0,5403936720.0,487609.0,4273424,11.062,0.0,11.084,-0.46,3.0,20632,CNY-6.23,CNY
RFUD,2023-03-14,CRM3,11.062,11.046,11.098,11.078,55607461140.0,7172039376.0,647455.0,5019630,11.078,0.0,11.077,0.14,1.0,19899,CNY-6.23,CNY
RFUD,2023-03-15,CRM3,11.074,11.069,11.153,11.135,64579593888.0,8654189458.0,778717.0,5800736,11.133,0.0,11.114,0.52,6.0,45374,CNY-6.23,CNY
RFUD,2023-03-16,CRM3,11.138,11.12,11.318,11.235,75205280376.0,27768607926.0,2482608.0,6692052,11.238,0.0,11.185,0.9,590.0,77177,CNY-6.23,CNY
RFUD,2023-03-17,CRM3,11.239,11.196,11.319,11.303,85954620180.0,28326359257.0,2519337.0,7599878,11.31,0.0,11.244,0.6,1.0,61623,CNY-6.23,CNY
RFUD,2023-03-20,CRM3,11.3,11.247,11.436,11.324,83850345020.0,22814333072.0,2013884.0,7406620,11.321,0.0,11.329,0.19,86.0,77790,CNY-6.23,CNY
RFUD,2023-03-21,CRM3,11.318,11.251,11.368,11.272,83563316412.0,14781483824.0,1309321.0,7412038,11.274,0.0,11.289,-0.46,1.0,46538,CNY-6.23,CNY
RFUD,2023-03-22,CRM3,11.271,11.239,11.321,11.292,83453781320.0,14648317063.0,1298171.0,7382024,11.305,0.0,11.284,0.18,55.0,48447,CNY-6.23,CNY
RFUD,2023-03-23,CRM3,11.29,11.172,11.355,11.224,83515677048.0,20895882859.0,1855548.0,7438824,11.227,0.0,11.261,-0.6,53.0,65688,CNY-6.23,CNY
RFUD,2023-03-24,CRM3,11.218,11.193,11.271,11.258,82786942512.0,17280306398.0,1537653.0,7347084,11.268,0.0,11.238,0.3,3.0,56215,CNY-6.23,CNY
RFUD,2023-03-27,CRM3,11.257,11.205,11.286,11.239,82462754560.0,13725752571.0,1221440.0,7336544,11.24,0.0,11.237,-0.17,2.0,42934,CNY-6.23,CNY
RFUD,2023-03-28,CRM3,11.242,11.191,11.302,11.294,85470528832.0,13532507395.0,1202641.0,7566442,11.296,0.0,11.252,0.49,1.0,43474,CNY-6.23,CNY
RFUD,2023-03-29,CRM3,11.291,11.264,11.32,11.311,84601401300.0,9065654988.0,803030.0,7480230,11.31,0.0,11.289,0.15,1.0,30188,CNY-6.23,CNY
RFUD,2023-03-30,CRM3,11.3,11.265,11.34,11.315,83422267040.0,16288087442.0,1441108.0,7374670,11.312,0.0,11.302,0.03,5.0,41343,CNY-6.23,CNY
RFUD,2023-03-31,CRM3,11.309,11.296,11.463,11.394,84444475920.0,17439915284.0,1532225.0,7409360,11.397,0.0,11.382,0.7,29.0,56020,CNY-6.23,CNY
RFUD,2023-04-03,CRM3,11.39,11.301,11.546,11.54,89699413558.0,18619011410.0,1631888.0,7774934,11.537,0.0,11.409,1.28,42.0,57943,CNY-6.23,CNY
RFUD,2023-04-04,CRM3,11.537,11.516,11.665,11.605,90896611528.0,19460362044.0,1678167.0,7834564,11.602,0.0,11.596,0.56,77.0,56162,CNY-6.23,CNY
RFUD,2023-04-05,CRM3,11.6,11.59,11.677,11.66,91902113472.0,13651138047.0,1172804.0,7881152,11.661,0.0,11.64,0.47,10.0,42507,CNY-6.23,CNY
RFUD,2023-04-06,CRM3,11.658,11.655,11.878,11.872,96358067008.0,25746256205.0,2184185.0,8116414,11.872,0.0,11.788,1.82,10.0,67013,CNY-6.23,CNY
RFUD,2023-04-07,CRM3,11.87,11.781,12.195,11.883,100093585680.0,65172089278.0,5448540.0,8425386,11.88,0.0,11.961,0.09,300.0,179042,CNY-6.23,CNY
RFUD,2023-04-10,CRM3,11.87,11.83,11.981,11.901,103198075564.0,30800193502.0,2584726.0,8672836,11.899,0.0,11.916,0.15,50.0,91204,CNY-6.23,CNY
RFUD,2023-04-11,CRM3,11.898,11.895,12.053,11.984,104367735950.0,26428358011.0,2204956.0,8709650,11.983,0.0,11.986,0.7,135.0,63410,CNY-6.23,CNY
RFUD,2023-04-12,CRM3,11.975,11.926,12.037,11.953,107936283274.0,22118425524.0,1847053.0,9030058,11.953,0.0,11.975,-0.26,1000.0,53920,CNY-6.23,CNY
RFUD,2023-04-13,CRM3,11.95,11.851,11.969,11.883,120876531216.0,30824838116.0,2590477.0,10169656,11.886,0.0,11.899,-0.59,10.0,70617,CNY-6.23,CNY
RFUD,2023-04-14,CRM3,11.875,11.873,11.938,11.932,124406054604.0,19238566393.0,1615300.0,10424506,11.934,0.0,11.91,0.41,27.0,54827,CNY-6.23,CNY
RFUD,2023-04-17,CRM3,11.926,11.814,11.991,11.821,142137513792.0,36057268211.0,3037403.0,12023136,11.822,0.0,11.871,-0.93,1.0,89914,CNY-6.23,CNY
RFUD,2023-04-18,CRM3,11.82,11.809,11.896,11.852,142326590912.0,16666888416.0,1406479.0,12008656,11.852,0.0,11.85,0.26,5.0,48390,CNY-6.23,CNY
RFUD,2023-04-19,CRM3,11.841,11.802,11.894,11.888,137723248080.0,21094698647.0,1779114.0,11592866,11.88,0.0,11.857,0.3,1.0,59484,CNY-6.23,CNY
RFUD,2023-04-20,CRM3,11.88,11.827,11.918,11.861,137079319464.0,14825501028.0,1249200.0,11559096,11.859,0.0,11.868,-0.23,1.0,41425,CNY-6.23,CNY
RFUD,2023-04-21,CRM3,11.847,11.791,11.875,11.835,135831532248.0,13457806003.0,1137406.0,11474196,11.838,0.0,11.832,-0.22,5.0,32637,CNY-6.23,CNY
RFUD,2023-04-24,CRM3,11.835,11.737,11.852,11.785,137260540248.0,17196783783.0,1458713.0,11641128,11.791,0.0,11.789,-0.42,7.0,42484,CNY-6.23,CNY
RFUD,2023-04-25,CRM3,11.79,11.753,11.818,11.776,137895363528.0,19991489733.0,1696048.0,11707876,11.778,0.0,11.787,-0.08,15.0,46268,CNY-6.23,CNY
RFUD,2023-04-26,CRM3,11.777,11.766,11.81,11.798,136306517684.0,13085035814.0,1109517.0,11553358,11.798,0.0,11.793,0.19,5.0,32953,CNY-6.23,CNY
RFUD,2023-04-27,CRM3,11.795,11.716,11.867,11.745,133522913412.0,23147231229.0,1963171.0,11367522,11.746,0.0,11.791,-0.45,9.0,58656,CNY-6.23,CNY
RFUD,2023-04-28,CRM3,11.74,11.447,11.794,11.646,128054836920.0,51721396785.0,4463193.0,10998440,11.643,0.0,11.588,-0.84,41.0,125488,CNY-6.23,CNY
RFUD,2023-05-02,CRM3,11.639,11.464,11.644,11.543,127036930664.0,24756098066.0,2146843.0,11006492,11.542,0.0,11.531,-0.88,5.0,61695,CNY-6.23,CNY
RFUD,2023-05-03,CRM3,11.543,11.424,11.631,11.49,124725110832.0,23789604654.0,2069887.0,10857936,11.487,0.0,11.493,-0.46,1.0,60582,CNY-6.23,CNY
RFUD,2023-05-04,CRM3,11.485,11.246,11.526,11.301,125178916800.0,29560130161.0,2599458.0,11076800,11.301,0.0,11.372,-1.65,2.0,81188,CNY-6.23,CNY
RFUD,2023-05-05,CRM3,11.304,11.084,11.347,11.21,124906931050.0,45423146888.0,4067485.0,11143450,11.209,0.0,11.166,-0.8,54.0,115646,CNY-6.23,CNY
RFUD,2023-05-08,CRM3,11.205,11.082,11.33,11.283,122730105724.0,17886806009.0,1593920.0,10882258,11.278,0.0,11.222,0.65,8.0,67180,CNY-6.23,CNY
RFUD,2023-05-10,CRM3,11.285,10.975,11.299,11.01,122751572992.0,34277161762.0,3094250.0,11151124,11.008,0.0,11.078,-2.42,2.0,114538,CNY-6.23,CNY
RFUD,2023-05-11,CRM3,11.003,10.843,11.147,11.074,127416759294.0,46311766067.0,4213502.0,11502822,11.077,0.0,10.991,0.58,3.0,128820,CNY-6.23,CNY
RFUD,2023-05-12,CRM3,11.08,11.014,11.238,11.18,129862194980.0,33605754441.0,3019137.0,11616620,11.179,0.0,11.131,0.96,256.0,106193,CNY-6.23,CNY
RFUD,2023-05-15,CRM3,11.182,11.146,11.45,11.434,128912696496.0,30039025973.0,2643577.0,11276478,11.432,0.0,11.363,2.27,1.0,85213,CNY-6.23,CNY
RFUD,2023-05-16,CRM3,11.434,11.41,11.553,11.544,130631115216.0,27401524309.0,2382314.0,11316912,11.543,0.0,11.502,0.96,46.0,69634,CNY-6.23,CNY
RFUD,2023-05-17,CRM3,11.537,11.385,11.59,11.397,129254343680.0,35954558873.0,3124420.0,11342080,11.396,0.0,11.508,-1.27,1.0,93923,CNY-6.23,CNY
RFUD,2023-05-18,CRM3,11.398,11.296,11.464,11.43,127577622894.0,41806449181.0,3671188.0,11158718,11.433,0.0,11.388,0.29,1.0,107381,CNY-6.23,CNY
RFUD,2023-05-19,CRM3,11.425,11.351,11.456,11.386,128665974710.0,23606993053.0,2070917.0,11297390,11.389,0.0,11.399,-0.39,75.0,63177,CNY-6.23,CNY
RFUD,2023-05-22,CRM3,11.389,11.341,11.406,11.394,126055182538.0,20624074590.0,1812868.0,11064266,11.393,0.0,11.375,0.07,53.0,51236,CNY-6.23,CNY
RFUD,2023-05-23,CRM3,11.389,11.304,11.457,11.367,125448406024.0,22772076748.0,2002838.0,11037164,11.366,0.0,11.371,-0.24,5.0,60614,CNY-6.23,CNY
RFUD,2023-05-24,CRM3,11.368,11.315,11.387,11.35,125200580708.0,15326909099.0,1350184.0,11027002,11.354,0.0,11.352,-0.15,79.0,38670,CNY-6.23,CNY
RFUD,2023-05-25,CRM3,11.362,11.27,11.373,11.342,124107946800.0,16801315207.0,1484936.0,10939440,11.345,0.0,11.315,-0.07,5.0,48383,CNY-6.23,CNY
RFUD,2023-05-26,CRM3,11.347,11.3,11.353,11.316,122867611656.0,17897431336.0,1580445.0,10857866,11.316,0.0,11.324,-0.23,12.0,38806,CNY-6.23,CNY
RFUD,2023-05-29,CRM3,11.318,11.285,11.454,11.42,119601145998.0,27767125180.0,2443511.0,10472038,11.421,0.0,11.363,0.92,1.0,63246,CNY-6.23,CNY
RFUD,2023-05-30,CRM3,11.425,11.294,11.47,11.455,115254577280.0,28465820559.0,2497368.0,10060630,11.456,0.0,11.398,0.31,7.0,71980,CNY-6.23,CNY
RFUD,2023-05-31,CRM3,11.453,11.353,11.482,11.387,113116103408.0,20614098267.0,1809040.0,9925948,11.396,0.0,11.395,-0.59,6.0,52112,CNY-6.23,CNY
RFUD,2023-06-01,CRM3,11.399,11.307,11.399,11.361,106669860486.0,26794888373.0,2357822.0,9389126,11.361,0.0,11.364,-0.23,20.0,52435,CNY-6.23,CNY
RFUD,2023-06-02,CRM3,11.353,11.346,11.515,11.489,105951455526.0,31979727255.0,2794208.0,9220386,11.491,0.0,11.445,1.13,4.0,63855,CNY-6.23,CNY
RFUD,2023-06-05,CRM3,11.491,11.357,11.516,11.383,99168118656.0,26793298607.0,2345773.0,8711184,11.384,0.0,11.422,-0.92,75.0,61684,CNY-6.23,CNY
RFUD,2023-06-06,CRM3,11.376,11.36,11.449,11.414,94047867316.0,17512988878.0,1535340.0,8239694,11.414,0.0,11.408,0.27,5.0,41988,CNY-6.23,CNY
RFUD,2023-06-07,CRM3,11.423,11.393,11.5,11.498,89514822576.0,21656118742.0,1892713.0,7786606,11.496,0.0,11.442,0.74,10.0,44928,CNY-6.23,CNY
RFUD,2023-06-08,CRM3,11.496,11.466,11.622,11.6,86195672400.0,24270154805.0,2105860.0,7428100,11.604,0.0,11.525,0.89,10.0,60231,CNY-6.23,CNY
RFUD,2023-06-09,CRM3,11.61,11.509,11.663,11.555,78161625160.0,28150486023.0,2432764.0,6764312,11.555,0.0,11.571,-0.39,88.0,61264,CNY-6.23,CNY
RFUD,2023-06-13,CRM3,11.558,11.544,11.744,11.743,70515588956.0,29239873775.0,2504928.0,6007462,11.738,0.0,11.673,1.63,1.0,64066,CNY-6.23,CNY
RFUD,2023-06-14,CRM3,11.744,11.672,11.848,11.737,56973374720.0,32952276509.0,2804338.0,4852928,11.74,0.0,11.751,-0.05,5.0,80934,CNY-6.23,CNY
RFUD,2023-06-15,CRM3,11.745,11.665,11.839,11.699,0.0,28072818229.0,2380606.0,0,11.6984,0.0,11.792,-0.32,6.0,40395,CNY-6.23,CNY
RFUD,2022-11-02,CRZ3,,,,,0.0,,,0,9.482,,,,,0,CNY-12.23,CNY
RFUD,2022-11-03,CRZ3,,,,,0.0,,,0,9.98,,,,,0,CNY-12.23,CNY
RFUD,2022-11-07,CRZ3,,,,,0.0,,,0,9.898,,,,,0,CNY-12.23,CNY
RFUD,2022-11-08,CRZ3,,,,,0.0,,,0,10.383,,,,,0,CNY-12.23,CNY
RFUD,2022-11-09,CRZ3,,,,,0.0,,,0,10.372,,,,,0,CNY-12.23,CNY
RFUD,2022-11-10,CRZ3,,,,,0.0,,,0,10.649,,,,,0,CNY-12.23,CNY
RFUD,2022-11-11,CRZ3,,,,,0.0,,,0,10.542,,,,,0,CNY-12.23,CNY
RFUD,2022-11-14,CRZ3,,,,,0.0,,,0,10.457,,,,,0,CNY-12.23,CNY
RFUD,2022-11-15,CRZ3,,,,,0.0,,,0,10.498,,,,,0,CNY-12.23,CNY
RFUD,2022-11-16,CRZ3,9.924,9.542,10.0,9.542,1354964.0,711349.0,73.0,142,9.542,,9.745,,1.0,11,CNY-12.23,CNY
RFUD,2022-11-17,CRZ3,9.4,9.4,9.4,9.4,1356810.0,9400.0,1.0,142,9.555,,9.4,-1.49,1.0,1,CNY-12.23,CNY
RFUD,2022-11-18,CRZ3,9.306,9.197,9.333,9.217,934920.0,525671.0,57.0,98,9.54,,9.222,-1.95,11.0,9,CNY-12.23,CNY
RFUD,2022-11-21,CRZ3,,,,,926492.0,,,98,9.454,,,,,0,CNY-12.23,CNY
RFUD,2022-11-22,CRZ3,9.4,9.4,9.5,9.5,1384956.0,246865.0,26.0,146,9.486,,9.495,,9.0,4,CNY-12.23,CNY
RFUD,2022-11-23,CRZ3,,,,,1392986.0,,,146,9.541,,,,,0,CNY-12.23,CNY
RFUD,2022-11-24,CRZ3,,,,,1393716.0,,,146,9.546,,,,,0,CNY-12.23,CNY
RFUD,2022-11-25,CRZ3,9.5,9.209,9.549,9.209,1422040.0,28258.0,3.0,146,9.74,,9.419,,1.0,3,CNY-12.23,CNY
RFUD,2022-11-28,CRZ3,9.617,9.202,9.734,9.202,1416508.0,946680.0,100.0,148,9.571,,9.467,-0.08,48.0,7,CNY-12.23,CNY
RFUD,2022-11-29,CRZ3,9.247,9.2,10.081,9.566,3331650.0,1984910.0,212.0,350,9.519,,9.363,3.96,1.0,26,CNY-12.23,CNY
RFUD,2022-11-30,CRZ3,9.558,9.266,9.653,9.313,3424628.0,123446.0,13.0,358,9.566,,9.496,-2.65,1.0,9,CNY-12.23,CNY
RFUD,2022-12-01,CRZ3,9.412,9.172,9.5,9.5,3417870.0,74172.0,8.0,354,9.655,,9.272,2.01,1.0,4,CNY-12.23,CNY
RFUD,2022-12-02,CRZ3,9.57,9.5,9.57,9.5,3420000.0,38090.0,4.0,360,9.5,,9.523,0.0,1.0,4,CNY-12.23,CNY
RFUD,2022-12-05,CRZ3,9.664,9.566,9.802,9.566,3723544.0,222632.0,23.0,374,9.956,0.0,9.68,0.69,6.0,9,CNY-12.23,CNY
RFUD,2022-12-06,CRZ3,,,,,3704096.0,,,374,9.904,0.0,,,,0,CNY-12.23,CNY
RFUD,2022-12-07,CRZ3,,,,,3774408.0,,,374,10.092,0.0,,,,0,CNY-12.23,CNY
RFUD,2022-12-08,CRZ3,10.095,9.642,10.095,9.648,3795876.0,49296.0,5.0,378,10.042,0.0,9.859,,1.0,5,CNY-12.23,CNY
RFUD,2022-12-09,CRZ3,9.85,9.63,9.85,9.65,5256768.0,1023933.0,106.0,528,9.956,0.0,9.66,0.02,32.0,11,CNY-12.23,CNY
RFUD,2022-12-12,CRZ3,9.68,9.68,9.68,9.68,5218224.0,9680.0,1.0,528,9.883,0.0,9.68,0.31,1.0,1,CNY-12.23,CNY
RFUD,2022-12-13,CRZ3,9.798,9.798,9.89,9.89,5246470.0,49325.0,5.0,530,9.899,0.0,9.865,2.17,1.0,5,CNY-12.23,CNY
RFUD,2022-12-14,CRZ3,9.984,9.874,10.171,9.876,5708328.0,480390.0,48.0,578,9.876,0.0,10.008,-0.14,1.0,12,CNY-12.23,CNY
RFUD,2022-12-15,CRZ3,10.0,10.0,10.314,10.1,5813920.0,111100.0,11.0,580,10.024,0.0,10.1,2.27,1.0,7,CNY-12.23,CNY
RFUD,2022-12-16,CRZ3,10.0,9.877,10.28,9.901,5840000.0,130108.0,13.0,584,10.0,0.0,10.008,-1.97,1.0,13,CNY-12.23,CNY
RFUD,2022-12-19,CRZ3,10.2,10.139,10.461,10.141,6144600.0,102606.0,10.0,588,10.45,0.0,10.261,2.42,1.0,10,CNY-12.23,CNY
RFUD,2022-12-20,CRZ3,10.449,10.449,10.449,10.449,6144012.0,10449.0,1.0,588,10.449,0.0,10.449,3.04,1.0,1,CNY-12.23,CNY
RFUD,2022-12-21,CRZ3,10.5,10.5,10.655,10.655,6265140.0,53012.0,5.0,588,10.655,0.0,10.602,1.97,1.0,5,CNY-12.23,CNY
RFUD,2022-12-22,CRZ3,10.617,10.419,10.777,10.419,6084696.0,117524.0,11.0,584,10.419,0.0,10.684,-2.21,1.0,11,CNY-12.23,CNY
RFUD,2022-12-23,CRZ3,10.5,9.909,10.865,10.3,6949796.0,1551280.0,148.0,658,10.562,0.0,10.482,-1.14,1.0,28,CNY-12.23,CNY
RFUD,2022-12-26,CRZ3,10.591,10.3,10.711,10.3,6835304.0,158080.0,15.0,658,10.388,0.0,10.539,0.0,1.0,15,CNY-12.23,CNY
RFUD,2022-12-27,CRZ3,10.408,10.408,10.601,10.601,7123872.0,94836.0,9.0,672,10.601,0.0,10.537,2.92,1.0,9,CNY-12.23,CNY
RFUD,2022-12-28,CRZ3,10.695,10.695,10.8,10.8,7322400.0,107688.0,10.0,678,10.8,0.0,10.769,1.88,1.0,9,CNY-12.23,CNY
RFUD,2022-12-29,CRZ3,10.857,10.8,10.857,10.827,7427322.0,173140.0,16.0,686,10.827,0.0,10.821,0.25,1.0,8,CNY-12.23,CNY
RFUD,2022-12-30,CRZ3,10.701,10.7,10.701,10.7,7361600.0,21401.0,2.0,688,10.7,0.0,10.701,-1.17,1.0,2,CNY-12.23,CNY
RFUD,2023-01-03,CRZ3,10.764,10.301,10.999,10.9,7532966.0,480150.0,45.0,686,10.981,0.0,10.67,1.87,1.0,20,CNY-12.23,CNY
RFUD,2023-01-04,CRZ3,,,,,7546000.0,,,686,11.0,0.0,,,,0,CNY-12.23,CNY
RFUD,2023-01-05,CRZ3,10.899,10.671,10.999,10.671,7463730.0,87091.0,8.0,690,10.817,0.0,10.886,,1.0,8,CNY-12.23,CNY
RFUD,2023-01-06,CRZ3,11.0,10.8,11.172,10.981,7467080.0,121542.0,11.0,680,10.981,0.0,11.049,2.9,1.0,11,CNY-12.23,CNY
RFUD,2023-01-09,CRZ3,10.922,10.78,11.8,10.868,11911328.0,3116627.0,271.0,1096,10.868,0.0,11.5,-1.03,11.0,56,CNY-12.23,CNY
RFUD,2023-01-10,CRZ3,,,,,12032984.0,,,1096,10.979,0.0,,,,0,CNY-12.23,CNY
RFUD,2023-01-11,CRZ3,10.762,10.615,10.762,10.754,12787740.0,584464.0,55.0,1190,10.746,0.0,10.627,,1.0,9,CNY-12.23,CNY
RFUD,2023-01-12,CRZ3,10.768,10.551,10.985,10.665,13084340.0,2515392.0,235.0,1228,10.655,0.0,10.704,-0.83,1.0,26,CNY-12.23,CNY
RFUD,2023-01-13,CRZ3,10.566,10.566,10.779,10.779,13279728.0,170198.0,16.0,1232,10.779,0.0,10.637,1.07,1.0,13,CNY-12.23,CNY
RFUD,2023-01-16,CRZ3,10.681,10.401,11.45,10.79,15720886.0,4508829.0,417.0,1462,10.753,0.0,10.813,0.1,1.0,121,CNY-12.23,CNY
RFUD,2023-01-17,CRZ3,10.662,10.622,10.765,10.694,16083776.0,1332524.0,125.0,1504,10.694,0.0,10.66,-0.89,1.0,102,CNY-12.23,CNY
RFUD,2023-01-18,CRZ3,10.771,10.67,10.777,10.73,15751640.0,558015.0,52.0,1468,10.73,0.0,10.731,0.34,1.0,14,CNY-12.23,CNY
RFUD,2023-01-19,CRZ3,10.658,10.654,10.722,10.722,15799820.0,1667389.0,156.0,1478,10.69,0.0,10.688,-0.07,1.0,26,CNY-12.23,CNY
RFUD,2023-01-20,CRZ3,10.602,10.6,10.73,10.711,16042082.0,149533.0,14.0,1498,10.709,0.0,10.681,-0.1,5.0,9,CNY-12.23,CNY
RFUD,2023-01-23,CRZ3,10.602,10.602,10.602,10.602,15925500.0,10602.0,1.0,1500,10.617,0.0,10.602,-1.02,1.0,1,CNY-12.23,CNY
RFUD,2023-01-24,CRZ3,10.644,10.621,10.748,10.706,16080412.0,149567.0,14.0,1502,10.706,0.0,10.683,0.98,1.0,13,CNY-12.23,CNY
RFUD,2023-01-25,CRZ3,10.7,10.7,10.809,10.809,15737904.0,367355.0,34.0,1456,10.809,0.0,10.805,0.96,32.0,3,CNY-12.23,CNY
RFUD,2023-01-26,CRZ3,10.865,10.784,10.865,10.862,15793348.0,43295.0,4.0,1454,10.862,0.0,10.824,0.49,1.0,4,CNY-12.23,CNY
RFUD,2023-01-27,CRZ3,10.862,10.862,10.994,10.994,15870400.0,163191.0,15.0,1456,10.9,0.0,10.879,1.21,1.0,7,CNY-12.23,CNY
RFUD,2023-01-30,CRZ3,10.779,10.779,10.911,10.911,16868406.0,631551.0,58.0,1546,10.911,0.0,10.889,-0.76,3.0,15,CNY-12.23,CNY
RFUD,2023-01-31,CRZ3,11.0,10.901,11.0,10.901,16835776.0,21901.0,2.0,1544,10.904,0.0,10.951,-0.09,1.0,2,CNY-12.23,CNY
RFUD,2023-02-01,CRZ3,10.84,10.801,10.938,10.938,16713264.0,162458.0,15.0,1528,10.938,0.0,10.831,0.34,1.0,9,CNY-12.23,CNY
RFUD,2023-02-02,CRZ3,10.979,10.912,11.058,11.058,16980480.0,175801.0,16.0,1536,11.055,0.0,10.988,1.1,1.0,12,CNY-12.23,CNY
RFUD,2023-02-03,CRZ3,10.976,10.92,10.976,10.92,16751280.0,54821.0,5.0,1534,10.92,0.0,10.964,-1.25,1.0,5,CNY-12.23,CNY
RFUD,2023-02-06,CRZ3,10.93,10.851,10.974,10.972,16809104.0,109231.0,10.0,1532,10.972,0.0,10.923,0.48,1.0,8,CNY-12.23,CNY
RFUD,2023-02-07,CRZ3,,,,,16945452.0,,,1532,11.061,0.0,,,,0,CNY-12.23,CNY
RFUD,2023-02-08,CRZ3,11.082,11.032,11.194,11.135,17192440.0,243994.0,22.0,1544,11.135,0.0,11.091,,1.0,12,CNY-12.23,CNY
RFUD,2023-02-09,CRZ3,11.2,11.2,11.326,11.326,17532648.0,56255.0,5.0,1548,11.326,0.0,11.251,1.71,1.0,4,CNY-12.23,CNY
RFUD,2023-02-10,CRZ3,,,,,17540388.0,,,1548,11.331,0.0,,,,0,CNY-12.23,CNY
RFUD,2023-02-13,CRZ3,11.28,11.28,11.33,11.3,17810760.0,169551.0,15.0,1572,11.33,0.0,11.303,,8.0,8,CNY-12.23,CNY
RFUD,2023-02-14,CRZ3,11.357,11.357,11.357,11.357,17853204.0,22714.0,2.0,1572,11.357,0.0,11.357,0.5,1.0,2,CNY-12.23,CNY
RFUD,2023-02-15,CRZ3,11.489,11.45,11.691,11.48,17931760.0,231343.0,20.0,1562,11.48,0.0,11.567,1.08,1.0,17,CNY-12.23,CNY
RFUD,2023-02-16,CRZ3,11.549,11.462,11.549,11.466,18070416.0,322540.0,28.0,1576,11.466,0.0,11.519,-0.12,1.0,11,CNY-12.23,CNY
RFUD,2023-02-17,CRZ3,11.47,11.357,11.5,11.4,17761200.0,421891.0,37.0,1558,11.4,0.0,11.402,-0.58,1.0,18,CNY-12.23,CNY
RFUD,2023-02-20,CRZ3,11.409,11.33,11.64,11.52,17717760.0,618298.0,54.0,1538,11.52,0.0,11.45,1.05,3.0,37,CNY-12.23,CNY
RFUD,2023-02-21,CRZ3,11.481,11.42,11.481,11.47,17617920.0,80186.0,7.0,1536,11.47,0.0,11.455,-0.43,1.0,7,CNY-12.23,CNY
RFUD,2023-02-22,CRZ3,11.401,11.401,11.47,11.47,17503220.0,114567.0,10.0,1526,11.47,0.0,11.457,0.0,1.0,10,CNY-12.23,CNY
RFUD,2023-02-24,CRZ3,11.509,11.45,11.51,11.48,17564400.0,137736.0,12.0,1530,11.48,0.0,11.478,0.09,1.0,11,CNY-12.23,CNY
RFUD,2023-02-27,CRZ3,11.554,11.36,11.65,11.4,18034800.0,426119.0,37.0,1582,11.4,0.0,11.517,-0.7,5.0,26,CNY-12.23,CNY
RFUD,2023-02-28,CRZ3,11.295,11.245,11.768,11.313,18021440.0,182180.0,16.0,1592,11.32,0.0,11.386,-0.76,1.0,14,CNY-12.23,CNY
RFUD,2023-03-01,CRZ3,11.422,11.4,11.55,11.41,18120960.0,229650.0,20.0,1584,11.44,0.0,11.483,0.86,1.0,20,CNY-12.23,CNY
RFUD,2023-03-02,CRZ3,11.515,11.4,11.539,11.431,18106704.0,321693.0,28.0,1584,11.431,0.0,11.489,0.18,1.0,28,CNY-12.23,CNY
RFUD,2023-03-03,CRZ3,11.417,11.417,11.515,11.43,18013680.0,149288.0,13.0,1576,11.43,0.0,11.484,-0.01,1.0,13,CNY-12.23,CNY
RFUD,2023-03-06,CRZ3,11.515,11.42,11.75,11.48,18092480.0,311422.0,27.0,1576,11.48,0.0,11.534,0.44,1.0,24,CNY-12.23,CNY
RFUD,2023-03-07,CRZ3,,,,,18108240.0,,,1576,11.49,0.0,,,,0,CNY-12.23,CNY
RFUD,2023-03-09,CRZ3,11.42,11.4,11.42,11.4,18438560.0,228254.0,20.0,1616,11.41,0.0,11.413,,7.0,4,CNY-12.23,CNY
RFUD,2023-03-10,CRZ3,11.401,11.4,11.58,11.58,19961712.0,1798880.0,156.0,1608,12.414,0.0,11.531,1.58,1.0,96,CNY-12.23,CNY
RFUD,2023-03-13,CRZ3,11.722,11.217,11.722,11.548,18224640.0,2023563.0,176.0,1582,11.52,0.0,11.498,-0.28,1.0,34,CNY-12.23,CNY
RFUD,2023-03-14,CRZ3,11.54,11.441,11.54,11.451,18161286.0,240953.0,21.0,1586,11.451,0.0,11.474,-0.84,1.0,12,CNY-12.23,CNY
RFUD,2023-03-15,CRZ3,11.5,11.46,11.55,11.55,18272100.0,230430.0,20.0,1582,11.55,0.0,11.522,0.86,8.0,8,CNY-12.23,CNY
RFUD,2023-03-16,CRZ3,11.36,11.36,11.645,11.59,18930384.0,1376621.0,119.0,1628,11.628,0.0,11.568,0.35,1.0,51,CNY-12.23,CNY
RFUD,2023-03-17,CRZ3,11.555,11.55,11.677,11.655,18649600.0,756603.0,65.0,1600,11.656,0.0,11.64,0.56,1.0,36,CNY-12.23,CNY
RFUD,2023-03-20,CRZ3,11.893,11.473,11.893,11.631,18935268.0,1177016.0,101.0,1628,11.631,0.0,11.654,-0.21,1.0,58,CNY-12.23,CNY
RFUD,2023-03-21,CRZ3,11.688,11.5,11.707,11.63,19568080.0,743416.0,64.0,1684,11.62,0.0,11.616,-0.01,10.0,25,CNY-12.23,CNY
RFUD,2023-03-22,CRZ3,11.63,11.581,11.703,11.703,22584860.0,2712383.0,232.0,1930,11.702,0.0,11.691,0.63,7.0,29,CNY-12.23,CNY
RFUD,2023-03-23,CRZ3,11.709,11.593,11.725,11.597,22660538.0,560040.0,48.0,1954,11.597,0.0,11.668,-0.91,1.0,12,CNY-12.23,CNY
RFUD,2023-03-24,CRZ3,11.573,11.557,11.633,11.633,22748280.0,116146.0,10.0,1956,11.63,0.0,11.615,0.31,5.0,6,CNY-12.23,CNY
RFUD,2023-03-27,CRZ3,11.615,11.615,11.641,11.641,22979334.0,162884.0,14.0,1974,11.641,0.0,11.635,0.07,8.0,5,CNY-12.23,CNY
RFUD,2023-03-28,CRZ3,11.583,11.581,11.701,11.701,23204864.0,535256.0,46.0,1984,11.696,0.0,11.636,0.52,1.0,21,CNY-12.23,CNY
RFUD,2023-03-29,CRZ3,11.682,11.5,11.711,11.711,24267874.0,1883435.0,162.0,2074,11.701,0.0,11.626,0.08,11.0,36,CNY-12.23,CNY
RFUD,2023-03-30,CRZ3,11.644,11.529,11.698,11.68,24387840.0,221588.0,19.0,2088,11.68,0.0,11.663,-0.27,1.0,11,CNY-12.23,CNY
RFUD,2023-03-31,CRZ3,11.697,11.652,11.823,11.71,25598060.0,2493140.0,213.0,2186,11.71,0.0,11.705,0.26,1.0,90,CNY-12.23,CNY
RFUD,2023-04-03,CRZ3,11.757,11.632,11.883,11.883,25952472.0,739588.0,63.0,2184,11.883,0.0,11.739,1.48,1.0,41,CNY-12.23,CNY
RFUD,2023-04-04,CRZ3,11.853,11.816,11.972,11.957,25870744.0,1000147.0,84.0,2168,11.933,0.0,11.907,0.62,3.0,40,CNY-12.23,CNY
RFUD,2023-04-05,CRZ3,11.972,11.972,11.982,11.982,25976976.0,107828.0,9.0,2168,11.982,0.0,11.981,0.21,7.0,3,CNY-12.23,CNY
RFUD,2023-04-06,CRZ3,11.983,11.983,12.16,12.16,25966512.0,1133956.0,94.0,2134,12.168,0.0,12.063,1.49,1.0,35,CNY-12.23,CNY
RFUD,2023-04-07,CRZ3,12.179,12.039,12.48,12.199,31278236.0,6368510.0,519.0,2564,12.199,0.0,12.271,0.32,1.0,197,CNY-12.23,CNY
RFUD,2023-04-10,CRZ3,12.188,12.159,12.28,12.28,38581888.0,4158429.0,341.0,3148,12.256,0.0,12.195,0.66,3.0,213,CNY-12.23,CNY
RFUD,2023-04-11,CRZ3,12.275,12.2,12.28,12.222,38621520.0,551232.0,45.0,3160,12.222,0.0,12.25,-0.47,1.0,15,CNY-12.23,CNY
RFUD,2023-04-12,CRZ3,12.27,12.001,12.27,12.101,40434182.0,3395685.0,280.0,3326,12.157,0.0,12.127,-0.99,159.0,15,CNY-12.23,CNY
RFUD,2023-04-13,CRZ3,12.114,12.054,12.114,12.054,38765664.0,1075422.0,89.0,3216,12.054,0.0,12.083,-0.39,1.0,19,CNY-12.23,CNY
RFUD,2023-04-14,CRZ3,12.05,12.05,12.104,12.073,38846064.0,48305.0,4.0,3216,12.079,0.0,12.076,0.16,1.0,4,CNY-12.23,CNY
RFUD,2023-04-17,CRZ3,12.15,12.03,12.15,12.03,38640360.0,422431.0,35.0,3212,12.03,0.0,12.069,-0.36,20.0,8,CNY-12.23,CNY
RFUD,2023-04-18,CRZ3,12.005,12.005,12.069,12.061,38981152.0,168695.0,14.0,3232,12.061,0.0,12.05,0.26,1.0,6,CNY-12.23,CNY
RFUD,2023-04-19,CRZ3,12.069,12.031,12.069,12.049,38918270.0,591323.0,49.0,3230,12.049,0.0,12.068,-0.1,1.0,5,CNY-12.23,CNY
RFUD,2023-04-20,CRZ3,11.998,11.998,12.073,12.051,38731914.0,373584.0,31.0,3214,12.051,0.0,12.051,0.02,1.0,9,CNY-12.23,CNY
RFUD,2023-04-21,CRZ3,12.05,11.855,12.073,12.073,47282424.0,4186200.0,353.0,3918,12.068,0.0,11.859,0.18,1.0,7,CNY-12.23,CNY
RFUD,2023-04-24,CRZ3,12.061,11.904,12.067,12.039,46300100.0,1250171.0,104.0,3850,12.026,0.0,12.021,-0.28,49.0,13,CNY-12.23,CNY
RFUD,2023-04-25,CRZ3,11.967,11.967,11.989,11.989,46181628.0,23956.0,2.0,3852,11.989,0.0,11.978,-0.41,1.0,2,CNY-12.23,CNY
RFUD,2023-04-26,CRZ3,,,,,46116144.0,,,3852,11.972,0.0,,,,0,CNY-12.23,CNY
RFUD,2023-04-27,CRZ3,12.023,12.023,12.055,12.055,46228730.0,132542.0,11.0,3854,11.995,0.0,12.049,,9.0,3,CNY-12.23,CNY
RFUD,2023-04-28,CRZ3,11.988,11.709,11.988,11.83,39424224.0,6549603.0,554.0,3332,11.832,0.0,11.822,-1.87,1.0,37,CNY-12.23,CNY
RFUD,2023-05-02,CRZ3,11.88,11.178,11.908,11.755,42176940.0,2633817.0,231.0,3588,11.755,0.0,11.402,-0.63,11.0,35,CNY-12.23,CNY
RFUD,2023-05-03,CRZ3,11.782,11.739,11.799,11.755,42576610.0,624411.0,53.0,3622,11.755,0.0,11.781,0.0,9.0,8,CNY-12.23,CNY
RFUD,2023-05-04,CRZ3,11.755,11.52,11.769,11.527,42096604.0,1883313.0,162.0,3652,11.527,0.0,11.625,-1.94,1.0,19,CNY-12.23,CNY
RFUD,2023-05-05,CRZ3,11.591,11.388,11.608,11.576,42761744.0,2907443.0,253.0,3694,11.576,0.0,11.492,0.43,2.0,34,CNY-12.23,CNY
RFUD,2023-05-08,CRZ3,11.498,11.455,11.6,11.6,45402400.0,1326764.0,115.0,3914,11.6,0.0,11.537,0.21,1.0,7,CNY-12.23,CNY
RFUD,2023-05-10,CRZ3,11.723,11.291,11.91,11.344,56379680.0,9043429.0,791.0,4970,11.344,0.0,11.433,-2.21,4.0,66,CNY-12.23,CNY
RFUD,2023-05-11,CRZ3,11.298,11.165,11.467,11.4,62654400.0,6069008.0,537.0,5496,11.4,0.0,11.302,0.49,1.0,79,CNY-12.23,CNY
RFUD,2023-05-12,CRZ3,11.429,11.305,11.492,11.469,66611952.0,2713438.0,237.0,5808,11.469,0.0,11.449,0.6,110.0,25,CNY-12.23,CNY
RFUD,2023-05-15,CRZ3,11.546,11.52,11.727,11.722,71902748.0,2496844.0,214.0,6134,11.722,0.0,11.667,2.21,13.0,26,CNY-12.23,CNY
RFUD,2023-05-16,CRZ3,11.759,11.635,11.824,11.772,70608456.0,1221130.0,104.0,5998,11.772,0.0,11.742,0.43,1.0,35,CNY-12.23,CNY
RFUD,2023-05-17,CRZ3,11.797,11.7,11.839,11.7,69404400.0,2269221.0,193.0,5932,11.7,0.0,11.758,-0.61,1.0,28,CNY-12.23,CNY
RFUD,2023-05-18,CRZ3,11.641,11.6,11.703,11.685,68965314.0,383595.0,33.0,5898,11.693,0.0,11.624,-0.13,1.0,19,CNY-12.23,CNY
RFUD,2023-05-19,CRZ3,11.73,11.658,11.73,11.658,69808104.0,584702.0,50.0,5988,11.658,0.0,11.694,-0.23,1.0,7,CNY-12.23,CNY
RFUD,2023-05-22,CRZ3,11.666,11.6,11.696,11.684,70477888.0,709982.0,61.0,6032,11.684,0.0,11.639,0.22,1.0,27,CNY-12.23,CNY
RFUD,2023-05-23,CRZ3,11.717,11.637,11.717,11.674,74713600.0,2247211.0,193.0,6400,11.674,0.0,11.644,-0.09,1.0,12,CNY-12.23,CNY
RFUD,2023-05-24,CRZ3,11.646,11.646,11.646,11.646,74534400.0,524070.0,45.0,6400,11.646,0.0,11.646,-0.24,45.0,1,CNY-12.23,CNY
RFUD,2023-05-25,CRZ3,11.604,11.55,11.625,11.622,76007880.0,1415408.0,122.0,6540,11.622,0.0,11.602,-0.21,22.0,14,CNY-12.23,CNY
RFUD,2023-05-26,CRZ3,11.612,11.6,11.675,11.6,76304800.0,348860.0,30.0,6578,11.6,0.0,11.629,-0.19,9.0,5,CNY-12.23,CNY
RFUD,2023-05-29,CRZ3,11.652,11.579,11.675,11.675,82721964.0,3942098.0,340.0,7086,11.674,0.0,11.594,0.65,1.0,42,CNY-12.23,CNY
RFUD,2023-05-30,CRZ3,11.72,11.595,11.756,11.735,85759380.0,4108459.0,352.0,7308,11.735,0.0,11.672,0.51,3.0,43,CNY-12.23,CNY
RFUD,2023-05-31,CRZ3,11.687,11.632,11.708,11.663,90364924.0,3115826.0,267.0,7748,11.663,0.0,11.67,-0.61,3.0,29,CNY-12.23,CNY
RFUD,2023-06-01,CRZ3,11.637,11.61,11.657,11.625,90605250.0,500006.0,43.0,7794,11.625,0.0,11.628,-0.33,3.0,25,CNY-12.23,CNY
RFUD,2023-06-02,CRZ3,11.648,11.639,11.798,11.73,98062800.0,7631184.0,652.0,8360,11.73,0.0,11.704,0.9,4.0,45,CNY-12.23,CNY
RFUD,2023-06-05,CRZ3,11.696,11.644,11.758,11.644,101442528.0,5809078.0,496.0,8712,11.644,0.0,11.712,-0.73,1.0,105,CNY-12.23,CNY
RFUD,2023-06-06,CRZ3,11.643,11.643,11.734,11.685,107198190.0,3559898.0,305.0,9174,11.685,0.0,11.672,0.35,3.0,39,CNY-12.23,CNY
RFUD,2023-06-07,CRZ3,11.725,11.675,11.775,11.75,108053000.0,1228882.0,105.0,9196,11.75,0.0,11.704,0.56,1.0,36,CNY-12.23,CNY
RFUD,2023-06-08,CRZ3,11.751,11.672,11.875,11.847,109039788.0,7229559.0,614.0,9204,11.847,0.0,11.775,0.83,1.0,78,CNY-12.23,CNY
RFUD,2023-06-09,CRZ3,11.847,11.808,11.9,11.808,110381184.0,5809641.0,490.0,9348,11.808,0.0,11.856,-0.33,92.0,51,CNY-12.23,CNY
RFUD,2023-06-13,CRZ3,11.819,11.803,12.0,12.0,125920512.0,13953832.0,1169.0,10496,11.997,0.0,11.937,1.63,1.0,235,CNY-12.23,CNY
RFUD,2023-06-14,CRZ3,12.017,11.95,12.107,12.015,149563582.0,24014504.0,1995.0,12446,12.017,0.0,12.037,0.12,25.0,350,CNY-12.23,CNY
RFUD,2023-06-15,CRZ3,12.004,11.891,12.063,11.976,198458890.0,71761335.0,5995.0,16570,11.977,0.0,11.97,-0.33,10.0,961,CNY-12.23,CNY
RFUD,2023-06-16,CRZ3,11.986,11.969,12.039,12.039,218140464.0,72935832.0,6079.0,18124,12.036,0.0,11.998,0.53,1.0,1094,CNY-12.23,CNY
RFUD,2023-06-19,CRZ3,12.028,11.95,12.058,11.999,209777480.0,86166742.0,7188.0,17480,12.001,0.0,11.987,-0.33,3.0,1393,CNY-12.23,CNY
RFUD,2023-06-20,CRZ3,12.003,11.971,12.073,12.065,256046336.0,74922799.0,6234.0,21224,12.064,0.0,12.02,0.55,1.0,1379,CNY-12.23,CNY
RFUD,2023-06-21,CRZ3,12.069,11.892,12.071,11.916,227476440.0,80951024.0,6767.0,19090,11.916,0.0,11.961,-1.23,1.0,1730,CNY-12.23,CNY
RFUD,2023-06-22,CRZ3,11.918,11.855,11.937,11.926,270123900.0,185585337.0,15590.0,22650,11.926,0.0,11.904,0.08,6.0,1886,CNY-12.23,CNY
RFUD,2023-06-23,CRZ3,11.922,11.845,12.016,11.97,357950880.0,194997507.0,16359.0,29904,11.97,0.0,11.919,0.37,1.0,2208,CNY-12.23,CNY
RFUD,2023-06-26,CRZ3,11.964,11.882,12.131,11.987,370890828.0,277962932.0,23235.0,30954,11.982,0.0,11.963,0.14,1.0,3677,CNY-12.23,CNY
RFUD,2023-06-27,CRZ3,11.992,11.964,12.062,12.039,446498500.0,122063907.0,10154.0,37100,12.035,0.0,12.021,0.43,3.0,2513,CNY-12.23,CNY
RFUD,2023-06-28,CRZ3,12.027,11.98,12.14,12.126,520653056.0,118102321.0,9794.0,42944,12.124,0.0,12.059,0.72,1.0,1981,CNY-12.23,CNY
RFUD,2023-06-29,CRZ3,12.14,12.096,12.298,12.286,812380608.0,276045222.0,22585.0,66144,12.282,0.0,12.223,1.32,4.0,2264,CNY-12.23,CNY
RFUD,2023-06-30,CRZ3,12.282,12.261,12.544,12.544,1067359128.0,367622254.0,29628.0,85096,12.543,0.0,12.409,2.1,148.0,4328,CNY-12.23,CNY
RFUD,2023-07-03,CRZ3,12.539,12.369,12.547,12.381,1068084108.0,367082115.0,29430.0,86268,12.381,0.0,12.472,-1.3,1.0,3600,CNY-12.23,CNY
RFUD,2023-07-04,CRZ3,12.378,12.316,12.656,12.537,1382750764.0,411114440.0,32914.0,110276,12.539,0.0,12.49,1.26,1.0,3972,CNY-12.23,CNY
RFUD,2023-07-05,CRZ3,12.532,12.491,12.732,12.725,1612178120.0,334225246.0,26448.0,126644,12.73,0.0,12.637,1.5,2.0,3436,CNY-12.23,CNY
RFUD,2023-07-06,CRZ3,12.735,12.642,13.047,12.71,1762841980.0,796486325.0,62049.0,138610,12.718,0.0,12.837,-0.12,2.0,8184,CNY-12.23,CNY
RFUD,2023-07-07,CRZ3,12.745,12.689,12.847,12.801,2070208272.0,331935853.0,25975.0,161634,12.808,0.0,12.779,0.72,2.0,3037,CNY-12.23,CNY
RFUD,2023-07-10,CRZ3,12.796,12.615,12.861,12.657,2273015028.0,446268650.0,34938.0,179458,12.666,0.0,12.773,-1.12,2.0,3401,CNY-12.23,CNY
RFUD,2023-07-11,CRZ3,12.651,12.579,12.786,12.663,2497371534.0,487018775.0,38375.0,197218,12.663,0.0,12.691,0.05,2.0,3960,CNY-12.23,CNY
RFUD,2023-07-12,CRZ3,12.656,12.646,12.879,12.872,2733337044.0,315606187.0,24728.0,212364,12.871,0.0,12.765,1.65,15.0,2560,CNY-12.23,CNY
RFUD,2023-07-13,CRZ3,12.876,12.712,12.922,12.774,2864389074.0,502878769.0,39339.0,224078,12.783,0.0,12.783,-0.76,1.0,2946,CNY-12.23,CNY
RFUD,2023-07-14,CRZ3,12.771,12.753,12.851,12.837,3042408400.0,329489579.0,25724.0,237040,12.835,0.0,12.809,0.49,94.0,2440,CNY-12.23,CNY
RFUD,2023-07-17,CRZ3,12.827,12.769,12.898,12.892,3387986838.0,349533349.0,27267.0,262818,12.891,0.0,12.819,0.43,20.0,2545,CNY-12.23,CNY
RFUD,2023-07-18,CRZ3,12.897,12.824,12.923,12.837,4431238080.0,649933863.0,50564.0,345112,12.84,0.0,12.854,-0.43,2.0,2014,CNY-12.23,CNY
RFUD,2023-07-19,CRZ3,12.833,12.789,12.893,12.856,5072111276.0,498623011.0,38826.0,394594,12.854,0.0,12.843,0.15,2.0,2004,CNY-12.23,CNY
RFUD,2023-07-20,CRZ3,12.86,12.777,12.919,12.798,6228477432.0,743986044.0,57951.0,486828,12.794,0.0,12.838,-0.45,100.0,2189,CNY-12.23,CNY
RFUD,2023-07-21,CRZ3,12.79,12.742,12.881,12.872,7946838128.0,1277575999.0,99909.0,617374,12.872,0.0,12.787,0.58,6.0,3766,CNY-12.23,CNY
RFUD,2023-07-24,CRZ3,12.875,12.759,12.894,12.795,8376250756.0,423174071.0,33060.0,654548,12.797,0.0,12.8,-0.6,8.0,1883,CNY-12.23,CNY
RFUD,2023-07-25,CRZ3,12.795,12.782,12.884,12.875,10407763750.0,1158218209.0,90326.0,808370,12.875,0.0,12.829,0.62,5.0,2072,CNY-12.23,CNY
RFUD,2023-07-26,CRZ3,12.874,12.801,12.888,12.825,10631848050.0,293079901.0,22852.0,828994,12.825,0.0,12.823,-0.39,1.0,1567,CNY-12.23,CNY
RFUD,2023-07-27,CRZ3,12.825,12.802,12.886,12.881,10699602650.0,106567596.0,8304.0,830650,12.881,0.0,12.835,0.44,20.0,1211,CNY-12.23,CNY
RFUD,2023-07-28,CRZ3,12.881,12.862,13.054,13.043,11083613280.0,351291701.0,27114.0,849840,13.042,0.0,12.958,1.26,9.0,2857,CNY-12.23,CNY
RFUD,2023-07-31,CRZ3,13.049,12.974,13.173,13.046,12373940320.0,885193993.0,67860.0,948340,13.048,0.0,13.049,0.02,87.0,3143,CNY-12.23,CNY
RFUD,2023-08-01,CRZ3,13.042,12.981,13.085,13.083,12447515736.0,168441380.0,12910.0,951354,13.084,0.0,13.047,0.28,1.0,2028,CNY-12.23,CNY
RFUD,2023-08-02,CRZ3,13.084,13.034,13.325,13.299,13051752480.0,470595907.0,35700.0,981630,13.296,0.0,13.18,1.65,3.0,3983,CNY-12.23,CNY
RFUD,2023-08-03,CRZ3,13.325,13.202,13.421,13.391,13443330894.0,700933307.0,52625.0,1003758,13.393,0.0,13.32,0.69,1.0,6055,CNY-12.23,CNY
RFUD,2023-08-04,CRZ3,13.399,13.338,13.646,13.614,13783576252.0,478866250.0,35491.0,1012828,13.609,0.0,13.495,1.67,4.0,5030,CNY-12.23,CNY
RFUD,2023-08-07,CRZ3,13.608,13.44,13.748,13.5,14770404000.0,1275435408.0,93476.0,1094104,13.5,0.0,13.645,-0.84,6.0,8816,CNY-12.23,CNY
RFUD,2023-08-08,CRZ3,13.496,13.44,13.708,13.685,16067043822.0,948861113.0,69768.0,1174234,13.683,0.0,13.608,1.37,1.0,5299,CNY-12.23,CNY
RFUD,2023-08-09,CRZ3,13.686,13.658,13.828,13.687,16270871566.0,591784063.0,43098.0,1188262,13.693,0.0,13.732,0.01,5.0,5859,CNY-12.23,CNY
RFUD,2023-08-10,CRZ3,13.676,13.623,13.807,13.728,16637943448.0,491846934.0,35865.0,1212148,13.726,0.0,13.705,0.3,1.0,4362,CNY-12.23,CNY
RFUD,2023-08-11,CRZ3,13.74,13.721,13.959,13.949,16983307968.0,411533670.0,29749.0,1217616,13.948,0.0,13.834,1.61,1.0,4405,CNY-12.23,CNY
RFUD,2023-08-14,CRZ3,13.96,13.545,14.211,13.628,17425897662.0,2891684263.0,209831.0,1278402,13.631,0.0,13.78,-2.3,1.0,13927,CNY-12.23,CNY
RFUD,2023-08-15,CRZ3,13.65,13.318,13.899,13.619,17998257960.0,2783314190.0,204682.0,1321458,13.62,0.0,13.594,-0.07,20.0,18589,CNY-12.23,CNY
RFUD,2023-08-16,CRZ3,13.61,13.21,13.659,13.244,17083976292.0,1754457348.0,130652.0,1290428,13.239,0.0,13.414,-2.75,1.0,13131,CNY-12.23,CNY
RFUD,2023-08-17,CRZ3,13.249,12.968,13.348,13.118,16861605246.0,1715250083.0,130418.0,1284498,13.127,0.0,13.151,-0.95,4.0,13850,CNY-12.23,CNY
RFUD,2023-08-18,CRZ3,13.118,13.0,13.199,13.155,16985951676.0,778592600.0,59297.0,1290922,13.158,0.0,13.13,0.28,4.0,5636,CNY-12.23,CNY
RFUD,2023-08-21,CRZ3,13.157,13.065,13.283,13.14,17004713464.0,799548698.0,60696.0,1294808,13.133,0.0,13.173,-0.11,4.0,6108,CNY-12.23,CNY
RFUD,2023-08-22,CRZ3,13.134,13.13,13.278,13.253,17527145512.0,700133294.0,52970.0,1322504,13.253,0.0,13.224,0.86,5.0,4056,CNY-12.23,CNY
RFUD,2023-08-23,CRZ3,13.262,13.222,13.355,13.284,18366722892.0,1064599321.0,80191.0,1382724,13.283,0.0,13.278,0.23,3.0,3514,CNY-12.23,CNY
RFUD,2023-08-24,CRZ3,13.27,13.27,13.4,13.326,18677006208.0,1010060579.0,75854.0,1401336,13.328,0.0,13.319,0.32,1.0,5707,CNY-12.23,CNY
RFUD,2023-08-25,CRZ3,13.327,13.295,13.445,13.393,21026983214.0,1775547770.0,133082.0,1569998,13.393,0.0,13.364,0.5,1.0,3759,CNY-12.23,CNY
RFUD,2023-08-28,CRZ3,13.41,13.345,13.481,13.395,23463549464.0,2436261250.0,181791.0,1751534,13.396,0.0,13.401,0.01,1.0,9239,CNY-12.23,CNY
RFUD,2023-08-29,CRZ3,13.388,13.387,13.52,13.448,25077963694.0,1850292520.0,137605.0,1864394,13.451,0.0,13.45,0.4,80.0,10680,CNY-12.23,CNY
RFUD,2023-08-30,CRZ3,13.442,13.43,13.516,13.516,26587572960.0,1346599091.0,99866.0,1967264,13.515,0.0,13.487,0.51,76.0,6411,CNY-12.23,CNY
RFUD,2023-08-31,CRZ3,13.516,13.459,13.554,13.489,27938410540.0,1895804917.0,140290.0,2071046,13.49,0.0,13.513,-0.2,22.0,8136,CNY-12.23,CNY
RFUD,2023-09-01,CRZ3,13.49,13.489,13.645,13.601,30099421030.0,2557244459.0,188325.0,2213030,13.601,0.0,13.579,0.83,1.0,12530,CNY-12.23,CNY
RFUD,2023-09-04,CRZ3,13.597,13.56,13.664,13.638,31457316936.0,1840280245.0,135045.0,2306424,13.639,0.0,13.627,0.27,7.0,8024,CNY-12.23,CNY
RFUD,2023-09-05,CRZ3,13.642,13.632,13.72,13.72,34497897280.0,3603474483.0,263359.0,2514424,13.72,0.0,13.683,0.6,14.0,10603,CNY-12.23,CNY
RFUD,2023-09-06,CRZ3,13.72,13.65,13.789,13.784,37216662160.0,4772680724.0,348001.0,2699990,13.784,0.0,13.715,0.47,3.0,28168,CNY-12.23,CNY
RFUD,2023-09-07,CRZ3,13.762,13.573,13.783,13.752,38908575930.0,5322528351.0,388109.0,2828686,13.755,0.0,13.713,-0.23,7.0,41238,CNY-12.23,CNY
RFUD,2023-09-08,CRZ3,13.759,13.6,13.759,13.611,40582000080.0,5181609773.0,379477.0,2981340,13.612,0.0,13.654,-1.03,2.0,26999,CNY-12.23,CNY
RFUD,2023-09-11,CRZ3,13.604,13.344,13.629,13.344,43491387960.0,9312894211.0,690373.0,3258270,13.348,0.0,13.488,-1.96,1.0,35730,CNY-12.23,CNY
RFUD,2023-09-12,CRZ3,13.349,13.15,13.363,13.315,44814471324.0,13121601009.0,988894.0,3365966,13.314,0.0,13.269,-0.22,5.0,57747,CNY-12.23,CNY
RFUD,2023-09-13,CRZ3,13.32,13.303,13.583,13.525,47056226514.0,8143380716.0,603758.0,3479718,13.523,0.0,13.489,1.58,4.0,28158,CNY-12.23,CNY
RFUD,2023-09-14,CRZ3,13.53,13.436,13.667,13.638,57203990928.0,19980904309.0,1476771.0,4194456,13.638,0.0,13.53,0.83,1.0,71231,CNY-12.23,CNY
RFUD,2023-09-15,CRZ3,13.645,13.49,13.739,13.541,70692838776.0,19467631676.0,1433164.0,5215644,13.554,0.0,13.583,-0.71,4.0,71631,CNY-12.23,CNY
RFUD,2023-09-18,CRZ3,13.55,13.492,13.629,13.523,83396692598.0,15834332709.0,1168471.0,6167026,13.523,0.0,13.551,-0.13,50.0,38413,CNY-12.23,CNY
RFUD,2023-09-19,CRZ3,13.524,13.423,13.556,13.55,101418369176.0,20645889616.0,1530789.0,7486408,13.547,0.0,13.486,0.2,57.0,40596,CNY-12.23,CNY
RFUD,2023-09-20,CRZ3,13.549,13.465,13.569,13.496,123410648232.0,33623670918.0,2487807.0,9142884,13.498,0.0,13.514,-0.4,1.0,61511,CNY-12.23,CNY
RFUD,2023-09-21,CRZ3,13.491,13.323,13.501,13.439,137807938564.0,62610895513.0,4667058.0,10252804,13.441,0.0,13.415,-0.42,260.0,104593,CNY-12.23,CNY
RFUD,2023-09-22,CRZ3,13.428,13.391,13.478,13.449,134236912942.0,32523555319.0,2419822.0,9978214,13.453,0.0,13.44,0.07,10.0,70498,CNY-12.23,CNY
RFUD,2023-09-25,CRZ3,13.464,13.418,13.584,13.474,134341465626.0,28732521194.0,2134290.0,9971162,13.473,0.0,13.462,0.19,2.0,70731,CNY-12.23,CNY
RFUD,2023-09-26,CRZ3,13.468,13.445,13.502,13.485,138201237416.0,17584745266.0,1304428.0,10247756,13.486,0.0,13.481,0.08,1.0,46596,CNY-12.23,CNY
RFUD,2023-09-27,CRZ3,13.485,13.48,13.544,13.535,139291179264.0,19310722184.0,1429259.0,10290424,13.536,0.0,13.511,0.37,200.0,44578,CNY-12.23,CNY
RFUD,2023-09-28,CRZ3,13.539,13.508,13.629,13.61,140478330804.0,38712424794.0,2851265.0,10324734,13.606,0.0,13.577,0.55,6.0,75044,CNY-12.23,CNY
RFUD,2023-09-29,CRZ3,13.607,13.573,13.775,13.775,136792061280.0,34847623208.0,2544917.0,9934064,13.77,0.0,13.693,1.21,3.0,69122,CNY-12.23,CNY
RFUD,2023-10-02,CRZ3,13.775,13.712,13.899,13.882,131534733394.0,53169472059.0,3848275.0,9474518,13.883,0.0,13.816,0.78,90.0,98218,CNY-12.23,CNY
RFUD,2023-10-03,CRZ3,13.889,13.794,13.913,13.875,136615315760.0,47676938483.0,3443097.0,9842602,13.88,0.0,13.847,-0.05,20.0,83849,CNY-12.23,CNY
RFUD,2023-10-04,CRZ3,13.875,13.815,13.945,13.904,134169403328.0,56308272262.0,4054894.0,9643456,13.913,0.0,13.882,0.21,192.0,79772,CNY-12.23,CNY
RFUD,2023-10-05,CRZ3,13.907,13.87,14.013,14.01,129945129542.0,42909885481.0,3082719.0,9282458,13.999,0.0,13.919,0.76,10.0,68783,CNY-12.23,CNY
RFUD,2023-10-06,CRZ3,13.991,13.905,14.146,14.008,133522104494.0,58079880244.0,4142174.0,9531166,14.009,0.0,14.022,-0.01,40.0,103149,CNY-12.23,CNY
RFUD,2023-10-09,CRZ3,14.005,13.8,14.298,13.86,124419697660.0,101121480026.0,7171169.0,8970418,13.87,0.0,14.099,-1.06,1.0,166597,CNY-12.23,CNY
RFUD,2023-10-10,CRZ3,13.862,13.712,14.07,14.033,133604032224.0,74533228448.0,5348637.0,9521382,14.032,0.0,13.935,1.25,214.0,138683,CNY-12.23,CNY
RFUD,2023-10-11,CRZ3,14.028,13.901,14.089,13.98,132517161616.0,50739961309.0,3630770.0,9481766,13.976,0.0,13.975,-0.38,1.0,99275,CNY-12.23,CNY
RFUD,2023-10-12,CRZ3,13.974,13.478,13.989,13.585,136146669032.0,97232127898.0,7159263.0,10018888,13.589,0.0,13.581,-2.83,10.0,160499,CNY-12.23,CNY
RFUD,2023-10-13,CRZ3,13.583,13.504,13.642,13.552,141349722144.0,47505298556.0,3503155.0,10430944,13.551,0.0,13.56,-0.24,1.0,77262,CNY-12.23,CNY
RFUD,2023-10-16,CRZ3,13.555,13.485,13.584,13.54,143381472444.0,39092136922.0,2889015.0,10591038,13.538,0.0,13.531,-0.09,300.0,57794,CNY-12.23,CNY
RFUD,2023-10-17,CRZ3,13.535,13.493,13.618,13.585,144292758150.0,28416682403.0,2098483.0,10618350,13.589,0.0,13.542,0.33,1.0,52425,CNY-12.23,CNY
RFUD,2023-10-18,CRZ3,13.582,13.476,13.63,13.532,143607210352.0,34651846441.0,2559594.0,10608496,13.537,0.0,13.538,-0.39,1.0,59167,CNY-12.23,CNY
RFUD,2023-10-19,CRZ3,13.532,13.413,13.549,13.461,144348513408.0,35929367002.0,2666377.0,10721072,13.464,0.0,13.475,-0.53,45.0,58090,CNY-12.23,CNY
RFUD,2023-10-20,CRZ3,13.461,13.23,13.494,13.236,135275887920.0,41908852025.0,3148459.0,10221072,13.235,0.0,13.311,-1.67,40.0,75484,CNY-12.23,CNY
RFUD,2023-10-23,CRZ3,13.232,13.088,13.304,13.108,137975542048.0,43771328128.0,3326058.0,10526056,13.108,0.0,13.16,-0.97,1.0,75899,CNY-12.23,CNY
RFUD,2023-10-24,CRZ3,13.108,12.953,13.126,12.968,136392050928.0,37690369252.0,2897808.0,10519208,12.966,0.0,13.006,-1.07,10.0,72981,CNY-12.23,CNY
RFUD,2023-10-25,CRZ3,12.965,12.92,12.999,12.958,129971513012.0,41846527621.0,3230405.0,10030214,12.958,0.0,12.954,-0.08,4.0,80384,CNY-12.23,CNY
RFUD,2023-10-26,CRZ3,12.957,12.951,13.09,13.004,123091224220.0,34121376097.0,2623065.0,9463460,13.007,0.0,13.008,0.36,36.0,66802,CNY-12.23,CNY
RFUD,2023-10-27,CRZ3,13.008,12.86,13.129,13.061,121625741916.0,99759574696.0,7693591.0,9311418,13.062,0.0,12.967,0.44,40.0,152065,CNY-12.23,CNY
RFUD,2023-10-30,CRZ3,13.062,12.87,13.084,12.896,115405270722.0,52942626345.0,4086288.0,8948226,12.897,0.0,12.956,-1.26,200.0,95012,CNY-12.23,CNY
RFUD,2023-10-31,CRZ3,12.9,12.71,12.998,12.95,116984232974.0,78070748300.0,6079116.0,9039814,12.941,0.0,12.842,0.42,765.0,139261,CNY-12.23,CNY
RFUD,2023-11-01,CRZ3,12.94,12.838,13.018,12.884,122404416232.0,74554137161.0,5766588.0,9500498,12.884,0.0,12.929,-0.51,14.0,127628,CNY-12.23,CNY
RFUD,2023-11-02,CRZ3,12.88,12.858,12.959,12.945,123643390800.0,31456729071.0,2433997.0,9551440,12.945,0.0,12.924,0.47,80.0,71851,CNY-12.23,CNY
RFUD,2023-11-03,CRZ3,12.945,12.797,12.995,12.846,118895253780.0,55314610344.0,4291810.0,9255430,12.846,0.0,12.888,-0.77,2.0,105541,CNY-12.23,CNY
RFUD,2023-11-06,CRZ3,12.845,12.812,12.896,12.872,120130834950.0,16074332144.0,1249778.0,9333450,12.871,0.0,12.862,0.2,2.0,45895,CNY-12.23,CNY
RFUD,2023-11-07,CRZ3,12.876,12.82,12.905,12.877,120062593750.0,28373136765.0,2205260.0,9325250,12.875,0.0,12.866,0.04,47.0,68384,CNY-12.23,CNY
RFUD,2023-11-08,CRZ3,12.88,12.794,12.914,12.805,114700089276.0,33026369834.0,2571182.0,8956746,12.806,0.0,12.845,-0.56,41.0,73035,CNY-12.23,CNY
RFUD,2023-11-09,CRZ3,12.819,12.758,12.828,12.796,114609032890.0,21400416153.0,1672886.0,8958730,12.793,0.0,12.793,-0.07,1.0,51343,CNY-12.23,CNY
RFUD,2023-11-10,CRZ3,12.79,12.757,12.814,12.79,114778304140.0,20788449030.0,1625652.0,8974066,12.79,0.0,12.788,-0.05,1.0,45315,CNY-12.23,CNY
RFUD,2023-11-13,CRZ3,12.797,12.702,12.858,12.706,108458519808.0,35074724533.0,2747590.0,8537352,12.704,0.0,12.766,-0.66,8.0,64952,CNY-12.23,CNY
RFUD,2023-11-14,CRZ3,12.711,12.568,12.729,12.621,117331113198.0,40712569721.0,3221733.0,9295026,12.623,0.0,12.637,-0.67,45.0,67542,CNY-12.23,CNY
RFUD,2023-11-15,CRZ3,12.631,12.406,12.632,12.466,113678680950.0,45734452970.0,3659160.0,9119830,12.465,0.0,12.499,-1.23,12.0,92037,CNY-12.23,CNY
RFUD,2023-11-16,CRZ3,12.452,12.355,12.47,12.421,116503127936.0,39814305164.0,3207752.0,9377264,12.424,0.0,12.412,-0.36,1.0,69264,CNY-12.23,CNY
RFUD,2023-11-17,CRZ3,12.42,12.403,12.656,12.609,117411058310.0,43540866931.0,3482913.0,9310210,12.611,0.0,12.501,1.51,1.0,89127,CNY-12.23,CNY
RFUD,2023-11-20,CRZ3,12.619,12.39,12.631,12.452,115585516632.0,63245921047.0,5072745.0,9270574,12.468,0.0,12.468,-1.24,4.0,112176,CNY-12.23,CNY
RFUD,2023-11-21,CRZ3,12.449,12.394,12.475,12.423,112584729492.0,37774793272.0,3037114.0,9062604,12.423,0.0,12.438,-0.23,1.0,76093,CNY-12.23,CNY
RFUD,2023-11-22,CRZ3,12.421,12.403,12.467,12.441,115481934540.0,27108065898.0,2179186.0,9283860,12.439,0.0,12.44,0.14,42.0,54065,CNY-12.23,CNY
RFUD,2023-11-23,CRZ3,12.439,12.371,12.492,12.474,119308087392.0,37372042321.0,3000727.0,9569144,12.468,0.0,12.454,0.27,13.0,73817,CNY-12.23,CNY
RFUD,2023-11-24,CRZ3,12.48,12.428,12.592,12.493,130368343144.0,80020493978.0,6403265.0,10434476,12.494,0.0,12.497,0.15,1.0,116371,CNY-12.23,CNY
RFUD,2023-11-27,CRZ3,12.492,12.41,12.528,12.49,140002926420.0,48063399300.0,3851108.0,11204716,12.495,0.0,12.48,-0.02,323.0,74209,CNY-12.23,CNY
RFUD,2023-11-28,CRZ3,12.486,12.453,12.608,12.589,135140967012.0,41682069836.0,3331526.0,10739964,12.583,0.0,12.511,0.79,20.0,84902,CNY-12.23,CNY
RFUD,2023-11-29,CRZ3,12.589,12.467,12.609,12.49,128180632230.0,46992319918.0,3750930.0,10258554,12.495,0.0,12.528,-0.79,50.0,88315,CNY-12.23,CNY
RFUD,2023-11-30,CRZ3,12.484,12.457,12.599,12.581,137768265662.0,50809318462.0,4061974.0,10950502,12.581,0.0,12.509,0.73,1.0,92669,CNY-12.23,CNY
RFUD,2023-12-01,CRZ3,12.582,12.529,12.701,12.698,153228080764.0,46502805466.0,3684179.0,12070906,12.694,0.0,12.622,0.93,54.0,91006,CNY-12.23,CNY
RFUD,2023-12-04,CRZ3,12.691,12.681,12.824,12.8,158931020316.0,42162529331.0,3304866.0,12415516,12.801,0.0,12.758,0.8,47.0,71306,CNY-12.23,CNY
RFUD,2023-12-05,CRZ3,12.8,12.772,12.994,12.985,146732695560.0,57110592299.0,4428561.0,11304522,12.98,0.0,12.898,1.44,2.0,82800,CNY-12.23,CNY
RFUD,2023-12-06,CRZ3,12.978,12.86,13.094,13.0,150822768778.0,73900664083.0,5692836.0,11622314,12.977,0.0,12.981,0.12,2.0,125907,CNY-12.23,CNY
RFUD,2023-12-07,CRZ3,12.988,12.89,13.044,12.904,146443619126.0,41677222076.0,3213867.0,11358382,12.893,0.0,12.968,-0.74,1.0,84347,CNY-12.23,CNY
RFUD,2023-12-08,CRZ3,12.908,12.704,12.908,12.831,139708562544.0,102493361731.0,8000980.0,10885816,12.834,0.0,12.81,-0.57,135.0,179493,CNY-12.23,CNY
RFUD,2023-12-11,CRZ3,12.833,12.611,12.862,12.671,123709583226.0,59248595188.0,4669030.0,9763206,12.671,0.0,12.688,-1.25,4.0,109172,CNY-12.23,CNY
RFUD,2023-12-12,CRZ3,12.666,12.54,12.666,12.57,117720082080.0,54150088552.0,4302000.0,9372618,12.56,0.0,12.586,-0.8,115.0,82954,CNY-12.23,CNY
RFUD,2023-12-13,CRZ3,12.57,12.483,12.57,12.53,107872594560.0,42954699727.0,3430808.0,8610520,12.528,0.0,12.52,-0.32,98.0,83565,CNY-12.23,CNY
RFUD,2023-12-14,CRZ3,12.536,12.516,12.693,12.64,91383054080.0,56272673821.0,4468483.0,7229672,12.64,0.0,12.593,0.88,1.0,107592,CNY-12.23,CNY
RFUD,2023-12-15,CRZ3,12.652,12.583,12.708,12.642,77684254020.0,52525599080.0,4154510.0,6143476,12.645,0.0,12.642,0.02,3.0,92675,CNY-12.23,CNY
RFUD,2023-12-18,CRZ3,12.647,12.569,12.712,12.6,65247899640.0,44657562234.0,3530670.0,5175940,12.606,0.0,12.648,-0.33,1.0,93249,CNY-12.23,CNY
RFUD,2023-12-19,CRZ3,12.592,12.509,12.677,12.662,56368692098.0,52084589808.0,4135135.0,4448638,12.671,0.0,12.594,0.49,20.0,91056,CNY-12.23,CNY
RFUD,2023-12-20,CRZ3,12.675,12.617,12.747,12.743,40351376520.0,37957309506.0,2993109.0,3167298,12.74,0.0,12.682,0.64,1.0,71534,CNY-12.23,CNY
RFUD,2023-12-21,CRZ3,12.746,12.678,12.888,12.853,0.0,14795388263.0,1158263.0,0,12.8522,0.0,12.774,0.86,10.0,22248,CNY-12.23,CNY
RFUD,2022-11-02,CRH4,,,,,0.0,,,0,10.226,,,,,0,CNY-3.24,CNY
RFUD,2022-11-03,CRH4,,,,,0.0,,,0,10.846,,,,,0,CNY-3.24,CNY
RFUD,2022-11-07,CRH4,,,,,0.0,,,0,11.472,,,,,0,CNY-3.24,CNY
RFUD,2022-11-08,CRH4,,,,,0.0,,,0,11.395,,,,,0,CNY-3.24,CNY
RFUD,2022-11-09,CRH4,,,,,0.0,,,0,12.042,,,,,0,CNY-3.24,CNY
RFUD,2022-11-10,CRH4,,,,,0.0,,,0,11.776,,,,,0,CNY-3.24,CNY
RFUD,2022-11-11,CRH4,,,,,0.0,,,0,11.642,,,,,0,CNY-3.24,CNY
RFUD,2022-11-14,CRH4,,,,,0.0,,,0,12.141,,,,,0,CNY-3.24,CNY
RFUD,2022-11-15,CRH4,,,,,0.0,,,0,11.86,,,,,0,CNY-3.24,CNY
RFUD,2022-11-16,CRH4,,,,,0.0,,,0,11.429,,,,,0,CNY-3.24,CNY
RFUD,2022-11-17,CRH4,,,,,0.0,,,0,10.65,,,,,0,CNY-3.24,CNY
RFUD,2022-11-18,CRH4,,,,,0.0,,,0,9.9,,,,,0,CNY-3.24,CNY
RFUD,2022-11-21,CRH4,,,,,0.0,,,0,9.913,,,,,0,CNY-3.24,CNY
RFUD,2022-11-22,CRH4,10.0,10.0,10.0,10.0,20194.0,10000.0,1.0,2,10.097,,10.0,,1.0,1,CNY-3.24,CNY
RFUD,2022-11-23,CRH4,,,,,19986.0,,,2,9.993,,,,,0,CNY-3.24,CNY
RFUD,2022-11-24,CRH4,,,,,20126.0,,,2,10.063,,,,,0,CNY-3.24,CNY
RFUD,2022-11-25,CRH4,,,,,19906.0,,,2,9.953,,,,,0,CNY-3.24,CNY
RFUD,2022-11-28,CRH4,,,,,20574.0,,,2,10.287,,,,,0,CNY-3.24,CNY
RFUD,2022-11-29,CRH4,,,,,20126.0,,,2,10.063,,,,,0,CNY-3.24,CNY
RFUD,2022-11-30,CRH4,,,,,19978.0,,,2,9.989,,,,,0,CNY-3.24,CNY
RFUD,2022-12-01,CRH4,10.079,10.079,10.079,10.079,40804.0,10079.0,1.0,4,10.201,,10.079,,1.0,1,CNY-3.24,CNY
RFUD,2022-12-02,CRH4,,,,,40600.0,,,4,10.15,,,,,0,CNY-3.24,CNY
RFUD,2022-12-05,CRH4,,,,,41196.0,,,4,10.299,0.0,,,,0,CNY-3.24,CNY
RFUD,2022-12-06,CRH4,10.0,10.0,10.0,10.0,180000.0,70000.0,7.0,18,10.0,0.0,10.0,,7.0,1,CNY-3.24,CNY
RFUD,2022-12-07,CRH4,,,,,185400.0,,,18,10.3,0.0,,,,0,CNY-3.24,CNY
RFUD,2022-12-08,CRH4,,,,,185400.0,,,18,10.3,0.0,,,,0,CNY-3.24,CNY
RFUD,2022-12-09,CRH4,9.781,9.7,9.781,9.7,3037256.0,1360873.0,140.0,296,10.261,0.0,9.721,,7.0,8,CNY-3.24,CNY
RFUD,2022-12-12,CRH4,,,,,3007064.0,,,296,10.159,0.0,,,,0,CNY-3.24,CNY
RFUD,2022-12-13,CRH4,10.01,9.95,10.01,9.95,2985000.0,19960.0,2.0,300,9.95,0.0,9.98,,1.0,2,CNY-3.24,CNY
RFUD,2022-12-14,CRH4,10.23,10.001,10.23,10.001,3019698.0,20231.0,2.0,302,9.999,0.0,10.116,0.51,1.0,2,CNY-3.24,CNY
RFUD,2022-12-15,CRH4,10.1,10.023,10.1,10.023,3098672.0,20123.0,2.0,304,10.193,0.0,10.062,0.22,1.0,2,CNY-3.24,CNY
RFUD,2022-12-16,CRH4,10.2,10.104,10.3,10.104,3174540.0,91638.0,9.0,314,10.11,0.0,10.182,0.81,2.0,8,CNY-3.24,CNY
RFUD,2022-12-19,CRH4,10.35,10.1,10.45,10.25,3456900.0,133550.0,13.0,334,10.35,0.0,10.273,1.44,1.0,10,CNY-3.24,CNY
RFUD,2022-12-20,CRH4,10.259,10.241,10.646,10.646,3659400.0,51642.0,5.0,342,10.7,0.0,10.328,3.86,1.0,5,CNY-3.24,CNY
RFUD,2022-12-21,CRH4,10.7,10.7,10.7,10.7,3659400.0,10700.0,1.0,342,10.7,0.0,10.7,0.51,1.0,1,CNY-3.24,CNY
RFUD,2022-12-22,CRH4,11.148,10.66,11.148,10.66,3880362.0,270716.0,25.0,358,10.839,0.0,10.829,-0.37,1.0,22,CNY-3.24,CNY
RFUD,2022-12-23,CRH4,10.611,10.5,10.611,10.505,3830600.0,52616.0,5.0,358,10.7,0.0,10.523,-1.45,1.0,3,CNY-3.24,CNY
RFUD,2022-12-26,CRH4,10.7,10.4,10.7,10.4,3744000.0,62954.0,6.0,360,10.4,0.0,10.492,-1.0,1.0,6,CNY-3.24,CNY
RFUD,2022-12-27,CRH4,10.599,10.599,10.7,10.7,3801600.0,63696.0,6.0,352,10.8,0.0,10.616,2.89,1.0,5,CNY-3.24,CNY
RFUD,2022-12-28,CRH4,10.8,10.8,10.9,10.9,3872000.0,32600.0,3.0,352,11.0,0.0,10.867,1.87,1.0,3,CNY-3.24,CNY
RFUD,2022-12-29,CRH4,,,,,3863904.0,,,352,10.977,0.0,,,,0,CNY-3.24,CNY
RFUD,2022-12-30,CRH4,,,,,3821664.0,,,352,10.857,0.0,,,,0,CNY-3.24,CNY
RFUD,2023-01-03,CRH4,,,,,3833632.0,,,352,10.891,0.0,,,,0,CNY-3.24,CNY
RFUD,2023-01-04,CRH4,10.891,10.891,10.994,10.994,3913864.0,21885.0,2.0,356,10.994,0.0,10.943,,1.0,2,CNY-3.24,CNY
RFUD,2023-01-05,CRH4,11.0,10.701,11.0,10.701,4445262.0,247021.0,23.0,398,11.169,0.0,10.74,-2.67,1.0,23,CNY-3.24,CNY
RFUD,2023-01-06,CRH4,11.0,11.0,11.177,11.177,4403738.0,22177.0,2.0,394,11.177,0.0,11.089,4.45,1.0,2,CNY-3.24,CNY
RFUD,2023-01-09,CRH4,11.177,10.8,11.2,10.8,4395464.0,66196.0,6.0,394,11.156,0.0,11.033,-3.37,1.0,6,CNY-3.24,CNY
RFUD,2023-01-10,CRH4,,,,,4391130.0,,,394,11.145,0.0,,,,0,CNY-3.24,CNY
RFUD,2023-01-11,CRH4,,,,,4386402.0,,,394,11.133,0.0,,,,0,CNY-3.24,CNY
RFUD,2023-01-12,CRH4,10.8,10.8,10.917,10.8,3477600.0,1144997.0,106.0,322,10.8,0.0,10.802,,1.0,15,CNY-3.24,CNY
RFUD,2023-01-13,CRH4,11.0,11.0,11.0,11.0,3596400.0,22000.0,2.0,324,11.1,0.0,11.0,1.85,1.0,2,CNY-3.24,CNY
RFUD,2023-01-16,CRH4,11.1,11.0,11.1,11.0,3630662.0,55300.0,5.0,326,11.137,0.0,11.06,0.0,1.0,5,CNY-3.24,CNY
RFUD,2023-01-17,CRH4,10.999,10.999,10.999,10.999,3668600.0,32997.0,3.0,332,11.05,0.0,10.999,-0.01,1.0,3,CNY-3.24,CNY
RFUD,2023-01-18,CRH4,11.05,10.866,11.05,11.04,3709440.0,77116.0,7.0,336,11.04,0.0,11.017,0.37,5.0,3,CNY-3.24,CNY
RFUD,2023-01-19,CRH4,11.035,10.827,11.035,10.827,3891168.0,98230.0,9.0,354,10.992,0.0,10.914,-1.93,1.0,7,CNY-3.24,CNY
RFUD,2023-01-20,CRH4,,,,,3876300.0,,,354,10.95,0.0,,,,0,CNY-3.24,CNY
RFUD,2023-01-23,CRH4,,,,,3889044.0,,,354,10.986,0.0,,,,0,CNY-3.24,CNY
RFUD,2023-01-24,CRH4,10.985,10.985,10.985,10.985,3888690.0,10985.0,1.0,354,10.985,0.0,10.985,,1.0,1,CNY-3.24,CNY
RFUD,2023-01-25,CRH4,10.881,10.881,10.881,10.881,3851874.0,10881.0,1.0,354,10.881,0.0,10.881,-0.95,1.0,1,CNY-3.24,CNY
RFUD,2023-01-26,CRH4,,,,,3906036.0,,,354,11.034,0.0,,,,0,CNY-3.24,CNY
RFUD,2023-01-27,CRH4,,,,,3893646.0,,,354,10.999,0.0,,,,0,CNY-3.24,CNY
RFUD,2023-01-30,CRH4,11.088,10.808,11.139,11.139,4076874.0,253309.0,23.0,366,11.139,0.0,11.013,,1.0,14,CNY-3.24,CNY
RFUD,2023-01-31,CRH4,11.139,10.97,11.139,10.97,4146660.0,77667.0,7.0,378,10.97,0.0,11.095,-1.52,1.0,7,CNY-3.24,CNY
RFUD,2023-02-01,CRH4,11.073,11.073,11.2,11.2,4304286.0,100585.0,9.0,386,11.151,0.0,11.176,2.1,1.0,9,CNY-3.24,CNY
RFUD,2023-02-02,CRH4,11.021,11.0,11.438,11.062,5147376.0,687540.0,61.0,452,11.388,0.0,11.271,-1.23,1.0,42,CNY-3.24,CNY
RFUD,2023-02-03,CRH4,11.21,11.032,11.21,11.177,5124860.0,133645.0,12.0,460,11.141,0.0,11.137,1.04,1.0,6,CNY-3.24,CNY
RFUD,2023-02-06,CRH4,11.055,11.025,11.055,11.025,4990532.0,55224.0,5.0,452,11.041,0.0,11.045,-1.36,1.0,3,CNY-3.24,CNY
RFUD,2023-02-07,CRH4,,,,,5040252.0,,,452,11.151,0.0,,,,0,CNY-3.24,CNY
RFUD,2023-02-08,CRH4,11.211,11.127,11.301,11.127,5212498.0,168696.0,15.0,458,11.381,0.0,11.246,,1.0,9,CNY-3.24,CNY
RFUD,2023-02-09,CRH4,11.41,11.211,11.49,11.351,5289566.0,227969.0,20.0,466,11.351,0.0,11.398,2.01,1.0,13,CNY-3.24,CNY
RFUD,2023-02-10,CRH4,11.495,11.32,11.495,11.33,5352480.0,136513.0,12.0,472,11.34,0.0,11.376,-0.18,1.0,9,CNY-3.24,CNY
RFUD,2023-02-13,CRH4,11.381,11.34,11.498,11.41,5473048.0,183204.0,16.0,476,11.498,0.0,11.45,0.71,1.0,16,CNY-3.24,CNY
RFUD,2023-02-14,CRH4,11.446,11.446,11.55,11.5,5796000.0,184646.0,16.0,504,11.5,0.0,11.54,0.79,1.0,6,CNY-3.24,CNY
RFUD,2023-02-15,CRH4,11.433,11.433,11.65,11.54,5770000.0,81124.0,7.0,500,11.54,0.0,11.589,0.35,1.0,6,CNY-3.24,CNY
RFUD,2023-02-16,CRH4,11.69,11.56,11.7,11.56,5826240.0,81350.0,7.0,504,11.56,0.0,11.621,0.17,1.0,7,CNY-3.24,CNY
RFUD,2023-02-17,CRH4,11.7,11.56,11.7,11.56,6196002.0,244154.0,21.0,534,11.603,0.0,11.626,0.0,1.0,9,CNY-3.24,CNY
RFUD,2023-02-20,CRH4,11.555,11.52,11.555,11.555,6542400.0,184845.0,16.0,564,11.6,0.0,11.553,-0.04,10.0,3,CNY-3.24,CNY
RFUD,2023-02-21,CRH4,11.69,11.566,11.739,11.59,6844320.0,233338.0,20.0,588,11.64,0.0,11.667,0.3,1.0,19,CNY-3.24,CNY
RFUD,2023-02-22,CRH4,11.575,11.51,11.695,11.58,7115032.0,197371.0,17.0,614,11.588,0.0,11.61,-0.09,1.0,16,CNY-3.24,CNY
RFUD,2023-02-24,CRH4,11.62,11.524,11.695,11.585,7278520.0,116498.0,10.0,628,11.59,0.0,11.65,0.04,1.0,8,CNY-3.24,CNY
RFUD,2023-02-27,CRH4,11.585,11.545,11.585,11.545,7273350.0,34690.0,3.0,630,11.545,0.0,11.563,-0.34,1.0,3,CNY-3.24,CNY
RFUD,2023-02-28,CRH4,11.45,11.45,11.45,11.45,7297340.0,22900.0,2.0,634,11.51,0.0,11.45,-0.82,1.0,2,CNY-3.24,CNY
RFUD,2023-03-01,CRH4,11.51,11.51,11.7,11.699,7487360.0,278882.0,24.0,640,11.699,0.0,11.62,2.17,1.0,14,CNY-3.24,CNY
RFUD,2023-03-02,CRH4,11.73,11.553,11.73,11.553,7407180.0,104214.0,9.0,638,11.61,0.0,11.579,-1.25,5.0,5,CNY-3.24,CNY
RFUD,2023-03-03,CRH4,11.66,11.607,11.66,11.612,7454904.0,34879.0,3.0,642,11.612,0.0,11.626,0.51,1.0,3,CNY-3.24,CNY
RFUD,2023-03-06,CRH4,11.72,11.607,11.74,11.607,7544550.0,127942.0,11.0,650,11.607,0.0,11.631,-0.04,1.0,11,CNY-3.24,CNY
RFUD,2023-03-07,CRH4,,,,,7551050.0,,,650,11.617,0.0,,,,0,CNY-3.24,CNY
RFUD,2023-03-09,CRH4,11.606,11.606,11.606,11.606,7567112.0,11606.0,1.0,652,11.606,0.0,11.606,,1.0,1,CNY-3.24,CNY
RFUD,2023-03-10,CRH4,11.65,11.65,11.789,11.69,8128512.0,327951.0,28.0,648,12.544,0.0,11.713,0.72,12.0,16,CNY-3.24,CNY
RFUD,2023-03-13,CRH4,11.79,11.655,11.79,11.655,7482510.0,128684.0,11.0,642,11.655,0.0,11.699,-0.3,1.0,4,CNY-3.24,CNY
RFUD,2023-03-14,CRH4,,,,,7531302.0,,,642,11.731,0.0,,,,0,CNY-3.24,CNY
RFUD,2023-03-15,CRH4,,,,,7532586.0,,,642,11.733,0.0,,,,0,CNY-3.24,CNY
RFUD,2023-03-16,CRH4,11.778,11.7,11.778,11.74,8476280.0,810044.0,69.0,722,11.74,0.0,11.74,,12.0,21,CNY-3.24,CNY
RFUD,2023-03-17,CRH4,11.712,11.633,11.889,11.82,8415840.0,458602.0,39.0,712,11.82,0.0,11.759,0.68,1.0,26,CNY-3.24,CNY
RFUD,2023-03-20,CRH4,11.887,11.887,12.36,11.941,11439478.0,2669569.0,219.0,958,11.941,0.0,12.19,1.02,1.0,35,CNY-3.24,CNY
RFUD,2023-03-21,CRH4,12.015,11.901,12.5,11.95,16299800.0,3208725.0,267.0,1364,11.95,0.0,12.018,0.07,11.0,44,CNY-3.24,CNY
RFUD,2023-03-22,CRH4,12.009,11.888,12.009,11.93,16415680.0,250038.0,21.0,1376,11.93,0.0,11.907,-0.17,1.0,9,CNY-3.24,CNY
RFUD,2023-03-23,CRH4,11.901,11.82,11.901,11.82,15520960.0,522993.0,44.0,1312,11.83,0.0,11.886,-0.92,1.0,6,CNY-3.24,CNY
RFUD,2023-03-24,CRH4,11.82,11.82,11.89,11.89,15694800.0,47490.0,4.0,1320,11.89,0.0,11.873,0.59,1.0,3,CNY-3.24,CNY
RFUD,2023-03-27,CRH4,11.855,11.855,11.87,11.855,15672310.0,248970.0,21.0,1322,11.855,0.0,11.856,-0.29,10.0,3,CNY-3.24,CNY
RFUD,2023-03-28,CRH4,11.847,11.811,11.983,11.972,18412936.0,1546412.0,130.0,1538,11.972,0.0,11.895,0.99,1.0,24,CNY-3.24,CNY
RFUD,2023-03-29,CRH4,11.99,11.9,11.99,11.9,19397000.0,618999.0,52.0,1630,11.9,0.0,11.904,-0.6,5.0,9,CNY-3.24,CNY
RFUD,2023-03-30,CRH4,11.9,11.9,11.975,11.975,19639000.0,1303928.0,109.0,1640,11.975,0.0,11.963,0.63,20.0,12,CNY-3.24,CNY
RFUD,2023-03-31,CRH4,11.979,11.832,12.174,11.9,19516000.0,275482.0,23.0,1640,11.9,0.0,11.977,-0.63,1.0,19,CNY-3.24,CNY
RFUD,2023-04-03,CRH4,11.98,11.91,12.186,11.962,19874446.0,299768.0,25.0,1658,11.987,0.0,11.991,0.52,10.0,16,CNY-3.24,CNY
RFUD,2023-04-04,CRH4,12.053,11.962,12.195,12.195,19950600.0,408855.0,34.0,1640,12.165,0.0,12.025,1.95,1.0,23,CNY-3.24,CNY
RFUD,2023-04-05,CRH4,12.165,12.14,12.395,12.225,20440200.0,317978.0,26.0,1672,12.225,0.0,12.23,0.25,1.0,13,CNY-3.24,CNY
RFUD,2023-04-06,CRH4,12.365,12.3,12.4,12.4,20931200.0,260080.0,21.0,1688,12.4,0.0,12.385,1.43,1.0,13,CNY-3.24,CNY
RFUD,2023-04-07,CRH4,12.48,12.333,12.767,12.333,20992644.0,1170326.0,93.0,1692,12.407,0.0,12.584,-0.54,1.0,41,CNY-3.24,CNY
RFUD,2023-04-10,CRH4,12.381,12.381,12.46,12.45,21090300.0,37291.0,3.0,1694,12.45,0.0,12.43,0.95,1.0,3,CNY-3.24,CNY
RFUD,2023-04-11,CRH4,12.479,12.476,12.48,12.476,21159296.0,37435.0,3.0,1696,12.476,0.0,12.478,0.21,1.0,3,CNY-3.24,CNY
RFUD,2023-04-12,CRH4,12.402,12.165,12.402,12.4,17755368.0,3862337.0,315.0,1432,12.399,0.0,12.261,-0.61,40.0,14,CNY-3.24,CNY
RFUD,2023-04-13,CRH4,12.319,12.222,12.324,12.225,17261700.0,244945.0,20.0,1412,12.225,0.0,12.247,-1.41,1.0,13,CNY-3.24,CNY
RFUD,2023-04-14,CRH4,12.259,12.246,12.3,12.285,17297280.0,159384.0,13.0,1408,12.285,0.0,12.26,0.49,1.0,13,CNY-3.24,CNY
RFUD,2023-04-17,CRH4,12.261,12.2,12.28,12.2,17059120.0,183322.0,15.0,1396,12.22,0.0,12.221,-0.69,7.0,7,CNY-3.24,CNY
RFUD,2023-04-18,CRH4,12.24,12.24,12.24,12.24,17087040.0,12240.0,1.0,1396,12.24,0.0,12.24,0.33,1.0,1,CNY-3.24,CNY
RFUD,2023-04-19,CRH4,12.245,12.19,12.247,12.24,17552160.0,597625.0,49.0,1434,12.24,0.0,12.196,0.0,1.0,11,CNY-3.24,CNY
RFUD,2023-04-20,CRH4,12.248,12.248,12.259,12.259,17481334.0,110279.0,9.0,1426,12.259,0.0,12.253,0.15,1.0,9,CNY-3.24,CNY
RFUD,2023-04-21,CRH4,,,,,17402904.0,,,1426,12.204,0.0,,,,0,CNY-3.24,CNY
RFUD,2023-04-24,CRH4,12.18,12.179,12.22,12.22,17398432.0,85419.0,7.0,1424,12.218,0.0,12.203,,1.0,7,CNY-3.24,CNY
RFUD,2023-04-25,CRH4,12.147,12.147,12.147,12.147,17413120.0,60735.0,5.0,1432,12.16,0.0,12.147,-0.6,4.0,2,CNY-3.24,CNY
RFUD,2023-04-26,CRH4,12.195,12.195,12.399,12.399,17604000.0,61247.0,5.0,1440,12.225,0.0,12.249,2.08,1.0,5,CNY-3.24,CNY
RFUD,2023-04-27,CRH4,12.23,12.091,12.23,12.091,17509216.0,170325.0,14.0,1448,12.092,0.0,12.166,-2.48,1.0,10,CNY-3.24,CNY
RFUD,2023-04-28,CRH4,12.169,11.937,12.169,12.14,17830592.0,503717.0,42.0,1478,12.064,0.0,11.993,0.4,1.0,25,CNY-3.24,CNY
RFUD,2023-05-02,CRH4,12.17,11.961,12.335,11.987,18651772.0,979861.0,81.0,1556,11.987,0.0,12.097,-1.26,1.0,41,CNY-3.24,CNY
RFUD,2023-05-03,CRH4,12.01,11.961,12.01,11.961,18683082.0,119813.0,10.0,1562,11.961,0.0,11.981,-0.22,3.0,8,CNY-3.24,CNY
RFUD,2023-05-04,CRH4,11.869,11.728,12.0,11.728,18747736.0,344143.0,29.0,1598,11.732,0.0,11.867,-1.95,1.0,20,CNY-3.24,CNY
RFUD,2023-05-05,CRH4,11.73,11.614,12.321,11.761,19358606.0,1034275.0,86.0,1646,11.761,0.0,12.026,0.28,1.0,33,CNY-3.24,CNY
RFUD,2023-05-08,CRH4,11.607,11.607,11.804,11.75,19411792.0,46964.0,4.0,1648,11.779,0.0,11.741,-0.09,1.0,4,CNY-3.24,CNY
RFUD,2023-05-10,CRH4,11.879,11.569,11.879,11.597,19482960.0,443764.0,38.0,1680,11.597,0.0,11.678,-1.3,2.0,20,CNY-3.24,CNY
RFUD,2023-05-11,CRH4,11.56,11.38,11.576,11.411,20222064.0,813396.0,71.0,1772,11.412,0.0,11.456,-1.6,7.0,31,CNY-3.24,CNY
RFUD,2023-05-12,CRH4,11.578,11.533,11.629,11.629,20735352.0,104218.0,9.0,1782,11.636,0.0,11.58,1.91,1.0,9,CNY-3.24,CNY
RFUD,2023-05-15,CRH4,11.807,11.807,11.85,11.819,21061458.0,47294.0,4.0,1782,11.819,0.0,11.824,1.63,1.0,4,CNY-3.24,CNY
RFUD,2023-05-16,CRH4,11.839,11.839,11.947,11.893,21193326.0,154727.0,13.0,1782,11.893,0.0,11.902,0.63,1.0,12,CNY-3.24,CNY
RFUD,2023-05-17,CRH4,11.909,11.831,11.991,11.9,21253400.0,95430.0,8.0,1786,11.9,0.0,11.929,0.06,1.0,8,CNY-3.24,CNY
RFUD,2023-05-18,CRH4,11.827,11.826,11.899,11.899,21081060.0,47403.0,4.0,1782,11.83,0.0,11.851,-0.01,1.0,4,CNY-3.24,CNY
RFUD,2023-05-19,CRH4,,,,,21038292.0,,,1782,11.806,0.0,,,,0,CNY-3.24,CNY
RFUD,2023-05-22,CRH4,11.894,11.894,11.894,11.894,21195108.0,11894.0,1.0,1782,11.894,0.0,11.894,,1.0,1,CNY-3.24,CNY
RFUD,2023-05-23,CRH4,11.811,11.8,11.842,11.8,21074800.0,59053.0,5.0,1786,11.8,0.0,11.811,-0.79,1.0,5,CNY-3.24,CNY
RFUD,2023-05-24,CRH4,11.8,11.8,11.846,11.846,21299108.0,94491.0,8.0,1798,11.846,0.0,11.811,0.39,1.0,4,CNY-3.24,CNY
RFUD,2023-05-25,CRH4,11.801,11.772,11.801,11.772,21401496.0,141573.0,12.0,1818,11.772,0.0,11.798,-0.62,1.0,4,CNY-3.24,CNY
RFUD,2023-05-26,CRH4,11.735,11.735,11.735,11.735,21357700.0,11735.0,1.0,1820,11.735,0.0,11.735,-0.31,1.0,1,CNY-3.24,CNY
RFUD,2023-05-29,CRH4,11.735,11.735,11.997,11.884,21985400.0,307551.0,26.0,1850,11.884,0.0,11.829,1.27,1.0,24,CNY-3.24,CNY
RFUD,2023-05-30,CRH4,11.828,11.787,11.898,11.787,21906864.0,47340.0,4.0,1854,11.816,0.0,11.835,-0.82,1.0,4,CNY-3.24,CNY
RFUD,2023-05-31,CRH4,11.852,11.758,11.888,11.888,22221210.0,343341.0,29.0,1870,11.883,0.0,11.839,0.86,1.0,11,CNY-3.24,CNY
RFUD,2023-06-01,CRH4,11.859,11.75,11.859,11.76,21873600.0,164820.0,14.0,1860,11.76,0.0,11.773,-1.08,2.0,10,CNY-3.24,CNY
RFUD,2023-06-02,CRH4,11.76,11.76,11.95,11.9,22324400.0,190417.0,16.0,1876,11.9,0.0,11.901,1.19,1.0,14,CNY-3.24,CNY
RFUD,2023-06-05,CRH4,11.885,11.85,11.885,11.851,22222374.0,118576.0,10.0,1878,11.833,0.0,11.858,-0.41,2.0,8,CNY-3.24,CNY
RFUD,2023-06-06,CRH4,11.727,11.688,11.814,11.814,21952270.0,187849.0,16.0,1858,11.815,0.0,11.741,-0.31,1.0,11,CNY-3.24,CNY
RFUD,2023-06-07,CRH4,11.891,11.891,11.944,11.944,22191952.0,23835.0,2.0,1858,11.944,0.0,11.918,1.1,1.0,2,CNY-3.24,CNY
RFUD,2023-06-08,CRH4,11.949,11.91,11.97,11.97,22336020.0,95450.0,8.0,1866,11.97,0.0,11.931,0.22,1.0,8,CNY-3.24,CNY
RFUD,2023-06-09,CRH4,12.028,11.9,12.05,11.9,22242276.0,203760.0,17.0,1868,11.907,0.0,11.986,-0.58,1.0,16,CNY-3.24,CNY
RFUD,2023-06-13,CRH4,11.965,11.902,12.196,12.085,23058180.0,1014203.0,84.0,1908,12.085,0.0,12.074,1.55,3.0,32,CNY-3.24,CNY
RFUD,2023-06-14,CRH4,12.192,12.09,12.237,12.157,23511638.0,485974.0,40.0,1934,12.157,0.0,12.149,0.6,1.0,27,CNY-3.24,CNY
RFUD,2023-06-15,CRH4,12.113,12.07,12.222,12.09,23524344.0,278613.0,23.0,1944,12.101,0.0,12.114,-0.55,3.0,18,CNY-3.24,CNY
RFUD,2023-06-16,CRH4,12.178,12.136,12.179,12.17,23828860.0,461989.0,38.0,1958,12.17,0.0,12.158,0.66,1.0,17,CNY-3.24,CNY
RFUD,2023-06-19,CRH4,12.145,12.09,12.177,12.15,24470100.0,922294.0,76.0,2014,12.15,0.0,12.135,-0.16,3.0,35,CNY-3.24,CNY
RFUD,2023-06-20,CRH4,12.142,12.034,12.182,12.175,23935268.0,655408.0,54.0,1964,12.187,0.0,12.137,0.21,1.0,30,CNY-3.24,CNY
RFUD,2023-06-21,CRH4,12.233,12.044,12.233,12.044,24039824.0,399147.0,33.0,1996,12.044,0.0,12.095,-1.08,3.0,16,CNY-3.24,CNY
RFUD,2023-06-22,CRH4,12.023,12.008,12.04,12.04,24031840.0,144307.0,12.0,1996,12.04,0.0,12.026,-0.03,3.0,6,CNY-3.24,CNY
RFUD,2023-06-23,CRH4,12.014,12.013,12.178,12.074,24317036.0,1124932.0,93.0,2014,12.074,0.0,12.096,0.28,1.0,29,CNY-3.24,CNY
RFUD,2023-06-26,CRH4,12.068,11.384,12.29,12.071,23924722.0,3085149.0,258.0,1982,12.071,0.0,11.958,-0.03,1.0,97,CNY-3.24,CNY
RFUD,2023-06-27,CRH4,12.082,12.082,12.135,12.135,23978760.0,690456.0,57.0,1976,12.135,0.0,12.113,0.53,3.0,32,CNY-3.24,CNY
RFUD,2023-06-28,CRH4,12.108,12.108,12.19,12.19,25512630.0,873363.0,72.0,2090,12.207,0.0,12.13,0.45,1.0,14,CNY-3.24,CNY
RFUD,2023-06-29,CRH4,12.212,12.21,12.35,12.35,25090800.0,798743.0,65.0,2030,12.36,0.0,12.288,1.31,1.0,22,CNY-3.24,CNY
RFUD,2023-06-30,CRH4,12.4,12.39,12.629,12.629,25994760.0,1807322.0,145.0,2068,12.57,0.0,12.464,2.26,1.0,51,CNY-3.24,CNY
RFUD,2023-07-03,CRH4,12.628,12.48,12.86,12.48,27156480.0,2595209.0,206.0,2176,12.48,0.0,12.598,-1.18,1.0,83,CNY-3.24,CNY
RFUD,2023-07-04,CRH4,12.444,12.424,12.78,12.453,27236876.0,1524564.0,121.0,2162,12.598,0.0,12.6,-0.22,13.0,84,CNY-3.24,CNY
RFUD,2023-07-05,CRH4,12.647,12.6,12.8,12.8,26624000.0,2650329.0,209.0,2080,12.8,0.0,12.681,2.79,2.0,61,CNY-3.24,CNY
RFUD,2023-07-06,CRH4,12.84,12.751,13.1,12.756,28762544.0,4500199.0,349.0,2252,12.772,0.0,12.895,-0.34,2.0,154,CNY-3.24,CNY
RFUD,2023-07-07,CRH4,12.885,12.8,12.976,12.859,29627136.0,1360775.0,106.0,2304,12.859,0.0,12.838,0.81,1.0,31,CNY-3.24,CNY
RFUD,2023-07-10,CRH4,12.869,12.711,12.997,12.714,30171232.0,1932594.0,151.0,2366,12.752,0.0,12.799,-1.13,1.0,68,CNY-3.24,CNY
RFUD,2023-07-11,CRH4,12.775,12.7,12.95,12.73,30099870.0,395036.0,31.0,2358,12.765,0.0,12.743,0.13,2.0,27,CNY-3.24,CNY
RFUD,2023-07-12,CRH4,12.789,12.753,12.927,12.927,31619442.0,668713.0,52.0,2446,12.927,0.0,12.86,1.55,3.0,29,CNY-3.24,CNY
RFUD,2023-07-13,CRH4,12.95,12.751,12.987,12.879,31502034.0,477143.0,37.0,2446,12.879,0.0,12.896,-0.37,1.0,33,CNY-3.24,CNY
RFUD,2023-07-14,CRH4,12.94,12.9,12.94,12.939,31778184.0,129092.0,10.0,2456,12.939,0.0,12.909,0.47,1.0,7,CNY-3.24,CNY
RFUD,2023-07-17,CRH4,12.95,12.604,12.95,12.944,33499072.0,1456306.0,114.0,2588,12.944,0.0,12.775,0.04,1.0,50,CNY-3.24,CNY
RFUD,2023-07-18,CRH4,12.953,12.907,12.953,12.91,33514360.0,142117.0,11.0,2596,12.91,0.0,12.92,-0.26,1.0,10,CNY-3.24,CNY
RFUD,2023-07-19,CRH4,12.906,12.906,12.91,12.91,33540180.0,25816.0,2.0,2598,12.91,0.0,12.908,0.0,1.0,2,CNY-3.24,CNY
RFUD,2023-07-20,CRH4,12.926,12.718,13.06,12.847,33582058.0,593552.0,46.0,2614,12.847,0.0,12.903,-0.49,1.0,39,CNY-3.24,CNY
RFUD,2023-07-21,CRH4,12.816,12.813,12.95,12.95,34136200.0,423935.0,33.0,2636,12.95,0.0,12.847,0.8,1.0,17,CNY-3.24,CNY
RFUD,2023-07-24,CRH4,12.973,12.807,12.973,12.845,33859420.0,193539.0,15.0,2636,12.845,0.0,12.903,-0.81,1.0,12,CNY-3.24,CNY
RFUD,2023-07-25,CRH4,12.88,12.8,12.952,12.952,34970400.0,865072.0,67.0,2700,12.952,0.0,12.912,0.83,1.0,22,CNY-3.24,CNY
RFUD,2023-07-26,CRH4,12.9,12.89,12.9,12.89,34828780.0,38688.0,3.0,2702,12.89,0.0,12.896,-0.48,1.0,3,CNY-3.24,CNY
RFUD,2023-07-27,CRH4,12.9,12.872,12.98,12.94,35067400.0,116166.0,9.0,2710,12.94,0.0,12.907,0.39,1.0,9,CNY-3.24,CNY
RFUD,2023-07-28,CRH4,12.95,12.95,13.149,13.149,35923680.0,771775.0,59.0,2736,13.13,0.0,13.081,1.62,1.0,22,CNY-3.24,CNY
RFUD,2023-07-31,CRH4,13.14,13.092,13.24,13.139,36526420.0,1408703.0,107.0,2780,13.139,0.0,13.165,-0.08,1.0,45,CNY-3.24,CNY
RFUD,2023-08-01,CRH4,13.151,13.072,13.167,13.167,36894354.0,733350.0,56.0,2814,13.111,0.0,13.096,0.21,1.0,29,CNY-3.24,CNY
RFUD,2023-08-02,CRH4,13.13,13.108,13.376,13.338,38253384.0,875527.0,66.0,2868,13.338,0.0,13.266,1.3,1.0,49,CNY-3.24,CNY
RFUD,2023-08-03,CRH4,13.4,13.024,13.5,13.415,38998520.0,2684497.0,202.0,2906,13.42,0.0,13.29,0.58,6.0,104,CNY-3.24,CNY
RFUD,2023-08-04,CRH4,13.427,13.401,13.748,13.743,40689000.0,1126642.0,83.0,2970,13.7,0.0,13.574,2.44,2.0,50,CNY-3.24,CNY
RFUD,2023-08-07,CRH4,13.592,13.536,13.779,13.54,41269920.0,1963882.0,144.0,3048,13.54,0.0,13.638,-1.48,8.0,57,CNY-3.24,CNY
RFUD,2023-08-08,CRH4,13.56,13.56,13.749,13.631,42287808.0,545514.0,40.0,3084,13.712,0.0,13.638,0.67,1.0,28,CNY-3.24,CNY
RFUD,2023-08-09,CRH4,13.727,13.363,13.88,13.75,43615000.0,1238948.0,90.0,3172,13.75,0.0,13.766,0.87,1.0,54,CNY-3.24,CNY
RFUD,2023-08-10,CRH4,13.7,13.7,13.865,13.8,44215200.0,661691.0,48.0,3204,13.8,0.0,13.785,0.36,1.0,38,CNY-3.24,CNY
RFUD,2023-08-11,CRH4,13.8,13.762,14.0,13.983,45332886.0,1821711.0,131.0,3242,13.983,0.0,13.906,1.33,1.0,81,CNY-3.24,CNY
RFUD,2023-08-14,CRH4,14.049,13.531,14.272,13.75,46860000.0,10579112.0,757.0,3408,13.75,0.0,13.975,-1.67,5.0,174,CNY-3.24,CNY
RFUD,2023-08-15,CRH4,13.7,13.451,13.95,13.652,49314144.0,6094494.0,445.0,3608,13.668,0.0,13.695,-0.71,1.0,170,CNY-3.24,CNY
RFUD,2023-08-16,CRH4,13.611,13.349,13.713,13.426,49247730.0,5632301.0,416.0,3670,13.419,0.0,13.539,-1.65,1.0,127,CNY-3.24,CNY
RFUD,2023-08-17,CRH4,13.359,13.054,13.445,13.252,49509472.0,2528175.0,191.0,3736,13.252,0.0,13.237,-1.3,1.0,98,CNY-3.24,CNY
RFUD,2023-08-18,CRH4,13.241,13.081,13.35,13.307,49927864.0,1072414.0,81.0,3752,13.307,0.0,13.24,0.41,1.0,54,CNY-3.24,CNY
RFUD,2023-08-21,CRH4,13.29,13.25,13.592,13.318,52867320.0,3454275.0,258.0,3972,13.31,0.0,13.389,0.08,1.0,83,CNY-3.24,CNY
RFUD,2023-08-22,CRH4,13.404,13.349,13.55,13.396,54093048.0,1886915.0,141.0,4038,13.396,0.0,13.382,0.59,20.0,24,CNY-3.24,CNY
RFUD,2023-08-23,CRH4,13.42,13.33,13.484,13.484,55176528.0,1380709.0,103.0,4092,13.484,0.0,13.405,0.66,1.0,44,CNY-3.24,CNY
RFUD,2023-08-24,CRH4,13.483,13.439,13.549,13.439,55153656.0,1386250.0,103.0,4104,13.439,0.0,13.459,-0.33,12.0,32,CNY-3.24,CNY
RFUD,2023-08-25,CRH4,13.425,13.425,13.59,13.59,56956704.0,1582618.0,117.0,4192,13.587,0.0,13.527,1.12,1.0,29,CNY-3.24,CNY
RFUD,2023-08-28,CRH4,13.554,13.5,13.65,13.547,56937100.0,2146578.0,158.0,4202,13.55,0.0,13.586,-0.32,5.0,52,CNY-3.24,CNY
RFUD,2023-08-29,CRH4,13.585,13.534,13.619,13.548,59353380.0,1751206.0,129.0,4380,13.551,0.0,13.575,0.01,1.0,78,CNY-3.24,CNY
RFUD,2023-08-30,CRH4,13.551,13.551,13.699,13.619,61503404.0,1049115.0,77.0,4516,13.619,0.0,13.625,0.52,1.0,29,CNY-3.24,CNY
RFUD,2023-08-31,CRH4,13.626,13.598,13.748,13.608,64692432.0,3371799.0,247.0,4754,13.608,0.0,13.651,-0.08,4.0,57,CNY-3.24,CNY
RFUD,2023-09-01,CRH4,13.602,13.602,13.9,13.701,71108190.0,5023087.0,366.0,5190,13.701,0.0,13.724,0.68,49.0,189,CNY-3.24,CNY
RFUD,2023-09-04,CRH4,13.75,13.7,13.835,13.78,89542440.0,15040960.0,1092.0,6498,13.78,0.0,13.774,0.58,2.0,211,CNY-3.24,CNY
RFUD,2023-09-05,CRH4,13.828,13.602,13.957,13.91,96257200.0,7028871.0,508.0,6920,13.91,0.0,13.836,0.94,1.0,116,CNY-3.24,CNY
RFUD,2023-09-06,CRH4,13.903,13.841,13.97,13.97,98209100.0,2798154.0,201.0,7030,13.97,0.0,13.921,0.43,1.0,154,CNY-3.24,CNY
RFUD,2023-09-07,CRH4,13.949,13.772,13.98,13.96,112992240.0,13588483.0,977.0,8094,13.96,0.0,13.908,-0.07,20.0,243,CNY-3.24,CNY
RFUD,2023-09-08,CRH4,13.899,13.791,13.92,13.794,155342960.0,27692709.0,1997.0,11260,13.796,0.0,13.867,-1.19,1.0,154,CNY-3.24,CNY
RFUD,2023-09-11,CRH4,13.796,13.489,13.803,13.62,177292142.0,22172365.0,1618.0,13018,13.619,0.0,13.704,-1.26,27.0,325,CNY-3.24,CNY
RFUD,2023-09-12,CRH4,13.615,13.41,13.639,13.542,171956316.0,18491300.0,1364.0,12698,13.542,0.0,13.557,-0.57,1.0,282,CNY-3.24,CNY
RFUD,2023-09-13,CRH4,13.579,13.493,13.81,13.768,181324560.0,8068427.0,589.0,13170,13.768,0.0,13.699,1.67,2.0,133,CNY-3.24,CNY
RFUD,2023-09-14,CRH4,13.747,13.7,13.92,13.818,208817616.0,19283958.0,1401.0,15112,13.818,0.0,13.764,0.36,1.0,179,CNY-3.24,CNY
RFUD,2023-09-15,CRH4,13.919,13.71,13.944,13.835,236689180.0,31686119.0,2284.0,17108,13.835,0.0,13.873,0.12,1.0,559,CNY-3.24,CNY
RFUD,2023-09-18,CRH4,13.844,13.749,13.898,13.834,254776260.0,29801715.0,2156.0,18422,13.83,0.0,13.823,-0.01,1.0,490,CNY-3.24,CNY
RFUD,2023-09-19,CRH4,13.813,13.711,13.82,13.82,295582160.0,36403128.0,2640.0,21388,13.82,0.0,13.789,-0.1,1.0,420,CNY-3.24,CNY
RFUD,2023-09-20,CRH4,13.802,13.701,13.835,13.775,366883350.0,65002083.0,4722.0,26634,13.775,0.0,13.765,-0.33,5.0,708,CNY-3.24,CNY
RFUD,2023-09-21,CRH4,13.732,13.613,13.765,13.73,434550308.0,103916899.0,7588.0,31652,13.729,0.0,13.694,-0.33,4.0,1281,CNY-3.24,CNY
RFUD,2023-09-22,CRH4,13.706,13.667,13.758,13.728,573062740.0,134406117.0,9796.0,41738,13.73,0.0,13.72,-0.01,2.0,1868,CNY-3.24,CNY
RFUD,2023-09-25,CRH4,13.731,13.69,13.857,13.753,621857500.0,116446836.0,8474.0,45226,13.75,0.0,13.742,0.18,11.0,1756,CNY-3.24,CNY
RFUD,2023-09-26,CRH4,13.744,13.72,13.777,13.762,646621332.0,68067208.0,4950.0,46986,13.762,0.0,13.751,0.07,1.0,816,CNY-3.24,CNY
RFUD,2023-09-27,CRH4,13.765,13.756,13.819,13.819,742688336.0,121622426.0,8819.0,53744,13.819,0.0,13.791,0.41,1.0,1335,CNY-3.24,CNY
RFUD,2023-09-28,CRH4,13.824,13.794,13.915,13.895,768588792.0,143391220.0,10346.0,55326,13.892,0.0,13.861,0.55,1.0,2072,CNY-3.24,CNY
RFUD,2023-09-29,CRH4,13.899,13.861,14.059,14.059,1069745936.0,316720709.0,22627.0,76106,14.056,0.0,13.997,1.18,3.0,2724,CNY-3.24,CNY
RFUD,2023-10-02,CRH4,14.06,14.008,14.185,14.171,1211819376.0,282797678.0,20069.0,85508,14.172,0.0,14.092,0.8,1.0,2854,CNY-3.24,CNY
RFUD,2023-10-03,CRH4,14.185,14.075,14.195,14.176,1743090700.0,536834249.0,37985.0,122900,14.183,0.0,14.137,0.03,1.0,3563,CNY-3.24,CNY
RFUD,2023-10-04,CRH4,14.177,14.123,14.279,14.249,2293804020.0,513715254.0,36163.0,160980,14.249,0.0,14.202,0.52,1.0,4353,CNY-3.24,CNY
RFUD,2023-10-05,CRH4,14.245,14.214,14.354,14.354,2571276720.0,260339931.0,18236.0,179308,14.34,0.0,14.28,0.74,1.0,2875,CNY-3.24,CNY
RFUD,2023-10-06,CRH4,14.354,14.228,14.466,14.328,2775849408.0,369236280.0,25718.0,193736,14.328,0.0,14.359,-0.18,65.0,4963,CNY-3.24,CNY
RFUD,2023-10-09,CRH4,14.331,14.146,14.628,14.212,3064007436.0,608584712.0,42254.0,215502,14.218,0.0,14.402,-0.81,5.0,6846,CNY-3.24,CNY
RFUD,2023-10-10,CRH4,14.2,14.063,14.4,14.351,3063737586.0,402130259.0,28282.0,213486,14.351,0.0,14.217,0.98,2.0,5047,CNY-3.24,CNY
RFUD,2023-10-11,CRH4,14.313,14.218,14.4,14.3,3078704200.0,183547778.0,12834.0,215294,14.3,0.0,14.302,-0.36,1.0,2506,CNY-3.24,CNY
RFUD,2023-10-12,CRH4,14.306,13.786,14.31,13.891,3696728484.0,1074471419.0,77014.0,266124,13.891,0.0,13.905,-2.86,5.0,8390,CNY-3.24,CNY
RFUD,2023-10-13,CRH4,13.891,13.804,13.936,13.876,5667568944.0,1948338210.0,140457.0,408444,13.876,0.0,13.867,-0.11,1.0,7436,CNY-3.24,CNY
RFUD,2023-10-16,CRH4,13.879,13.8,13.904,13.849,5715703884.0,149031050.0,10752.0,412716,13.849,0.0,13.858,-0.19,1.0,1849,CNY-3.24,CNY
RFUD,2023-10-17,CRH4,13.856,13.802,13.913,13.889,7245662940.0,838121475.0,60493.0,521646,13.89,0.0,13.855,0.29,1.0,2710,CNY-3.24,CNY
RFUD,2023-10-18,CRH4,13.881,13.767,13.933,13.832,10097979336.0,1581612419.0,114397.0,729992,13.833,0.0,13.826,-0.41,1.0,3385,CNY-3.24,CNY
RFUD,2023-10-19,CRH4,13.826,13.715,13.846,13.763,13636875780.0,2136888317.0,155088.0,990980,13.761,0.0,13.778,-0.5,8.0,4494,CNY-3.24,CNY
RFUD,2023-10-20,CRH4,13.756,13.53,13.787,13.53,14970103036.0,1046413427.0,77023.0,1106356,13.531,0.0,13.586,-1.69,1.0,3141,CNY-3.24,CNY
RFUD,2023-10-23,CRH4,13.534,13.388,13.599,13.43,15214739560.0,656300662.0,48782.0,1132892,13.43,0.0,13.453,-0.74,4.0,5844,CNY-3.24,CNY
RFUD,2023-10-24,CRH4,13.434,13.261,13.449,13.277,16017251400.0,1086835037.0,81619.0,1206300,13.278,0.0,13.315,-1.14,3.0,6843,CNY-3.24,CNY
RFUD,2023-10-25,CRH4,13.276,13.214,13.302,13.252,16664443008.0,778913044.0,58796.0,1257504,13.252,0.0,13.247,-0.19,1.0,7270,CNY-3.24,CNY
RFUD,2023-10-26,CRH4,13.251,13.245,13.384,13.291,18998415104.0,1361252307.0,102419.0,1429312,13.292,0.0,13.291,0.29,32.0,2903,CNY-3.24,CNY
RFUD,2023-10-27,CRH4,13.316,13.161,13.41,13.371,18972087878.0,784956981.0,59251.0,1418686,13.373,0.0,13.25,0.6,6.0,5977,CNY-3.24,CNY
RFUD,2023-10-30,CRH4,13.366,13.186,13.384,13.21,18966344592.0,633828110.0,47765.0,1435974,13.208,0.0,13.27,-1.2,20.0,4523,CNY-3.24,CNY
RFUD,2023-10-31,CRH4,13.201,13.026,13.291,13.255,19497322000.0,1204000354.0,91632.0,1471496,13.25,0.0,13.141,0.34,5.0,12516,CNY-3.24,CNY
RFUD,2023-11-01,CRH4,13.251,13.143,13.318,13.183,19772930662.0,661645057.0,50064.0,1499426,13.187,0.0,13.216,-0.54,13.0,6001,CNY-3.24,CNY
RFUD,2023-11-02,CRH4,13.179,13.162,13.255,13.246,19840959190.0,239902566.0,18140.0,1497770,13.247,0.0,13.228,0.48,1.0,3368,CNY-3.24,CNY
RFUD,2023-11-03,CRH4,13.249,13.125,13.292,13.148,19649655216.0,676200016.0,51312.0,1494384,13.149,0.0,13.175,-0.74,5.0,6924,CNY-3.24,CNY
RFUD,2023-11-06,CRH4,13.137,13.125,13.194,13.175,19776230048.0,303470382.0,23047.0,1501384,13.172,0.0,13.168,0.21,1.0,3417,CNY-3.24,CNY
RFUD,2023-11-07,CRH4,13.177,13.133,13.209,13.186,19711292928.0,221829351.0,16852.0,1495092,13.184,0.0,13.161,0.08,1.0,5209,CNY-3.24,CNY
RFUD,2023-11-08,CRH4,13.183,13.101,13.217,13.121,19479781116.0,557518730.0,42432.0,1485532,13.113,0.0,13.137,-0.49,1.0,9999,CNY-3.24,CNY
RFUD,2023-11-09,CRH4,13.125,13.064,13.133,13.095,19451548710.0,5527303218.0,422525.0,1485418,13.095,0.0,13.093,-0.2,3.0,3037,CNY-3.24,CNY
RFUD,2023-11-10,CRH4,13.099,13.056,13.112,13.087,19454893184.0,294152195.0,22482.0,1486468,13.088,0.0,13.083,-0.06,1.0,5879,CNY-3.24,CNY
RFUD,2023-11-13,CRH4,13.099,13.003,13.155,13.008,19239616218.0,524764492.0,40170.0,1479174,13.007,0.0,13.063,-0.6,3.0,3948,CNY-3.24,CNY
RFUD,2023-11-14,CRH4,13.015,12.864,13.027,12.92,19359302160.0,665545796.0,51419.0,1498398,12.92,0.0,12.943,-0.68,34.0,4657,CNY-3.24,CNY
RFUD,2023-11-15,CRH4,12.921,12.699,12.929,12.76,18529221296.0,898893693.0,70291.0,1451792,12.763,0.0,12.79,-1.24,12.0,6729,CNY-3.24,CNY
RFUD,2023-11-16,CRH4,12.746,12.662,12.764,12.723,18174249056.0,973596001.0,76572.0,1428344,12.724,0.0,12.709,-0.29,1.0,6739,CNY-3.24,CNY
RFUD,2023-11-17,CRH4,12.717,12.713,12.942,12.904,18966093894.0,754153084.0,59042.0,1469898,12.903,0.0,12.774,1.42,1.0,6367,CNY-3.24,CNY
RFUD,2023-11-20,CRH4,12.911,12.695,12.923,12.754,19344489480.0,1727354494.0,135369.0,1515432,12.765,0.0,12.76,-1.16,1.0,12770,CNY-3.24,CNY
RFUD,2023-11-21,CRH4,12.761,12.695,12.778,12.735,19788941946.0,1190001688.0,93406.0,1553658,12.737,0.0,12.737,-0.15,1.0,14814,CNY-3.24,CNY
RFUD,2023-11-22,CRH4,12.731,12.716,12.782,12.76,21541495714.0,1425103371.0,111698.0,1688602,12.757,0.0,12.759,0.2,1.0,5976,CNY-3.24,CNY
RFUD,2023-11-23,CRH4,12.752,12.711,12.81,12.79,23809777610.0,1854597980.0,145056.0,1862030,12.787,0.0,12.785,0.24,1.0,7852,CNY-3.24,CNY
RFUD,2023-11-24,CRH4,12.786,12.746,12.9,12.815,26426953664.0,1949153221.0,151833.0,2062672,12.812,0.0,12.837,0.19,4.0,12261,CNY-3.24,CNY
RFUD,2023-11-27,CRH4,12.821,12.73,12.845,12.811,32420099776.0,3420754069.0,267123.0,2530448,12.812,0.0,12.786,-0.03,5.0,6700,CNY-3.24,CNY
RFUD,2023-11-28,CRH4,12.812,12.776,12.922,12.904,34755278580.0,1712456660.0,133367.0,2693790,12.902,0.0,12.841,0.73,1.0,9890,CNY-3.24,CNY
RFUD,2023-11-29,CRH4,12.917,12.792,12.923,12.813,36859034736.0,2443026308.0,190293.0,2875344,12.819,0.0,12.838,-0.7,1.0,9698,CNY-3.24,CNY
RFUD,2023-11-30,CRH4,12.817,12.779,12.911,12.896,40785766528.0,2673078648.0,208385.0,3162668,12.896,0.0,12.828,0.65,22.0,14614,CNY-3.24,CNY
RFUD,2023-12-01,CRH4,12.897,12.854,13.015,13.009,43368207372.0,2134590854.0,164722.0,3333708,13.009,0.0,12.959,0.88,6.0,8734,CNY-3.24,CNY
RFUD,2023-12-04,CRH4,13.012,12.987,13.139,13.119,45189516064.0,2866991621.0,219188.0,3444848,13.118,0.0,13.08,0.85,1.0,9272,CNY-3.24,CNY
RFUD,2023-12-05,CRH4,13.117,13.093,13.313,13.301,52067904000.0,5341223321.0,404927.0,3914880,13.3,0.0,13.218,1.39,10.0,11649,CNY-3.24,CNY
RFUD,2023-12-06,CRH4,13.273,13.176,13.406,13.296,54808343520.0,4378932246.0,328974.0,4124960,13.287,0.0,13.312,-0.04,1.0,16349,CNY-3.24,CNY
RFUD,2023-12-07,CRH4,13.324,13.207,13.355,13.22,56965588680.0,2932366725.0,220727.0,4312308,13.21,0.0,13.28,-0.57,1.0,10335,CNY-3.24,CNY
RFUD,2023-12-08,CRH4,13.208,13.026,13.225,13.154,65409264704.0,11533208555.0,878645.0,4972576,13.154,0.0,13.125,-0.5,64.0,28732,CNY-3.24,CNY
RFUD,2023-12-11,CRH4,13.145,12.932,13.174,12.991,72391294080.0,8856912027.0,680481.0,5571990,12.992,0.0,13.004,-1.24,1.0,22919,CNY-3.24,CNY
RFUD,2023-12-12,CRH4,12.979,12.855,12.979,12.885,78257880348.0,10404830994.0,806317.0,6076866,12.878,0.0,12.897,-0.82,1.0,15557,CNY-3.24,CNY
RFUD,2023-12-13,CRH4,12.878,12.801,12.885,12.845,80608427266.0,8125972725.0,633062.0,6277426,12.841,0.0,12.835,-0.31,1.0,17924,CNY-3.24,CNY
RFUD,2023-12-14,CRH4,12.849,12.829,13.009,12.961,87354208626.0,7540489711.0,584039.0,6740814,12.959,0.0,12.913,0.9,2.0,19635,CNY-3.24,CNY
RFUD,2023-12-15,CRH4,12.969,12.913,13.029,12.972,90652996668.0,5048268585.0,389244.0,6987282,12.974,0.0,12.969,0.08,3.0,22919,CNY-3.24,CNY
RFUD,2023-12-18,CRH4,12.977,12.894,13.025,12.923,101462404332.0,18114011307.0,1395577.0,7849482,12.926,0.0,12.979,-0.38,1.0,35554,CNY-3.24,CNY
RFUD,2023-12-19,CRH4,12.912,12.843,13.045,13.032,134859491736.0,30027660532.0,2319428.0,10343572,13.038,0.0,12.95,0.84,20.0,53659,CNY-3.24,CNY
RFUD,2023-12-20,CRH4,13.042,12.985,13.113,13.108,148094893256.0,21391128998.0,1638607.0,11303228,13.102,0.0,13.055,0.58,4.0,67627,CNY-3.24,CNY
RFUD,2023-12-21,CRH4,13.11,13.02,13.223,13.141,173685991402.0,59304829903.0,4512003.0,13219118,13.139,0.0,13.143,0.25,51.0,105809,CNY-3.24,CNY
RFUD,2023-12-22,CRH4,13.136,13.106,13.21,13.153,182417994436.0,39288854257.0,2986917.0,13871036,13.151,0.0,13.154,0.09,200.0,79002,CNY-3.24,CNY
RFUD,2023-12-25,CRH4,13.151,12.993,13.162,13.021,193196377980.0,38581417810.0,2946956.0,14844132,13.015,0.0,13.092,-1.0,1.0,87025,CNY-3.24,CNY
RFUD,2023-12-26,CRH4,13.025,12.971,13.084,13.002,210210126766.0,35524134243.0,2729381.0,16168766,13.001,0.0,13.015,-0.15,23.0,63204,CNY-3.24,CNY
RFUD,2023-12-27,CRH4,13.003,12.961,13.121,13.069,205508561272.0,36719533722.0,2806637.0,15724888,13.069,0.0,13.083,0.52,165.0,94423,CNY-3.24,CNY
RFUD,2023-12-28,CRH4,13.076,12.871,13.087,12.936,202587019978.0,56371167611.0,4351483.0,15652246,12.943,0.0,12.956,-1.02,26.0,109836,CNY-3.24,CNY
RFUD,2023-12-29,CRH4,12.935,12.778,12.988,12.915,198098385600.0,37175424725.0,2887645.0,15356464,12.9,0.0,12.874,-0.16,2.0,86346,CNY-3.24,CNY
RFUD,2024-01-03,CRH4,12.917,12.896,13.063,13.018,201110033700.0,16363973258.0,1258701.0,15459300,13.009,0.0,13.001,0.8,2.0,58053,CNY-3.24,CNY
RFUD,2024-01-04,CRH4,13.001,12.897,13.054,12.915,201589951200.0,19479865405.0,1501991.0,15627128,12.9,0.0,12.97,-0.79,73.0,63072,CNY-3.24,CNY
RFUD,2024-01-05,CRH4,12.906,12.86,12.959,12.89,205481980270.0,15009699609.0,1163861.0,15942430,12.889,0.0,12.897,-0.19,3.0,42047,CNY-3.24,CNY
RFUD,2024-01-08,CRH4,12.894,12.806,13.012,12.97,209486078208.0,27460864840.0,2127079.0,16152832,12.969,0.0,12.91,0.62,102.0,90422,CNY-3.24,CNY
RFUD,2024-01-09,CRH4,12.973,12.681,12.992,12.771,219713854640.0,54878847062.0,4280618.0,17197390,12.776,0.0,12.818,-1.53,1028.0,126711,CNY-3.24,CNY
RFUD,2024-01-10,CRH4,12.78,12.646,12.795,12.693,239116481694.0,39090606690.0,3079624.0,18847362,12.687,0.0,12.693,-0.61,7.0,69305,CNY-3.24,CNY
RFUD,2024-01-11,CRH4,12.682,12.563,12.707,12.571,254580737940.0,41726732351.0,3306971.0,20253042,12.57,0.0,12.618,-0.96,4.0,76025,CNY-3.24,CNY
RFUD,2024-01-12,CRH4,12.568,12.462,12.582,12.462,258946579840.0,37058805508.0,2966332.0,20775560,12.464,0.0,12.493,-0.87,2.0,63308,CNY-3.24,CNY
RFUD,2024-01-15,CRH4,12.462,12.335,12.473,12.367,265110417264.0,34039508438.0,2746313.0,21433456,12.369,0.0,12.395,-0.76,1.0,76537,CNY-3.24,CNY
RFUD,2024-01-16,CRH4,12.37,12.331,12.584,12.355,258314843006.0,50189360575.0,4050173.0,20911102,12.353,0.0,12.392,-0.1,20.0,95077,CNY-3.24,CNY
RFUD,2024-01-17,CRH4,12.37,12.35,12.506,12.47,257370584084.0,40064011678.0,3219065.0,20640836,12.469,0.0,12.446,0.93,1.0,91019,CNY-3.24,CNY
RFUD,2024-01-18,CRH4,12.477,12.456,12.549,12.508,257629441740.0,28758595770.0,2300264.0,20598820,12.507,0.0,12.502,0.3,2.0,65622,CNY-3.24,CNY
RFUD,2024-01-19,CRH4,12.51,12.444,12.536,12.448,257567640540.0,30105031486.0,2409089.0,20683180,12.453,0.0,12.496,-0.48,5.0,60288,CNY-3.24,CNY
RFUD,2024-01-22,CRH4,12.459,12.349,12.48,12.406,266204627984.0,29808826333.0,2404522.0,21466384,12.401,0.0,12.397,-0.34,5.0,66178,CNY-3.24,CNY
RFUD,2024-01-23,CRH4,12.405,12.386,12.509,12.505,266525670348.0,30513819062.0,2449436.0,21320348,12.501,0.0,12.457,0.8,1.0,80261,CNY-3.24,CNY
RFUD,2024-01-24,CRH4,12.506,12.452,12.567,12.567,272857413600.0,30972346886.0,2474037.0,21717400,12.564,0.0,12.519,0.5,18.0,74707,CNY-3.24,CNY
RFUD,2024-01-25,CRH4,12.557,12.492,12.627,12.57,285709639020.0,65947826834.0,5257452.0,22729486,12.57,0.0,12.544,0.02,20.0,120779,CNY-3.24,CNY
RFUD,2024-01-26,CRH4,12.57,12.547,12.68,12.675,295708652688.0,41053387730.0,3254050.0,23331912,12.674,0.0,12.616,0.83,6.0,79617,CNY-3.24,CNY
RFUD,2024-01-29,CRH4,12.671,12.483,12.707,12.492,339140639460.0,73760822548.0,5856766.0,27142108,12.495,0.0,12.594,-1.44,3.0,117860,CNY-3.24,CNY
RFUD,2024-01-30,CRH4,12.491,12.439,12.584,12.565,382967003136.0,72361804054.0,5773019.0,30488576,12.561,0.0,12.535,0.58,34.0,106196,CNY-3.24,CNY
RFUD,2024-01-31,CRH4,12.571,12.532,12.671,12.665,398432541100.0,59115136714.0,4692005.0,31459340,12.665,0.0,12.599,0.8,40.0,136705,CNY-3.24,CNY
RFUD,2024-02-01,CRH4,12.651,12.622,12.747,12.742,396083034480.0,40512422338.0,3188752.0,31087280,12.741,0.0,12.705,0.61,1.0,78755,CNY-3.24,CNY
RFUD,2024-02-02,CRH4,12.744,12.686,12.815,12.739,404805054588.0,47129561455.0,3695484.0,31779326,12.738,0.0,12.753,-0.02,100.0,83933,CNY-3.24,CNY
RFUD,2024-02-05,CRH4,12.744,12.602,12.822,12.666,408517944856.0,64197210642.0,5040918.0,32250568,12.667,0.0,12.735,-0.57,100.0,127059,CNY-3.24,CNY
RFUD,2024-02-06,CRH4,12.67,12.65,12.806,12.803,413154874964.0,34888054600.0,2738358.0,32272682,12.802,0.0,12.741,1.08,5.0,83959,CNY-3.24,CNY
RFUD,2024-02-07,CRH4,12.791,12.736,12.829,12.818,407314215936.0,52217407241.0,4081260.0,31781696,12.816,0.0,12.794,0.12,13.0,102148,CNY-3.24,CNY
RFUD,2024-02-08,CRH4,12.811,12.679,12.839,12.684,398450152556.0,41419657046.0,3245037.0,31418558,12.682,0.0,12.764,-1.04,1.0,81660,CNY-3.24,CNY
RFUD,2024-02-09,CRH4,12.689,12.624,12.73,12.68,402003253584.0,31880397192.0,2517358.0,31708728,12.678,0.0,12.664,-0.03,1.0,61261,CNY-3.24,CNY
RFUD,2024-02-12,CRH4,12.685,12.64,12.732,12.716,395764725010.0,35518506128.0,2798301.0,31125814,12.715,0.0,12.694,0.28,1.0,62625,CNY-3.24,CNY
RFUD,2024-02-13,CRH4,12.716,12.662,12.731,12.693,386242992000.0,41454120741.0,3263744.0,30436800,12.69,0.0,12.698,-0.18,18.0,68037,CNY-3.24,CNY
RFUD,2024-02-14,CRH4,12.683,12.67,12.748,12.734,382747231510.0,26931437068.0,2117623.0,30059470,12.733,0.0,12.72,0.32,22.0,59756,CNY-3.24,CNY
RFUD,2024-02-15,CRH4,12.73,12.708,12.875,12.861,383107146246.0,36279617612.0,2834373.0,29788286,12.861,0.0,12.802,1.0,1.0,65385,CNY-3.24,CNY
RFUD,2024-02-16,CRH4,12.864,12.772,12.932,12.779,391067559050.0,75228852086.0,5854029.0,30611942,12.775,0.0,12.851,-0.64,5.0,116542,CNY-3.24,CNY
RFUD,2024-02-19,CRH4,12.777,12.765,12.906,12.899,401895458698.0,53636277822.0,4169455.0,31157102,12.899,0.0,12.872,0.94,10.0,103686,CNY-3.24,CNY
RFUD,2024-02-20,CRH4,12.894,12.869,12.927,12.908,410444975088.0,43462015403.0,3368965.0,31802648,12.906,0.0,12.9,0.07,77.0,71746,CNY-3.24,CNY
RFUD,2024-02-21,CRH4,12.913,12.861,12.93,12.903,408150973362.0,38832911826.0,3011180.0,31632254,12.903,0.0,12.896,-0.04,1.0,66406,CNY-3.24,CNY
RFUD,2024-02-22,CRH4,12.898,12.821,12.95,12.91,389255145328.0,85886176951.0,6663336.0,30156116,12.908,0.0,12.888,0.05,1.0,143826,CNY-3.24,CNY
RFUD,2024-02-26,CRH4,12.911,12.793,12.978,12.844,389838611646.0,51055047671.0,3967850.0,30368358,12.837,0.0,12.867,-0.51,1.0,105667,CNY-3.24,CNY
RFUD,2024-02-27,CRH4,12.845,12.782,12.876,12.831,375893570940.0,42257819631.0,3293475.0,29298018,12.83,0.0,12.83,-0.1,19.0,65356,CNY-3.24,CNY
RFUD,2024-02-28,CRH4,12.829,12.667,12.837,12.675,394779906160.0,70612390660.0,5537710.0,31134062,12.68,0.0,12.751,-1.22,1.0,90259,CNY-3.24,CNY
RFUD,2024-02-29,CRH4,12.671,12.587,12.698,12.654,389068018304.0,48349406680.0,3825716.0,30741784,12.656,0.0,12.638,-0.17,95.0,80916,CNY-3.24,CNY
RFUD,2024-03-01,CRH4,12.652,12.651,12.749,12.728,389775007692.0,35091345027.0,2762627.0,30628242,12.726,0.0,12.702,0.58,2.0,72071,CNY-3.24,CNY
RFUD,2024-03-04,CRH4,12.728,12.687,12.746,12.71,379742336784.0,31464639648.0,2475224.0,29882148,12.708,0.0,12.71,-0.14,28.0,62723,CNY-3.24,CNY
RFUD,2024-03-05,CRH4,12.715,12.602,12.716,12.615,363008065616.0,40060426711.0,3165958.0,28773626,12.616,0.0,12.652,-0.75,15.0,83710,CNY-3.24,CNY
RFUD,2024-03-06,CRH4,12.615,12.522,12.621,12.596,344313977664.0,47249782482.0,3757315.0,27335184,12.596,0.0,12.576,-0.15,26.0,79786,CNY-3.24,CNY
RFUD,2024-03-07,CRH4,12.593,12.575,12.665,12.638,324900610740.0,44326521714.0,3510727.0,25708230,12.638,0.0,12.628,0.33,1.0,71181,CNY-3.24,CNY
RFUD,2024-03-11,CRH4,12.637,12.605,12.655,12.639,289523620518.0,47354251693.0,3749202.0,22907162,12.639,0.0,12.631,0.01,1.0,64701,CNY-3.24,CNY
RFUD,2024-03-12,CRH4,12.635,12.62,12.806,12.789,279895227192.0,55563046712.0,4373282.0,21887334,12.788,0.0,12.712,1.19,1.0,84698,CNY-3.24,CNY
RFUD,2024-03-13,CRH4,12.79,12.666,12.816,12.718,259800276000.0,62845386465.0,4937457.0,20424550,12.72,0.0,12.726,-0.56,1.0,104963,CNY-3.24,CNY
RFUD,2024-03-14,CRH4,12.711,12.704,12.773,12.73,242951379242.0,47158162796.0,3703142.0,19089446,12.727,0.0,12.736,0.09,8.0,73279,CNY-3.24,CNY
RFUD,2024-03-15,CRH4,12.732,12.709,12.869,12.863,218044851456.0,54362623561.0,4254019.0,16950004,12.864,0.0,12.781,1.04,1.0,94064,CNY-3.24,CNY
RFUD,2024-03-18,CRH4,12.866,12.667,12.88,12.752,187519171500.0,58574579154.0,4590396.0,14707386,12.75,0.0,12.76,-0.86,1.0,104142,CNY-3.24,CNY
RFUD,2024-03-19,CRH4,12.735,12.716,12.856,12.832,146451006702.0,66906423220.0,5235224.0,11413842,12.831,0.0,12.791,0.63,26.0,89765,CNY-3.24,CNY
RFUD,2024-03-20,CRH4,12.836,12.766,12.875,12.794,127483816376.0,42184528717.0,3289162.0,9962008,12.797,0.0,12.824,-0.3,1.0,64794,CNY-3.24,CNY
RFUD,2024-03-21,CRH4,12.787,12.701,12.832,12.725,0.0,18301070571.0,1433386.0,0,12.7268,0.0,12.767,-0.54,1.0,17339,CNY-3.24,CNY
RFUD,2023-03-02,CRU4,,,,,0.0,,,0,13.569,0.0,,,,0,CNY-9.24,CNY
RFUD,2023-03-03,CRU4,,,,,0.0,,,0,15.299,0.0,,,,0,CNY-9.24,CNY
RFUD,2023-03-06,CRU4,,,,,0.0,,,0,17.041,0.0,,,,0,CNY-9.24,CNY
RFUD,2023-03-07,CRU4,,,,,0.0,,,0,17.589,0.0,,,,0,CNY-9.24,CNY
RFUD,2023-03-09,CRU4,,,,,0.0,,,0,16.998,0.0,,,,0,CNY-9.24,CNY
RFUD,2023-03-10,CRU4,,,,,0.0,,,0,17.65,0.0,,,,0,CNY-9.24,CNY
RFUD,2023-03-13,CRU4,,,,,0.0,,,0,15.358,0.0,,,,0,CNY-9.24,CNY
RFUD,2023-03-14,CRU4,,,,,0.0,,,0,13.609,0.0,,,,0,CNY-9.24,CNY
RFUD,2023-03-15,CRU4,,,,,0.0,,,0,12.134,0.0,,,,0,CNY-9.24,CNY
RFUD,2023-03-16,CRU4,,,,,0.0,,,0,12.344,0.0,,,,0,CNY-9.24,CNY
RFUD,2023-03-17,CRU4,,,,,0.0,,,0,12.272,0.0,,,,0,CNY-9.24,CNY
RFUD,2023-03-20,CRU4,12.107,12.107,12.107,12.107,49152.0,24214.0,2.0,4,12.288,0.0,12.107,,1.0,2,CNY-9.24,CNY
RFUD,2023-03-21,CRU4,,,,,49284.0,,,4,12.321,0.0,,,,0,CNY-9.24,CNY
RFUD,2023-03-22,CRU4,,,,,49160.0,,,4,12.29,0.0,,,,0,CNY-9.24,CNY
RFUD,2023-03-23,CRU4,,,,,48920.0,,,4,12.23,0.0,,,,0,CNY-9.24,CNY
RFUD,2023-03-24,CRU4,,,,,49084.0,,,4,12.271,0.0,,,,0,CNY-9.24,CNY
RFUD,2023-03-27,CRU4,,,,,48940.0,,,4,12.235,0.0,,,,0,CNY-9.24,CNY
RFUD,2023-03-28,CRU4,12.303,12.034,12.303,12.034,49272.0,24337.0,2.0,4,12.318,0.0,12.169,,1.0,2,CNY-9.24,CNY
RFUD,2023-03-29,CRU4,,,,,49240.0,,,4,12.31,0.0,,,,0,CNY-9.24,CNY
RFUD,2023-03-30,CRU4,,,,,49284.0,,,4,12.321,0.0,,,,0,CNY-9.24,CNY
RFUD,2023-03-31,CRU4,,,,,49184.0,,,4,12.296,0.0,,,,0,CNY-9.24,CNY
RFUD,2023-04-03,CRU4,,,,,49376.0,,,4,12.344,0.0,,,,0,CNY-9.24,CNY
RFUD,2023-04-04,CRU4,,,,,49836.0,,,4,12.459,0.0,,,,0,CNY-9.24,CNY
RFUD,2023-04-05,CRU4,12.5,12.5,12.5,12.5,75000.0,12500.0,1.0,6,12.5,0.0,12.5,,1.0,1,CNY-9.24,CNY
RFUD,2023-04-06,CRU4,12.6,12.6,12.6,12.6,101408.0,12600.0,1.0,8,12.676,0.0,12.6,0.8,1.0,1,CNY-9.24,CNY
RFUD,2023-04-07,CRU4,12.8,12.3,12.8,12.302,532812.0,225187.0,18.0,42,12.686,0.0,12.51,-2.37,1.0,15,CNY-9.24,CNY
RFUD,2023-04-10,CRU4,12.7,12.7,12.7,12.7,534114.0,12700.0,1.0,42,12.717,0.0,12.7,3.23,1.0,1,CNY-9.24,CNY
RFUD,2023-04-11,CRU4,12.613,12.613,12.613,12.613,562980.0,12613.0,1.0,44,12.795,0.0,12.613,-0.69,1.0,1,CNY-9.24,CNY
RFUD,2023-04-12,CRU4,,,,,555632.0,,,44,12.628,0.0,,,,0,CNY-9.24,CNY
RFUD,2023-04-13,CRU4,,,,,548592.0,,,44,12.468,0.0,,,,0,CNY-9.24,CNY
RFUD,2023-04-14,CRU4,12.35,12.35,12.35,12.35,549164.0,12350.0,1.0,44,12.481,0.0,12.35,,1.0,1,CNY-9.24,CNY
RFUD,2023-04-17,CRU4,,,,,545556.0,,,44,12.399,0.0,,,,0,CNY-9.24,CNY
RFUD,2023-04-18,CRU4,,,,,546216.0,,,44,12.414,0.0,,,,0,CNY-9.24,CNY
RFUD,2023-04-19,CRU4,,,,,547184.0,,,44,12.436,0.0,,,,0,CNY-9.24,CNY
RFUD,2023-04-20,CRU4,,,,,550088.0,,,44,12.502,0.0,,,,0,CNY-9.24,CNY
RFUD,2023-04-21,CRU4,12.65,12.65,12.969,12.703,522354.0,51002.0,4.0,42,12.437,0.0,12.751,,1.0,4,CNY-9.24,CNY
RFUD,2023-04-24,CRU4,,,,,521808.0,,,42,12.424,0.0,,,,0,CNY-9.24,CNY
RFUD,2023-04-25,CRU4,,,,,520044.0,,,42,12.382,0.0,,,,0,CNY-9.24,CNY
RFUD,2023-04-26,CRU4,12.519,12.519,12.519,12.519,547316.0,12519.0,1.0,44,12.439,0.0,12.519,,1.0,1,CNY-9.24,CNY
RFUD,2023-04-27,CRU4,,,,,545776.0,,,44,12.404,0.0,,,,0,CNY-9.24,CNY
RFUD,2023-04-28,CRU4,12.2,12.2,12.3,12.2,439560.0,98000.0,8.0,36,12.21,0.0,12.25,,2.0,4,CNY-9.24,CNY
RFUD,2023-05-02,CRU4,12.4,12.4,12.4,12.4,470060.0,12400.0,1.0,38,12.37,0.0,12.4,1.64,1.0,1,CNY-9.24,CNY
RFUD,2023-05-03,CRU4,12.209,12.209,12.209,12.209,489560.0,12209.0,1.0,40,12.239,0.0,12.209,-1.54,1.0,1,CNY-9.24,CNY
RFUD,2023-05-04,CRU4,12.34,12.116,12.34,12.116,484640.0,24456.0,2.0,40,12.116,0.0,12.228,-0.76,1.0,2,CNY-9.24,CNY
RFUD,2023-05-05,CRU4,12.13,12.0,12.13,12.0,432000.0,36130.0,3.0,36,12.0,0.0,12.043,-0.96,1.0,3,CNY-9.24,CNY
RFUD,2023-05-08,CRU4,,,,,436032.0,,,36,12.112,0.0,,,,0,CNY-9.24,CNY
RFUD,2023-05-10,CRU4,12.042,11.9,12.042,11.9,452200.0,35942.0,3.0,38,11.9,0.0,11.981,,1.0,3,CNY-9.24,CNY
RFUD,2023-05-11,CRU4,12.029,11.868,12.09,12.09,578496.0,83954.0,7.0,48,12.052,0.0,11.993,1.6,1.0,7,CNY-9.24,CNY
RFUD,2023-05-12,CRU4,12.08,12.08,12.08,12.08,579840.0,12080.0,1.0,48,12.08,0.0,12.08,-0.08,1.0,1,CNY-9.24,CNY
RFUD,2023-05-15,CRU4,12.1,12.1,12.299,12.299,565662.0,48794.0,4.0,46,12.297,0.0,12.199,1.81,1.0,4,CNY-9.24,CNY
RFUD,2023-05-16,CRU4,12.268,12.268,12.3,12.3,590400.0,36848.0,3.0,48,12.3,0.0,12.283,0.01,1.0,3,CNY-9.24,CNY
RFUD,2023-05-17,CRU4,,,,,587520.0,,,48,12.24,0.0,,,,0,CNY-9.24,CNY
RFUD,2023-05-18,CRU4,12.201,12.2,13.0,12.202,1586260.0,775038.0,61.0,130,12.202,0.0,12.706,,1.0,28,CNY-9.24,CNY
RFUD,2023-05-19,CRU4,12.201,11.858,12.201,11.858,1313280.0,597404.0,50.0,108,12.16,0.0,11.948,-2.82,29.0,9,CNY-9.24,CNY
RFUD,2023-05-22,CRU4,,,,,1319004.0,,,108,12.213,0.0,,,,0,CNY-9.24,CNY
RFUD,2023-05-23,CRU4,12.13,12.13,12.13,12.13,1358560.0,24260.0,2.0,112,12.13,0.0,12.13,,1.0,2,CNY-9.24,CNY
RFUD,2023-05-24,CRU4,12.0,12.0,12.0,12.0,1346240.0,12000.0,1.0,112,12.02,0.0,12.0,-1.07,1.0,1,CNY-9.24,CNY
RFUD,2023-05-25,CRU4,,,,,1357440.0,,,112,12.12,0.0,,,,0,CNY-9.24,CNY
RFUD,2023-05-26,CRU4,12.02,12.02,12.02,12.02,1370280.0,24040.0,2.0,114,12.02,0.0,12.02,,1.0,2,CNY-9.24,CNY
RFUD,2023-05-29,CRU4,12.015,12.01,12.03,12.01,1537280.0,84125.0,7.0,128,12.01,0.0,12.018,-0.08,1.0,7,CNY-9.24,CNY
RFUD,2023-05-30,CRU4,11.979,11.877,12.38,11.877,1733328.0,376722.0,31.0,144,12.037,0.0,12.152,-1.11,1.0,24,CNY-9.24,CNY
RFUD,2023-05-31,CRU4,12.105,12.105,12.105,12.105,1742256.0,12105.0,1.0,144,12.099,0.0,12.105,1.92,1.0,1,CNY-9.24,CNY
RFUD,2023-06-01,CRU4,12.09,12.09,12.09,12.09,1716780.0,12090.0,1.0,142,12.09,0.0,12.09,-0.12,1.0,1,CNY-9.24,CNY
RFUD,2023-06-02,CRU4,,,,,1732826.0,,,142,12.203,0.0,,,,0,CNY-9.24,CNY
RFUD,2023-06-05,CRU4,,,,,1722886.0,,,142,12.133,0.0,,,,0,CNY-9.24,CNY
RFUD,2023-06-06,CRU4,,,,,1729134.0,,,142,12.177,0.0,,,,0,CNY-9.24,CNY
RFUD,2023-06-07,CRU4,,,,,1739074.0,,,142,12.247,0.0,,,,0,CNY-9.24,CNY
RFUD,2023-06-08,CRU4,,,,,1745180.0,,,142,12.29,0.0,,,,0,CNY-9.24,CNY
RFUD,2023-06-09,CRU4,12.205,12.205,12.205,12.205,1757520.0,12205.0,1.0,144,12.205,0.0,12.205,,1.0,1,CNY-9.24,CNY
RFUD,2023-06-13,CRU4,12.299,12.299,12.3,12.3,1722000.0,24599.0,2.0,140,12.3,0.0,12.3,0.78,1.0,2,CNY-9.24,CNY
RFUD,2023-06-14,CRU4,12.4,12.105,12.499,12.26,1770048.0,123847.0,10.0,144,12.292,0.0,12.385,-0.33,1.0,10,CNY-9.24,CNY
RFUD,2023-06-15,CRU4,12.36,12.326,12.36,12.326,1799596.0,24686.0,2.0,146,12.326,0.0,12.343,0.54,1.0,2,CNY-9.24,CNY
RFUD,2023-06-16,CRU4,12.379,12.379,12.379,12.379,1856850.0,37137.0,3.0,150,12.379,0.0,12.379,0.43,2.0,2,CNY-9.24,CNY
RFUD,2023-06-19,CRU4,12.38,12.38,12.38,12.38,1906520.0,24760.0,2.0,154,12.38,0.0,12.38,0.01,1.0,2,CNY-9.24,CNY
RFUD,2023-06-20,CRU4,12.31,12.31,12.439,12.4,1984000.0,61769.0,5.0,160,12.4,0.0,12.354,0.16,1.0,3,CNY-9.24,CNY
RFUD,2023-06-21,CRU4,12.31,12.31,12.31,12.31,1969600.0,12310.0,1.0,160,12.31,0.0,12.31,-0.73,1.0,1,CNY-9.24,CNY
RFUD,2023-06-22,CRU4,12.3,12.3,12.3,12.3,1968000.0,73800.0,6.0,160,12.3,0.0,12.3,-0.08,3.0,3,CNY-9.24,CNY
RFUD,2023-06-23,CRU4,12.23,12.23,12.364,12.34,1974400.0,36934.0,3.0,160,12.34,0.0,12.311,0.33,1.0,3,CNY-9.24,CNY
RFUD,2023-06-26,CRU4,12.446,12.3,12.463,12.3,2066400.0,124141.0,10.0,168,12.3,0.0,12.414,-0.32,1.0,7,CNY-9.24,CNY
RFUD,2023-06-27,CRU4,,,,,2086056.0,,,168,12.417,0.0,,,,0,CNY-9.24,CNY
RFUD,2023-06-28,CRU4,12.39,12.39,12.39,12.39,2081520.0,12390.0,1.0,168,12.39,0.0,12.39,,1.0,1,CNY-9.24,CNY
RFUD,2023-06-29,CRU4,12.49,12.49,12.5,12.49,2098320.0,37480.0,3.0,168,12.49,0.0,12.493,0.81,1.0,3,CNY-9.24,CNY
RFUD,2023-06-30,CRU4,12.575,12.575,12.78,12.78,2070360.0,189985.0,15.0,162,12.78,0.0,12.666,2.32,1.0,15,CNY-9.24,CNY
RFUD,2023-07-03,CRU4,12.775,12.7,12.825,12.7,2159000.0,140280.0,11.0,170,12.7,0.0,12.753,-0.63,1.0,9,CNY-9.24,CNY
RFUD,2023-07-04,CRU4,12.676,12.676,12.875,12.8,2073600.0,204373.0,16.0,162,12.8,0.0,12.773,0.79,1.0,14,CNY-9.24,CNY
RFUD,2023-07-05,CRU4,12.783,12.783,13.0,13.0,2340000.0,142017.0,11.0,180,13.0,0.0,12.911,1.56,1.0,11,CNY-9.24,CNY
RFUD,2023-07-06,CRU4,13.025,12.9,13.3,13.05,2562700.0,667701.0,51.0,196,13.075,0.0,13.092,0.39,1.0,46,CNY-9.24,CNY
RFUD,2023-07-07,CRU4,13.1,13.026,13.145,13.145,2572500.0,78472.0,6.0,196,13.125,0.0,13.079,0.73,1.0,6,CNY-9.24,CNY
RFUD,2023-07-10,CRU4,13.051,12.925,13.051,12.975,2517150.0,182155.0,14.0,194,12.975,0.0,13.011,-1.29,1.0,10,CNY-9.24,CNY
RFUD,2023-07-11,CRU4,13.0,12.95,13.0,12.95,2512300.0,25950.0,2.0,194,12.95,0.0,12.975,-0.19,1.0,2,CNY-9.24,CNY
RFUD,2023-07-12,CRU4,13.0,13.0,13.1,13.1,2620000.0,65250.0,5.0,200,13.1,0.0,13.05,1.16,1.0,5,CNY-9.24,CNY
RFUD,2023-07-13,CRU4,13.125,13.05,13.15,13.1,2567600.0,104703.0,8.0,196,13.1,0.0,13.088,0.0,1.0,8,CNY-9.24,CNY
RFUD,2023-07-14,CRU4,13.125,12.913,13.166,12.913,2398440.0,143881.0,11.0,184,13.035,0.0,13.08,-1.43,3.0,5,CNY-9.24,CNY
RFUD,2023-07-17,CRU4,13.054,13.05,13.201,13.06,2383472.0,65525.0,5.0,182,13.096,0.0,13.105,1.14,1.0,5,CNY-9.24,CNY
RFUD,2023-07-18,CRU4,13.062,13.062,13.205,13.205,2400580.0,52524.0,4.0,182,13.19,0.0,13.131,1.11,1.0,4,CNY-9.24,CNY
RFUD,2023-07-19,CRU4,13.19,13.15,13.19,13.15,2445900.0,39529.0,3.0,186,13.15,0.0,13.176,-0.42,1.0,3,CNY-9.24,CNY
RFUD,2023-07-20,CRU4,13.16,13.1,13.16,13.1,2436600.0,52570.0,4.0,186,13.1,0.0,13.143,-0.38,1.0,4,CNY-9.24,CNY
RFUD,2023-07-21,CRU4,13.11,13.05,13.125,13.125,2388750.0,91610.0,7.0,182,13.125,0.0,13.087,0.19,1.0,7,CNY-9.24,CNY
RFUD,2023-07-24,CRU4,,,,,2382744.0,,,182,13.092,0.0,,,,0,CNY-9.24,CNY
RFUD,2023-07-25,CRU4,13.13,13.01,13.13,13.1,2436600.0,248058.0,19.0,186,13.1,0.0,13.056,,1.0,18,CNY-9.24,CNY
RFUD,2023-07-26,CRU4,13.05,13.05,13.05,13.05,2401384.0,13050.0,1.0,184,13.051,0.0,13.05,-0.38,1.0,1,CNY-9.24,CNY
RFUD,2023-07-27,CRU4,13.1,13.1,13.1,13.1,2410400.0,13100.0,1.0,184,13.1,0.0,13.1,0.38,1.0,1,CNY-9.24,CNY
RFUD,2023-07-28,CRU4,13.125,13.125,13.959,13.3,4176200.0,1401996.0,102.0,314,13.3,0.0,13.745,1.53,1.0,32,CNY-9.24,CNY
RFUD,2023-07-31,CRU4,13.395,13.275,13.45,13.3,4176200.0,93572.0,7.0,314,13.3,0.0,13.367,0.0,1.0,7,CNY-9.24,CNY
RFUD,2023-08-01,CRU4,13.3,13.3,13.3,13.3,4177142.0,13300.0,1.0,314,13.303,0.0,13.3,0.0,1.0,1,CNY-9.24,CNY
RFUD,2023-08-02,CRU4,13.437,13.437,13.53,13.5,4320000.0,53917.0,4.0,320,13.5,0.0,13.479,1.5,1.0,4,CNY-9.24,CNY
RFUD,2023-08-03,CRU4,13.54,13.477,13.62,13.54,4251560.0,108334.0,8.0,314,13.54,0.0,13.542,0.3,1.0,7,CNY-9.24,CNY
RFUD,2023-08-04,CRU4,13.725,13.7,13.8,13.8,4401120.0,1283044.0,93.0,318,13.84,0.0,13.796,1.92,1.0,8,CNY-9.24,CNY
RFUD,2023-08-07,CRU4,13.85,13.75,13.969,13.8,3891600.0,430579.0,31.0,282,13.8,0.0,13.89,0.0,1.0,15,CNY-9.24,CNY
RFUD,2023-08-08,CRU4,,,,,3925440.0,,,282,13.92,0.0,,,,0,CNY-9.24,CNY
RFUD,2023-08-09,CRU4,13.87,13.87,14.174,14.127,4120120.0,322277.0,23.0,292,14.11,0.0,14.012,,1.0,21,CNY-9.24,CNY
RFUD,2023-08-10,CRU4,13.96,13.916,14.1,14.1,4935000.0,515815.0,37.0,350,14.1,0.0,13.941,-0.19,1.0,10,CNY-9.24,CNY
RFUD,2023-08-11,CRU4,14.174,14.174,14.174,14.174,4960900.0,14174.0,1.0,350,14.174,0.0,14.174,0.53,1.0,1,CNY-9.24,CNY
RFUD,2023-08-14,CRU4,14.2,13.94,14.4,13.94,4628080.0,611468.0,43.0,332,13.94,0.0,14.22,-1.65,1.0,20,CNY-9.24,CNY
RFUD,2023-08-15,CRU4,13.806,13.8,13.99,13.8,4692340.0,166738.0,12.0,340,13.801,0.0,13.895,-1.0,1.0,12,CNY-9.24,CNY
RFUD,2023-08-16,CRU4,13.8,13.61,13.801,13.61,4382420.0,220007.0,16.0,322,13.61,0.0,13.75,-1.38,1.0,12,CNY-9.24,CNY
RFUD,2023-08-17,CRU4,13.637,13.496,13.945,13.496,5128480.0,1107887.0,81.0,380,13.496,0.0,13.678,-0.84,1.0,54,CNY-9.24,CNY
RFUD,2023-08-18,CRU4,13.575,13.461,13.63,13.493,5073368.0,230835.0,17.0,376,13.493,0.0,13.579,-0.02,1.0,15,CNY-9.24,CNY
RFUD,2023-08-21,CRU4,13.611,13.532,14.069,13.66,4726360.0,1195710.0,87.0,346,13.66,0.0,13.744,1.24,1.0,38,CNY-9.24,CNY
RFUD,2023-08-22,CRU4,13.745,13.745,14.452,13.8,5713200.0,872170.0,62.0,414,13.8,0.0,14.067,1.03,2.0,30,CNY-9.24,CNY
RFUD,2023-08-23,CRU4,13.9,13.8,13.9,13.8,5826554.0,97002.0,7.0,422,13.807,0.0,13.857,0.0,1.0,6,CNY-9.24,CNY
RFUD,2023-08-24,CRU4,13.807,13.807,13.91,13.855,5735970.0,69235.0,5.0,414,13.855,0.0,13.847,0.4,1.0,4,CNY-9.24,CNY
RFUD,2023-08-25,CRU4,13.873,13.873,13.873,13.873,5743422.0,13873.0,1.0,414,13.873,0.0,13.873,0.13,1.0,1,CNY-9.24,CNY
RFUD,2023-08-28,CRU4,13.9,13.85,13.9,13.89,5806020.0,472300.0,34.0,418,13.89,0.0,13.891,0.12,1.0,13,CNY-9.24,CNY
RFUD,2023-08-29,CRU4,13.85,13.8,13.988,13.9,5782400.0,179738.0,13.0,416,13.9,0.0,13.826,0.07,1.0,5,CNY-9.24,CNY
RFUD,2023-08-30,CRU4,13.95,13.95,13.95,13.95,5803200.0,13950.0,1.0,416,13.95,0.0,13.95,0.36,1.0,1,CNY-9.24,CNY
RFUD,2023-08-31,CRU4,13.99,13.99,14.0,14.0,5735490.0,55990.0,4.0,410,13.989,0.0,13.998,0.36,1.0,4,CNY-9.24,CNY
RFUD,2023-09-01,CRU4,13.998,13.801,14.148,14.042,5701052.0,335142.0,24.0,406,14.042,0.0,13.964,0.3,1.0,24,CNY-9.24,CNY
RFUD,2023-09-04,CRU4,14.149,13.876,14.149,13.876,5872552.0,363815.0,26.0,422,13.916,0.0,13.993,-1.18,5.0,17,CNY-9.24,CNY
RFUD,2023-09-05,CRU4,14.085,13.84,14.089,14.085,8901720.0,1718233.0,123.0,632,14.085,0.0,13.969,1.51,1.0,29,CNY-9.24,CNY
RFUD,2023-09-06,CRU4,14.115,14.006,14.115,14.072,8955516.0,56308.0,4.0,636,14.081,0.0,14.077,-0.09,1.0,4,CNY-9.24,CNY
RFUD,2023-09-07,CRU4,14.08,13.926,14.119,14.119,9996252.0,785982.0,56.0,708,14.119,0.0,14.035,0.33,1.0,31,CNY-9.24,CNY
RFUD,2023-09-08,CRU4,14.082,13.911,14.435,14.111,10555028.0,844888.0,60.0,748,14.111,0.0,14.081,-0.06,1.0,45,CNY-9.24,CNY
RFUD,2023-09-11,CRU4,14.1,14.031,14.442,14.031,11168676.0,693076.0,49.0,796,14.031,0.0,14.144,-0.57,1.0,36,CNY-9.24,CNY
RFUD,2023-09-12,CRU4,14.02,13.966,14.289,14.049,11295396.0,351939.0,25.0,804,14.049,0.0,14.078,0.13,1.0,18,CNY-9.24,CNY
RFUD,2023-09-13,CRU4,14.12,14.12,14.3,14.3,11314500.0,99887.0,7.0,794,14.25,0.0,14.27,1.79,1.0,6,CNY-9.24,CNY
RFUD,2023-09-14,CRU4,14.33,13.314,14.396,14.335,14736380.0,8751322.0,627.0,1028,14.335,0.0,13.957,0.24,1.0,140,CNY-9.24,CNY
RFUD,2023-09-15,CRU4,14.2,14.1,14.771,14.534,12357380.0,2504341.0,172.0,854,14.47,0.0,14.56,1.39,4.0,58,CNY-9.24,CNY
RFUD,2023-09-18,CRU4,14.311,14.22,14.589,14.31,12220740.0,445353.0,31.0,854,14.31,0.0,14.366,-1.54,2.0,17,CNY-9.24,CNY
RFUD,2023-09-19,CRU4,14.22,13.688,14.3,14.04,15219360.0,2182764.0,157.0,1084,14.04,0.0,13.903,-1.89,1.0,44,CNY-9.24,CNY
RFUD,2023-09-20,CRU4,14.066,14.01,14.15,14.1,16952320.0,1041967.0,74.0,1204,14.08,0.0,14.081,0.43,10.0,17,CNY-9.24,CNY
RFUD,2023-09-21,CRU4,14.0,13.672,14.73,14.021,18760098.0,11286755.0,798.0,1338,14.021,0.0,14.144,-0.56,1.0,170,CNY-9.24,CNY
RFUD,2023-09-22,CRU4,13.96,13.935,14.188,14.0,18704000.0,475551.0,34.0,1336,14.0,0.0,13.987,-0.15,3.0,24,CNY-9.24,CNY
RFUD,2023-09-25,CRU4,13.98,13.98,14.142,14.074,19703600.0,871989.0,62.0,1400,14.074,0.0,14.064,0.53,1.0,43,CNY-9.24,CNY
RFUD,2023-09-26,CRU4,14.169,14.01,14.169,14.1,20293920.0,450190.0,32.0,1440,14.093,0.0,14.068,0.18,1.0,22,CNY-9.24,CNY
RFUD,2023-09-27,CRU4,14.013,14.013,14.157,14.157,20357766.0,169322.0,12.0,1438,14.157,0.0,14.11,0.4,3.0,9,CNY-9.24,CNY
RFUD,2023-09-28,CRU4,14.146,14.111,14.18,14.18,20759520.0,438600.0,31.0,1464,14.18,0.0,14.148,0.16,5.0,16,CNY-9.24,CNY
RFUD,2023-09-29,CRU4,14.18,14.169,14.388,14.345,22894620.0,2137972.0,150.0,1596,14.345,0.0,14.253,1.16,26.0,26,CNY-9.24,CNY
RFUD,2023-10-02,CRU4,14.255,14.242,14.676,14.38,22168300.0,756747.0,52.0,1540,14.395,0.0,14.553,0.24,1.0,24,CNY-9.24,CNY
RFUD,2023-10-03,CRU4,14.65,14.391,14.651,14.43,22194878.0,392168.0,27.0,1538,14.431,0.0,14.525,0.35,1.0,20,CNY-9.24,CNY
RFUD,2023-10-04,CRU4,14.441,14.44,14.54,14.5,22736000.0,260642.0,18.0,1568,14.5,0.0,14.48,0.48,1.0,13,CNY-9.24,CNY
RFUD,2023-10-05,CRU4,14.5,14.47,14.51,14.51,22724226.0,144899.0,10.0,1566,14.511,0.0,14.49,0.07,1.0,9,CNY-9.24,CNY
RFUD,2023-10-06,CRU4,14.601,14.58,14.72,14.62,23421240.0,439659.0,30.0,1602,14.62,0.0,14.655,0.76,1.0,30,CNY-9.24,CNY
RFUD,2023-10-09,CRU4,14.659,14.65,14.998,14.699,23253818.0,1282280.0,86.0,1582,14.699,0.0,14.91,0.54,1.0,42,CNY-9.24,CNY
RFUD,2023-10-10,CRU4,14.621,14.6,14.739,14.61,25070760.0,1213223.0,83.0,1716,14.61,0.0,14.617,-0.6,3.0,18,CNY-9.24,CNY
RFUD,2023-10-11,CRU4,14.63,14.63,14.63,14.63,25134340.0,14630.0,1.0,1718,14.63,0.0,14.63,0.14,1.0,1,CNY-9.24,CNY
RFUD,2023-10-12,CRU4,14.551,14.005,14.551,14.29,28980120.0,3253442.0,229.0,2028,14.29,0.0,14.207,-2.32,1.0,104,CNY-9.24,CNY
RFUD,2023-10-13,CRU4,14.3,14.243,14.44,14.31,28835202.0,171946.0,12.0,2018,14.289,0.0,14.329,0.14,1.0,12,CNY-9.24,CNY
RFUD,2023-10-16,CRU4,14.224,14.223,14.316,14.316,28944930.0,114183.0,8.0,2022,14.315,0.0,14.273,0.04,1.0,8,CNY-9.24,CNY
RFUD,2023-10-17,CRU4,14.319,14.319,14.339,14.339,29108170.0,186300.0,13.0,2030,14.339,0.0,14.331,0.16,2.0,12,CNY-9.24,CNY
RFUD,2023-10-18,CRU4,14.333,14.332,14.333,14.332,29065296.0,28665.0,2.0,2028,14.332,0.0,14.333,-0.05,1.0,2,CNY-9.24,CNY
RFUD,2023-10-19,CRU4,14.257,14.101,14.332,14.2,29564400.0,498531.0,35.0,2082,14.2,0.0,14.244,-0.92,3.0,13,CNY-9.24,CNY
RFUD,2023-10-20,CRU4,14.052,14.0,14.052,14.04,29877120.0,462301.0,33.0,2128,14.04,0.0,14.009,-1.13,5.0,11,CNY-9.24,CNY
RFUD,2023-10-23,CRU4,14.004,13.83,14.01,13.83,29530140.0,167036.0,12.0,2126,13.89,0.0,13.92,-1.5,1.0,9,CNY-9.24,CNY
RFUD,2023-10-24,CRU4,13.835,13.649,14.029,13.649,30819442.0,2003573.0,146.0,2258,13.649,0.0,13.723,-1.31,1.0,33,CNY-9.24,CNY
RFUD,2023-10-25,CRU4,13.625,13.625,13.679,13.64,30880960.0,2773575.0,203.0,2264,13.64,0.0,13.663,-0.07,73.0,12,CNY-9.24,CNY
RFUD,2023-10-26,CRU4,13.631,13.627,13.83,13.767,31388760.0,205698.0,15.0,2280,13.767,0.0,13.713,0.93,1.0,12,CNY-9.24,CNY
RFUD,2023-10-27,CRU4,13.68,13.612,14.087,13.83,32638800.0,1642806.0,119.0,2360,13.83,0.0,13.805,0.46,14.0,45,CNY-9.24,CNY
RFUD,2023-10-30,CRU4,13.612,13.612,13.789,13.789,32685504.0,179079.0,13.0,2368,13.803,0.0,13.775,-0.3,1.0,9,CNY-9.24,CNY
RFUD,2023-10-31,CRU4,13.65,13.6,13.839,13.839,31552920.0,1231233.0,90.0,2280,13.839,0.0,13.68,0.36,1.0,23,CNY-9.24,CNY
RFUD,2023-11-01,CRU4,13.731,13.731,13.989,13.9,31412394.0,875601.0,63.0,2262,13.887,0.0,13.898,0.44,1.0,8,CNY-9.24,CNY
RFUD,2023-11-02,CRU4,13.801,13.801,13.988,13.95,31392880.0,278877.0,20.0,2252,13.94,0.0,13.944,0.36,12.0,6,CNY-9.24,CNY
RFUD,2023-11-03,CRU4,13.726,13.726,13.926,13.926,31298296.0,27652.0,2.0,2252,13.898,0.0,13.826,-0.17,1.0,2,CNY-9.24,CNY
RFUD,2023-11-06,CRU4,13.603,13.603,13.895,13.75,30057500.0,537647.0,39.0,2186,13.75,0.0,13.786,-1.26,1.0,5,CNY-9.24,CNY
RFUD,2023-11-07,CRU4,13.701,13.65,13.85,13.661,30003000.0,371213.0,27.0,2190,13.7,0.0,13.749,-0.65,1.0,10,CNY-9.24,CNY
RFUD,2023-11-08,CRU4,14.085,13.602,14.085,13.716,29461968.0,1328418.0,96.0,2148,13.716,0.0,13.838,0.4,1.0,30,CNY-9.24,CNY
RFUD,2023-11-09,CRU4,13.7,13.641,13.826,13.702,29185260.0,620243.0,45.0,2130,13.702,0.0,13.783,-0.1,1.0,16,CNY-9.24,CNY
RFUD,2023-11-10,CRU4,13.835,13.701,13.85,13.8,29035200.0,400961.0,29.0,2104,13.8,0.0,13.826,0.71,8.0,9,CNY-9.24,CNY
RFUD,2023-11-13,CRU4,13.86,13.7,13.878,13.7,27180800.0,1733623.0,126.0,1984,13.7,0.0,13.759,-0.73,12.0,27,CNY-9.24,CNY
RFUD,2023-11-14,CRU4,13.7,13.548,13.794,13.561,25982876.0,739043.0,54.0,1916,13.561,0.0,13.686,-1.01,1.0,20,CNY-9.24,CNY
RFUD,2023-11-15,CRU4,13.502,13.31,13.65,13.49,23769380.0,1889625.0,140.0,1762,13.49,0.0,13.497,-0.52,1.0,28,CNY-9.24,CNY
RFUD,2023-11-16,CRU4,13.451,13.4,13.53,13.451,23164960.0,888620.0,66.0,1720,13.468,0.0,13.464,-0.29,1.0,14,CNY-9.24,CNY
RFUD,2023-11-17,CRU4,13.303,13.303,13.5,13.5,22870694.0,427959.0,32.0,1694,13.501,0.0,13.374,0.36,1.0,15,CNY-9.24,CNY
RFUD,2023-11-20,CRU4,13.541,13.389,13.604,13.389,22761300.0,297199.0,22.0,1700,13.389,0.0,13.509,-0.82,1.0,16,CNY-9.24,CNY
RFUD,2023-11-21,CRU4,13.529,13.325,13.599,13.434,19586772.0,4094711.0,304.0,1458,13.434,0.0,13.469,0.34,1.0,33,CNY-9.24,CNY
RFUD,2023-11-22,CRU4,13.401,13.381,13.59,13.519,21210700.0,2581041.0,192.0,1570,13.51,0.0,13.443,0.63,1.0,19,CNY-9.24,CNY
RFUD,2023-11-23,CRU4,13.518,13.379,13.518,13.449,21921870.0,1150965.0,86.0,1630,13.449,0.0,13.383,-0.52,1.0,11,CNY-9.24,CNY
RFUD,2023-11-24,CRU4,13.499,13.499,13.564,13.52,22064640.0,1363647.0,101.0,1632,13.52,0.0,13.501,0.53,1.0,8,CNY-9.24,CNY
RFUD,2023-11-27,CRU4,13.432,13.38,13.519,13.38,21916440.0,188174.0,14.0,1638,13.38,0.0,13.441,-1.04,1.0,13,CNY-9.24,CNY
RFUD,2023-11-28,CRU4,13.509,13.38,13.509,13.508,22234168.0,80920.0,6.0,1646,13.508,0.0,13.487,0.96,1.0,6,CNY-9.24,CNY
RFUD,2023-11-29,CRU4,13.55,13.444,13.555,13.446,22777524.0,351911.0,26.0,1694,13.446,0.0,13.535,-0.46,1.0,15,CNY-9.24,CNY
RFUD,2023-11-30,CRU4,,,,,22784300.0,,,1694,13.45,0.0,,,,0,CNY-9.24,CNY
RFUD,2023-12-01,CRU4,13.509,13.509,13.654,13.64,23878008.0,516358.0,38.0,1752,13.629,0.0,13.588,,1.0,16,CNY-9.24,CNY
RFUD,2023-12-04,CRU4,13.55,13.55,13.78,13.78,25061400.0,613961.0,45.0,1820,13.77,0.0,13.644,1.03,2.0,13,CNY-9.24,CNY
RFUD,2023-12-05,CRU4,13.681,13.681,13.997,13.997,26898390.0,1618154.0,117.0,1922,13.995,0.0,13.83,1.57,2.0,34,CNY-9.24,CNY
RFUD,2023-12-06,CRU4,13.997,13.801,14.001,13.833,26199702.0,666704.0,48.0,1894,13.833,0.0,13.89,-1.17,2.0,24,CNY-9.24,CNY
RFUD,2023-12-07,CRU4,13.86,13.86,13.97,13.88,26399760.0,1432918.0,103.0,1902,13.88,0.0,13.912,0.34,20.0,16,CNY-9.24,CNY
RFUD,2023-12-08,CRU4,13.88,13.7,13.88,13.813,27333900.0,839341.0,61.0,1980,13.805,0.0,13.76,-0.48,1.0,20,CNY-9.24,CNY
RFUD,2023-12-11,CRU4,13.809,13.605,13.901,13.611,29535870.0,3486007.0,255.0,2170,13.611,0.0,13.671,-1.46,19.0,58,CNY-9.24,CNY
RFUD,2023-12-12,CRU4,13.6,13.55,13.62,13.55,29918400.0,474814.0,35.0,2208,13.55,0.0,13.566,-0.45,3.0,15,CNY-9.24,CNY
RFUD,2023-12-13,CRU4,13.551,13.47,13.65,13.473,30610656.0,648493.0,48.0,2272,13.473,0.0,13.51,-0.57,1.0,24,CNY-9.24,CNY
RFUD,2023-12-14,CRU4,13.596,13.584,13.599,13.595,30996600.0,122321.0,9.0,2280,13.595,0.0,13.591,0.91,2.0,8,CNY-9.24,CNY
RFUD,2023-12-15,CRU4,13.698,13.598,13.7,13.64,31808480.0,1172868.0,86.0,2332,13.64,0.0,13.638,0.33,4.0,27,CNY-9.24,CNY
RFUD,2023-12-18,CRU4,13.61,13.6,13.615,13.6,33292800.0,789142.0,58.0,2448,13.6,0.0,13.606,-0.29,7.0,17,CNY-9.24,CNY
RFUD,2023-12-19,CRU4,13.6,13.532,13.709,13.699,34631072.0,2613288.0,192.0,2528,13.699,0.0,13.611,0.73,5.0,46,CNY-9.24,CNY
RFUD,2023-12-20,CRU4,13.702,13.667,13.889,13.717,34896048.0,823394.0,60.0,2544,13.717,0.0,13.723,0.13,1.0,35,CNY-9.24,CNY
RFUD,2023-12-21,CRU4,13.759,13.685,13.888,13.824,34781184.0,869146.0,63.0,2516,13.824,0.0,13.796,0.78,1.0,58,CNY-9.24,CNY
RFUD,2023-12-22,CRU4,13.845,13.812,13.867,13.812,34750992.0,732187.0,53.0,2516,13.812,0.0,13.815,-0.09,30.0,8,CNY-9.24,CNY
RFUD,2023-12-25,CRU4,13.814,13.725,13.846,13.725,34038000.0,952500.0,69.0,2480,13.725,0.0,13.804,-0.63,2.0,17,CNY-9.24,CNY
RFUD,2023-12-26,CRU4,13.701,13.656,13.711,13.656,34440432.0,356190.0,26.0,2522,13.656,0.0,13.7,-0.5,1.0,5,CNY-9.24,CNY
RFUD,2023-12-27,CRU4,13.637,13.637,13.74,13.716,33659064.0,1689695.0,123.0,2454,13.716,0.0,13.737,0.44,1.0,21,CNY-9.24,CNY
RFUD,2023-12-28,CRU4,13.728,13.562,13.729,13.605,33223410.0,557776.0,41.0,2442,13.605,0.0,13.604,-0.81,1.0,14,CNY-9.24,CNY
RFUD,2023-12-29,CRU4,13.55,13.428,13.661,13.562,33715132.0,2312529.0,171.0,2486,13.562,0.0,13.524,-0.32,2.0,75,CNY-9.24,CNY
RFUD,2024-01-03,CRU4,13.626,13.626,13.753,13.649,33958712.0,218729.0,16.0,2488,13.649,0.0,13.671,0.64,1.0,10,CNY-9.24,CNY
RFUD,2024-01-04,CRU4,13.642,13.558,13.642,13.559,33816146.0,326535.0,24.0,2494,13.559,0.0,13.606,-0.66,1.0,16,CNY-9.24,CNY
RFUD,2024-01-05,CRU4,13.54,13.516,13.646,13.529,36663590.0,5004999.0,369.0,2710,13.529,0.0,13.564,-0.22,1.0,38,CNY-9.24,CNY
RFUD,2024-01-08,CRU4,13.535,13.496,13.635,13.613,53526316.0,14040997.0,1040.0,3932,13.613,0.0,13.501,0.62,1.0,26,CNY-9.24,CNY
RFUD,2024-01-09,CRU4,13.551,13.403,13.603,13.467,53733330.0,1912290.0,142.0,3990,13.467,0.0,13.467,-1.07,1.0,30,CNY-9.24,CNY
RFUD,2024-01-10,CRU4,13.46,13.345,13.48,13.38,54429840.0,977304.0,73.0,4068,13.38,0.0,13.388,-0.65,1.0,33,CNY-9.24,CNY
RFUD,2024-01-11,CRU4,13.405,13.267,13.405,13.267,55349924.0,2093353.0,157.0,4172,13.267,0.0,13.333,-0.84,1.0,32,CNY-9.24,CNY
RFUD,2024-01-12,CRU4,13.22,13.205,13.254,13.205,57441750.0,1519542.0,115.0,4350,13.205,0.0,13.213,-0.47,1.0,38,CNY-9.24,CNY
RFUD,2024-01-15,CRU4,13.201,13.097,13.201,13.097,62839406.0,7162387.0,545.0,4798,13.097,0.0,13.142,-0.82,1.0,70,CNY-9.24,CNY
RFUD,2024-01-16,CRU4,13.126,13.107,13.155,13.107,68706894.0,3083109.0,235.0,5242,13.107,0.0,13.12,0.08,1.0,26,CNY-9.24,CNY
RFUD,2024-01-17,CRU4,13.103,13.08,13.249,13.199,71987346.0,7163387.0,543.0,5454,13.199,0.0,13.192,0.7,1.0,78,CNY-9.24,CNY
RFUD,2024-01-18,CRU4,13.199,13.184,13.252,13.252,72371500.0,952105.0,72.0,5462,13.25,0.0,13.224,0.4,22.0,24,CNY-9.24,CNY
RFUD,2024-01-19,CRU4,13.248,13.17,13.252,13.202,72018310.0,158613.0,12.0,5458,13.195,0.0,13.218,-0.38,1.0,10,CNY-9.24,CNY
RFUD,2024-01-22,CRU4,13.154,13.12,13.187,13.136,76793056.0,2703146.0,206.0,5846,13.136,0.0,13.122,-0.5,1.0,19,CNY-9.24,CNY
RFUD,2024-01-23,CRU4,13.168,13.16,13.279,13.207,72876226.0,2589778.0,196.0,5518,13.207,0.0,13.213,0.54,1.0,20,CNY-9.24,CNY
RFUD,2024-01-24,CRU4,13.233,13.202,13.337,13.258,75551744.0,1912582.0,144.0,5696,13.264,0.0,13.282,0.39,8.0,43,CNY-9.24,CNY
RFUD,2024-01-25,CRU4,13.29,13.234,13.319,13.302,76034232.0,358693.0,27.0,5716,13.302,0.0,13.285,0.33,1.0,16,CNY-9.24,CNY
RFUD,2024-01-26,CRU4,13.241,13.241,13.374,13.363,77264866.0,1120903.0,84.0,5782,13.363,0.0,13.344,0.46,9.0,24,CNY-9.24,CNY
RFUD,2024-01-29,CRU4,13.357,13.19,13.357,13.19,77662720.0,1046873.0,79.0,5888,13.19,0.0,13.252,-1.29,1.0,39,CNY-9.24,CNY
RFUD,2024-01-30,CRU4,13.162,13.162,13.291,13.251,79665012.0,4505030.0,341.0,6012,13.251,0.0,13.211,0.46,1.0,93,CNY-9.24,CNY
RFUD,2024-01-31,CRU4,13.26,13.22,13.34,13.34,80360160.0,3638698.0,274.0,6024,13.34,0.0,13.28,0.67,7.0,36,CNY-9.24,CNY
RFUD,2024-02-01,CRU4,13.354,13.322,13.424,13.381,79215520.0,3691701.0,276.0,5920,13.381,0.0,13.376,0.31,1.0,59,CNY-9.24,CNY
RFUD,2024-02-02,CRU4,13.41,13.378,13.453,13.391,79301502.0,2470062.0,184.0,5922,13.391,0.0,13.424,0.07,1.0,66,CNY-9.24,CNY
RFUD,2024-02-05,CRU4,13.393,13.296,13.444,13.3,78247936.0,1669431.0,125.0,5878,13.312,0.0,13.355,-0.68,9.0,45,CNY-9.24,CNY
RFUD,2024-02-06,CRU4,13.333,13.333,13.431,13.431,78830712.0,1473849.0,110.0,5868,13.434,0.0,13.399,0.98,1.0,30,CNY-9.24,CNY
RFUD,2024-02-07,CRU4,13.447,13.363,13.494,13.493,80931014.0,4295206.0,320.0,5998,13.493,0.0,13.423,0.46,1.0,56,CNY-9.24,CNY
RFUD,2024-02-08,CRU4,13.453,13.353,13.457,13.353,80231452.0,4559170.0,340.0,6004,13.363,0.0,13.409,-1.04,1.0,53,CNY-9.24,CNY
RFUD,2024-02-09,CRU4,13.369,13.304,13.471,13.341,86503044.0,7197848.0,538.0,6484,13.341,0.0,13.379,-0.09,1.0,197,CNY-9.24,CNY
RFUD,2024-02-12,CRU4,13.309,13.291,13.34,13.322,87205812.0,2635724.0,198.0,6546,13.322,0.0,13.312,-0.14,49.0,34,CNY-9.24,CNY
RFUD,2024-02-13,CRU4,13.331,13.289,13.483,13.308,86635080.0,3732128.0,280.0,6510,13.308,0.0,13.329,-0.1,1.0,41,CNY-9.24,CNY
RFUD,2024-02-14,CRU4,13.303,13.273,13.48,13.328,86418752.0,3383786.0,254.0,6484,13.328,0.0,13.322,0.15,1.0,91,CNY-9.24,CNY
RFUD,2024-02-15,CRU4,13.332,13.306,13.465,13.46,86790080.0,1380855.0,103.0,6448,13.46,0.0,13.406,0.99,10.0,72,CNY-9.24,CNY
RFUD,2024-02-16,CRU4,13.439,13.38,13.491,13.395,85567260.0,2460648.0,183.0,6388,13.395,0.0,13.446,-0.48,14.0,99,CNY-9.24,CNY
RFUD,2024-02-19,CRU4,13.382,13.373,13.462,13.444,85692056.0,1089262.0,81.0,6374,13.444,0.0,13.448,0.37,1.0,22,CNY-9.24,CNY
RFUD,2024-02-20,CRU4,13.449,13.44,13.466,13.454,85755796.0,322950.0,24.0,6374,13.454,0.0,13.456,0.07,1.0,23,CNY-9.24,CNY
RFUD,2024-02-21,CRU4,13.443,13.404,13.453,13.44,91015680.0,3455951.0,257.0,6772,13.44,0.0,13.447,-0.1,7.0,38,CNY-9.24,CNY
RFUD,2024-02-22,CRU4,13.45,13.388,14.173,13.45,106962856.0,14845749.0,1091.0,7942,13.468,0.0,13.607,0.07,1.0,202,CNY-9.24,CNY
RFUD,2024-02-26,CRU4,13.448,13.413,13.515,13.42,110607640.0,3000953.0,223.0,8242,13.42,0.0,13.457,-0.22,1.0,102,CNY-9.24,CNY
RFUD,2024-02-27,CRU4,13.457,13.412,13.478,13.462,112300004.0,1444686040.0,113322.0,8342,13.462,0.0,13.429,0.31,1.0,48,CNY-9.24,CNY
RFUD,2024-02-28,CRU4,13.432,13.323,13.457,13.326,141255600.0,16574286.0,1243.0,10600,13.326,0.0,13.334,-1.01,40.0,141,CNY-9.24,CNY
RFUD,2024-02-29,CRU4,13.311,13.231,13.35,13.265,143845660.0,6993323.0,527.0,10844,13.265,0.0,13.27,-0.46,2.0,230,CNY-9.24,CNY
RFUD,2024-03-01,CRU4,13.261,13.261,13.349,13.349,146758906.0,3535285.0,266.0,10994,13.349,0.0,13.291,0.63,1.0,68,CNY-9.24,CNY
RFUD,2024-03-04,CRU4,13.327,13.305,13.399,13.305,165966570.0,17033889.0,1279.0,12474,13.305,0.0,13.318,-0.33,2.0,69,CNY-9.24,CNY
RFUD,2024-03-05,CRU4,13.309,13.171,13.317,13.171,196236456.0,19332392.0,1456.0,14898,13.172,0.0,13.278,-1.01,1.0,104,CNY-9.24,CNY
RFUD,2024-03-06,CRU4,13.188,13.141,13.3,13.154,239459360.0,27079249.0,2058.0,18196,13.16,0.0,13.158,-0.13,2.0,202,CNY-9.24,CNY
RFUD,2024-03-07,CRU4,13.159,13.153,13.235,13.193,242857216.0,13737250.0,1041.0,18376,13.216,0.0,13.196,0.3,1.0,168,CNY-9.24,CNY
RFUD,2024-03-11,CRU4,13.207,13.154,13.25,13.196,246737664.0,4662719.0,353.0,18688,13.203,0.0,13.209,0.02,1.0,183,CNY-9.24,CNY
RFUD,2024-03-12,CRU4,13.199,13.155,13.33,13.268,252387878.0,14229604.0,1076.0,19018,13.271,0.0,13.225,0.55,1.0,313,CNY-9.24,CNY
RFUD,2024-03-13,CRU4,13.256,13.202,13.341,13.212,257812056.0,15508928.0,1170.0,19512,13.213,0.0,13.255,-0.42,1.0,228,CNY-9.24,CNY
RFUD,2024-03-14,CRU4,13.214,13.205,13.52,13.233,291073068.0,35429694.0,2658.0,21996,13.233,0.0,13.329,0.16,1.0,602,CNY-9.24,CNY
RFUD,2024-03-15,CRU4,13.247,13.225,13.907,13.412,312150888.0,20290992.0,1512.0,23274,13.412,0.0,13.42,1.35,1.0,598,CNY-9.24,CNY
RFUD,2024-03-18,CRU4,13.425,13.218,13.462,13.313,358307202.0,55604377.0,4167.0,26906,13.317,0.0,13.344,-0.74,4.0,810,CNY-9.24,CNY
RFUD,2024-03-19,CRU4,13.306,13.28,13.451,13.4,473582800.0,103305467.0,7709.0,35342,13.4,0.0,13.401,0.65,4.0,1357,CNY-9.24,CNY
RFUD,2024-03-20,CRU4,13.394,13.394,13.485,13.428,581083272.0,81509516.0,6065.0,43274,13.428,0.0,13.44,0.21,5.0,714,CNY-9.24,CNY
RFUD,2024-03-21,CRU4,13.418,13.321,13.465,13.376,663025500.0,85083833.0,6348.0,49572,13.375,0.0,13.409,-0.39,8.0,1248,CNY-9.24,CNY
RFUD,2024-03-22,CRU4,13.392,13.297,13.398,13.365,709737256.0,67828350.0,5081.0,53132,13.358,0.0,13.349,-0.08,1.0,1455,CNY-9.24,CNY
RFUD,2024-03-25,CRU4,13.358,13.355,13.456,13.396,770082456.0,203823653.0,15216.0,57486,13.396,0.0,13.396,0.23,2.0,1903,CNY-9.24,CNY
RFUD,2024-03-26,CRU4,13.389,13.376,13.415,13.411,788422382.0,28270441.0,2110.0,58798,13.409,0.0,13.398,0.11,1.0,519,CNY-9.24,CNY
RFUD,2024-03-27,CRU4,13.408,13.244,13.411,13.274,790732180.0,89546528.0,6717.0,59570,13.274,0.0,13.331,-1.02,2.0,1020,CNY-9.24,CNY
RFUD,2024-03-28,CRU4,13.282,13.261,13.35,13.345,812516160.0,76529859.0,5754.0,60890,13.344,0.0,13.3,0.53,1.0,1111,CNY-9.24,CNY
RFUD,2024-03-29,CRU4,13.345,13.235,13.355,13.286,2152940530.0,737201032.0,55244.0,162058,13.285,0.0,13.295,-0.44,1.0,1195,CNY-9.24,CNY
RFUD,2024-04-01,CRU4,13.284,13.284,13.361,13.347,2144595960.0,655267078.0,49202.0,160680,13.347,0.0,13.337,0.46,1.0,1353,CNY-9.24,CNY
RFUD,2024-04-02,CRU4,13.341,13.288,13.404,13.327,2053856424.0,2071989991.0,155401.0,154124,13.326,0.0,13.335,-0.15,11.0,6645,CNY-9.24,CNY
RFUD,2024-04-03,CRU4,13.324,13.252,13.367,13.326,1901325330.0,568264806.0,42700.0,142710,13.323,0.0,13.31,-0.01,5.0,3821,CNY-9.24,CNY
RFUD,2024-04-04,CRU4,13.319,13.282,13.338,13.305,1964722740.0,314953712.0,23691.0,147668,13.305,0.0,13.31,-0.16,1.0,1362,CNY-9.24,CNY
RFUD,2024-04-05,CRU4,13.306,13.29,13.369,13.345,2178250970.0,172391790.0,12943.0,163226,13.345,0.0,13.343,0.3,1.0,1054,CNY-9.24,CNY
RFUD,2024-04-08,CRU4,13.344,13.324,13.365,13.347,2174362504.0,31849188.0,2387.0,162898,13.348,0.0,13.343,0.01,1.0,492,CNY-9.24,CNY
RFUD,2024-04-09,CRU4,13.349,13.347,13.403,13.402,2174739600.0,78727134.0,5883.0,162294,13.4,0.0,13.382,0.41,1.0,1283,CNY-9.24,CNY
RFUD,2024-04-10,CRU4,13.402,13.402,13.478,13.457,2348704038.0,209228041.0,15569.0,174534,13.457,0.0,13.439,0.41,1.0,3878,CNY-9.24,CNY
RFUD,2024-04-11,CRU4,13.458,13.402,13.513,13.423,2540862280.0,155777568.0,11569.0,189334,13.42,0.0,13.465,-0.25,1.0,1143,CNY-9.24,CNY
RFUD,2024-04-12,CRU4,13.412,13.376,13.475,13.399,2664685928.0,195137186.0,14546.0,198872,13.399,0.0,13.415,-0.18,3.0,2042,CNY-9.24,CNY
RFUD,2024-04-15,CRU4,13.4,13.392,13.443,13.431,2732318056.0,155997328.0,11621.0,203464,13.429,0.0,13.424,0.24,2.0,2558,CNY-9.24,CNY
RFUD,2024-04-16,CRU4,13.445,13.426,13.518,13.517,2867442312.0,178146733.0,13224.0,212136,13.517,0.0,13.474,0.64,1.0,1829,CNY-9.24,CNY
RFUD,2024-04-17,CRU4,13.519,13.473,13.55,13.494,2859644480.0,91596318.0,6780.0,211904,13.495,0.0,13.51,-0.17,1.0,1022,CNY-9.24,CNY
RFUD,2024-04-18,CRU4,13.495,13.434,13.533,13.434,3008123176.0,204349067.0,15146.0,223852,13.438,0.0,13.492,-0.45,1.0,1649,CNY-9.24,CNY
RFUD,2024-04-19,CRU4,13.432,13.301,13.443,13.335,3009988544.0,154834065.0,11576.0,225704,13.336,0.0,13.375,-0.74,1.0,2175,CNY-9.24,CNY
RFUD,2024-04-22,CRU4,13.337,13.304,13.393,13.373,3069691912.0,946156295.0,70863.0,229544,13.373,0.0,13.362,0.29,1.0,2232,CNY-9.24,CNY
RFUD,2024-04-23,CRU4,13.368,13.271,13.369,13.298,3203003184.0,400292591.0,30054.0,240936,13.294,0.0,13.319,-0.56,47.0,2506,CNY-9.24,CNY
RFUD,2024-04-24,CRU4,13.289,13.172,13.296,13.172,3136649376.0,405024214.0,30593.0,238112,13.173,0.0,13.237,-0.95,1.0,2385,CNY-9.24,CNY
RFUD,2024-04-25,CRU4,13.173,13.14,13.21,13.17,2950053808.0,396690428.0,30127.0,223964,13.172,0.0,13.172,-0.01,1.0,2488,CNY-9.24,CNY
RFUD,2024-04-26,CRU4,13.175,12.991,13.193,13.044,3522271320.0,569065194.0,43503.0,270030,13.044,0.0,13.078,-0.96,2.0,2761,CNY-9.24,CNY
RFUD,2024-04-27,CRU4,13.021,13.005,13.157,13.155,3585610500.0,131183799.0,10008.0,272670,13.15,0.0,13.108,0.85,1.0,1214,CNY-9.24,CNY
RFUD,2024-04-29,CRU4,13.159,13.147,13.246,13.222,3619231616.0,169439453.0,12827.0,273728,13.222,0.0,13.21,0.51,10.0,1151,CNY-9.24,CNY
RFUD,2024-04-30,CRU4,13.23,13.175,13.237,13.208,3631433936.0,160483110.0,12143.0,274942,13.208,0.0,13.216,-0.11,1.0,682,CNY-9.24,CNY
RFUD,2024-05-02,CRU4,13.208,13.121,13.224,13.176,3419277408.0,397888346.0,30148.0,259508,13.176,0.0,13.176,-0.24,3.0,1992,CNY-9.24,CNY
RFUD,2024-05-03,CRU4,13.185,13.162,13.237,13.185,3608912664.0,219212895.0,16603.0,273672,13.187,0.0,13.206,0.07,18.0,1486,CNY-9.24,CNY
RFUD,2024-05-06,CRU4,13.19,13.09,13.2,13.133,3541786238.0,231432171.0,17647.0,269686,13.133,0.0,13.115,-0.39,5.0,2447,CNY-9.24,CNY
RFUD,2024-05-07,CRU4,13.134,13.076,13.147,13.103,4469591300.0,846392112.0,64579.0,341060,13.105,0.0,13.106,-0.23,4.0,4624,CNY-9.24,CNY
RFUD,2024-05-08,CRU4,13.1,13.079,13.148,13.126,4530679034.0,216794036.0,16521.0,345142,13.127,0.0,13.122,0.18,35.0,1508,CNY-9.24,CNY
RFUD,2024-05-10,CRU4,13.117,13.117,13.198,13.172,4522685232.0,54886036.0,4170.0,343356,13.172,0.0,13.162,0.35,1.0,881,CNY-9.24,CNY
RFUD,2024-05-13,CRU4,13.167,13.038,13.182,13.04,4796737920.0,627667147.0,47891.0,367848,13.04,0.0,13.09,-1.0,25.0,2339,CNY-9.24,CNY
RFUD,2024-05-14,CRU4,13.035,13.028,13.102,13.079,5082551716.0,276585690.0,21170.0,388604,13.079,0.0,13.066,0.3,2.0,1447,CNY-9.24,CNY
RFUD,2024-05-15,CRU4,13.077,13.005,13.091,13.025,6178200350.0,722036116.0,55336.0,474334,13.025,0.0,13.03,-0.41,2.0,1559,CNY-9.24,CNY
RFUD,2024-05-16,CRU4,13.025,13.009,13.065,13.03,7308500940.0,809973437.0,62140.0,560898,13.03,0.0,13.036,0.04,4.0,1987,CNY-9.24,CNY
RFUD,2024-05-17,CRU4,13.025,13.0,13.044,13.002,7663690848.0,457069904.0,35134.0,589424,13.002,0.0,13.012,-0.21,2.0,1449,CNY-9.24,CNY
RFUD,2024-05-20,CRU4,13.009,12.876,13.01,12.906,19345730640.0,7199081092.0,557596.0,1499088,12.905,0.0,12.904,-0.74,1.0,9358,CNY-9.24,CNY
RFUD,2024-05-21,CRU4,12.908,12.788,12.925,12.8,27458867200.0,4614033571.0,358655.0,2145224,12.8,0.0,12.861,-0.82,1.0,5754,CNY-9.24,CNY
RFUD,2024-05-22,CRU4,12.801,12.757,12.834,12.812,31108631448.0,1978402486.0,154531.0,2427896,12.813,0.0,12.803,0.09,10.0,3671,CNY-9.24,CNY
RFUD,2024-05-23,CRU4,12.815,12.787,12.838,12.787,31029343384.0,556579753.0,43415.0,2426632,12.787,0.0,12.82,-0.19,1.0,2691,CNY-9.24,CNY
RFUD,2024-05-24,CRU4,12.787,12.682,12.787,12.71,30888782540.0,520604987.0,40922.0,2430274,12.71,0.0,12.722,-0.6,7.0,4794,CNY-9.24,CNY
RFUD,2024-05-27,CRU4,12.72,12.543,12.722,12.568,33887368138.0,2346655200.0,186098.0,2695678,12.571,0.0,12.598,-1.12,2.0,4922,CNY-9.24,CNY
RFUD,2024-05-28,CRU4,12.564,12.517,12.6,12.585,45606227040.0,6979694029.0,555649.0,3624720,12.582,0.0,12.564,0.14,176.0,20026,CNY-9.24,CNY
RFUD,2024-05-29,CRU4,12.579,12.569,12.728,12.682,56082264308.0,6190537540.0,488852.0,4422194,12.682,0.0,12.681,0.77,61.0,8755,CNY-9.24,CNY
RFUD,2024-05-30,CRU4,12.681,12.673,12.771,12.729,70567660220.0,7926748657.0,622351.0,5543414,12.73,0.0,12.737,0.37,1.0,9539,CNY-9.24,CNY
RFUD,2024-05-31,CRU4,12.737,12.731,12.803,12.774,98138292820.0,17780456144.0,1394843.0,7685066,12.77,0.0,12.757,0.35,9.0,13229,CNY-9.24,CNY
RFUD,2024-06-03,CRU4,12.775,12.575,12.779,12.615,112491380386.0,10580770805.0,836473.0,8915858,12.617,0.0,12.645,-1.24,1.0,15375,CNY-9.24,CNY
RFUD,2024-06-04,CRU4,12.617,12.558,12.661,12.614,115124204464.0,5512528676.0,436700.0,9125254,12.616,0.0,12.62,-0.01,1.0,9282,CNY-9.24,CNY
RFUD,2024-06-05,CRU4,12.616,12.55,12.641,12.594,123980379432.0,7537628042.0,598635.0,9842056,12.597,0.0,12.591,-0.16,4.0,10161,CNY-9.24,CNY
RFUD,2024-06-06,CRU4,12.599,12.543,12.633,12.605,141333269892.0,13338118636.0,1058743.0,11215146,12.602,0.0,12.602,0.09,58.0,10379,CNY-9.24,CNY
RFUD,2024-06-07,CRU4,12.6,12.548,12.692,12.628,154437907536.0,10200458428.0,810242.0,12230768,12.627,0.0,12.592,0.18,9.0,11694,CNY-9.24,CNY
RFUD,2024-06-10,CRU4,12.633,12.527,12.654,12.543,166361538560.0,12202053995.0,971107.0,13262240,12.544,0.0,12.571,-0.67,9.0,8655,CNY-9.24,CNY
RFUD,2024-06-11,CRU4,12.54,12.515,12.634,12.617,165880712640.0,4904607031.0,389299.0,13144272,12.62,0.0,12.605,0.59,2.0,7870,CNY-9.24,CNY
RFUD,2024-06-13,CRU4,12.624,12.098,12.712,12.495,171358054350.0,22938386663.0,1853944.0,13714130,12.495,0.0,12.375,-0.97,1.0,47697,CNY-9.24,CNY
RFUD,2024-06-14,CRU4,12.516,12.394,12.535,12.429,188238514672.0,15677905578.0,1259414.0,15146324,12.428,0.0,12.444,-0.53,9.0,33925,CNY-9.24,CNY
RFUD,2024-06-17,CRU4,12.429,12.119,12.449,12.212,218760654672.0,34695273094.0,2813873.0,17910648,12.214,0.0,12.302,-1.75,300.0,40546,CNY-9.24,CNY
RFUD,2024-06-18,CRU4,12.21,11.71,12.22,11.736,258088168400.0,56317999919.0,4681107.0,21983660,11.74,0.0,11.963,-3.9,3.0,73680,CNY-9.24,CNY
RFUD,2024-06-19,CRU4,11.74,11.084,11.74,11.5,270467981910.0,83966401144.0,7334060.0,23516910,11.501,0.0,11.441,-2.01,500.0,249820,CNY-9.24,CNY
RFUD,2024-06-20,CRU4,11.5,11.393,12.156,12.135,324830887308.0,153296364070.0,12973910.0,26794596,12.123,0.0,11.825,5.52,1.0,332475,CNY-9.24,CNY
RFUD,2024-06-21,CRU4,12.138,11.73,12.437,11.956,344941306022.0,173024403959.0,14324979.0,28843658,11.959,0.0,12.079,-1.47,1.0,337438,CNY-9.24,CNY
RFUD,2024-06-24,CRU4,11.97,11.61,12.05,11.714,351011228080.0,97100107046.0,8206499.0,29921680,11.731,0.0,11.834,-2.02,1.0,236982,CNY-9.24,CNY
RFUD,2024-06-25,CRU4,11.724,11.657,11.917,11.887,374558925056.0,67598612376.0,5729729.0,31507312,11.888,0.0,11.798,1.48,160.0,170025,CNY-9.24,CNY
RFUD,2024-06-26,CRU4,11.888,11.64,11.973,11.663,378636462600.0,71823501673.0,6082783.0,32473110,11.66,0.0,11.808,-1.88,1.0,192248,CNY-9.24,CNY
RFUD,2024-06-27,CRU4,11.665,11.491,11.747,11.669,381258994144.0,81193488684.0,6988262.0,32675608,11.668,0.0,11.62,0.05,2.0,211693,CNY-9.24,CNY
RFUD,2024-06-28,CRU4,11.67,11.58,11.877,11.86,380614154358.0,90209909798.0,7695193.0,32094962,11.859,0.0,11.725,1.64,4.0,230995,CNY-9.24,CNY
RFUD,2024-07-01,CRU4,11.861,11.84,12.039,12.022,384747035724.0,53082955571.0,4438685.0,31984956,12.029,0.0,11.959,1.37,2.0,157232,CNY-9.24,CNY
RFUD,2024-07-02,CRU4,12.018,11.881,12.075,11.906,383235568716.0,51251911442.0,4270754.0,32199258,11.902,0.0,12.001,-0.97,1.0,145252,CNY-9.24,CNY
RFUD,2024-07-03,CRU4,11.89,11.871,12.06,12.037,386820935704.0,33444889220.0,2788373.0,32135992,12.037,0.0,11.995,1.1,1.0,100543,CNY-9.24,CNY
RFUD,2024-07-04,CRU4,12.038,12.021,12.169,12.138,391007825208.0,29931310008.0,2469919.0,32216184,12.137,0.0,12.12,0.84,184.0,92746,CNY-9.24,CNY
RFUD,2024-07-05,CRU4,12.139,11.978,12.207,12.05,394741278190.0,51201357417.0,4239380.0,32766770,12.047,0.0,12.078,-0.73,10.0,135533,CNY-9.24,CNY
RFUD,2024-07-08,CRU4,12.05,11.988,12.16,11.989,393074484718.0,45507894623.0,3766780.0,32775326,11.993,0.0,12.081,-0.51,4.0,119419,CNY-9.24,CNY
RFUD,2024-07-09,CRU4,11.988,11.954,12.083,12.017,383959366592.0,42646604092.0,3545918.0,31959328,12.014,0.0,12.027,0.23,3.0,101267,CNY-9.24,CNY
RFUD,2024-07-10,CRU4,12.01,11.99,12.142,12.128,370376342728.0,51946075875.0,4299944.0,30549022,12.124,0.0,12.079,0.92,5.0,113935,CNY-9.24,CNY
RFUD,2024-07-11,CRU4,12.135,12.089,12.203,12.099,362318988968.0,36183743130.0,2982884.0,29951144,12.097,0.0,12.13,-0.24,140.0,88772,CNY-9.24,CNY
RFUD,2024-07-12,CRU4,12.097,12.065,12.141,12.11,364549727556.0,24930804586.0,2059993.0,30105684,12.109,0.0,12.102,0.09,2.0,65882,CNY-9.24,CNY
RFUD,2024-07-15,CRU4,12.114,12.054,12.216,12.174,368682972832.0,44528579193.0,3672762.0,30279482,12.176,0.0,12.124,0.53,22.0,108108,CNY-9.24,CNY
RFUD,2024-07-16,CRU4,12.18,12.113,12.21,12.15,367074332534.0,26314461925.0,2163859.0,30214366,12.149,0.0,12.161,-0.2,331.0,74955,CNY-9.24,CNY
RFUD,2024-07-17,CRU4,12.155,12.079,12.178,12.09,361848066048.0,32253506318.0,2658021.0,29914688,12.096,0.0,12.139,-0.49,10.0,78808,CNY-9.24,CNY
RFUD,2024-07-18,CRU4,12.103,12.058,12.128,12.11,391640718140.0,41841460899.0,3458251.0,32340274,12.11,0.0,12.093,0.17,7.0,70727,CNY-9.24,CNY
RFUD,2024-07-19,CRU4,12.104,12.025,12.141,12.04,394353247416.0,38214314722.0,3162591.0,32742714,12.044,0.0,12.083,-0.58,40.0,87603,CNY-9.24,CNY
RFUD,2024-07-22,CRU4,12.045,12.018,12.088,12.072,396050756764.0,32033724388.0,2658196.0,32804668,12.073,0.0,12.051,0.27,77.0,77034,CNY-9.24,CNY
RFUD,2024-07-23,CRU4,12.075,11.92,12.079,11.967,393635935872.0,46870842057.0,3909414.0,32909952,11.961,0.0,11.989,-0.87,12.0,95246,CNY-9.24,CNY
RFUD,2024-07-24,CRU4,11.968,11.863,11.969,11.892,385625944440.0,25182228637.0,2115723.0,32432796,11.89,0.0,11.903,-0.63,87.0,54759,CNY-9.24,CNY
RFUD,2024-07-25,CRU4,11.894,11.8,11.896,11.883,384263927528.0,46932660128.0,3961139.0,32340004,11.882,0.0,11.848,-0.08,1.0,96394,CNY-9.24,CNY
RFUD,2024-07-26,CRU4,11.88,11.787,12.026,11.987,375897477146.0,77047007197.0,6469786.0,31374466,11.981,0.0,11.909,0.88,50.0,157770,CNY-9.24,CNY
RFUD,2024-07-29,CRU4,11.996,11.871,12.018,11.876,371932887030.0,46770025929.0,3916279.0,31315390,11.877,0.0,11.942,-0.93,1.0,100101,CNY-9.24,CNY
RFUD,2024-07-30,CRU4,11.877,11.866,11.968,11.948,371691857856.0,32646549848.0,2736281.0,31114336,11.946,0.0,11.931,0.61,6.0,82830,CNY-9.24,CNY
RFUD,2024-07-31,CRU4,11.949,11.88,11.988,11.902,373210197948.0,48488588381.0,4061657.0,31343764,11.907,0.0,11.939,-0.39,5.0,90373,CNY-9.24,CNY
RFUD,2024-08-01,CRU4,11.909,11.761,11.909,11.794,376676384128.0,51643372248.0,4365931.0,31943384,11.792,0.0,11.829,-0.91,37.0,107964,CNY-9.24,CNY
RFUD,2024-08-02,CRU4,11.789,11.789,11.919,11.864,368524550730.0,50839327598.0,4282326.0,31059802,11.865,0.0,11.872,0.59,22.0,124396,CNY-9.24,CNY
RFUD,2024-08-05,CRU4,11.868,11.844,12.017,11.935,366424820100.0,53752193560.0,4508398.0,30714570,11.93,0.0,11.923,0.6,1.0,159387,CNY-9.24,CNY
RFUD,2024-08-06,CRU4,11.941,11.794,11.947,11.914,365839479144.0,48692661178.0,4103926.0,30701534,11.916,0.0,11.865,-0.18,8.0,116726,CNY-9.24,CNY
RFUD,2024-08-07,CRU4,11.916,11.833,11.924,11.887,364624906122.0,34069936394.0,2868217.0,30669098,11.889,0.0,11.878,-0.23,7.0,87879,CNY-9.24,CNY
RFUD,2024-08-08,CRU4,11.89,11.854,11.982,11.953,365637954320.0,40890931262.0,3425602.0,30587080,11.954,0.0,11.937,0.56,63.0,103323,CNY-9.24,CNY
RFUD,2024-08-09,CRU4,11.958,11.92,12.0,11.93,360915808560.0,33795661985.0,2826321.0,30252792,11.93,0.0,11.957,-0.19,10.0,95248,CNY-9.24,CNY
RFUD,2024-08-12,CRU4,11.927,11.894,12.042,12.022,362989575072.0,50220180796.0,4197741.0,30193776,12.022,0.0,11.964,0.77,3.0,150794,CNY-9.24,CNY
RFUD,2024-08-13,CRU4,12.025,11.984,12.216,12.183,369939061038.0,60792195020.0,5009549.0,30365186,12.183,0.0,12.135,1.34,19.0,177639,CNY-9.24,CNY
RFUD,2024-08-14,CRU4,12.182,12.009,12.232,12.017,360016630048.0,72684209003.0,5995947.0,29958944,12.017,0.0,12.122,-1.36,1.0,154310,CNY-9.24,CNY
RFUD,2024-08-15,CRU4,12.014,11.939,12.101,12.035,358537506140.0,69031807850.0,5746921.0,29793710,12.034,0.0,12.012,0.15,1.0,140043,CNY-9.24,CNY
RFUD,2024-08-16,CRU4,12.038,12.034,12.15,12.098,360924908728.0,47150453488.0,3896002.0,29833436,12.098,0.0,12.102,0.52,482.0,100989,CNY-9.24,CNY
RFUD,2024-08-19,CRU4,12.098,12.095,12.195,12.165,367459624248.0,36467656387.0,2998170.0,30208782,12.164,0.0,12.163,0.55,1.0,90616,CNY-9.24,CNY
RFUD,2024-08-20,CRU4,12.17,12.105,12.254,12.254,371129954960.0,38988550249.0,3199651.0,30301270,12.248,0.0,12.185,0.73,1.0,108344,CNY-9.24,CNY
RFUD,2024-08-21,CRU4,12.254,12.134,12.309,12.154,371658962592.0,41677767071.0,3405622.0,30581664,12.153,0.0,12.238,-0.82,7.0,107476,CNY-9.24,CNY
RFUD,2024-08-22,CRU4,12.159,11.897,12.165,11.9,370940731304.0,69911493503.0,5817469.0,31166252,11.902,0.0,12.017,-2.09,32.0,138247,CNY-9.24,CNY
RFUD,2024-08-23,CRU4,11.903,11.733,11.95,11.892,367669696218.0,72588797912.0,6129098.0,30919998,11.891,0.0,11.843,-0.07,328.0,155581,CNY-9.24,CNY
RFUD,2024-08-26,CRU4,11.898,11.692,11.92,11.73,363888599562.0,70466336518.0,5993824.0,31014114,11.733,0.0,11.756,-1.36,1.0,186148,CNY-9.24,CNY
RFUD,2024-08-27,CRU4,11.73,11.711,11.912,11.883,354822880892.0,65146313527.0,5509791.0,29864732,11.881,0.0,11.824,1.3,83.0,145142,CNY-9.24,CNY
RFUD,2024-08-28,CRU4,11.883,11.848,11.965,11.913,310608258880.0,65272733015.0,5481657.0,26075240,11.912,0.0,11.909,0.25,3.0,120183,CNY-9.24,CNY
RFUD,2024-08-29,CRU4,11.919,11.903,12.019,11.958,307999424656.0,38555112054.0,3222741.0,25761076,11.956,0.0,11.964,0.38,1.0,110895,CNY-9.24,CNY
RFUD,2024-08-30,CRU4,11.96,11.954,12.088,12.05,309117059400.0,44160975773.0,3668762.0,25652868,12.05,0.0,12.037,0.77,1.0,102137,CNY-9.24,CNY
RFUD,2024-09-02,CRU4,12.041,11.912,12.123,11.985,326624736090.0,63916508779.0,5310636.0,27252794,11.985,0.0,12.036,-0.54,83.0,137083,CNY-9.24,CNY
RFUD,2024-09-03,CRU4,11.986,11.922,12.075,11.938,318558970730.0,61012774324.0,5086670.0,26691158,11.935,0.0,11.993,-0.39,10.0,138670,CNY-9.24,CNY
RFUD,2024-09-04,CRU4,11.938,11.86,12.292,12.275,334589353396.0,99391792015.0,8207043.0,27253348,12.277,0.0,12.115,2.82,20.0,231814,CNY-9.24,CNY
RFUD,2024-09-05,CRU4,12.281,12.141,12.382,12.269,323682434946.0,55657092149.0,4538217.0,26386438,12.267,0.0,12.262,-0.05,10.0,145563,CNY-9.24,CNY
RFUD,2024-09-06,CRU4,12.264,12.241,12.47,12.453,363862606536.0,60630339163.0,4900980.0,29221218,12.452,0.0,12.37,1.5,20.0,93568,CNY-9.24,CNY
RFUD,2024-09-09,CRU4,12.45,12.416,12.57,12.565,364347289728.0,36304740821.0,2904409.0,28992384,12.567,0.0,12.5,0.9,5.0,94051,CNY-9.24,CNY
RFUD,2024-09-10,CRU4,12.566,12.5,12.637,12.551,354479770000.0,34502037807.0,2743126.0,28245400,12.55,0.0,12.578,-0.11,3.0,83878,CNY-9.24,CNY
RFUD,2024-09-11,CRU4,12.554,12.538,12.64,12.604,347674488140.0,43406928781.0,3448273.0,27582268,12.605,0.0,12.589,0.42,14.0,103624,CNY-9.24,CNY
RFUD,2024-09-12,CRU4,12.608,12.585,12.716,12.67,339047395688.0,41876631184.0,3305731.0,26751412,12.674,0.0,12.672,0.52,10.0,82888,CNY-9.24,CNY
RFUD,2024-09-13,CRU4,12.667,12.623,12.751,12.729,324616592096.0,49809205610.0,3928669.0,25504132,12.728,0.0,12.679,0.47,30.0,114394,CNY-9.24,CNY
RFUD,2024-09-16,CRU4,12.734,12.725,12.909,12.909,287856973544.0,55594518039.0,4344158.0,22302392,12.907,0.0,12.8,1.41,6.0,131989,CNY-9.24,CNY
RFUD,2024-09-17,CRU4,12.906,12.833,12.956,12.891,240773402590.0,61830248833.0,4796314.0,18671842,12.895,0.0,12.894,-0.14,6.0,105953,CNY-9.24,CNY
RFUD,2024-09-18,CRU4,12.889,12.846,12.99,12.981,158970068404.0,93462943807.0,7230459.0,12245422,12.982,0.0,12.933,0.7,5.0,147635,CNY-9.24,CNY
RFUD,2024-09-19,CRU4,12.971,12.967,13.171,13.106,0.0,57621440226.0,4404168.0,0,13.1061,0.0,13.083,0.96,20.0,61174,CNY-9.24,CNY
RFUD,2022-12-02,CRM4,,,,,0.0,,,0,11.394,,,,,0,CNY-6.24,CNY
RFUD,2022-12-05,CRM4,,,,,0.0,,,0,12.814,0.0,,,,0,CNY-6.24,CNY
RFUD,2022-12-06,CRM4,,,,,0.0,,,0,14.249,0.0,,,,0,CNY-6.24,CNY
RFUD,2022-12-07,CRM4,,,,,0.0,,,0,14.567,0.0,,,,0,CNY-6.24,CNY
RFUD,2022-12-08,CRM4,,,,,0.0,,,0,14.566,0.0,,,,0,CNY-6.24,CNY
RFUD,2022-12-09,CRM4,,,,,0.0,,,0,14.512,0.0,,,,0,CNY-6.24,CNY
RFUD,2022-12-12,CRM4,,,,,0.0,,,0,14.543,0.0,,,,0,CNY-6.24,CNY
RFUD,2022-12-13,CRM4,,,,,0.0,,,0,14.612,0.0,,,,0,CNY-6.24,CNY
RFUD,2022-12-14,CRM4,,,,,0.0,,,0,14.832,0.0,,,,0,CNY-6.24,CNY
RFUD,2022-12-15,CRM4,,,,,0.0,,,0,14.776,0.0,,,,0,CNY-6.24,CNY
RFUD,2022-12-16,CRM4,,,,,0.0,,,0,14.077,0.0,,,,0,CNY-6.24,CNY
RFUD,2022-12-19,CRM4,,,,,0.0,,,0,14.654,0.0,,,,0,CNY-6.24,CNY
RFUD,2022-12-20,CRM4,,,,,0.0,,,0,14.993,0.0,,,,0,CNY-6.24,CNY
RFUD,2022-12-21,CRM4,,,,,0.0,,,0,15.251,0.0,,,,0,CNY-6.24,CNY
RFUD,2022-12-22,CRM4,14.386,14.386,14.386,14.386,292160.0,143860.0,10.0,20,14.608,0.0,14.386,,10.0,1,CNY-6.24,CNY
RFUD,2022-12-23,CRM4,,,,,296160.0,,,20,14.808,0.0,,,,0,CNY-6.24,CNY
RFUD,2022-12-26,CRM4,,,,,294440.0,,,20,14.722,0.0,,,,0,CNY-6.24,CNY
RFUD,2022-12-27,CRM4,,,,,301360.0,,,20,15.068,0.0,,,,0,CNY-6.24,CNY
RFUD,2022-12-28,CRM4,,,,,306600.0,,,20,15.33,0.0,,,,0,CNY-6.24,CNY
RFUD,2022-12-29,CRM4,,,,,266520.0,,,20,13.326,0.0,,,,0,CNY-6.24,CNY
RFUD,2022-12-30,CRM4,,,,,289440.0,,,20,14.472,0.0,,,,0,CNY-6.24,CNY
RFUD,2023-01-03,CRM4,,,,,250860.0,,,20,12.543,0.0,,,,0,CNY-6.24,CNY
RFUD,2023-01-04,CRM4,,,,,247580.0,,,20,12.379,0.0,,,,0,CNY-6.24,CNY
RFUD,2023-01-05,CRM4,,,,,239460.0,,,20,11.973,0.0,,,,0,CNY-6.24,CNY
RFUD,2023-01-06,CRM4,11.75,11.75,11.75,11.75,266486.0,11750.0,1.0,22,12.113,0.0,11.75,,1.0,1,CNY-6.24,CNY
RFUD,2023-01-09,CRM4,11.65,11.65,11.65,11.65,290832.0,11650.0,1.0,24,12.118,0.0,11.65,-0.85,1.0,1,CNY-6.24,CNY
RFUD,2023-01-10,CRM4,,,,,293304.0,,,24,12.221,0.0,,,,0,CNY-6.24,CNY
RFUD,2023-01-11,CRM4,11.65,11.65,11.65,11.65,308672.0,11650.0,1.0,26,11.872,0.0,11.65,,1.0,1,CNY-6.24,CNY
RFUD,2023-01-12,CRM4,11.6,11.2,11.6,11.25,570050.0,136200.0,12.0,50,11.401,0.0,11.35,-3.43,1.0,12,CNY-6.24,CNY
RFUD,2023-01-13,CRM4,11.22,11.22,11.3,11.3,565000.0,22520.0,2.0,50,11.3,0.0,11.26,0.44,1.0,2,CNY-6.24,CNY
RFUD,2023-01-16,CRM4,11.3,11.103,11.633,11.119,613440.0,79444.0,7.0,54,11.36,0.0,11.349,-1.6,1.0,7,CNY-6.24,CNY
RFUD,2023-01-17,CRM4,11.084,11.084,11.582,11.582,620730.0,34142.0,3.0,54,11.495,0.0,11.381,4.16,1.0,3,CNY-6.24,CNY
RFUD,2023-01-18,CRM4,11.545,11.2,11.623,11.2,762696.0,136365.0,12.0,66,11.556,0.0,11.364,-3.3,1.0,12,CNY-6.24,CNY
RFUD,2023-01-19,CRM4,11.2,11.15,11.2,11.15,816840.0,67057.0,6.0,72,11.345,0.0,11.176,-0.45,1.0,6,CNY-6.24,CNY
RFUD,2023-01-20,CRM4,11.1,11.087,11.1,11.087,948612.0,66587.0,6.0,84,11.293,0.0,11.098,-0.56,1.0,2,CNY-6.24,CNY
RFUD,2023-01-23,CRM4,11.439,11.255,11.439,11.255,1185600.0,125645.0,11.0,104,11.4,0.0,11.422,1.52,1.0,6,CNY-6.24,CNY
RFUD,2023-01-24,CRM4,11.255,11.102,11.255,11.127,1203948.0,100453.0,9.0,106,11.358,0.0,11.161,-1.14,1.0,8,CNY-6.24,CNY
RFUD,2023-01-25,CRM4,11.2,11.2,11.2,11.2,1206174.0,112000.0,10.0,106,11.379,0.0,11.2,0.66,10.0,1,CNY-6.24,CNY
RFUD,2023-01-26,CRM4,11.197,11.187,11.197,11.187,1285872.0,33571.0,3.0,112,11.481,0.0,11.19,-0.12,1.0,3,CNY-6.24,CNY
RFUD,2023-01-27,CRM4,11.21,11.147,11.35,11.147,1385676.0,78531.0,7.0,122,11.358,0.0,11.219,-0.36,1.0,7,CNY-6.24,CNY
RFUD,2023-01-30,CRM4,11.319,11.319,11.319,11.319,1403556.0,79233.0,7.0,124,11.319,0.0,11.319,1.54,1.0,2,CNY-6.24,CNY
RFUD,2023-01-31,CRM4,11.319,10.959,11.321,11.203,3809020.0,1265475.0,115.0,340,11.203,0.0,11.004,-1.03,1.0,115,CNY-6.24,CNY
RFUD,2023-02-01,CRM4,,,,,3843020.0,,,340,11.303,0.0,,,,0,CNY-6.24,CNY
RFUD,2023-02-02,CRM4,11.293,11.293,11.309,11.309,3777206.0,113042.0,10.0,334,11.309,0.0,11.304,,1.0,7,CNY-6.24,CNY
RFUD,2023-02-03,CRM4,11.309,11.309,11.42,11.42,3791440.0,56789.0,5.0,332,11.42,0.0,11.358,0.98,1.0,5,CNY-6.24,CNY
RFUD,2023-02-06,CRM4,11.34,11.34,11.34,11.34,3787560.0,22680.0,2.0,334,11.34,0.0,11.34,-0.7,1.0,2,CNY-6.24,CNY
RFUD,2023-02-07,CRM4,11.34,11.34,11.34,11.34,3969000.0,90720.0,8.0,350,11.34,0.0,11.34,0.0,8.0,1,CNY-6.24,CNY
RFUD,2023-02-08,CRM4,11.49,11.49,11.5,11.5,3851200.0,218400.0,19.0,332,11.6,0.0,11.495,1.41,1.0,4,CNY-6.24,CNY
RFUD,2023-02-09,CRM4,11.6,11.6,11.76,11.76,4112500.0,210288.0,18.0,350,11.75,0.0,11.683,2.26,3.0,11,CNY-6.24,CNY
RFUD,2023-02-10,CRM4,11.76,11.64,11.76,11.64,4050720.0,152291.0,13.0,348,11.64,0.0,11.715,-1.02,1.0,13,CNY-6.24,CNY
RFUD,2023-02-13,CRM4,11.69,11.69,11.727,11.727,4151358.0,93719.0,8.0,354,11.727,0.0,11.715,0.75,3.0,5,CNY-6.24,CNY
RFUD,2023-02-14,CRM4,11.855,11.737,11.855,11.737,4225320.0,47184.0,4.0,360,11.737,0.0,11.796,0.08,2.0,3,CNY-6.24,CNY
RFUD,2023-02-15,CRM4,11.8,11.8,11.96,11.96,4281680.0,95410.0,8.0,358,11.96,0.0,11.926,1.9,1.0,8,CNY-6.24,CNY
RFUD,2023-02-16,CRM4,12.116,11.86,12.457,11.97,4428900.0,133383.0,11.0,370,11.97,0.0,12.126,0.08,1.0,8,CNY-6.24,CNY
RFUD,2023-02-17,CRM4,11.98,11.81,12.0,11.81,4629520.0,309057.0,26.0,392,11.81,0.0,11.887,-1.34,5.0,15,CNY-6.24,CNY
RFUD,2023-02-20,CRM4,11.8,11.8,11.807,11.807,4675572.0,47214.0,4.0,396,11.807,0.0,11.804,-0.03,1.0,3,CNY-6.24,CNY
RFUD,2023-02-21,CRM4,11.95,11.95,12.05,12.05,4839920.0,59985.0,5.0,404,11.98,0.0,11.997,2.06,1.0,5,CNY-6.24,CNY
RFUD,2023-02-22,CRM4,11.986,11.986,12.0,12.0,4964600.0,83966.0,7.0,412,12.05,0.0,11.995,-0.41,3.0,5,CNY-6.24,CNY
RFUD,2023-02-24,CRM4,11.88,11.84,12.1,12.1,5133300.0,143193.0,12.0,426,12.05,0.0,11.933,0.83,1.0,12,CNY-6.24,CNY
RFUD,2023-02-27,CRM4,11.87,11.86,11.96,11.86,5076080.0,59422.0,5.0,428,11.86,0.0,11.884,-1.98,1.0,5,CNY-6.24,CNY
RFUD,2023-02-28,CRM4,11.91,11.79,12.017,11.79,5058960.0,154717.0,13.0,428,11.82,0.0,11.901,-0.59,1.0,13,CNY-6.24,CNY
RFUD,2023-03-01,CRM4,11.815,11.81,12.319,11.958,5309352.0,168018.0,14.0,444,11.958,0.0,12.001,1.43,1.0,13,CNY-6.24,CNY
RFUD,2023-03-02,CRM4,11.977,11.977,11.977,11.977,5317788.0,11977.0,1.0,444,11.977,0.0,11.977,0.16,1.0,1,CNY-6.24,CNY
RFUD,2023-03-03,CRM4,11.977,11.977,11.977,11.977,5341742.0,11977.0,1.0,446,11.977,0.0,11.977,0.0,1.0,1,CNY-6.24,CNY
RFUD,2023-03-06,CRM4,,,,,5378760.0,,,446,12.06,0.0,,,,0,CNY-6.24,CNY
RFUD,2023-03-07,CRM4,,,,,5338620.0,,,446,11.97,0.0,,,,0,CNY-6.24,CNY
RFUD,2023-03-09,CRM4,11.961,11.86,11.961,11.86,5716520.0,368760.0,31.0,482,11.86,0.0,11.895,,1.0,25,CNY-6.24,CNY
RFUD,2023-03-10,CRM4,11.856,11.856,12.231,11.9,6268572.0,227313.0,19.0,492,12.741,0.0,11.964,0.34,1.0,16,CNY-6.24,CNY
RFUD,2023-03-13,CRM4,12.078,11.876,12.401,11.888,6097408.0,277677.0,23.0,512,11.909,0.0,12.073,-0.1,1.0,14,CNY-6.24,CNY
RFUD,2023-03-14,CRM4,12.1,11.877,12.319,12.07,6415920.0,204835.0,17.0,532,12.06,0.0,12.049,1.53,3.0,11,CNY-6.24,CNY
RFUD,2023-03-15,CRM4,11.9,11.9,11.985,11.985,6489920.0,83810.0,7.0,544,11.93,0.0,11.973,-0.7,1.0,3,CNY-6.24,CNY
RFUD,2023-03-16,CRM4,11.98,11.947,11.985,11.985,6663660.0,95739.0,8.0,556,11.985,0.0,11.967,0.0,1.0,6,CNY-6.24,CNY
RFUD,2023-03-17,CRM4,11.877,11.271,12.6,11.964,8424162.0,4345032.0,362.0,698,12.069,0.0,12.003,-0.18,1.0,102,CNY-6.24,CNY
RFUD,2023-03-20,CRM4,12.187,12.187,12.187,12.187,8441612.0,12187.0,1.0,698,12.094,0.0,12.187,1.86,1.0,1,CNY-6.24,CNY
RFUD,2023-03-21,CRM4,12.145,12.145,12.398,12.398,9018360.0,271967.0,22.0,738,12.22,0.0,12.362,1.73,17.0,6,CNY-6.24,CNY
RFUD,2023-03-22,CRM4,12.089,12.089,12.22,12.22,9018360.0,24309.0,2.0,738,12.22,0.0,12.155,-1.44,1.0,2,CNY-6.24,CNY
RFUD,2023-03-23,CRM4,12.287,12.01,12.287,12.05,9031520.0,229784.0,19.0,752,12.01,0.0,12.094,-1.39,1.0,12,CNY-6.24,CNY
RFUD,2023-03-24,CRM4,11.963,11.958,12.277,12.07,8955940.0,242768.0,20.0,742,12.07,0.0,12.138,0.17,1.0,19,CNY-6.24,CNY
RFUD,2023-03-27,CRM4,12.099,12.02,12.099,12.02,8948088.0,483566.0,40.0,744,12.027,0.0,12.089,-0.41,1.0,6,CNY-6.24,CNY
RFUD,2023-03-28,CRM4,12.09,12.09,12.09,12.09,8994960.0,12090.0,1.0,744,12.09,0.0,12.09,0.58,1.0,1,CNY-6.24,CNY
RFUD,2023-03-29,CRM4,12.08,12.08,12.08,12.08,8987520.0,217440.0,18.0,744,12.08,0.0,12.08,-0.08,1.0,2,CNY-6.24,CNY
RFUD,2023-03-30,CRM4,12.095,12.035,12.095,12.036,9291792.0,192722.0,16.0,772,12.036,0.0,12.045,-0.36,10.0,6,CNY-6.24,CNY
RFUD,2023-03-31,CRM4,12.036,11.906,12.15,12.099,9558210.0,623073.0,52.0,790,12.099,0.0,11.982,0.52,1.0,52,CNY-6.24,CNY
RFUD,2023-04-03,CRM4,12.09,12.09,12.09,12.09,9558440.0,12090.0,1.0,788,12.13,0.0,12.09,-0.07,1.0,1,CNY-6.24,CNY
RFUD,2023-04-04,CRM4,12.199,12.199,12.38,12.37,9796248.0,98541.0,8.0,792,12.369,0.0,12.318,2.32,1.0,8,CNY-6.24,CNY
RFUD,2023-04-05,CRM4,12.369,12.369,12.5,12.439,10142880.0,199056.0,16.0,816,12.43,0.0,12.441,0.56,1.0,12,CNY-6.24,CNY
RFUD,2023-04-06,CRM4,12.43,12.43,12.9,12.65,10879000.0,391656.0,31.0,860,12.65,0.0,12.634,1.7,10.0,20,CNY-6.24,CNY
RFUD,2023-04-07,CRM4,12.66,12.55,12.88,12.655,10478340.0,429874.0,34.0,828,12.655,0.0,12.643,0.04,1.0,20,CNY-6.24,CNY
RFUD,2023-04-10,CRM4,12.655,12.655,12.71,12.71,10519740.0,38074.0,3.0,828,12.705,0.0,12.691,0.43,1.0,3,CNY-6.24,CNY
RFUD,2023-04-11,CRM4,12.705,12.45,12.77,12.77,10735680.0,190114.0,15.0,844,12.72,0.0,12.674,0.47,1.0,14,CNY-6.24,CNY
RFUD,2023-04-12,CRM4,12.73,12.6,12.75,12.6,10634400.0,76290.0,6.0,844,12.6,0.0,12.715,-1.33,1.0,6,CNY-6.24,CNY
RFUD,2023-04-13,CRM4,12.56,12.4,12.56,12.426,10785768.0,311151.0,25.0,868,12.426,0.0,12.446,-1.38,1.0,12,CNY-6.24,CNY
RFUD,2023-04-14,CRM4,12.38,12.22,12.624,12.445,10976490.0,569244.0,46.0,882,12.445,0.0,12.375,0.15,1.0,32,CNY-6.24,CNY
RFUD,2023-04-17,CRM4,12.345,12.341,12.535,12.341,10884762.0,99433.0,8.0,882,12.341,0.0,12.429,-0.84,1.0,7,CNY-6.24,CNY
RFUD,2023-04-18,CRM4,12.42,12.42,12.42,12.42,10941210.0,12420.0,1.0,882,12.405,0.0,12.42,0.64,1.0,1,CNY-6.24,CNY
RFUD,2023-04-19,CRM4,12.405,12.405,12.42,12.42,10954440.0,86890.0,7.0,882,12.42,0.0,12.413,0.0,1.0,7,CNY-6.24,CNY
RFUD,2023-04-20,CRM4,12.44,12.44,12.44,12.44,10972080.0,12440.0,1.0,882,12.44,0.0,12.44,0.16,1.0,1,CNY-6.24,CNY
RFUD,2023-04-21,CRM4,12.45,12.345,12.738,12.44,11096480.0,213978.0,17.0,892,12.44,0.0,12.587,0.0,1.0,13,CNY-6.24,CNY
RFUD,2023-04-24,CRM4,12.581,12.177,12.581,12.324,10919064.0,159965.0,13.0,886,12.324,0.0,12.305,-0.93,1.0,11,CNY-6.24,CNY
RFUD,2023-04-25,CRM4,12.263,12.263,12.263,12.263,10875650.0,12263.0,1.0,886,12.275,0.0,12.263,-0.5,1.0,1,CNY-6.24,CNY
RFUD,2023-04-26,CRM4,12.33,12.33,12.33,12.33,10899720.0,24660.0,2.0,884,12.33,0.0,12.33,0.55,1.0,2,CNY-6.24,CNY
RFUD,2023-04-27,CRM4,12.36,12.326,12.415,12.415,10939500.0,86651.0,7.0,884,12.375,0.0,12.379,0.69,1.0,7,CNY-6.24,CNY
RFUD,2023-04-28,CRM4,12.379,12.1,12.38,12.1,11160854.0,377802.0,31.0,914,12.211,0.0,12.187,-2.54,1.0,25,CNY-6.24,CNY
RFUD,2023-05-02,CRM4,12.183,12.183,12.239,12.239,11137490.0,48900.0,4.0,910,12.239,0.0,12.225,1.15,1.0,4,CNY-6.24,CNY
RFUD,2023-05-03,CRM4,12.185,12.185,12.185,12.185,11088350.0,48740.0,4.0,910,12.185,0.0,12.185,-0.44,1.0,2,CNY-6.24,CNY
RFUD,2023-05-04,CRM4,12.07,11.917,12.09,11.917,11130478.0,336350.0,28.0,934,11.917,0.0,12.013,-2.2,2.0,17,CNY-6.24,CNY
RFUD,2023-05-05,CRM4,11.95,11.816,11.95,11.816,11093726.0,153895.0,13.0,938,11.827,0.0,11.838,-0.85,9.0,4,CNY-6.24,CNY
RFUD,2023-05-08,CRM4,11.95,11.95,11.95,11.95,11304700.0,59750.0,5.0,946,11.95,0.0,11.95,1.13,4.0,2,CNY-6.24,CNY
RFUD,2023-05-10,CRM4,11.999,11.776,12.03,11.776,11281408.0,225999.0,19.0,958,11.776,0.0,11.895,-1.46,1.0,15,CNY-6.24,CNY
RFUD,2023-05-11,CRM4,11.755,11.642,11.938,11.938,11423040.0,294330.0,25.0,960,11.899,0.0,11.773,1.38,1.0,11,CNY-6.24,CNY
RFUD,2023-05-12,CRM4,11.866,11.72,11.866,11.72,11386232.0,58776.0,5.0,962,11.836,0.0,11.755,-1.83,1.0,5,CNY-6.24,CNY
RFUD,2023-05-15,CRM4,11.7,11.7,12.102,11.935,11720170.0,166608.0,14.0,982,11.935,0.0,11.901,1.83,1.0,14,CNY-6.24,CNY
RFUD,2023-05-16,CRM4,12.075,12.013,12.399,12.399,12042310.0,194570.0,16.0,994,12.115,0.0,12.161,3.89,1.0,12,CNY-6.24,CNY
RFUD,2023-05-17,CRM4,12.264,11.945,12.264,11.945,12097146.0,72550.0,6.0,1002,12.073,0.0,12.092,-3.66,1.0,6,CNY-6.24,CNY
RFUD,2023-05-18,CRM4,12.262,12.0,12.262,12.12,12313920.0,228574.0,19.0,1016,12.12,0.0,12.03,1.47,1.0,14,CNY-6.24,CNY
RFUD,2023-05-19,CRM4,12.056,12.052,12.056,12.052,12289980.0,24108.0,2.0,1020,12.049,0.0,12.054,-0.56,1.0,2,CNY-6.24,CNY
RFUD,2023-05-22,CRM4,12.12,12.025,12.126,12.025,12289550.0,72635.0,6.0,1022,12.025,0.0,12.106,-0.22,1.0,5,CNY-6.24,CNY
RFUD,2023-05-23,CRM4,12.078,12.025,12.078,12.025,12337650.0,60234.0,5.0,1026,12.025,0.0,12.047,0.0,1.0,5,CNY-6.24,CNY
RFUD,2023-05-24,CRM4,,,,,12327390.0,,,1026,12.015,0.0,,,,0,CNY-6.24,CNY
RFUD,2023-05-25,CRM4,11.95,11.944,12.01,11.944,12279460.0,59898.0,5.0,1028,11.945,0.0,11.98,,1.0,5,CNY-6.24,CNY
RFUD,2023-05-26,CRM4,11.944,11.925,11.944,11.925,12354300.0,83553.0,7.0,1036,11.925,0.0,11.936,-0.16,1.0,4,CNY-6.24,CNY
RFUD,2023-05-29,CRM4,11.923,11.923,11.98,11.93,12465360.0,83698.0,7.0,1044,11.94,0.0,11.957,0.04,1.0,7,CNY-6.24,CNY
RFUD,2023-05-30,CRM4,11.954,11.876,12.03,11.876,12487148.0,47810.0,4.0,1046,11.938,0.0,11.953,-0.45,1.0,4,CNY-6.24,CNY
RFUD,2023-05-31,CRM4,11.882,11.882,11.882,11.882,12434040.0,11882.0,1.0,1044,11.91,0.0,11.882,0.05,1.0,1,CNY-6.24,CNY
RFUD,2023-06-01,CRM4,11.964,11.905,11.964,11.905,12428820.0,23869.0,2.0,1044,11.905,0.0,11.935,0.19,1.0,2,CNY-6.24,CNY
RFUD,2023-06-02,CRM4,11.955,11.889,12.05,12.001,12529044.0,95844.0,8.0,1044,12.001,0.0,11.981,0.81,1.0,8,CNY-6.24,CNY
RFUD,2023-06-05,CRM4,12.091,11.982,12.323,12.031,12584426.0,352837.0,29.0,1046,12.031,0.0,12.167,0.25,1.0,20,CNY-6.24,CNY
RFUD,2023-06-06,CRM4,12.064,11.93,12.064,11.93,12553992.0,23994.0,2.0,1048,11.979,0.0,11.997,-0.84,1.0,2,CNY-6.24,CNY
RFUD,2023-06-07,CRM4,11.98,11.98,12.026,12.026,12627300.0,24006.0,2.0,1050,12.026,0.0,12.003,0.8,1.0,2,CNY-6.24,CNY
RFUD,2023-06-08,CRM4,,,,,12757500.0,,,1050,12.15,0.0,,,,0,CNY-6.24,CNY
RFUD,2023-06-09,CRM4,12.149,12.004,12.161,12.13,12570180.0,459811.0,38.0,1038,12.11,0.0,12.1,,1.0,29,CNY-6.24,CNY
RFUD,2023-06-13,CRM4,12.03,12.03,12.276,12.08,12603396.0,378266.0,31.0,1038,12.142,0.0,12.202,-0.41,1.0,26,CNY-6.24,CNY
RFUD,2023-06-14,CRM4,12.252,12.075,12.321,12.275,12422300.0,707660.0,58.0,1012,12.275,0.0,12.201,1.61,1.0,39,CNY-6.24,CNY
RFUD,2023-06-15,CRM4,12.343,12.215,12.343,12.263,12410156.0,49158.0,4.0,1012,12.263,0.0,12.29,-0.1,1.0,4,CNY-6.24,CNY
RFUD,2023-06-16,CRM4,12.229,12.229,12.31,12.28,12451920.0,184399.0,15.0,1014,12.28,0.0,12.293,0.14,1.0,14,CNY-6.24,CNY
RFUD,2023-06-19,CRM4,12.385,12.216,12.385,12.31,12753160.0,466332.0,38.0,1036,12.31,0.0,12.272,0.24,1.0,28,CNY-6.24,CNY
RFUD,2023-06-20,CRM4,12.261,12.2,12.356,12.35,12918100.0,418287.0,34.0,1046,12.35,0.0,12.303,0.33,1.0,30,CNY-6.24,CNY
RFUD,2023-06-21,CRM4,12.3,12.19,12.381,12.2,13029600.0,612998.0,50.0,1068,12.2,0.0,12.26,-1.21,1.0,35,CNY-6.24,CNY
RFUD,2023-06-22,CRM4,12.287,12.1,12.287,12.156,13152792.0,535248.0,44.0,1082,12.156,0.0,12.165,-0.36,1.0,36,CNY-6.24,CNY
RFUD,2023-06-23,CRM4,12.13,12.102,12.23,12.177,13287100.0,535606.0,44.0,1090,12.19,0.0,12.173,0.17,1.0,27,CNY-6.24,CNY
RFUD,2023-06-26,CRM4,12.19,12.12,12.297,12.12,13539760.0,256426.0,21.0,1108,12.22,0.0,12.211,-0.47,1.0,13,CNY-6.24,CNY
RFUD,2023-06-27,CRM4,12.299,12.286,12.3,12.286,13662032.0,49172.0,4.0,1112,12.286,0.0,12.293,1.37,1.0,4,CNY-6.24,CNY
RFUD,2023-06-28,CRM4,12.194,12.194,12.367,12.264,13900508.0,234317.0,19.0,1124,12.367,0.0,12.332,-0.18,1.0,14,CNY-6.24,CNY
RFUD,2023-06-29,CRM4,12.28,12.28,12.45,12.444,14559480.0,470997.0,38.0,1170,12.444,0.0,12.395,1.47,1.0,21,CNY-6.24,CNY
RFUD,2023-06-30,CRM4,12.488,12.488,12.72,12.72,14699652.0,427126.0,34.0,1158,12.694,0.0,12.563,2.22,1.0,18,CNY-6.24,CNY
RFUD,2023-07-03,CRM4,12.628,12.563,12.74,12.58,14555402.0,290587.0,23.0,1154,12.613,0.0,12.634,-1.1,1.0,21,CNY-6.24,CNY
RFUD,2023-07-04,CRM4,12.494,12.494,12.8,12.58,14912302.0,277936.0,22.0,1178,12.659,0.0,12.633,0.0,1.0,16,CNY-6.24,CNY
RFUD,2023-07-05,CRM4,12.636,12.636,12.9,12.9,15325200.0,474357.0,37.0,1188,12.9,0.0,12.82,2.54,1.0,15,CNY-6.24,CNY
RFUD,2023-07-06,CRM4,12.988,12.801,13.2,12.818,15458508.0,548246.0,42.0,1206,12.818,0.0,13.053,-0.64,1.0,27,CNY-6.24,CNY
RFUD,2023-07-07,CRM4,12.964,12.964,13.025,13.015,15947808.0,143009.0,11.0,1226,13.008,0.0,13.001,1.54,1.0,9,CNY-6.24,CNY
RFUD,2023-07-10,CRM4,12.935,12.8,13.174,12.836,16248250.0,545873.0,42.0,1262,12.875,0.0,12.997,-1.38,1.0,32,CNY-6.24,CNY
RFUD,2023-07-11,CRM4,12.899,12.732,12.943,12.77,16197432.0,243981.0,19.0,1268,12.774,0.0,12.841,-0.51,1.0,16,CNY-6.24,CNY
RFUD,2023-07-12,CRM4,12.837,12.803,13.199,13.042,16921118.0,273510.0,21.0,1282,13.199,0.0,13.024,2.13,1.0,21,CNY-6.24,CNY
RFUD,2023-07-13,CRM4,13.199,13.001,13.199,13.001,16927302.0,380189.0,29.0,1302,13.001,0.0,13.11,-0.31,1.0,24,CNY-6.24,CNY
RFUD,2023-07-14,CRM4,13.058,12.981,13.071,13.009,16966158.0,234555.0,18.0,1298,13.071,0.0,13.031,0.06,1.0,12,CNY-6.24,CNY
RFUD,2023-07-17,CRM4,13.155,13.0,13.155,13.081,16926814.0,143459.0,11.0,1294,13.081,0.0,13.042,0.55,1.0,9,CNY-6.24,CNY
RFUD,2023-07-18,CRM4,13.049,12.972,13.15,13.048,16831920.0,261353.0,20.0,1290,13.048,0.0,13.068,-0.25,1.0,20,CNY-6.24,CNY
RFUD,2023-07-19,CRM4,13.037,13.037,13.051,13.05,16833210.0,65240.0,5.0,1290,13.049,0.0,13.048,0.01,1.0,3,CNY-6.24,CNY
RFUD,2023-07-20,CRM4,13.005,13.0,13.054,13.0,16770000.0,52064.0,4.0,1290,13.0,0.0,13.016,-0.38,1.0,4,CNY-6.24,CNY
RFUD,2023-07-21,CRM4,12.91,12.88,13.01,13.0,17108000.0,246168.0,19.0,1316,13.0,0.0,12.956,0.0,1.0,16,CNY-6.24,CNY
RFUD,2023-07-24,CRM4,12.94,12.94,13.02,12.956,17101920.0,64828.0,5.0,1320,12.956,0.0,12.966,-0.34,1.0,5,CNY-6.24,CNY
RFUD,2023-07-25,CRM4,12.895,12.841,13.02,13.02,17290560.0,181069.0,14.0,1328,13.02,0.0,12.934,0.49,1.0,14,CNY-6.24,CNY
RFUD,2023-07-26,CRM4,13.001,12.978,13.001,12.978,17260740.0,51957.0,4.0,1330,12.978,0.0,12.989,-0.32,1.0,4,CNY-6.24,CNY
RFUD,2023-07-27,CRM4,13.038,13.038,13.07,13.07,17409240.0,26108.0,2.0,1332,13.07,0.0,13.054,0.71,1.0,2,CNY-6.24,CNY
RFUD,2023-07-28,CRM4,13.07,13.069,13.2,13.2,17688000.0,131295.0,10.0,1340,13.2,0.0,13.13,1.0,1.0,10,CNY-6.24,CNY
RFUD,2023-07-31,CRM4,13.277,13.137,13.573,13.222,18034808.0,559807.0,42.0,1364,13.222,0.0,13.329,0.17,1.0,33,CNY-6.24,CNY
RFUD,2023-08-01,CRM4,13.131,13.121,13.3,13.217,18133724.0,145274.0,11.0,1372,13.217,0.0,13.207,-0.04,1.0,9,CNY-6.24,CNY
RFUD,2023-08-02,CRM4,13.309,13.309,13.4,13.4,18438400.0,66819.0,5.0,1376,13.4,0.0,13.364,1.39,1.0,5,CNY-6.24,CNY
RFUD,2023-08-03,CRM4,13.474,13.381,13.572,13.545,18719190.0,134821.0,10.0,1382,13.545,0.0,13.482,1.08,1.0,10,CNY-6.24,CNY
RFUD,2023-08-04,CRM4,13.557,13.401,13.75,13.729,18891104.0,475674.0,35.0,1376,13.729,0.0,13.591,1.36,1.0,25,CNY-6.24,CNY
RFUD,2023-08-07,CRM4,13.72,13.639,13.9,13.639,18876376.0,358559.0,26.0,1384,13.639,0.0,13.791,-0.66,1.0,23,CNY-6.24,CNY
RFUD,2023-08-08,CRM4,13.624,13.61,13.73,13.73,19090764.0,40964.0,3.0,1386,13.774,0.0,13.655,0.67,1.0,3,CNY-6.24,CNY
RFUD,2023-08-09,CRM4,13.895,13.733,14.09,13.859,18936640.0,920767.0,66.0,1360,13.924,0.0,13.951,0.94,1.0,54,CNY-6.24,CNY
RFUD,2023-08-10,CRM4,13.871,13.87,14.533,13.984,19353856.0,929325.0,66.0,1384,13.984,0.0,14.081,0.9,1.0,56,CNY-6.24,CNY
RFUD,2023-08-11,CRM4,13.95,13.945,14.315,14.1,19768200.0,394668.0,28.0,1402,14.1,0.0,14.095,0.83,1.0,23,CNY-6.24,CNY
RFUD,2023-08-14,CRM4,14.161,13.889,14.484,13.898,19790752.0,1867113.0,131.0,1424,13.898,0.0,14.253,-1.43,1.0,68,CNY-6.24,CNY
RFUD,2023-08-15,CRM4,13.882,13.075,14.266,13.902,19129152.0,2883665.0,212.0,1376,13.902,0.0,13.602,0.03,1.0,67,CNY-6.24,CNY
RFUD,2023-08-16,CRM4,13.798,13.362,13.798,13.46,18601720.0,299155.0,22.0,1382,13.46,0.0,13.598,-3.18,2.0,21,CNY-6.24,CNY
RFUD,2023-08-17,CRM4,13.473,13.341,13.501,13.341,18383898.0,94222.0,7.0,1378,13.341,0.0,13.46,-0.88,1.0,7,CNY-6.24,CNY
RFUD,2023-08-18,CRM4,13.509,13.509,13.509,13.509,18540224.0,27018.0,2.0,1376,13.474,0.0,13.509,1.26,1.0,2,CNY-6.24,CNY
RFUD,2023-08-21,CRM4,13.473,13.473,13.486,13.486,18556736.0,107850.0,8.0,1376,13.486,0.0,13.481,-0.17,5.0,4,CNY-6.24,CNY
RFUD,2023-08-22,CRM4,13.662,13.662,13.749,13.749,18780420.0,27411.0,2.0,1380,13.609,0.0,13.706,1.95,1.0,2,CNY-6.24,CNY
RFUD,2023-08-23,CRM4,13.622,13.532,13.622,13.532,18773960.0,68019.0,5.0,1384,13.565,0.0,13.604,-1.58,1.0,5,CNY-6.24,CNY
RFUD,2023-08-24,CRM4,13.697,13.629,13.781,13.629,18549040.0,410030.0,30.0,1360,13.639,0.0,13.668,0.72,19.0,11,CNY-6.24,CNY
RFUD,2023-08-25,CRM4,,,,,18689120.0,,,1360,13.742,0.0,,,,0,CNY-6.24,CNY
RFUD,2023-08-28,CRM4,13.783,13.43,13.8,13.646,19240860.0,712174.0,52.0,1410,13.646,0.0,13.696,,1.0,22,CNY-6.24,CNY
RFUD,2023-08-29,CRM4,13.66,13.66,14.039,13.75,19471416.0,152511.0,11.0,1416,13.751,0.0,13.865,0.76,1.0,9,CNY-6.24,CNY
RFUD,2023-08-30,CRM4,,,,,19499736.0,,,1416,13.771,0.0,,,,0,CNY-6.24,CNY
RFUD,2023-08-31,CRM4,13.921,13.745,13.987,13.745,19682840.0,166483.0,12.0,1432,13.745,0.0,13.874,,1.0,10,CNY-6.24,CNY
RFUD,2023-09-01,CRM4,13.743,13.739,13.743,13.739,19743312.0,27482.0,2.0,1434,13.768,0.0,13.741,-0.04,1.0,2,CNY-6.24,CNY
RFUD,2023-09-04,CRM4,13.792,13.792,13.914,13.81,22141242.0,2412794.0,174.0,1602,13.821,0.0,13.867,0.52,1.0,17,CNY-6.24,CNY
RFUD,2023-09-05,CRM4,13.902,13.881,14.0,14.0,23968000.0,895033.0,64.0,1712,14.0,0.0,13.985,1.38,50.0,14,CNY-6.24,CNY
RFUD,2023-09-06,CRM4,13.993,13.993,14.021,14.021,24077196.0,56027.0,4.0,1716,14.031,0.0,14.007,0.15,1.0,4,CNY-6.24,CNY
RFUD,2023-09-07,CRM4,14.021,13.872,14.024,14.0,24752000.0,517758.0,37.0,1768,14.0,0.0,13.993,-0.15,1.0,17,CNY-6.24,CNY
RFUD,2023-09-08,CRM4,14.001,13.92,14.001,13.971,24868380.0,139723.0,10.0,1780,13.971,0.0,13.972,-0.21,1.0,9,CNY-6.24,CNY
RFUD,2023-09-11,CRM4,13.882,13.541,13.914,13.78,24776440.0,521627.0,38.0,1798,13.78,0.0,13.727,-1.37,1.0,29,CNY-6.24,CNY
RFUD,2023-09-12,CRM4,13.76,13.615,13.76,13.615,24617586.0,68365.0,5.0,1806,13.631,0.0,13.673,-1.2,1.0,5,CNY-6.24,CNY
RFUD,2023-09-13,CRM4,13.88,13.7,14.048,14.009,25340000.0,263758.0,19.0,1810,14.0,0.0,13.882,2.89,1.0,19,CNY-6.24,CNY
RFUD,2023-09-14,CRM4,13.933,13.733,13.999,13.9,25103400.0,305167.0,22.0,1806,13.9,0.0,13.871,-0.78,1.0,19,CNY-6.24,CNY
RFUD,2023-09-15,CRM4,13.851,13.851,14.1,13.98,25387680.0,321607.0,23.0,1816,13.98,0.0,13.983,0.58,1.0,18,CNY-6.24,CNY
RFUD,2023-09-18,CRM4,14.16,13.92,14.16,13.92,26169600.0,530942.0,38.0,1880,13.92,0.0,13.972,-0.43,1.0,20,CNY-6.24,CNY
RFUD,2023-09-19,CRM4,13.929,13.8,13.93,13.89,26779920.0,416499.0,30.0,1928,13.89,0.0,13.883,-0.22,1.0,15,CNY-6.24,CNY
RFUD,2023-09-20,CRM4,14.0,13.95,14.0,13.95,26893672.0,41901.0,3.0,1928,13.949,0.0,13.967,0.43,1.0,3,CNY-6.24,CNY
RFUD,2023-09-21,CRM4,13.939,13.781,13.94,13.88,30813600.0,4813068.0,347.0,2220,13.88,0.0,13.871,-0.5,1.0,70,CNY-6.24,CNY
RFUD,2023-09-22,CRM4,13.701,13.7,13.888,13.882,36009908.0,4086519.0,295.0,2594,13.882,0.0,13.853,0.01,1.0,69,CNY-6.24,CNY
RFUD,2023-09-25,CRM4,13.887,13.887,13.95,13.95,39562200.0,1923322.0,138.0,2836,13.95,0.0,13.937,0.49,1.0,29,CNY-6.24,CNY
RFUD,2023-09-26,CRM4,13.913,13.913,13.95,13.937,39636828.0,181201.0,13.0,2844,13.937,0.0,13.939,-0.09,1.0,11,CNY-6.24,CNY
RFUD,2023-09-27,CRM4,14.119,13.896,14.12,14.07,40659410.0,1082714.0,77.0,2890,14.069,0.0,14.061,0.95,6.0,22,CNY-6.24,CNY
RFUD,2023-09-28,CRM4,14.083,14.083,14.084,14.084,41575968.0,436603.0,31.0,2952,14.084,0.0,14.084,0.1,30.0,2,CNY-6.24,CNY
RFUD,2023-09-29,CRM4,14.145,13.993,14.173,14.161,43162728.0,3578197.0,253.0,3048,14.161,0.0,14.143,0.55,1.0,40,CNY-6.24,CNY
RFUD,2023-10-02,CRM4,14.211,14.201,14.3,14.271,43616880.0,1183631.0,83.0,3048,14.31,0.0,14.261,0.78,1.0,27,CNY-6.24,CNY
RFUD,2023-10-03,CRM4,14.335,14.222,14.349,14.31,43903080.0,357322.0,25.0,3068,14.31,0.0,14.293,0.27,1.0,17,CNY-6.24,CNY
RFUD,2023-10-04,CRM4,14.31,14.301,14.4,14.4,44092800.0,1193756.0,83.0,3062,14.4,0.0,14.383,0.63,1.0,20,CNY-6.24,CNY
RFUD,2023-10-05,CRM4,14.39,14.382,14.429,14.419,44163636.0,100842.0,7.0,3058,14.442,0.0,14.406,0.13,1.0,7,CNY-6.24,CNY
RFUD,2023-10-06,CRM4,14.6,14.46,14.68,14.495,44035810.0,2082842.0,143.0,3038,14.495,0.0,14.565,0.53,2.0,53,CNY-6.24,CNY
RFUD,2023-10-09,CRM4,14.515,14.402,14.955,14.402,44098924.0,1301667.0,89.0,3062,14.402,0.0,14.625,-0.64,20.0,56,CNY-6.24,CNY
RFUD,2023-10-10,CRM4,14.401,14.303,14.59,14.494,44525568.0,591981.0,41.0,3072,14.494,0.0,14.439,0.64,1.0,32,CNY-6.24,CNY
RFUD,2023-10-11,CRM4,14.5,14.479,14.6,14.49,44513280.0,174489.0,12.0,3072,14.49,0.0,14.541,-0.03,2.0,11,CNY-6.24,CNY
RFUD,2023-10-12,CRM4,14.447,14.018,14.447,14.103,45016776.0,1873422.0,131.0,3192,14.103,0.0,14.301,-2.67,1.0,67,CNY-6.24,CNY
RFUD,2023-10-13,CRM4,14.102,14.021,14.103,14.07,43645140.0,1575736.0,112.0,3102,14.07,0.0,14.069,-0.23,1.0,33,CNY-6.24,CNY
RFUD,2023-10-16,CRM4,14.139,14.047,14.15,14.091,44245740.0,324996.0,23.0,3140,14.091,0.0,14.13,0.15,1.0,20,CNY-6.24,CNY
RFUD,2023-10-17,CRM4,14.01,14.01,14.141,14.141,44374458.0,225773.0,16.0,3138,14.141,0.0,14.111,0.36,1.0,16,CNY-6.24,CNY
RFUD,2023-10-18,CRM4,14.141,14.06,14.141,14.07,44630040.0,323812.0,23.0,3172,14.07,0.0,14.079,-0.5,1.0,9,CNY-6.24,CNY
RFUD,2023-10-19,CRM4,14.069,14.0,14.07,14.0,45612000.0,702474.0,50.0,3258,14.0,0.0,14.049,-0.5,5.0,17,CNY-6.24,CNY
RFUD,2023-10-20,CRM4,13.931,13.745,13.931,13.745,45332910.0,1121424.0,81.0,3290,13.779,0.0,13.845,-1.82,1.0,19,CNY-6.24,CNY
RFUD,2023-10-23,CRM4,13.806,13.6,13.806,13.601,45920352.0,1411602.0,103.0,3376,13.602,0.0,13.705,-1.05,3.0,18,CNY-6.24,CNY
RFUD,2023-10-24,CRM4,13.602,13.4,13.74,13.431,47142810.0,2212852.0,163.0,3510,13.431,0.0,13.576,-1.25,1.0,28,CNY-6.24,CNY
RFUD,2023-10-25,CRM4,13.431,13.43,13.58,13.436,49336992.0,2446261.0,181.0,3672,13.436,0.0,13.515,0.04,1.0,20,CNY-6.24,CNY
RFUD,2023-10-26,CRM4,13.579,13.441,13.58,13.536,49762012.0,243800.0,18.0,3676,13.537,0.0,13.544,0.74,1.0,16,CNY-6.24,CNY
RFUD,2023-10-27,CRM4,13.599,13.5,13.97,13.64,54587280.0,6985241.0,513.0,4002,13.64,0.0,13.616,0.77,5.0,67,CNY-6.24,CNY
RFUD,2023-10-30,CRM4,13.536,13.536,13.698,13.543,52357238.0,5470572.0,402.0,3866,13.543,0.0,13.608,-0.71,1.0,31,CNY-6.24,CNY
RFUD,2023-10-31,CRM4,13.569,13.319,13.701,13.606,49185840.0,6109785.0,453.0,3606,13.64,0.0,13.487,0.46,1.0,67,CNY-6.24,CNY
RFUD,2023-11-01,CRM4,13.607,13.521,13.62,13.557,47585070.0,748581.0,55.0,3510,13.557,0.0,13.611,-0.36,1.0,9,CNY-6.24,CNY
RFUD,2023-11-02,CRM4,13.544,13.542,13.643,13.643,47685440.0,4509565.0,332.0,3496,13.64,0.0,13.583,0.63,8.0,26,CNY-6.24,CNY
RFUD,2023-11-03,CRM4,13.509,13.352,13.589,13.441,48091898.0,1834759.0,137.0,3578,13.441,0.0,13.392,-1.48,25.0,18,CNY-6.24,CNY
RFUD,2023-11-06,CRM4,13.498,13.41,13.537,13.443,49093836.0,739478.0,55.0,3652,13.443,0.0,13.445,0.01,9.0,11,CNY-6.24,CNY
RFUD,2023-11-07,CRM4,13.511,13.419,13.53,13.425,49054950.0,364381.0,27.0,3654,13.425,0.0,13.496,-0.13,3.0,6,CNY-6.24,CNY
RFUD,2023-11-08,CRM4,13.509,13.41,13.517,13.411,50559470.0,1787548.0,133.0,3770,13.411,0.0,13.44,-0.1,6.0,24,CNY-6.24,CNY
RFUD,2023-11-09,CRM4,13.487,13.388,13.527,13.495,52275440.0,2202536.0,164.0,3878,13.48,0.0,13.43,0.63,3.0,31,CNY-6.24,CNY
RFUD,2023-11-10,CRM4,13.38,13.38,13.494,13.44,52308480.0,820309.0,61.0,3892,13.44,0.0,13.448,-0.41,14.0,21,CNY-6.24,CNY
RFUD,2023-11-13,CRM4,13.463,13.36,13.488,13.36,51516160.0,1753620.0,131.0,3856,13.36,0.0,13.386,-0.6,1.0,38,CNY-6.24,CNY
RFUD,2023-11-14,CRM4,13.341,13.218,13.341,13.26,51717900.0,1354930.0,102.0,3900,13.261,0.0,13.284,-0.75,4.0,43,CNY-6.24,CNY
RFUD,2023-11-15,CRM4,13.261,13.091,13.261,13.159,54230600.0,7017553.0,533.0,4124,13.15,0.0,13.166,-0.76,1.0,45,CNY-6.24,CNY
RFUD,2023-11-16,CRM4,13.1,13.015,13.195,13.115,54479710.0,3699650.0,282.0,4154,13.115,0.0,13.119,-0.33,1.0,55,CNY-6.24,CNY
RFUD,2023-11-17,CRM4,13.136,13.093,13.27,13.245,54357480.0,1909099.0,145.0,4104,13.245,0.0,13.166,0.99,1.0,40,CNY-6.24,CNY
RFUD,2023-11-20,CRM4,13.206,13.077,13.299,13.077,54661860.0,1312448.0,100.0,4180,13.077,0.0,13.124,-1.27,1.0,38,CNY-6.24,CNY
RFUD,2023-11-21,CRM4,13.109,13.059,13.188,13.123,58029906.0,5838476.0,445.0,4422,13.123,0.0,13.12,0.35,29.0,75,CNY-6.24,CNY
RFUD,2023-11-22,CRM4,13.164,13.057,13.164,13.136,60530688.0,1952339.0,149.0,4608,13.136,0.0,13.103,0.1,1.0,39,CNY-6.24,CNY
RFUD,2023-11-23,CRM4,13.13,13.04,13.175,13.175,62947820.0,3253406.0,248.0,4780,13.169,0.0,13.119,0.3,13.0,33,CNY-6.24,CNY
RFUD,2023-11-24,CRM4,13.069,13.069,13.208,13.134,65670000.0,5812493.0,443.0,5000,13.134,0.0,13.121,-0.31,1.0,52,CNY-6.24,CNY
RFUD,2023-11-27,CRM4,13.134,13.088,13.15,13.146,66000288.0,433096.0,33.0,5024,13.137,0.0,13.124,0.09,1.0,15,CNY-6.24,CNY
RFUD,2023-11-28,CRM4,13.15,13.093,13.209,13.209,66018582.0,1706294.0,130.0,4998,13.209,0.0,13.125,0.48,1.0,32,CNY-6.24,CNY
RFUD,2023-11-29,CRM4,13.225,13.128,13.476,13.154,71873456.0,6222740.0,472.0,5464,13.154,0.0,13.184,-0.42,3.0,100,CNY-6.24,CNY
RFUD,2023-11-30,CRM4,13.149,13.09,13.154,13.147,70988580.0,1142886.0,87.0,5382,13.19,0.0,13.137,-0.05,5.0,23,CNY-6.24,CNY
RFUD,2023-12-01,CRM4,13.2,13.18,13.32,13.299,98838168.0,25667874.0,1936.0,7432,13.299,0.0,13.258,1.16,1.0,120,CNY-6.24,CNY
RFUD,2023-12-04,CRM4,13.317,13.299,13.45,13.418,131423476.0,28371992.0,2120.0,9788,13.427,0.0,13.383,0.9,1.0,204,CNY-6.24,CNY
RFUD,2023-12-05,CRM4,13.439,13.401,13.61,13.567,114568192.0,23208673.0,1722.0,8444,13.568,0.0,13.478,1.11,1.0,126,CNY-6.24,CNY
RFUD,2023-12-06,CRM4,13.605,13.511,14.178,13.513,117284160.0,5537278.0,406.0,8680,13.512,0.0,13.639,-0.4,4.0,143,CNY-6.24,CNY
RFUD,2023-12-07,CRM4,13.63,13.503,13.647,13.514,116706904.0,4606230.0,339.0,8636,13.514,0.0,13.588,0.01,1.0,79,CNY-6.24,CNY
RFUD,2023-12-08,CRM4,13.474,13.312,13.528,13.443,124562838.0,10171185.0,758.0,9266,13.443,0.0,13.418,-0.53,1.0,113,CNY-6.24,CNY
RFUD,2023-12-11,CRM4,13.431,13.25,13.582,13.29,122400900.0,17642742.0,1324.0,9210,13.29,0.0,13.325,-1.14,1.0,92,CNY-6.24,CNY
RFUD,2023-12-12,CRM4,13.29,13.181,13.29,13.19,130950320.0,13713701.0,1037.0,9928,13.19,0.0,13.224,-0.75,10.0,92,CNY-6.24,CNY
RFUD,2023-12-13,CRM4,13.18,13.13,13.206,13.165,131623670.0,24614765.0,1872.0,9998,13.165,0.0,13.149,-0.19,49.0,111,CNY-6.24,CNY
RFUD,2023-12-14,CRM4,13.177,13.17,13.308,13.282,141214224.0,8094492.0,613.0,10632,13.282,0.0,13.205,0.89,1.0,82,CNY-6.24,CNY
RFUD,2023-12-15,CRM4,13.298,13.231,13.341,13.317,145138326.0,4220293.0,317.0,10902,13.313,0.0,13.313,0.26,2.0,96,CNY-6.24,CNY
RFUD,2023-12-18,CRM4,13.321,13.242,13.332,13.273,148586262.0,13806252.0,1040.0,11198,13.269,0.0,13.275,-0.33,1.0,180,CNY-6.24,CNY
RFUD,2023-12-19,CRM4,13.244,13.207,13.36,13.36,148055520.0,24582391.0,1848.0,11082,13.36,0.0,13.302,0.66,10.0,319,CNY-6.24,CNY
RFUD,2023-12-20,CRM4,13.356,13.321,13.44,13.436,149249906.0,27219541.0,2035.0,11114,13.429,0.0,13.376,0.57,1.0,299,CNY-6.24,CNY
RFUD,2023-12-21,CRM4,13.45,13.372,13.587,13.51,414047216.0,174454197.0,12891.0,30652,13.508,0.0,13.533,0.55,1.0,1299,CNY-6.24,CNY
RFUD,2023-12-22,CRM4,13.494,13.469,13.566,13.499,456387804.0,138994808.0,10296.0,33804,13.501,0.0,13.502,-0.08,12.0,1246,CNY-6.24,CNY
RFUD,2023-12-25,CRM4,13.501,13.349,13.51,13.37,478342820.0,91169717.0,6773.0,35780,13.369,0.0,13.46,-0.96,2.0,1462,CNY-6.24,CNY
RFUD,2023-12-26,CRM4,13.367,13.316,13.42,13.33,547467372.0,116726363.0,8747.0,41058,13.334,0.0,13.345,-0.3,3.0,1320,CNY-6.24,CNY
RFUD,2023-12-27,CRM4,13.326,13.297,13.444,13.405,515231010.0,110576304.0,8248.0,38430,13.407,0.0,13.411,0.56,11.0,1535,CNY-6.24,CNY
RFUD,2023-12-28,CRM4,13.402,13.225,13.418,13.294,534857148.0,146200847.0,10978.0,40236,13.293,0.0,13.317,-0.83,4.0,1873,CNY-6.24,CNY
RFUD,2023-12-29,CRM4,13.293,13.131,13.33,13.261,588723174.0,97322778.0,7359.0,44442,13.247,0.0,13.219,-0.25,1.0,1260,CNY-6.24,CNY
RFUD,2024-01-03,CRM4,13.272,13.242,13.391,13.343,662079660.0,111991933.0,8390.0,49620,13.343,0.0,13.35,0.62,1.0,1024,CNY-6.24,CNY
RFUD,2024-01-04,CRM4,13.358,13.219,13.389,13.22,781513520.0,140023448.0,10536.0,59116,13.22,0.0,13.29,-0.92,1.0,1170,CNY-6.24,CNY
RFUD,2024-01-05,CRM4,13.226,13.192,13.27,13.214,741781104.0,107425653.0,8130.0,56136,13.214,0.0,13.213,-0.04,25.0,1005,CNY-6.24,CNY
RFUD,2024-01-08,CRM4,13.211,13.139,13.328,13.285,799393500.0,152829972.0,11545.0,60150,13.29,0.0,13.238,0.54,1.0,1732,CNY-6.24,CNY
RFUD,2024-01-09,CRM4,13.297,13.023,13.304,13.114,986854728.0,305161008.0,23223.0,75252,13.114,0.0,13.14,-1.29,2.0,2843,CNY-6.24,CNY
RFUD,2024-01-10,CRM4,13.101,12.991,13.117,13.028,1068832512.0,251028497.0,19260.0,82016,13.032,0.0,13.034,-0.66,14.0,2547,CNY-6.24,CNY
RFUD,2024-01-11,CRM4,13.026,12.917,13.04,12.922,1197507584.0,293279872.0,22615.0,92672,12.922,0.0,12.968,-0.81,1.0,2314,CNY-6.24,CNY
RFUD,2024-01-12,CRM4,12.918,12.85,12.93,12.851,1387136940.0,487417353.0,37855.0,107940,12.851,0.0,12.876,-0.55,1.0,3071,CNY-6.24,CNY
RFUD,2024-01-15,CRM4,12.851,12.734,12.859,12.761,2745707804.0,1048709099.0,82146.0,215164,12.761,0.0,12.766,-0.7,49.0,4357,CNY-6.24,CNY
RFUD,2024-01-16,CRM4,12.757,12.721,12.956,12.723,2851712632.0,260387835.0,20381.0,224156,12.722,0.0,12.784,-0.3,10.0,1859,CNY-6.24,CNY
RFUD,2024-01-17,CRM4,12.722,12.722,12.865,12.826,3036587018.0,422736894.0,32981.0,236734,12.827,0.0,12.817,0.81,3.0,2460,CNY-6.24,CNY
RFUD,2024-01-18,CRM4,12.835,12.818,12.9,12.869,3035741352.0,438382922.0,34087.0,235914,12.868,0.0,12.863,0.34,1.0,2138,CNY-6.24,CNY
RFUD,2024-01-19,CRM4,12.872,12.814,12.891,12.818,3151566240.0,248970101.0,19390.0,245832,12.82,0.0,12.84,-0.4,1.0,1762,CNY-6.24,CNY
RFUD,2024-01-22,CRM4,12.813,12.723,12.842,12.774,3438961000.0,309839876.0,24239.0,269300,12.77,0.0,12.783,-0.34,1.0,1770,CNY-6.24,CNY
RFUD,2024-01-23,CRM4,12.779,12.758,12.879,12.877,3441307250.0,181342504.0,14126.0,267286,12.875,0.0,12.838,0.81,1.0,1839,CNY-6.24,CNY
RFUD,2024-01-24,CRM4,12.88,12.816,12.917,12.917,3891091246.0,507732041.0,39405.0,301238,12.917,0.0,12.888,0.31,5.0,2357,CNY-6.24,CNY
RFUD,2024-01-25,CRM4,12.911,12.838,12.97,12.914,3886666944.0,396756746.0,30746.0,301012,12.912,0.0,12.912,-0.02,1.0,2447,CNY-6.24,CNY
RFUD,2024-01-26,CRM4,12.919,12.89,13.0,12.993,4277919264.0,300029683.0,23126.0,329248,12.993,0.0,12.975,0.61,1.0,2413,CNY-6.24,CNY
RFUD,2024-01-29,CRM4,12.979,12.821,13.011,12.834,3991836024.0,514726219.0,39863.0,311036,12.834,0.0,12.911,-1.22,40.0,3095,CNY-6.24,CNY
RFUD,2024-01-30,CRM4,12.828,12.791,12.915,12.895,4111068810.0,391620863.0,30488.0,318910,12.891,0.0,12.847,0.47,3.0,2116,CNY-6.24,CNY
RFUD,2024-01-31,CRM4,12.886,12.872,12.998,12.99,4399039232.0,269501741.0,20825.0,338596,12.992,0.0,12.941,0.74,1.0,2059,CNY-6.24,CNY
RFUD,2024-02-01,CRM4,12.99,12.949,13.047,13.04,7409249760.0,1914509373.0,146959.0,568194,13.04,0.0,13.028,0.39,71.0,4428,CNY-6.24,CNY
RFUD,2024-02-02,CRM4,13.047,13.007,13.121,13.058,7211045456.0,632759469.0,48424.0,552232,13.058,0.0,13.07,0.14,5.0,2481,CNY-6.24,CNY
RFUD,2024-02-05,CRM4,13.06,12.933,13.132,12.992,7613056800.0,766613740.0,58794.0,585800,12.996,0.0,13.038,-0.51,67.0,5529,CNY-6.24,CNY
RFUD,2024-02-06,CRM4,12.982,12.978,13.123,13.12,7745496960.0,263354117.0,20162.0,590358,13.12,0.0,13.064,0.98,4.0,2138,CNY-6.24,CNY
RFUD,2024-02-07,CRM4,13.103,13.056,13.146,13.137,7798396576.0,200983188.0,15322.0,593666,13.136,0.0,13.117,0.13,1.0,2106,CNY-6.24,CNY
RFUD,2024-02-08,CRM4,13.132,13.005,13.155,13.007,7660219560.0,234979591.0,17961.0,588840,13.009,0.0,13.079,-0.99,1.0,1876,CNY-6.24,CNY
RFUD,2024-02-09,CRM4,13.007,12.958,13.052,13.001,7685404188.0,309178278.0,23794.0,591094,13.002,0.0,12.994,-0.05,20.0,2218,CNY-6.24,CNY
RFUD,2024-02-12,CRM4,13.005,12.945,13.016,12.997,14867632216.0,4071012830.0,313545.0,1143928,12.997,0.0,12.991,-0.03,1.0,4139,CNY-6.24,CNY
RFUD,2024-02-13,CRM4,13.001,12.952,13.018,12.981,31786168034.0,8741709450.0,672096.0,2449046,12.979,0.0,13.01,-0.12,5.0,4050,CNY-6.24,CNY
RFUD,2024-02-14,CRM4,12.98,12.969,13.037,13.02,35946006978.0,2165211345.0,166805.0,2760618,13.021,0.0,13.005,0.3,1.0,2155,CNY-6.24,CNY
RFUD,2024-02-15,CRM4,13.019,13.002,13.164,13.15,39190997600.0,1541048806.0,118211.0,2980304,13.15,0.0,13.105,1.0,7.0,1342,CNY-6.24,CNY
RFUD,2024-02-16,CRM4,13.155,13.071,13.224,13.076,39275446512.0,366980842.0,27906.0,3004088,13.074,0.0,13.15,-0.56,7.0,2450,CNY-6.24,CNY
RFUD,2024-02-19,CRM4,13.073,13.065,13.202,13.194,49821441192.0,5303723685.0,405194.0,3776068,13.194,0.0,13.169,0.9,34.0,2865,CNY-6.24,CNY
RFUD,2024-02-20,CRM4,13.202,13.166,13.223,13.2,54441288000.0,2457330870.0,186144.0,4124340,13.2,0.0,13.2,0.04,1.0,1791,CNY-6.24,CNY
RFUD,2024-02-21,CRM4,13.193,13.146,13.217,13.187,57560198670.0,1779184142.0,134946.0,4365582,13.185,0.0,13.184,-0.1,3.0,3311,CNY-6.24,CNY
RFUD,2024-02-22,CRM4,13.186,13.104,13.231,13.194,72011331066.0,7598993159.0,576040.0,5459126,13.191,0.0,13.188,0.05,1.0,7233,CNY-6.24,CNY
RFUD,2024-02-26,CRM4,13.195,13.108,13.266,13.161,72696398010.0,1224347089.0,93027.0,5526142,13.155,0.0,13.161,-0.25,25.0,7421,CNY-6.24,CNY
RFUD,2024-02-27,CRM4,13.16,13.109,13.198,13.158,78801145056.0,3327552695.0,252726.0,5988384,13.159,0.0,13.149,-0.02,99.0,3461,CNY-6.24,CNY
RFUD,2024-02-28,CRM4,13.148,12.996,13.165,13.001,79284896892.0,1295599062.0,99104.0,6095556,13.007,0.0,13.073,-1.19,23.0,4493,CNY-6.24,CNY
RFUD,2024-02-29,CRM4,12.996,12.912,13.023,12.981,83037369360.0,2676060074.0,206443.0,6397332,12.98,0.0,12.962,-0.15,298.0,6729,CNY-6.24,CNY
RFUD,2024-03-01,CRM4,12.981,12.979,13.072,13.051,84350335664.0,838291841.0,64341.0,6464618,13.048,0.0,13.032,0.54,70.0,3007,CNY-6.24,CNY
RFUD,2024-03-04,CRM4,13.055,12.973,13.066,13.004,97770073236.0,8413944535.0,646202.0,7519618,13.002,0.0,13.005,-0.36,1.0,10997,CNY-6.24,CNY
RFUD,2024-03-05,CRM4,13.01,12.878,13.01,12.888,118653713640.0,11734212049.0,907487.0,9203670,12.892,0.0,12.921,-0.89,1.0,15226,CNY-6.24,CNY
RFUD,2024-03-06,CRM4,12.888,12.796,12.903,12.865,137034480720.0,11318033140.0,880982.0,10651728,12.865,0.0,12.846,-0.18,7.0,10474,CNY-6.24,CNY
RFUD,2024-03-07,CRM4,12.85,12.85,12.938,12.925,155689509250.0,12560287796.0,974198.0,12045610,12.925,0.0,12.904,0.47,2.0,10610,CNY-6.24,CNY
RFUD,2024-03-11,CRM4,12.925,12.869,12.938,12.907,204875270484.0,26626363046.0,2065934.0,15879342,12.902,0.0,12.893,-0.14,1.0,21005,CNY-6.24,CNY
RFUD,2024-03-12,CRM4,12.907,12.89,13.069,13.065,226695589386.0,16762028021.0,1296019.0,17354022,13.063,0.0,12.955,1.22,26.0,20251,CNY-6.24,CNY
RFUD,2024-03-13,CRM4,13.065,12.912,13.09,12.97,258825895880.0,20919962541.0,1611393.0,19963432,12.965,0.0,12.977,-0.73,1.0,31600,CNY-6.24,CNY
RFUD,2024-03-14,CRM4,12.957,12.952,13.018,12.967,286162209430.0,22249580196.0,1714537.0,22071902,12.965,0.0,12.979,-0.02,2.0,23441,CNY-6.24,CNY
RFUD,2024-03-15,CRM4,12.97,12.954,13.124,13.123,312884527956.0,19389326100.0,1489959.0,23851542,13.118,0.0,13.017,1.2,1.0,36428,CNY-6.24,CNY
RFUD,2024-03-18,CRM4,13.125,12.918,13.129,12.997,337684622792.0,21688190864.0,1667294.0,25981736,12.997,0.0,13.007,-0.96,4.0,39046,CNY-6.24,CNY
RFUD,2024-03-19,CRM4,12.986,12.959,13.095,13.079,398954737548.0,39056385694.0,3001785.0,30508124,13.077,0.0,13.034,0.63,6.0,47587,CNY-6.24,CNY
RFUD,2024-03-20,CRM4,13.079,13.052,13.161,13.097,403083541600.0,27914803636.0,2128071.0,30769736,13.1,0.0,13.118,0.14,1.0,67546,CNY-6.24,CNY
RFUD,2024-03-21,CRM4,13.091,12.993,13.144,13.068,405729080640.0,55438181415.0,4242428.0,31054656,13.065,0.0,13.068,-0.22,48.0,123357,CNY-6.24,CNY
RFUD,2024-03-22,CRM4,13.069,13.002,13.107,13.066,408138005340.0,35739457057.0,2736444.0,31239036,13.065,0.0,13.06,-0.01,1.0,71834,CNY-6.24,CNY
RFUD,2024-03-25,CRM4,13.066,13.053,13.17,13.09,410579495454.0,42537887072.0,3251455.0,31368286,13.089,0.0,13.102,0.18,35.0,69403,CNY-6.24,CNY
RFUD,2024-03-26,CRM4,13.09,13.067,13.116,13.104,412849539648.0,21049872348.0,1607739.0,31505612,13.104,0.0,13.093,0.11,1.0,47396,CNY-6.24,CNY
RFUD,2024-03-27,CRM4,13.104,12.928,13.108,12.959,403369632000.0,48833693219.0,3752186.0,31124200,12.96,0.0,13.013,-1.11,40.0,84441,CNY-6.24,CNY
RFUD,2024-03-28,CRM4,12.96,12.945,13.038,13.026,404497732704.0,35926105963.0,2763903.0,31053104,13.026,0.0,12.998,0.52,5.0,64074,CNY-6.24,CNY
RFUD,2024-03-29,CRM4,13.025,12.907,13.038,12.974,404796918582.0,44636329840.0,3441208.0,31207842,12.971,0.0,12.97,-0.4,1.0,72147,CNY-6.24,CNY
RFUD,2024-04-01,CRM4,12.974,12.964,13.025,13.003,407259003292.0,36769792927.0,2828743.0,31310756,13.007,0.0,12.999,0.22,50.0,64177,CNY-6.24,CNY
RFUD,2024-04-02,CRM4,13.0,12.987,13.071,13.037,401531206648.0,36594680712.0,2806753.0,30794632,13.039,0.0,13.038,0.26,120.0,64144,CNY-6.24,CNY
RFUD,2024-04-03,CRM4,13.04,12.936,13.082,13.018,399987183760.0,40872428678.0,3143267.0,30732784,13.015,0.0,13.003,-0.15,2.0,82912,CNY-6.24,CNY
RFUD,2024-04-04,CRM4,13.014,12.971,13.031,13.001,398977080184.0,19830608720.0,1525373.0,30688184,13.001,0.0,13.001,-0.13,1.0,61596,CNY-6.24,CNY
RFUD,2024-04-05,CRM4,13.0,12.988,13.075,13.052,400629364928.0,34020400244.0,2608050.0,30694864,13.052,0.0,13.045,0.39,1.0,54677,CNY-6.24,CNY
RFUD,2024-04-08,CRM4,13.055,13.029,13.074,13.052,401773688388.0,18666637227.0,1430658.0,30777822,13.054,0.0,13.048,0.0,170.0,38924,CNY-6.24,CNY
RFUD,2024-04-09,CRM4,13.055,13.051,13.1,13.093,402685967320.0,29120363018.0,2226181.0,30760520,13.091,0.0,13.081,0.31,1.0,47783,CNY-6.24,CNY
RFUD,2024-04-10,CRM4,13.094,13.091,13.17,13.152,405916382900.0,32607151643.0,2480630.0,30868166,13.15,0.0,13.145,0.45,25.0,58759,CNY-6.24,CNY
RFUD,2024-04-11,CRM4,13.156,13.091,13.205,13.11,406504824348.0,31505707183.0,2394563.0,31004868,13.111,0.0,13.157,-0.32,41.0,60965,CNY-6.24,CNY
RFUD,2024-04-12,CRM4,13.105,13.061,13.162,13.095,409197676252.0,23185762048.0,1768980.0,31253164,13.093,0.0,13.107,-0.11,70.0,49494,CNY-6.24,CNY
RFUD,2024-04-15,CRM4,13.092,13.085,13.143,13.134,407648192058.0,17681351608.0,1347585.0,31044718,13.131,0.0,13.121,0.3,47.0,38669,CNY-6.24,CNY
RFUD,2024-04-16,CRM4,13.131,13.129,13.231,13.231,410134538000.0,39125763528.0,2972995.0,30998000,13.231,0.0,13.181,0.74,150.0,76821,CNY-6.24,CNY
RFUD,2024-04-17,CRM4,13.231,13.174,13.258,13.195,413103110868.0,25438759326.0,1923972.0,31309922,13.194,0.0,13.222,-0.27,50.0,51765,CNY-6.24,CNY
RFUD,2024-04-18,CRM4,13.196,13.124,13.234,13.127,414874246844.0,33262626888.0,2525710.0,31599836,13.129,0.0,13.17,-0.52,6.0,64884,CNY-6.24,CNY
RFUD,2024-04-19,CRM4,13.127,12.995,13.139,13.032,407831425062.0,37328597027.0,2859476.0,31292214,13.033,0.0,13.054,-0.72,13.0,71903,CNY-6.24,CNY
RFUD,2024-04-22,CRM4,13.038,12.998,13.073,13.055,413121837210.0,30544741512.0,2343936.0,31649570,13.053,0.0,13.031,0.18,1.0,69610,CNY-6.24,CNY
RFUD,2024-04-23,CRM4,13.054,12.961,13.059,12.974,418262567100.0,35556505689.0,2734366.0,32236036,12.975,0.0,13.004,-0.62,10.0,71303,CNY-6.24,CNY
RFUD,2024-04-24,CRM4,12.979,12.851,12.983,12.851,407221172708.0,37499976062.0,2907339.0,31680502,12.854,0.0,12.898,-0.95,150.0,61142,CNY-6.24,CNY
RFUD,2024-04-25,CRM4,12.857,12.83,12.907,12.867,402037359836.0,30901505325.0,2400559.0,31248046,12.866,0.0,12.873,0.12,1.0,58018,CNY-6.24,CNY
RFUD,2024-04-26,CRM4,12.868,12.686,12.893,12.737,401607370024.0,78273231527.0,6121754.0,31525816,12.739,0.0,12.786,-1.01,2.0,102617,CNY-6.24,CNY
RFUD,2024-04-27,CRM4,12.737,12.7,12.854,12.852,400734763458.0,22524360407.0,1762472.0,31183158,12.851,0.0,12.78,0.9,1.0,37920,CNY-6.24,CNY
RFUD,2024-04-29,CRM4,12.855,12.833,12.945,12.927,402176497268.0,20325996147.0,1573827.0,31123394,12.922,0.0,12.915,0.58,3.0,45462,CNY-6.24,CNY
RFUD,2024-04-30,CRM4,12.912,12.871,12.937,12.906,401252583674.0,17274085824.0,1338449.0,31087982,12.907,0.0,12.906,-0.16,7.0,45969,CNY-6.24,CNY
RFUD,2024-05-02,CRM4,12.904,12.798,12.928,12.855,406307117744.0,40140918769.0,3122720.0,31604474,12.856,0.0,12.854,-0.4,80.0,75913,CNY-6.24,CNY
RFUD,2024-05-03,CRM4,12.856,12.841,12.92,12.871,407220999378.0,32776431026.0,2544516.0,31643562,12.869,0.0,12.881,0.12,1.0,58319,CNY-6.24,CNY
RFUD,2024-05-06,CRM4,12.871,12.779,12.88,12.819,405529936448.0,32991109466.0,2572836.0,31637536,12.818,0.0,12.823,-0.4,40.0,60863,CNY-6.24,CNY
RFUD,2024-05-07,CRM4,12.819,12.737,12.837,12.762,398177630078.0,37253481699.0,2916474.0,31188034,12.767,0.0,12.773,-0.45,3.0,72307,CNY-6.24,CNY
RFUD,2024-05-08,CRM4,12.769,12.738,12.816,12.794,398617284520.0,33993510628.0,2658585.0,31156580,12.794,0.0,12.786,0.25,100.0,67890,CNY-6.24,CNY
RFUD,2024-05-10,CRM4,12.788,12.782,12.865,12.837,398369285952.0,15394496370.0,1199692.0,31032896,12.837,0.0,12.832,0.34,50.0,39886,CNY-6.24,CNY
RFUD,2024-05-13,CRM4,12.837,12.717,12.851,12.717,394403766300.0,36982192586.0,2895156.0,31013900,12.717,0.0,12.774,-0.94,5.0,73649,CNY-6.24,CNY
RFUD,2024-05-14,CRM4,12.717,12.705,12.777,12.76,393866304288.0,31414788139.0,2464469.0,30857592,12.764,0.0,12.747,0.34,3.0,54199,CNY-6.24,CNY
RFUD,2024-05-15,CRM4,12.764,12.69,12.779,12.713,395380709412.0,26567148743.0,2085916.0,31098058,12.714,0.0,12.736,-0.37,1.0,58297,CNY-6.24,CNY
RFUD,2024-05-16,CRM4,12.712,12.685,12.744,12.72,397210503424.0,25821404193.0,2030718.0,31229696,12.719,0.0,12.715,0.06,6.0,48633,CNY-6.24,CNY
RFUD,2024-05-17,CRM4,12.716,12.682,12.723,12.689,396576791820.0,15379384773.0,1211153.0,31243740,12.693,0.0,12.698,-0.24,1.0,35832,CNY-6.24,CNY
RFUD,2024-05-20,CRM4,12.69,12.583,12.697,12.613,382000294668.0,36052504057.0,2856103.0,30286236,12.613,0.0,12.622,-0.6,193.0,56592,CNY-6.24,CNY
RFUD,2024-05-21,CRM4,12.618,12.503,12.629,12.513,369286237350.0,35703402597.0,2839844.0,29507490,12.515,0.0,12.572,-0.79,68.0,53873,CNY-6.24,CNY
RFUD,2024-05-22,CRM4,12.515,12.468,12.55,12.526,364039450848.0,30321000486.0,2421088.0,29058066,12.528,0.0,12.523,0.1,40.0,54407,CNY-6.24,CNY
RFUD,2024-05-23,CRM4,12.526,12.482,12.543,12.482,367560996880.0,25737574845.0,2056666.0,29440208,12.485,0.0,12.514,-0.35,52.0,48781,CNY-6.24,CNY
RFUD,2024-05-24,CRM4,12.485,12.365,12.485,12.399,357759469144.0,38279486496.0,3082885.0,28858552,12.397,0.0,12.417,-0.66,1.0,64229,CNY-6.24,CNY
RFUD,2024-05-27,CRM4,12.397,12.233,12.411,12.256,355140557538.0,36347936363.0,2956490.0,28969782,12.259,0.0,12.294,-1.15,2.0,57007,CNY-6.24,CNY
RFUD,2024-05-28,CRM4,12.256,12.219,12.309,12.282,342180180036.0,50322141059.0,4103796.0,27860298,12.282,0.0,12.262,0.21,29.0,83252,CNY-6.24,CNY
RFUD,2024-05-29,CRM4,12.279,12.275,12.438,12.396,342069078880.0,38713451919.0,3128409.0,27597344,12.395,0.0,12.377,0.93,1.0,66740,CNY-6.24,CNY
RFUD,2024-05-30,CRM4,12.386,12.386,12.478,12.454,323870191500.0,38493670356.0,3092374.0,26013670,12.45,0.0,12.451,0.47,9.0,57508,CNY-6.24,CNY
RFUD,2024-05-31,CRM4,12.458,12.446,12.517,12.468,306213581280.0,47812731636.0,3833588.0,24559960,12.468,0.0,12.476,0.11,50.0,55938,CNY-6.24,CNY
RFUD,2024-06-03,CRM4,12.47,12.286,12.479,12.325,293255508630.0,67127474985.0,5427729.0,23789690,12.327,0.0,12.367,-1.15,1.0,95041,CNY-6.24,CNY
RFUD,2024-06-04,CRM4,12.324,12.245,12.361,12.295,292112429620.0,42961236376.0,3491742.0,23758636,12.295,0.0,12.304,-0.24,145.0,69967,CNY-6.24,CNY
RFUD,2024-06-05,CRM4,12.296,12.243,12.325,12.284,286350162016.0,29972812483.0,2439517.0,23310824,12.284,0.0,12.287,-0.09,6.0,49300,CNY-6.24,CNY
RFUD,2024-06-06,CRM4,12.286,12.227,12.33,12.29,274812559984.0,61307009282.0,4987922.0,22367944,12.286,0.0,12.291,0.05,35.0,77582,CNY-6.24,CNY
RFUD,2024-06-07,CRM4,12.284,12.237,12.371,12.304,262111512100.0,48103560529.0,3913757.0,21301220,12.305,0.0,12.293,0.11,37.0,76862,CNY-6.24,CNY
RFUD,2024-06-10,CRM4,12.311,12.211,12.333,12.211,246888397412.0,38531963389.0,3143595.0,20213558,12.214,0.0,12.261,-0.76,2.0,67671,CNY-6.24,CNY
RFUD,2024-06-11,CRM4,12.211,12.18,12.299,12.28,246347291448.0,33292510767.0,2715257.0,20054322,12.284,0.0,12.262,0.56,38.0,59370,CNY-6.24,CNY
RFUD,2024-06-13,CRM4,12.284,11.775,12.37,12.199,230041821510.0,92835636720.0,7683506.0,18863618,12.195,0.0,12.082,-0.66,8.0,183290,CNY-6.24,CNY
RFUD,2024-06-14,CRM4,12.2,12.12,12.24,12.165,231018556620.0,59270729556.0,4872138.0,18990428,12.165,0.0,12.164,-0.28,43.0,104585,CNY-6.24,CNY
RFUD,2024-06-17,CRM4,12.17,11.935,12.179,11.94,198419365568.0,70926740463.0,5869876.0,16612472,11.944,0.0,12.07,-1.85,1.0,99786,CNY-6.24,CNY
RFUD,2024-06-18,CRM4,11.94,11.441,11.953,11.469,158345330640.0,124020362466.0,10538628.0,13800360,11.474,0.0,11.735,-3.94,2.0,153781,CNY-6.24,CNY
RFUD,2024-06-19,CRM4,11.457,10.882,11.476,11.164,161499476736.0,95788645486.0,8569917.0,14462208,11.167,0.0,11.171,-2.66,7.0,206100,CNY-6.24,CNY
RFUD,2024-06-20,CRM4,11.19,11.078,11.487,11.485,0.0,39313085032.0,3460956.0,0,11.4854,0.0,11.363,2.88,10.0,60471,CNY-6.24,CNY
RFUD,2023-09-08,CRH5,,,,,0.0,,,0,14.507,0.0,,,,0,CNY-3.25,CNY
RFUD,2023-09-11,CRH5,,,,,0.0,,,0,14.43,0.0,,,,0,CNY-3.25,CNY
RFUD,2023-09-12,CRH5,,,,,0.0,,,0,14.39,0.0,,,,0,CNY-3.25,CNY
RFUD,2023-09-13,CRH5,,,,,0.0,,,0,14.75,0.0,,,,0,CNY-3.25,CNY
RFUD,2023-09-14,CRH5,,,,,0.0,,,0,14.611,0.0,,,,0,CNY-3.25,CNY
RFUD,2023-09-15,CRH5,,,,,0.0,,,0,14.503,0.0,,,,0,CNY-3.25,CNY
RFUD,2023-09-18,CRH5,,,,,0.0,,,0,14.461,0.0,,,,0,CNY-3.25,CNY
RFUD,2023-09-19,CRH5,,,,,0.0,,,0,14.499,0.0,,,,0,CNY-3.25,CNY
RFUD,2023-09-20,CRH5,,,,,0.0,,,0,14.556,0.0,,,,0,CNY-3.25,CNY
RFUD,2023-09-21,CRH5,14.399,14.399,14.399,14.399,28808.0,14399.0,1.0,2,14.404,0.0,14.399,,1.0,1,CNY-3.25,CNY
RFUD,2023-09-22,CRH5,14.66,14.66,14.66,14.66,0.0,14660.0,1.0,0,14.41,0.0,14.66,1.81,1.0,1,CNY-3.25,CNY
RFUD,2023-09-25,CRH5,14.729,14.729,14.729,14.729,29136.0,14729.0,1.0,2,14.568,0.0,14.729,0.47,1.0,1,CNY-3.25,CNY
RFUD,2023-09-26,CRH5,14.459,14.336,14.459,14.336,144000.0,57476.0,4.0,10,14.4,0.0,14.369,-2.67,1.0,4,CNY-3.25,CNY
RFUD,2023-09-27,CRH5,,,,,145780.0,,,10,14.578,0.0,,,,0,CNY-3.25,CNY
RFUD,2023-09-28,CRH5,,,,,145370.0,,,10,14.537,0.0,,,,0,CNY-3.25,CNY
RFUD,2023-09-29,CRH5,,,,,147170.0,,,10,14.717,0.0,,,,0,CNY-3.25,CNY
RFUD,2023-10-02,CRH5,14.499,14.498,14.499,14.498,233120.0,43496.0,3.0,16,14.57,0.0,14.499,,1.0,3,CNY-3.25,CNY
RFUD,2023-10-03,CRH5,,,,,235872.0,,,16,14.742,0.0,,,,0,CNY-3.25,CNY
RFUD,2023-10-04,CRH5,14.741,14.7,14.742,14.742,294840.0,44183.0,3.0,20,14.742,0.0,14.728,,1.0,3,CNY-3.25,CNY
RFUD,2023-10-05,CRH5,,,,,296000.0,,,20,14.8,0.0,,,,0,CNY-3.25,CNY
RFUD,2023-10-06,CRH5,14.701,14.701,14.948,14.948,717504.0,267821.0,18.0,48,14.948,0.0,14.879,,2.0,17,CNY-3.25,CNY
RFUD,2023-10-09,CRH5,14.891,14.891,15.4,15.29,1100880.0,576050.0,38.0,72,15.29,0.0,15.159,2.29,1.0,29,CNY-3.25,CNY
RFUD,2023-10-10,CRH5,15.191,15.0,15.249,15.249,1156340.0,120855.0,8.0,76,15.215,0.0,15.107,-0.27,1.0,7,CNY-3.25,CNY
RFUD,2023-10-11,CRH5,15.215,15.215,15.219,15.219,1126206.0,30434.0,2.0,74,15.219,0.0,15.217,-0.2,1.0,2,CNY-3.25,CNY
RFUD,2023-10-12,CRH5,15.115,14.85,15.115,14.928,865650.0,239038.0,16.0,58,14.925,0.0,14.94,-1.91,1.0,14,CNY-3.25,CNY
RFUD,2023-10-13,CRH5,14.901,14.779,14.917,14.779,798282.0,103958.0,7.0,54,14.783,0.0,14.851,-1.0,1.0,7,CNY-3.25,CNY
RFUD,2023-10-16,CRH5,14.61,14.61,14.66,14.66,850280.0,29270.0,2.0,58,14.66,0.0,14.635,-0.8,1.0,2,CNY-3.25,CNY
RFUD,2023-10-17,CRH5,14.605,14.604,14.66,14.66,908920.0,43869.0,3.0,62,14.66,0.0,14.623,0.0,1.0,3,CNY-3.25,CNY
RFUD,2023-10-18,CRH5,14.601,14.578,14.619,14.578,1032430.0,58398.0,4.0,70,14.749,0.0,14.6,-0.56,1.0,4,CNY-3.25,CNY
RFUD,2023-10-19,CRH5,14.72,14.611,14.729,14.611,1168880.0,132146.0,9.0,80,14.611,0.0,14.683,0.23,1.0,7,CNY-3.25,CNY
RFUD,2023-10-20,CRH5,14.502,14.5,14.502,14.5,1566000.0,377003.0,26.0,108,14.5,0.0,14.5,-0.76,5.0,6,CNY-3.25,CNY
RFUD,2023-10-23,CRH5,14.406,14.4,14.509,14.509,1879150.0,201838.0,14.0,130,14.455,0.0,14.417,0.06,2.0,7,CNY-3.25,CNY
RFUD,2023-10-24,CRH5,14.271,14.265,14.55,14.285,1942760.0,215800.0,15.0,136,14.285,0.0,14.387,-1.54,1.0,14,CNY-3.25,CNY
RFUD,2023-10-25,CRH5,14.2,14.2,14.2,14.2,2243600.0,184600.0,13.0,158,14.2,0.0,14.2,-0.6,1.0,5,CNY-3.25,CNY
RFUD,2023-10-26,CRH5,14.201,14.2,14.201,14.2,2272000.0,28401.0,2.0,160,14.2,0.0,14.201,0.0,1.0,2,CNY-3.25,CNY
RFUD,2023-10-27,CRH5,14.4,14.161,14.4,14.175,2353050.0,99623.0,7.0,166,14.175,0.0,14.232,-0.18,1.0,7,CNY-3.25,CNY
RFUD,2023-10-30,CRH5,14.2,14.2,14.2,14.2,2414000.0,42600.0,3.0,170,14.2,0.0,14.2,0.18,1.0,3,CNY-3.25,CNY
RFUD,2023-10-31,CRH5,14.29,14.29,14.298,14.298,2515392.0,100061.0,7.0,176,14.292,0.0,14.294,0.69,2.0,6,CNY-3.25,CNY
RFUD,2023-11-01,CRH5,,,,,2529120.0,,,176,14.37,0.0,,,,0,CNY-3.25,CNY
RFUD,2023-11-02,CRH5,14.202,14.201,14.334,14.334,2751936.0,171734.0,12.0,192,14.333,0.0,14.311,,6.0,6,CNY-3.25,CNY
RFUD,2023-11-03,CRH5,,,,,2768640.0,,,192,14.42,0.0,,,,0,CNY-3.25,CNY
RFUD,2023-11-06,CRH5,14.3,14.3,14.5,14.35,2583000.0,173426.0,12.0,180,14.35,0.0,14.452,,1.0,8,CNY-3.25,CNY
RFUD,2023-11-07,CRH5,14.331,14.095,14.331,14.2,2612800.0,56956.0,4.0,184,14.2,0.0,14.239,-1.04,1.0,4,CNY-3.25,CNY
RFUD,2023-11-08,CRH5,,,,,2640400.0,,,184,14.35,0.0,,,,0,CNY-3.25,CNY
RFUD,2023-11-09,CRH5,,,,,2620160.0,,,184,14.24,0.0,,,,0,CNY-3.25,CNY
RFUD,2023-11-10,CRH5,,,,,2631936.0,,,184,14.304,0.0,,,,0,CNY-3.25,CNY
RFUD,2023-11-13,CRH5,,,,,2644632.0,,,184,14.373,0.0,,,,0,CNY-3.25,CNY
RFUD,2023-11-14,CRH5,14.2,14.2,14.2,14.2,2662590.0,14200.0,1.0,186,14.315,0.0,14.2,,1.0,1,CNY-3.25,CNY
RFUD,2023-11-15,CRH5,14.2,14.2,14.25,14.25,2707500.0,170604.0,12.0,190,14.25,0.0,14.217,0.35,1.0,7,CNY-3.25,CNY
RFUD,2023-11-16,CRH5,14.205,14.002,14.248,14.248,2934470.0,312350.0,22.0,206,14.245,0.0,14.198,-0.01,1.0,6,CNY-3.25,CNY
RFUD,2023-11-17,CRH5,14.248,14.0,14.282,14.0,3724532.0,603433.0,43.0,266,14.002,0.0,14.033,-1.74,1.0,15,CNY-3.25,CNY
RFUD,2023-11-20,CRH5,13.97,13.97,14.339,14.339,3794880.0,42479.0,3.0,268,14.16,0.0,14.16,2.42,1.0,3,CNY-3.25,CNY
RFUD,2023-11-21,CRH5,14.072,14.071,14.072,14.071,4024592.0,140711.0,10.0,286,14.072,0.0,14.071,-1.87,9.0,2,CNY-3.25,CNY
RFUD,2023-11-22,CRH5,14.172,14.172,14.173,14.173,4081824.0,28345.0,2.0,288,14.173,0.0,14.173,0.73,1.0,2,CNY-3.25,CNY
RFUD,2023-11-23,CRH5,14.279,14.2,14.279,14.2,4146400.0,56959.0,4.0,292,14.2,0.0,14.24,0.19,1.0,4,CNY-3.25,CNY
RFUD,2023-11-24,CRH5,,,,,4169468.0,,,292,14.279,0.0,,,,0,CNY-3.25,CNY
RFUD,2023-11-27,CRH5,14.28,14.2,14.3,14.299,4255142.0,57079.0,4.0,298,14.279,0.0,14.27,,1.0,4,CNY-3.25,CNY
RFUD,2023-11-28,CRH5,14.222,14.185,14.222,14.185,4227130.0,42627.0,3.0,298,14.185,0.0,14.209,-0.8,1.0,3,CNY-3.25,CNY
RFUD,2023-11-29,CRH5,14.289,14.289,14.297,14.297,4289100.0,28586.0,2.0,300,14.297,0.0,14.293,0.79,1.0,2,CNY-3.25,CNY
RFUD,2023-11-30,CRH5,14.297,14.25,14.299,14.25,4258432.0,57097.0,4.0,304,14.008,0.0,14.274,-0.33,1.0,4,CNY-3.25,CNY
RFUD,2023-12-01,CRH5,14.283,14.283,14.328,14.327,4555986.0,114506.0,8.0,318,14.327,0.0,14.313,0.54,1.0,6,CNY-3.25,CNY
RFUD,2023-12-04,CRH5,14.251,14.251,14.549,14.295,4602990.0,71905.0,5.0,322,14.295,0.0,14.381,-0.22,1.0,5,CNY-3.25,CNY
RFUD,2023-12-05,CRH5,14.28,14.28,14.49,14.49,4713552.0,43050.0,3.0,324,14.548,0.0,14.35,1.36,1.0,3,CNY-3.25,CNY
RFUD,2023-12-06,CRH5,14.549,14.24,14.549,14.24,4611492.0,143885.0,10.0,324,14.233,0.0,14.389,-1.73,1.0,8,CNY-3.25,CNY
RFUD,2023-12-07,CRH5,14.24,14.24,14.49,14.49,4370912.0,200347.0,14.0,304,14.378,0.0,14.311,1.76,1.0,11,CNY-3.25,CNY
RFUD,2023-12-08,CRH5,,,,,4332912.0,,,304,14.253,0.0,,,,0,CNY-3.25,CNY
RFUD,2023-12-11,CRH5,14.399,14.2,14.488,14.2,4061200.0,172813.0,12.0,286,14.2,0.0,14.401,,1.0,7,CNY-3.25,CNY
RFUD,2023-12-12,CRH5,,,,,4074642.0,,,286,14.247,0.0,,,,0,CNY-3.25,CNY
RFUD,2023-12-13,CRH5,14.249,14.249,14.249,14.249,4124670.0,56996.0,4.0,290,14.223,0.0,14.249,,2.0,3,CNY-3.25,CNY
RFUD,2023-12-14,CRH5,,,,,4072470.0,,,290,14.043,0.0,,,,0,CNY-3.25,CNY
RFUD,2023-12-15,CRH5,14.249,14.051,14.249,14.051,4075950.0,28300.0,2.0,290,14.055,0.0,14.15,,1.0,2,CNY-3.25,CNY
RFUD,2023-12-18,CRH5,,,,,4100310.0,,,290,14.139,0.0,,,,0,CNY-3.25,CNY
RFUD,2023-12-19,CRH5,,,,,4120610.0,,,290,14.209,0.0,,,,0,CNY-3.25,CNY
RFUD,2023-12-20,CRH5,14.06,14.058,14.338,14.338,4158020.0,2641953.0,186.0,290,14.338,0.0,14.204,,21.0,10,CNY-3.25,CNY
RFUD,2023-12-21,CRH5,14.3,14.3,14.3,14.3,4172230.0,14300.0,1.0,290,14.387,0.0,14.3,-0.27,1.0,1,CNY-3.25,CNY
RFUD,2023-12-22,CRH5,14.003,14.0,14.387,14.387,6876986.0,2451425.0,174.0,478,14.387,0.0,14.089,0.61,12.0,32,CNY-3.25,CNY
RFUD,2023-12-25,CRH5,14.155,14.155,14.445,14.445,6835878.0,200200.0,14.0,478,14.301,0.0,14.3,0.4,7.0,2,CNY-3.25,CNY
RFUD,2023-12-26,CRH5,,,,,6822016.0,,,478,14.272,0.0,,,,0,CNY-3.25,CNY
RFUD,2023-12-27,CRH5,14.15,14.15,14.272,14.272,6822016.0,28422.0,2.0,478,14.272,0.0,14.211,,1.0,2,CNY-3.25,CNY
RFUD,2023-12-28,CRH5,14.217,14.217,14.218,14.218,6796204.0,28435.0,2.0,478,14.218,0.0,14.218,-0.38,1.0,2,CNY-3.25,CNY
RFUD,2023-12-29,CRH5,14.201,14.2,14.201,14.2,6786644.0,42601.0,3.0,478,14.198,0.0,14.2,-0.13,2.0,2,CNY-3.25,CNY
RFUD,2024-01-03,CRH5,,,,,6759398.0,,,478,14.141,0.0,,,,0,CNY-3.25,CNY
RFUD,2024-01-04,CRH5,14.199,14.199,14.2,14.2,6789512.0,28399.0,2.0,478,14.204,0.0,14.2,,1.0,2,CNY-3.25,CNY
RFUD,2024-01-05,CRH5,14.289,14.289,14.289,14.289,6830142.0,14289.0,1.0,478,14.289,0.0,14.289,0.63,1.0,1,CNY-3.25,CNY
RFUD,2024-01-08,CRH5,14.238,14.238,14.299,14.299,6827048.0,171227.0,12.0,482,14.164,0.0,14.269,0.07,1.0,11,CNY-3.25,CNY
RFUD,2024-01-09,CRH5,,,,,6840062.0,,,482,14.191,0.0,,,,0,CNY-3.25,CNY
RFUD,2024-01-10,CRH5,14.193,14.193,14.194,14.194,7097000.0,141939.0,10.0,500,14.194,0.0,14.194,,9.0,2,CNY-3.25,CNY
RFUD,2024-01-11,CRH5,14.0,14.0,14.0,14.0,7112000.0,70000.0,5.0,508,14.0,0.0,14.0,-1.37,2.0,3,CNY-3.25,CNY
RFUD,2024-01-12,CRH5,13.902,13.8,13.998,13.998,7397336.0,276705.0,20.0,536,13.801,0.0,13.835,-0.01,1.0,8,CNY-3.25,CNY
RFUD,2024-01-15,CRH5,13.801,13.71,13.801,13.75,7480000.0,68861.0,5.0,544,13.75,0.0,13.772,-1.77,1.0,5,CNY-3.25,CNY
RFUD,2024-01-16,CRH5,13.998,13.998,13.998,13.998,7630900.0,55992.0,4.0,548,13.925,0.0,13.998,1.8,1.0,3,CNY-3.25,CNY
RFUD,2024-01-17,CRH5,,,,,7640216.0,,,548,13.942,0.0,,,,0,CNY-3.25,CNY
RFUD,2024-01-18,CRH5,13.998,13.998,13.999,13.999,7597590.0,27997.0,2.0,546,13.915,0.0,13.999,,1.0,2,CNY-3.25,CNY
RFUD,2024-01-19,CRH5,,,,,7644000.0,,,546,14.0,0.0,,,,0,CNY-3.25,CNY
RFUD,2024-01-22,CRH5,,,,,7589400.0,,,546,13.9,0.0,,,,0,CNY-3.25,CNY
RFUD,2024-01-23,CRH5,13.92,13.92,13.949,13.949,7588256.0,55718.0,4.0,544,13.949,0.0,13.93,,1.0,3,CNY-3.25,CNY
RFUD,2024-01-24,CRH5,,,,,7596416.0,,,544,13.964,0.0,,,,0,CNY-3.25,CNY
RFUD,2024-01-25,CRH5,13.92,13.92,13.92,13.92,7572480.0,27840.0,2.0,544,13.92,0.0,13.92,,2.0,1,CNY-3.25,CNY
RFUD,2024-01-26,CRH5,13.86,13.86,13.86,13.86,7539840.0,13860.0,1.0,544,13.86,0.0,13.86,-0.43,1.0,1,CNY-3.25,CNY
RFUD,2024-01-29,CRH5,13.801,13.705,14.02,14.02,7645696.0,55326.0,4.0,548,13.952,0.0,13.832,1.15,1.0,4,CNY-3.25,CNY
RFUD,2024-01-30,CRH5,13.701,13.701,13.73,13.71,7641876.0,41141.0,3.0,554,13.794,0.0,13.714,-2.21,1.0,3,CNY-3.25,CNY
RFUD,2024-01-31,CRH5,13.71,13.71,13.71,13.71,7707828.0,13710.0,1.0,556,13.863,0.0,13.71,0.0,1.0,1,CNY-3.25,CNY
RFUD,2024-02-01,CRH5,,,,,7732848.0,,,556,13.908,0.0,,,,0,CNY-3.25,CNY
RFUD,2024-02-02,CRH5,,,,,7740076.0,,,556,13.921,0.0,,,,0,CNY-3.25,CNY
RFUD,2024-02-05,CRH5,,,,,7695040.0,,,556,13.84,0.0,,,,0,CNY-3.25,CNY
RFUD,2024-02-06,CRH5,14.08,13.755,14.104,13.762,7763454.0,97668.0,7.0,558,13.913,0.0,13.953,,1.0,7,CNY-3.25,CNY
RFUD,2024-02-07,CRH5,13.802,13.802,14.079,13.89,7806180.0,55850.0,4.0,562,13.89,0.0,13.963,0.93,1.0,4,CNY-3.25,CNY
RFUD,2024-02-08,CRH5,14.1,13.932,14.1,13.932,7857648.0,41964.0,3.0,564,13.932,0.0,13.988,0.3,1.0,3,CNY-3.25,CNY
RFUD,2024-02-09,CRH5,14.045,14.045,14.088,14.088,7777052.0,98488.0,7.0,554,14.038,0.0,14.07,1.12,3.0,5,CNY-3.25,CNY
RFUD,2024-02-12,CRH5,,,,,7760432.0,,,554,14.008,0.0,,,,0,CNY-3.25,CNY
RFUD,2024-02-13,CRH5,13.855,13.855,13.855,13.855,7711680.0,13855.0,1.0,554,13.92,0.0,13.855,,1.0,1,CNY-3.25,CNY
RFUD,2024-02-14,CRH5,,,,,7705586.0,,,554,13.909,0.0,,,,0,CNY-3.25,CNY
RFUD,2024-02-15,CRH5,13.905,13.905,13.905,13.905,7703370.0,13905.0,1.0,554,13.905,0.0,13.905,,1.0,1,CNY-3.25,CNY
RFUD,2024-02-16,CRH5,,,,,7693952.0,,,554,13.888,0.0,,,,0,CNY-3.25,CNY
RFUD,2024-02-19,CRH5,14.065,14.033,14.127,14.033,7830414.0,183015.0,13.0,558,14.033,0.0,14.078,,2.0,11,CNY-3.25,CNY
RFUD,2024-02-20,CRH5,,,,,7830972.0,,,558,14.034,0.0,,,,0,CNY-3.25,CNY
RFUD,2024-02-21,CRH5,,,,,7838784.0,,,558,14.048,0.0,,,,0,CNY-3.25,CNY
RFUD,2024-02-22,CRH5,14.03,14.03,14.085,14.085,7915770.0,42200.0,3.0,562,14.085,0.0,14.067,,1.0,3,CNY-3.25,CNY
RFUD,2024-02-26,CRH5,14.14,14.04,14.249,14.179,13744900.0,3336264.0,235.0,970,14.17,0.0,14.197,0.67,12.0,43,CNY-3.25,CNY
RFUD,2024-02-27,CRH5,,,,,13708040.0,,,970,14.132,0.0,,,,0,CNY-3.25,CNY
RFUD,2024-02-28,CRH5,13.952,13.93,13.952,13.93,13539960.0,55772.0,4.0,972,13.93,0.0,13.943,,1.0,4,CNY-3.25,CNY
RFUD,2024-02-29,CRH5,13.915,13.835,13.95,13.835,13508816.0,83283.0,6.0,976,13.841,0.0,13.881,-0.68,1.0,6,CNY-3.25,CNY
RFUD,2024-03-01,CRH5,13.959,13.9,14.0,13.9,14613312.0,559680.0,40.0,1048,13.944,0.0,13.992,0.47,1.0,12,CNY-3.25,CNY
RFUD,2024-03-04,CRH5,13.839,13.711,14.148,13.985,14935980.0,874785.0,63.0,1068,13.985,0.0,13.885,0.61,1.0,24,CNY-3.25,CNY
RFUD,2024-03-05,CRH5,14.058,13.8,14.059,13.9,15093228.0,276657.0,20.0,1086,13.898,0.0,13.833,-0.61,1.0,8,CNY-3.25,CNY
RFUD,2024-03-06,CRH5,13.899,13.72,13.9,13.8,15373200.0,427477.0,31.0,1114,13.8,0.0,13.79,-0.72,1.0,15,CNY-3.25,CNY
RFUD,2024-03-07,CRH5,13.8,13.766,13.8,13.766,15665708.0,179366.0,13.0,1138,13.766,0.0,13.797,-0.25,1.0,3,CNY-3.25,CNY
RFUD,2024-03-11,CRH5,13.88,13.88,13.898,13.898,15779040.0,41675.0,3.0,1136,13.89,0.0,13.892,0.96,1.0,3,CNY-3.25,CNY
RFUD,2024-03-12,CRH5,13.93,13.801,14.0,14.0,18676000.0,2138375.0,153.0,1334,14.0,0.0,13.976,0.73,42.0,41,CNY-3.25,CNY
RFUD,2024-03-13,CRH5,14.05,13.8,14.05,13.85,18642100.0,111102.0,8.0,1346,13.85,0.0,13.888,-1.07,1.0,8,CNY-3.25,CNY
RFUD,2024-03-14,CRH5,13.74,13.712,13.981,13.908,21640848.0,1959515.0,141.0,1556,13.908,0.0,13.897,0.42,1.0,25,CNY-3.25,CNY
RFUD,2024-03-15,CRH5,13.94,13.89,13.992,13.89,20814892.0,641791.0,46.0,1492,13.951,0.0,13.952,-0.13,1.0,18,CNY-3.25,CNY
RFUD,2024-03-18,CRH5,14.028,13.86,14.2,13.86,21538440.0,880211.0,63.0,1554,13.86,0.0,13.972,-0.22,1.0,24,CNY-3.25,CNY
RFUD,2024-03-19,CRH5,13.999,13.858,14.0,13.968,21762144.0,139409.0,10.0,1558,13.968,0.0,13.941,0.78,1.0,10,CNY-3.25,CNY
RFUD,2024-03-20,CRH5,14.0,14.0,14.096,14.02,22011400.0,140489.0,10.0,1570,14.02,0.0,14.049,0.37,1.0,9,CNY-3.25,CNY
RFUD,2024-03-21,CRH5,14.0,13.842,14.039,13.949,22318400.0,850466.0,61.0,1600,13.949,0.0,13.942,-0.51,1.0,41,CNY-3.25,CNY
RFUD,2024-03-22,CRH5,14.027,13.901,14.027,13.948,22456280.0,237424.0,17.0,1610,13.948,0.0,13.966,-0.01,1.0,16,CNY-3.25,CNY
RFUD,2024-03-25,CRH5,13.993,13.945,13.994,13.993,22528730.0,55925.0,4.0,1610,13.993,0.0,13.981,0.32,1.0,4,CNY-3.25,CNY
RFUD,2024-03-26,CRH5,13.994,13.993,14.1,14.013,22729086.0,140147.0,10.0,1622,14.013,0.0,14.015,0.14,1.0,9,CNY-3.25,CNY
RFUD,2024-03-27,CRH5,13.967,13.861,13.992,13.861,22759762.0,1650230.0,119.0,1642,13.861,0.0,13.867,-1.08,3.0,19,CNY-3.25,CNY
RFUD,2024-03-28,CRH5,13.909,13.899,13.91,13.91,22589840.0,361505.0,26.0,1624,13.91,0.0,13.904,0.35,1.0,14,CNY-3.25,CNY
RFUD,2024-03-29,CRH5,13.92,13.864,13.947,13.881,23097984.0,499741.0,36.0,1664,13.881,0.0,13.882,-0.21,1.0,18,CNY-3.25,CNY
RFUD,2024-04-01,CRH5,13.851,13.85,13.972,13.967,22933814.0,333753.0,24.0,1642,13.967,0.0,13.906,0.62,1.0,13,CNY-3.25,CNY
RFUD,2024-04-02,CRH5,13.965,13.942,14.036,13.942,23589864.0,572919.0,41.0,1692,13.942,0.0,13.974,-0.18,1.0,19,CNY-3.25,CNY
RFUD,2024-04-03,CRH5,14.01,13.892,14.01,13.921,24055488.0,459521.0,33.0,1728,13.921,0.0,13.925,-0.15,1.0,25,CNY-3.25,CNY
RFUD,2024-04-04,CRH5,13.955,13.924,14.21,13.94,23835690.0,684603.0,49.0,1710,13.939,0.0,13.971,0.14,1.0,25,CNY-3.25,CNY
RFUD,2024-04-05,CRH5,13.935,13.935,13.985,13.985,23940608.0,181430.0,13.0,1712,13.984,0.0,13.956,0.32,1.0,7,CNY-3.25,CNY
RFUD,2024-04-08,CRH5,14.0,13.964,14.0,13.964,23934296.0,41928.0,3.0,1714,13.964,0.0,13.976,-0.15,1.0,3,CNY-3.25,CNY
RFUD,2024-04-09,CRH5,14.019,14.019,14.035,14.035,24027920.0,56097.0,4.0,1712,14.035,0.0,14.024,0.51,1.0,4,CNY-3.25,CNY
RFUD,2024-04-10,CRH5,14.057,14.057,14.159,14.158,24176740.0,268079.0,19.0,1708,14.155,0.0,14.109,0.88,1.0,12,CNY-3.25,CNY
RFUD,2024-04-11,CRH5,14.137,14.018,14.17,14.018,24047420.0,352632.0,25.0,1714,14.03,0.0,14.105,-0.99,1.0,25,CNY-3.25,CNY
RFUD,2024-04-12,CRH5,14.059,13.972,14.13,14.006,24090320.0,323144.0,23.0,1720,14.006,0.0,14.05,-0.09,1.0,23,CNY-3.25,CNY
RFUD,2024-04-15,CRH5,14.021,14.004,14.049,14.004,25543296.0,756302.0,54.0,1824,14.004,0.0,14.006,-0.01,1.0,7,CNY-3.25,CNY
RFUD,2024-04-16,CRH5,14.06,14.06,14.308,14.133,25847920.0,1049468.0,74.0,1828,14.14,0.0,14.182,0.92,3.0,36,CNY-3.25,CNY
RFUD,2024-04-17,CRH5,14.143,14.035,14.146,14.096,25852064.0,240099.0,17.0,1834,14.096,0.0,14.123,-0.26,1.0,17,CNY-3.25,CNY
RFUD,2024-04-18,CRH5,14.135,13.941,14.135,14.066,25199104.0,587887.0,42.0,1792,14.062,0.0,13.997,-0.21,1.0,29,CNY-3.25,CNY
RFUD,2024-04-19,CRH5,14.06,13.997,14.06,13.997,25031360.0,56095.0,4.0,1790,13.984,0.0,14.024,-0.49,1.0,4,CNY-3.25,CNY
RFUD,2024-04-22,CRH5,13.9,13.9,13.98,13.98,25052160.0,97547.0,7.0,1792,13.98,0.0,13.935,-0.12,1.0,7,CNY-3.25,CNY
RFUD,2024-04-23,CRH5,13.989,13.89,13.989,13.901,25077404.0,445852.0,32.0,1804,13.901,0.0,13.933,-0.56,1.0,16,CNY-3.25,CNY
RFUD,2024-04-24,CRH5,13.839,13.813,13.845,13.825,25133850.0,221284.0,16.0,1818,13.825,0.0,13.83,-0.55,1.0,14,CNY-3.25,CNY
RFUD,2024-04-25,CRH5,13.819,13.774,13.825,13.774,25344160.0,579712.0,42.0,1840,13.774,0.0,13.803,-0.37,1.0,37,CNY-3.25,CNY
RFUD,2024-04-26,CRH5,13.749,13.67,13.749,13.7,25536800.0,329160.0,24.0,1864,13.7,0.0,13.715,-0.54,1.0,15,CNY-3.25,CNY
RFUD,2024-04-27,CRH5,13.716,13.716,13.825,13.825,25797450.0,193000.0,14.0,1866,13.825,0.0,13.786,0.91,1.0,11,CNY-3.25,CNY
RFUD,2024-04-29,CRH5,13.842,13.711,13.917,13.871,25938770.0,249441.0,18.0,1870,13.871,0.0,13.858,0.33,1.0,18,CNY-3.25,CNY
RFUD,2024-04-30,CRH5,13.867,13.6,13.889,13.837,27341912.0,1468235.0,107.0,1976,13.837,0.0,13.722,-0.24,1.0,56,CNY-3.25,CNY
RFUD,2024-05-02,CRH5,13.82,13.792,13.836,13.814,27268836.0,911222.0,66.0,1974,13.814,0.0,13.806,-0.17,1.0,30,CNY-3.25,CNY
RFUD,2024-05-03,CRH5,13.832,13.832,13.834,13.834,27335984.0,27666.0,2.0,1976,13.834,0.0,13.833,0.14,1.0,2,CNY-3.25,CNY
RFUD,2024-05-06,CRH5,13.82,13.773,13.84,13.784,29332352.0,1105449.0,80.0,2128,13.784,0.0,13.818,-0.36,1.0,16,CNY-3.25,CNY
RFUD,2024-05-07,CRH5,13.781,13.531,13.786,13.7,32334360.0,10601029.0,775.0,2360,13.701,0.0,13.679,-0.61,2.0,751,CNY-3.25,CNY
RFUD,2024-05-08,CRH5,13.704,13.673,13.729,13.729,32423174.0,767161.0,56.0,2362,13.727,0.0,13.699,0.21,1.0,48,CNY-3.25,CNY
RFUD,2024-05-10,CRH5,13.759,13.758,13.76,13.758,32468880.0,316471.0,23.0,2360,13.758,0.0,13.76,0.21,1.0,4,CNY-3.25,CNY
RFUD,2024-05-13,CRH5,13.738,13.634,13.738,13.658,32205564.0,396447.0,29.0,2358,13.658,0.0,13.671,-0.73,1.0,23,CNY-3.25,CNY
RFUD,2024-05-14,CRH5,13.661,13.65,13.685,13.685,32323970.0,82004.0,6.0,2362,13.685,0.0,13.667,0.2,1.0,6,CNY-3.25,CNY
RFUD,2024-05-15,CRH5,13.703,13.605,13.703,13.605,31982108.0,300352.0,22.0,2348,13.621,0.0,13.652,-0.58,1.0,15,CNY-3.25,CNY
RFUD,2024-05-16,CRH5,13.65,13.622,13.798,13.633,31792156.0,354863.0,26.0,2332,13.633,0.0,13.649,0.21,1.0,21,CNY-3.25,CNY
RFUD,2024-05-17,CRH5,13.648,13.648,13.765,13.669,31384024.0,918722.0,67.0,2296,13.669,0.0,13.712,0.26,1.0,34,CNY-3.25,CNY
RFUD,2024-05-20,CRH5,13.651,13.564,13.651,13.583,31240900.0,489873.0,36.0,2300,13.583,0.0,13.608,-0.63,2.0,22,CNY-3.25,CNY
RFUD,2024-05-21,CRH5,13.591,13.525,13.591,13.525,31621450.0,936011.0,69.0,2338,13.525,0.0,13.565,-0.43,1.0,34,CNY-3.25,CNY
RFUD,2024-05-22,CRH5,13.526,13.5,13.528,13.528,30762672.0,1000602.0,74.0,2274,13.528,0.0,13.522,0.02,1.0,18,CNY-3.25,CNY
RFUD,2024-05-23,CRH5,13.53,13.522,13.547,13.522,30776072.0,67660.0,5.0,2276,13.522,0.0,13.532,-0.04,1.0,4,CNY-3.25,CNY
RFUD,2024-05-24,CRH5,13.522,13.449,13.522,13.45,31150200.0,444386.0,33.0,2316,13.45,0.0,13.466,-0.53,1.0,16,CNY-3.25,CNY
RFUD,2024-05-27,CRH5,13.42,13.221,13.42,13.292,31410468.0,1172184.0,88.0,2364,13.287,0.0,13.32,-1.18,1.0,65,CNY-3.25,CNY
RFUD,2024-05-28,CRH5,13.259,13.251,13.308,13.263,31379170.0,464843.0,35.0,2362,13.285,0.0,13.281,-0.22,1.0,21,CNY-3.25,CNY
RFUD,2024-05-29,CRH5,13.315,13.315,13.52,13.445,32155656.0,457151.0,34.0,2392,13.443,0.0,13.446,1.37,7.0,16,CNY-3.25,CNY
RFUD,2024-05-30,CRH5,13.509,13.451,13.51,13.451,31986478.0,215595.0,16.0,2378,13.451,0.0,13.475,0.04,1.0,13,CNY-3.25,CNY
RFUD,2024-05-31,CRH5,13.49,13.405,13.49,13.49,32079220.0,350449.0,26.0,2378,13.49,0.0,13.479,0.29,1.0,23,CNY-3.25,CNY
RFUD,2024-06-03,CRH5,13.451,13.365,13.47,13.365,31835430.0,442813.0,33.0,2382,13.365,0.0,13.419,-0.93,1.0,26,CNY-3.25,CNY
RFUD,2024-06-04,CRH5,13.383,13.33,13.39,13.332,31679208.0,187106.0,14.0,2376,13.333,0.0,13.365,-0.25,1.0,10,CNY-3.25,CNY
RFUD,2024-06-05,CRH5,13.365,13.332,13.6,13.341,32471994.0,779012.0,58.0,2434,13.341,0.0,13.431,0.07,2.0,34,CNY-3.25,CNY
RFUD,2024-06-06,CRH5,13.32,13.3,13.361,13.341,32258538.0,226577.0,17.0,2418,13.341,0.0,13.328,0.0,1.0,14,CNY-3.25,CNY
RFUD,2024-06-07,CRH5,13.344,13.308,13.405,13.405,32493720.0,120239.0,9.0,2424,13.405,0.0,13.36,0.48,1.0,8,CNY-3.25,CNY
RFUD,2024-06-10,CRH5,13.349,13.266,13.349,13.273,32386120.0,358829.0,27.0,2440,13.273,0.0,13.29,-0.98,6.0,21,CNY-3.25,CNY
RFUD,2024-06-11,CRH5,13.373,13.245,13.373,13.353,32287554.0,558351.0,42.0,2418,13.353,0.0,13.294,0.6,1.0,23,CNY-3.25,CNY
RFUD,2024-06-13,CRH5,13.355,12.983,13.37,13.237,48023836.0,9454194.0,720.0,3628,13.237,0.0,13.131,-0.87,1.0,98,CNY-3.25,CNY
RFUD,2024-06-14,CRH5,13.257,13.158,13.257,13.178,47888852.0,224324.0,17.0,3634,13.178,0.0,13.196,-0.45,1.0,16,CNY-3.25,CNY
RFUD,2024-06-17,CRH5,13.153,12.761,13.153,12.975,46299330.0,1570271.0,121.0,3570,12.969,0.0,12.977,-1.54,2.0,45,CNY-3.25,CNY
RFUD,2024-06-18,CRH5,12.949,12.42,12.95,12.42,48147672.0,4011039.0,316.0,3876,12.422,0.0,12.693,-4.28,1.0,136,CNY-3.25,CNY
RFUD,2024-06-19,CRH5,12.239,11.745,12.348,12.06,48939480.0,8386373.0,695.0,4058,12.06,0.0,12.067,-2.9,3.0,267,CNY-3.25,CNY
RFUD,2024-06-20,CRH5,12.022,12.001,12.55,12.55,115485100.0,46509522.0,3774.0,9202,12.55,0.0,12.324,4.06,5.0,1129,CNY-3.25,CNY
RFUD,2024-06-21,CRH5,12.631,12.325,13.126,12.478,144170812.0,24337894.0,1933.0,11554,12.478,0.0,12.591,-0.57,1.0,570,CNY-3.25,CNY
RFUD,2024-06-24,CRH5,12.479,12.1,12.5,12.135,227288550.0,52186043.0,4272.0,18730,12.135,0.0,12.216,-2.75,1.0,1326,CNY-3.25,CNY
RFUD,2024-06-25,CRH5,12.13,12.104,12.319,12.277,264151932.0,30449023.0,2494.0,21516,12.277,0.0,12.209,1.17,1.0,425,CNY-3.25,CNY
RFUD,2024-06-26,CRH5,12.284,12.06,12.305,12.095,260647250.0,5747638.0,471.0,21550,12.095,0.0,12.203,-1.48,1.0,143,CNY-3.25,CNY
RFUD,2024-06-27,CRH5,12.091,11.883,12.303,12.098,260445744.0,4717085.0,391.0,21528,12.098,0.0,12.064,0.03,1.0,176,CNY-3.25,CNY
RFUD,2024-06-28,CRH5,12.131,11.911,12.34,12.293,265061666.0,3869930.0,317.0,21562,12.293,0.0,12.208,1.61,1.0,157,CNY-3.25,CNY
RFUD,2024-07-01,CRH5,12.31,12.295,12.519,12.478,371519972.0,56273554.0,4555.0,29774,12.478,0.0,12.354,1.5,1.0,3053,CNY-3.25,CNY
RFUD,2024-07-02,CRH5,12.462,12.339,12.513,12.362,367917844.0,8602739.0,689.0,29762,12.362,0.0,12.486,-0.93,1.0,261,CNY-3.25,CNY
RFUD,2024-07-03,CRH5,12.361,12.358,12.497,12.447,370725164.0,3026392.0,243.0,29758,12.458,0.0,12.454,0.69,1.0,218,CNY-3.25,CNY
RFUD,2024-07-04,CRH5,12.481,12.408,12.536,12.5,557125000.0,94424145.0,7558.0,44570,12.5,0.0,12.493,0.43,1.0,4111,CNY-3.25,CNY
RFUD,2024-07-05,CRH5,12.5,12.375,12.539,12.425,611210600.0,32370070.0,2596.0,49192,12.425,0.0,12.469,-0.6,1.0,1250,CNY-3.25,CNY
RFUD,2024-07-08,CRH5,12.425,12.37,12.52,12.37,639630184.0,20879027.0,1676.0,51704,12.371,0.0,12.458,-0.44,1.0,694,CNY-3.25,CNY
RFUD,2024-07-09,CRH5,12.354,12.349,12.44,12.383,639111396.0,2353303.0,190.0,51612,12.383,0.0,12.386,0.1,1.0,134,CNY-3.25,CNY
RFUD,2024-07-10,CRH5,12.393,12.369,12.5,12.478,661608516.0,31220657.0,2503.0,53022,12.478,0.0,12.473,0.77,32.0,1547,CNY-3.25,CNY
RFUD,2024-07-11,CRH5,12.463,12.437,12.552,12.439,661530898.0,44286235.0,3546.0,53182,12.439,0.0,12.489,-0.31,1.0,3063,CNY-3.25,CNY
RFUD,2024-07-12,CRH5,12.446,12.429,12.495,12.464,663583360.0,10888919.0,874.0,53240,12.464,0.0,12.459,0.2,1.0,731,CNY-3.25,CNY
RFUD,2024-07-15,CRH5,12.462,12.415,12.55,12.524,753763584.0,52210981.0,4172.0,60224,12.516,0.0,12.515,0.48,2.0,591,CNY-3.25,CNY
RFUD,2024-07-16,CRH5,12.537,12.467,12.549,12.484,753908760.0,4088903.0,327.0,60390,12.484,0.0,12.504,-0.32,1.0,197,CNY-3.25,CNY
RFUD,2024-07-17,CRH5,12.482,12.482,12.533,12.519,756739844.0,46068283.0,3682.0,60428,12.523,0.0,12.512,0.28,15.0,1372,CNY-3.25,CNY
RFUD,2024-07-18,CRH5,12.5,12.462,12.506,12.492,754541784.0,6929204.0,555.0,60402,12.492,0.0,12.485,-0.22,1.0,41,CNY-3.25,CNY
RFUD,2024-07-19,CRH5,12.49,12.422,12.517,12.423,750125586.0,809511.0,65.0,60382,12.423,0.0,12.454,-0.55,1.0,45,CNY-3.25,CNY
RFUD,2024-07-22,CRH5,12.436,12.43,12.443,12.44,751841184.0,1281101.0,103.0,60384,12.451,0.0,12.438,0.14,1.0,44,CNY-3.25,CNY
RFUD,2024-07-23,CRH5,12.46,12.4,12.46,12.442,751873600.0,17814856.0,1432.0,60440,12.44,0.0,12.441,0.02,33.0,354,CNY-3.25,CNY
RFUD,2024-07-24,CRH5,12.437,12.36,12.437,12.36,747236160.0,9910710.0,800.0,60456,12.36,0.0,12.388,-0.66,1.0,322,CNY-3.25,CNY
RFUD,2024-07-25,CRH5,12.357,12.315,12.362,12.357,747329240.0,7137541.0,578.0,60488,12.355,0.0,12.349,-0.02,1.0,125,CNY-3.25,CNY
RFUD,2024-07-26,CRH5,12.339,12.31,12.51,12.461,753680466.0,5511780.0,446.0,60522,12.453,0.0,12.358,0.84,1.0,109,CNY-3.25,CNY
RFUD,2024-07-29,CRH5,12.438,12.37,12.46,12.38,749906120.0,1560656.0,126.0,60574,12.38,0.0,12.386,-0.65,36.0,38,CNY-3.25,CNY
RFUD,2024-07-30,CRH5,12.37,12.37,12.433,12.428,751942498.0,1376956.0,111.0,60538,12.421,0.0,12.405,0.39,1.0,55,CNY-3.25,CNY
RFUD,2024-07-31,CRH5,12.426,12.37,12.43,12.385,750732144.0,10443643.0,842.0,60582,12.392,0.0,12.403,-0.35,3.0,85,CNY-3.25,CNY
RFUD,2024-08-01,CRH5,12.378,12.28,12.385,12.28,774966240.0,21684633.0,1759.0,63108,12.28,0.0,12.328,-0.85,110.0,143,CNY-3.25,CNY
RFUD,2024-08-02,CRH5,12.296,12.284,12.362,12.35,778994190.0,689484.0,56.0,63102,12.345,0.0,12.312,0.57,2.0,45,CNY-3.25,CNY
RFUD,2024-08-05,CRH5,12.32,12.32,12.45,12.395,783289630.0,1782743.0,144.0,63194,12.395,0.0,12.38,0.36,1.0,77,CNY-3.25,CNY
RFUD,2024-08-06,CRH5,12.394,12.295,12.413,12.381,786049264.0,2721030.0,220.0,63514,12.376,0.0,12.368,-0.11,1.0,72,CNY-3.25,CNY
RFUD,2024-08-07,CRH5,12.35,12.3,12.379,12.351,785153070.0,616607.0,50.0,63570,12.351,0.0,12.332,-0.24,7.0,30,CNY-3.25,CNY
RFUD,2024-08-08,CRH5,12.345,12.345,12.41,12.409,790811472.0,2374474.0,192.0,63734,12.408,0.0,12.367,0.47,1.0,48,CNY-3.25,CNY
RFUD,2024-08-09,CRH5,12.399,12.386,12.456,12.44,792627040.0,2860523.0,230.0,63716,12.44,0.0,12.437,0.25,2.0,70,CNY-3.25,CNY
RFUD,2024-08-12,CRH5,12.407,12.396,12.508,12.495,793273056.0,9993531.0,802.0,63472,12.498,0.0,12.461,0.44,1.0,153,CNY-3.25,CNY
RFUD,2024-08-13,CRH5,12.509,12.507,12.74,12.68,822475520.0,19538069.0,1543.0,64864,12.68,0.0,12.662,1.48,5.0,662,CNY-3.25,CNY
RFUD,2024-08-14,CRH5,12.69,12.551,12.746,12.574,828023048.0,9945867.0,784.0,65852,12.574,0.0,12.686,-0.84,1.0,196,CNY-3.25,CNY
RFUD,2024-08-15,CRH5,12.55,12.473,12.596,12.56,826749440.0,1342532.0,107.0,65824,12.56,0.0,12.547,-0.11,1.0,67,CNY-3.25,CNY
RFUD,2024-08-16,CRH5,12.555,12.54,12.631,12.6,844804800.0,10673410.0,847.0,67048,12.6,0.0,12.601,0.32,1.0,80,CNY-3.25,CNY
RFUD,2024-08-19,CRH5,12.611,12.609,12.725,12.654,925159248.0,42209940.0,3338.0,73112,12.654,0.0,12.645,0.43,100.0,500,CNY-3.25,CNY
RFUD,2024-08-20,CRH5,12.655,12.604,12.727,12.727,1402999026.0,237561829.0,18722.0,110238,12.727,0.0,12.689,0.58,1.0,1175,CNY-3.25,CNY
RFUD,2024-08-21,CRH5,12.728,12.647,12.767,12.661,1565709904.0,90087678.0,7082.0,123664,12.661,0.0,12.721,-0.52,2.0,837,CNY-3.25,CNY
RFUD,2024-08-22,CRH5,12.669,12.466,12.669,12.466,1542642568.0,3828220.0,305.0,123748,12.466,0.0,12.552,-1.54,1.0,107,CNY-3.25,CNY
RFUD,2024-08-23,CRH5,12.42,12.3,12.537,12.462,1546658820.0,15220466.0,1224.0,124110,12.462,0.0,12.435,-0.03,1.0,305,CNY-3.25,CNY
RFUD,2024-08-26,CRH5,12.449,11.787,12.456,12.28,1542441680.0,32301889.0,2631.0,125606,12.28,0.0,12.277,-1.46,25.0,385,CNY-3.25,CNY
RFUD,2024-08-27,CRH5,12.289,12.28,12.4,12.393,1612354086.0,37021886.0,2998.0,130102,12.393,0.0,12.349,0.92,2.0,694,CNY-3.25,CNY
RFUD,2024-08-28,CRH5,12.393,12.37,12.434,12.39,1665315120.0,37172224.0,2996.0,134408,12.39,0.0,12.407,-0.02,1.0,675,CNY-3.25,CNY
RFUD,2024-08-29,CRH5,12.43,12.416,12.575,12.439,1672771842.0,3953055.0,317.0,134478,12.439,0.0,12.47,0.4,1.0,181,CNY-3.25,CNY
RFUD,2024-08-30,CRH5,12.458,12.45,12.543,12.494,1680431088.0,4413998.0,353.0,134456,12.498,0.0,12.504,0.44,5.0,105,CNY-3.25,CNY
RFUD,2024-09-02,CRH5,12.514,12.416,12.596,12.47,1678462000.0,7499494.0,599.0,134600,12.47,0.0,12.52,-0.19,1.0,193,CNY-3.25,CNY
RFUD,2024-09-03,CRH5,12.473,12.291,12.49,12.433,1665541824.0,10712761.0,863.0,134448,12.388,0.0,12.413,-0.3,2.0,275,CNY-3.25,CNY
RFUD,2024-09-04,CRH5,12.368,12.338,12.586,12.577,1698297464.0,53130371.0,4260.0,135032,12.577,0.0,12.472,1.16,1.0,441,CNY-3.25,CNY
RFUD,2024-09-05,CRH5,12.59,12.479,12.699,12.571,1697210710.0,10303474.0,819.0,135010,12.571,0.0,12.581,-0.05,1.0,226,CNY-3.25,CNY
RFUD,2024-09-06,CRH5,12.576,12.57,12.668,12.657,1720111614.0,11108769.0,880.0,135902,12.657,0.0,12.624,0.68,2.0,276,CNY-3.25,CNY
RFUD,2024-09-09,CRH5,12.65,12.628,12.784,12.784,1744939296.0,22141277.0,1742.0,136494,12.784,0.0,12.71,1.0,1.0,307,CNY-3.25,CNY
RFUD,2024-09-10,CRH5,12.785,12.733,12.906,12.782,1748015192.0,12383849.0,967.0,136756,12.782,0.0,12.806,-0.02,1.0,328,CNY-3.25,CNY
RFUD,2024-09-11,CRH5,12.782,12.702,12.872,12.774,1756450548.0,13852105.0,1083.0,137502,12.774,0.0,12.79,-0.06,1.0,212,CNY-3.25,CNY
RFUD,2024-09-12,CRH5,12.78,12.765,12.963,12.847,1780984600.0,16816992.0,1311.0,138760,12.835,0.0,12.828,0.57,2.0,344,CNY-3.25,CNY
RFUD,2024-09-13,CRH5,12.847,12.773,12.94,12.821,1782251208.0,26715713.0,2086.0,139032,12.819,0.0,12.807,-0.2,1.0,285,CNY-3.25,CNY
RFUD,2024-09-16,CRH5,12.822,12.769,12.881,12.845,1822705500.0,33316494.0,2601.0,141900,12.845,0.0,12.814,0.19,4.0,292,CNY-3.25,CNY
RFUD,2024-09-17,CRH5,12.86,12.706,12.933,12.75,1778829000.0,60935183.0,4765.0,139516,12.75,0.0,12.788,-0.74,1.0,658,CNY-3.25,CNY
RFUD,2024-09-18,CRH5,12.742,12.599,12.768,12.651,1825969434.0,98363906.0,7765.0,144334,12.651,0.0,12.667,-0.78,14.0,772,CNY-3.25,CNY
RFUD,2024-09-19,CRH5,12.674,12.629,12.896,12.875,1888505000.0,83346582.0,6512.0,146680,12.875,0.0,12.799,1.77,9.0,1239,CNY-3.25,CNY
RFUD,2024-09-20,CRH5,12.875,12.801,12.995,12.994,2174595228.0,232502550.0,17973.0,167444,12.987,0.0,12.936,0.92,7.0,3285,CNY-3.25,CNY
RFUD,2024-09-23,CRH5,12.995,12.935,13.097,13.097,2286369484.0,138118590.0,10605.0,174572,13.097,0.0,13.024,0.79,5.0,1849,CNY-3.25,CNY
RFUD,2024-09-24,CRH5,13.097,12.99,13.207,13.017,2424204076.0,192082481.0,14671.0,185948,13.037,0.0,13.092,-0.61,1.0,2505,CNY-3.25,CNY
RFUD,2024-09-25,CRH5,13.017,12.912,13.027,12.996,2724205044.0,312590439.0,24078.0,209522,13.002,0.0,12.982,-0.16,2.0,3074,CNY-3.25,CNY
RFUD,2024-09-26,CRH5,12.998,12.938,13.083,13.057,2975958528.0,627093475.0,48115.0,227938,13.056,0.0,13.033,0.47,4.0,3449,CNY-3.25,CNY
RFUD,2024-09-27,CRH5,13.048,13.031,13.26,13.237,3306538104.0,334217592.0,25330.0,249814,13.236,0.0,13.195,1.38,14.0,3354,CNY-3.25,CNY
RFUD,2024-09-30,CRH5,13.235,13.222,13.347,13.292,3396876936.0,422080586.0,31795.0,255558,13.292,0.0,13.275,0.42,1.0,4428,CNY-3.25,CNY
RFUD,2024-10-01,CRH5,13.292,13.22,13.38,13.322,3466902960.0,396372281.0,29779.0,260278,13.32,0.0,13.311,0.23,2.0,3410,CNY-3.25,CNY
RFUD,2024-10-02,CRH5,13.321,13.307,13.536,13.509,3643566426.0,517111973.0,38387.0,269714,13.509,0.0,13.471,1.4,10.0,4480,CNY-3.25,CNY
RFUD,2024-10-03,CRH5,13.518,13.428,13.605,13.517,4375236628.0,936318913.0,69205.0,323684,13.517,0.0,13.53,0.06,2.0,5656,CNY-3.25,CNY
RFUD,2024-10-04,CRH5,13.516,13.431,13.566,13.514,4339990860.0,573643939.0,42450.0,321124,13.515,0.0,13.514,-0.02,18.0,3627,CNY-3.25,CNY
RFUD,2024-10-07,CRH5,13.514,13.493,13.691,13.613,4755501742.0,745311677.0,54652.0,349438,13.609,0.0,13.638,0.73,1.0,5507,CNY-3.25,CNY
RFUD,2024-10-08,CRH5,13.605,13.57,13.722,13.7,5006884200.0,603176655.0,44137.0,365466,13.7,0.0,13.666,0.64,1.0,5565,CNY-3.25,CNY
RFUD,2024-10-09,CRH5,13.705,13.641,13.758,13.679,5330343016.0,755114153.0,55131.0,389588,13.682,0.0,13.697,-0.15,2.0,5536,CNY-3.25,CNY
RFUD,2024-10-10,CRH5,13.677,13.495,13.706,13.511,5507824064.0,768932565.0,56583.0,407504,13.516,0.0,13.589,-1.23,1.0,9026,CNY-3.25,CNY
RFUD,2024-10-11,CRH5,13.504,13.39,13.547,13.428,5657840128.0,605218520.0,44984.0,421472,13.424,0.0,13.455,-0.61,52.0,5736,CNY-3.25,CNY
RFUD,2024-10-14,CRH5,13.419,13.417,13.558,13.532,6196871144.0,710231721.0,52570.0,457942,13.532,0.0,13.511,0.78,6.0,5751,CNY-3.25,CNY
RFUD,2024-10-15,CRH5,13.529,13.498,13.658,13.65,6912866400.0,821561904.0,60353.0,506400,13.651,0.0,13.613,0.87,1.0,6835,CNY-3.25,CNY
RFUD,2024-10-16,CRH5,13.651,13.567,13.714,13.574,7485843816.0,723705075.0,53018.0,551484,13.574,0.0,13.65,-0.56,10.0,4877,CNY-3.25,CNY
RFUD,2024-10-17,CRH5,13.57,13.502,13.623,13.525,7507552196.0,522317629.0,38583.0,555046,13.526,0.0,13.537,-0.36,1.0,4044,CNY-3.25,CNY
RFUD,2024-10-18,CRH5,13.526,13.4,13.555,13.437,8130552348.0,1014290337.0,75251.0,605222,13.434,0.0,13.476,-0.65,2.0,7378,CNY-3.25,CNY
RFUD,2024-10-21,CRH5,13.435,13.379,13.555,13.501,8730960284.0,626130331.0,46418.0,646642,13.502,0.0,13.489,0.48,3.0,5869,CNY-3.25,CNY
RFUD,2024-10-22,CRH5,13.507,13.497,13.569,13.543,9123837842.0,314104799.0,23186.0,673694,13.543,0.0,13.55,0.31,3.0,2399,CNY-3.25,CNY
RFUD,2024-10-23,CRH5,13.545,13.48,13.571,13.516,9407832000.0,439361999.0,32500.0,696000,13.517,0.0,13.518,-0.2,4.0,3329,CNY-3.25,CNY
RFUD,2024-10-24,CRH5,13.519,13.506,13.588,13.576,12596093352.0,1864576434.0,137478.0,927684,13.578,0.0,13.563,0.44,7.0,9920,CNY-3.25,CNY
RFUD,2024-10-25,CRH5,13.58,13.492,13.598,13.529,13695244352.0,1071685051.0,79143.0,1012288,13.529,0.0,13.541,-0.35,1.0,6249,CNY-3.25,CNY
RFUD,2024-10-28,CRH5,13.526,13.526,13.68,13.653,16807855536.0,2442155252.0,179214.0,1230984,13.654,0.0,13.629,0.92,1.0,10570,CNY-3.25,CNY
RFUD,2024-10-29,CRH5,13.648,13.607,13.706,13.615,17553774242.0,865421849.0,63463.0,1288918,13.619,0.0,13.636,-0.28,36.0,6127,CNY-3.25,CNY
RFUD,2024-10-30,CRH5,13.62,13.594,13.666,13.602,18267379080.0,653367888.0,47998.0,1342696,13.605,0.0,13.612,-0.1,1.0,4183,CNY-3.25,CNY
RFUD,2024-10-31,CRH5,13.61,13.555,13.679,13.581,22323904560.0,2483003047.0,182062.0,1643760,13.581,0.0,13.639,-0.15,2.0,10111,CNY-3.25,CNY
RFUD,2024-11-01,CRH5,13.589,13.586,13.718,13.681,23885645196.0,1134486049.0,82949.0,1746282,13.678,0.0,13.676,0.74,9.0,7104,CNY-3.25,CNY
RFUD,2024-11-02,CRH5,13.689,13.636,13.715,13.674,23840755740.0,238573273.0,17450.0,1743510,13.674,0.0,13.672,-0.05,12.0,1598,CNY-3.25,CNY
RFUD,2024-11-05,CRH5,13.674,13.659,13.807,13.788,24902161816.0,949195011.0,68897.0,1805944,13.789,0.0,13.78,0.83,6.0,5189,CNY-3.25,CNY
RFUD,2024-11-06,CRH5,13.79,13.61,13.831,13.79,25950959720.0,1271418609.0,92254.0,1881868,13.79,0.0,13.772,0.01,54.0,7133,CNY-3.25,CNY
RFUD,2024-11-07,CRH5,13.785,13.759,13.953,13.952,30715310736.0,4602678589.0,332084.0,2202288,13.947,0.0,13.896,1.18,100.0,12463,CNY-3.25,CNY
RFUD,2024-11-08,CRH5,13.955,13.901,14.0,13.947,43304420374.0,9965763688.0,712236.0,3105818,13.943,0.0,13.963,-0.04,20.0,9802,CNY-3.25,CNY
RFUD,2024-11-11,CRH5,13.942,13.873,14.008,13.917,45715757752.0,3646372397.0,261353.0,3285122,13.916,0.0,13.952,-0.21,1.0,9011,CNY-3.25,CNY
RFUD,2024-11-12,CRH5,13.919,13.86,13.965,13.944,65116974048.0,11812534257.0,846302.0,4669892,13.944,0.0,13.932,0.19,4.0,10811,CNY-3.25,CNY
RFUD,2024-11-13,CRH5,13.946,13.946,14.088,14.064,72083484960.0,4104114317.0,292370.0,5125390,14.064,0.0,14.038,0.86,6.0,8175,CNY-3.25,CNY
RFUD,2024-11-14,CRH5,14.064,14.051,14.162,14.155,72776414424.0,3181874907.0,225290.0,5141756,14.154,0.0,14.124,0.65,5.0,7647,CNY-3.25,CNY
RFUD,2024-11-15,CRH5,14.148,14.057,14.242,14.088,74059998900.0,7497276033.0,531417.0,5256210,14.09,0.0,14.111,-0.47,10.0,10646,CNY-3.25,CNY
RFUD,2024-11-18,CRH5,14.089,14.072,14.179,14.092,77458369390.0,4879139931.0,345951.0,5496230,14.093,0.0,14.106,0.03,1.0,7806,CNY-3.25,CNY
RFUD,2024-11-19,CRH5,14.101,14.074,14.172,14.17,78351204460.0,1731552481.0,122719.0,5531324,14.165,0.0,14.123,0.55,1.0,4454,CNY-3.25,CNY
RFUD,2024-11-20,CRH5,14.173,14.09,14.189,14.106,79574483460.0,1908985975.0,135091.0,5640780,14.107,0.0,14.124,-0.45,5.0,5403,CNY-3.25,CNY
RFUD,2024-11-21,CRH5,14.112,14.104,14.184,14.154,81184747700.0,1874838385.0,132595.0,5737438,14.15,0.0,14.141,0.34,1.0,4843,CNY-3.25,CNY
RFUD,2024-11-22,CRH5,14.167,14.08,14.279,14.275,82489189068.0,2688847076.0,189856.0,5778982,14.274,0.0,14.164,0.85,1.0,12866,CNY-3.25,CNY
RFUD,2024-11-25,CRH5,14.275,14.262,14.704,14.687,85695482808.0,5043903741.0,348237.0,5839158,14.676,0.0,14.498,2.89,2.0,14970,CNY-3.25,CNY
RFUD,2024-11-26,CRH5,14.687,14.67,15.01,15.0,89257870128.0,2964713038.0,200687.0,5950128,15.001,0.0,14.779,2.13,5.0,12485,CNY-3.25,CNY
RFUD,2024-11-27,CRH5,15.005,14.62,15.462,14.888,61036649040.0,26171856795.0,1727382.0,4098620,14.892,0.0,15.173,-0.75,1.0,37249,CNY-3.25,CNY
RFUD,2024-11-28,CRH5,14.886,14.666,15.1,15.035,62309571444.0,3488468006.0,233742.0,4148164,15.021,0.0,14.923,0.99,10.0,14822,CNY-3.25,CNY
RFUD,2024-11-29,CRH5,15.04,14.786,15.109,14.819,62626190606.0,3343513820.0,223180.0,4226074,14.819,0.0,14.977,-1.44,14.0,14015,CNY-3.25,CNY
RFUD,2024-12-02,CRH5,14.818,14.722,14.964,14.847,63870603246.0,2373161251.0,159678.0,4300182,14.853,0.0,14.862,0.19,1.0,11013,CNY-3.25,CNY
RFUD,2024-12-03,CRH5,14.848,14.639,14.886,14.663,77478470872.0,11865380185.0,801098.0,5283944,14.663,0.0,14.747,-1.24,15.0,13109,CNY-3.25,CNY
RFUD,2024-12-04,CRH5,14.664,14.399,14.712,14.704,86559795660.0,10230394981.0,702835.0,5887220,14.703,0.0,14.55,0.28,4.0,22558,CNY-3.25,CNY
RFUD,2024-12-05,CRH5,14.7,14.179,14.751,14.229,91376976422.0,11229810150.0,774696.0,6422786,14.227,0.0,14.489,-3.23,139.0,26701,CNY-3.25,CNY
RFUD,2024-12-06,CRH5,14.258,13.811,14.316,13.919,90393648950.0,10657703560.0,757855.0,6496130,13.915,0.0,14.055,-2.18,4.0,29772,CNY-3.25,CNY
RFUD,2024-12-09,CRH5,13.916,13.851,14.32,14.303,96920310696.0,6693901824.0,476344.0,6774328,14.307,0.0,14.067,2.76,6.0,19937,CNY-3.25,CNY
RFUD,2024-12-10,CRH5,14.309,13.973,14.35,14.104,99550117200.0,8498889053.0,602055.0,7060292,14.1,0.0,14.113,-1.39,10.0,27138,CNY-3.25,CNY
RFUD,2024-12-11,CRH5,14.109,14.079,14.438,14.312,102649139384.0,11646538304.0,816817.0,7172744,14.311,0.0,14.27,1.47,3.0,31721,CNY-3.25,CNY
RFUD,2024-12-12,CRH5,14.313,14.218,14.526,14.268,99792792576.0,23609347616.0,1649019.0,6992208,14.272,0.0,14.375,-0.31,1.0,31100,CNY-3.25,CNY
RFUD,2024-12-13,CRH5,14.28,14.225,14.46,14.253,98118014400.0,7237288555.0,503757.0,6890310,14.24,0.0,14.365,-0.1,1.0,28175,CNY-3.25,CNY
RFUD,2024-12-16,CRH5,14.244,14.067,14.319,14.222,96527255976.0,18743406463.0,1317530.0,6787656,14.221,0.0,14.213,-0.22,1.0,38541,CNY-3.25,CNY
RFUD,2024-12-17,CRH5,14.228,14.16,14.4,14.4,107715426156.0,20517196809.0,1438214.0,7484916,14.391,0.0,14.283,1.25,1.0,70675,CNY-3.25,CNY
RFUD,2024-12-18,CRH5,14.39,14.288,14.511,14.475,151818646590.0,42242198728.0,2937122.0,10481094,14.485,0.0,14.388,0.52,1.0,98744,CNY-3.25,CNY
RFUD,2024-12-19,CRH5,14.481,14.443,14.662,14.526,174671623050.0,75926468952.0,5217580.0,12033870,14.515,0.0,14.552,0.35,1.0,200509,CNY-3.25,CNY
RFUD,2024-12-20,CRH5,14.535,14.374,14.61,14.521,168512066680.0,62949017839.0,4344059.0,11609512,14.515,0.0,14.491,-0.03,1.0,182506,CNY-3.25,CNY
RFUD,2024-12-23,CRH5,14.525,14.177,14.554,14.31,165698576038.0,61987641044.0,4333391.0,11568706,14.323,0.0,14.305,-1.45,1.0,179877,CNY-3.25,CNY
RFUD,2024-12-24,CRH5,14.328,14.126,14.356,14.211,158574165708.0,58842917735.0,4134415.0,11164836,14.203,0.0,14.232,-0.69,1.0,167930,CNY-3.25,CNY
RFUD,2024-12-25,CRH5,14.215,14.071,14.251,14.1,166850617920.0,42214706509.0,2982268.0,11816616,14.12,0.0,14.155,-0.78,4.0,124047,CNY-3.25,CNY
RFUD,2024-12-26,CRH5,14.1,13.99,14.147,14.01,163402623384.0,41550053264.0,2954829.0,11659956,14.014,0.0,14.062,-0.64,6.0,117018,CNY-3.25,CNY
RFUD,2024-12-27,CRH5,14.01,13.772,14.02,13.865,167817263260.0,78123831140.0,5633512.0,12099298,13.87,0.0,13.868,-1.03,824.0,211876,CNY-3.25,CNY
RFUD,2024-12-28,CRH5,13.851,13.741,14.155,14.143,159522019770.0,56672820188.0,4066170.0,11277626,14.145,0.0,13.94,2.0,2.0,158585,CNY-3.25,CNY
RFUD,2024-12-30,CRH5,14.141,13.931,14.274,14.191,156821282640.0,29878447444.0,2113145.0,11056210,14.184,0.0,14.139,0.34,4.0,105424,CNY-3.25,CNY
RFUD,2025-01-03,CRH5,14.182,14.14,14.315,14.248,158576134302.0,16909492576.0,1186672.0,11122686,14.257,0.0,14.25,0.4,4.0,75241,CNY-3.25,CNY
RFUD,2025-01-06,CRH5,14.257,14.011,14.296,14.071,160535232220.0,29947761121.0,2124055.0,11393558,14.09,0.0,14.099,-1.24,91.0,119520,CNY-3.25,CNY
RFUD,2025-01-08,CRH5,14.069,13.933,14.124,13.964,162509730462.0,19238060530.0,1371954.0,11633598,13.969,0.0,14.022,-0.76,1.0,81587,CNY-3.25,CNY
RFUD,2025-01-09,CRH5,13.964,13.958,14.25,14.13,158045402704.0,58093795355.0,4108553.0,11191432,14.122,0.0,14.14,1.19,2.0,186192,CNY-3.25,CNY
RFUD,2025-01-10,CRH5,14.119,14.088,14.24,14.221,150096955596.0,40707749761.0,2869739.0,10550148,14.227,0.0,14.187,0.64,3.0,122122,CNY-3.25,CNY
RFUD,2025-01-13,CRH5,14.225,14.225,14.35,14.329,150764310880.0,35381996793.0,2473364.0,10528234,14.32,0.0,14.306,0.76,26.0,119718,CNY-3.25,CNY
RFUD,2025-01-14,CRH5,14.32,14.31,14.462,14.415,149977984500.0,30471537299.0,2114342.0,10404300,14.415,0.0,14.412,0.6,10.0,93395,CNY-3.25,CNY
RFUD,2025-01-15,CRH5,14.411,14.325,14.475,14.395,144467586032.0,34648176036.0,2409045.0,10033168,14.399,0.0,14.382,-0.14,4.0,109291,CNY-3.25,CNY
RFUD,2025-01-16,CRH5,14.4,14.301,14.414,14.353,141940057956.0,33745864743.0,2349502.0,9885782,14.358,0.0,14.363,-0.29,7.0,127305,CNY-3.25,CNY
RFUD,2025-01-17,CRH5,14.352,14.241,14.388,14.248,142218115090.0,35604420388.0,2486384.0,9976718,14.255,0.0,14.32,-0.73,1.0,104894,CNY-3.25,CNY
RFUD,2025-01-20,CRH5,14.253,14.143,14.266,14.248,142592169000.0,39230308126.0,2760176.0,10006468,14.25,0.0,14.213,0.0,1.0,98620,CNY-3.25,CNY
RFUD,2025-01-21,CRH5,14.24,13.99,14.253,13.99,147103455478.0,48115894481.0,3411708.0,10512646,13.993,0.0,14.103,-1.81,40.0,131857,CNY-3.25,CNY
RFUD,2025-01-22,CRH5,14.0,13.905,14.028,13.944,140227225244.0,41833876389.0,2995415.0,10055014,13.946,0.0,13.967,-0.33,25.0,103587,CNY-3.25,CNY
RFUD,2025-01-23,CRH5,13.949,13.891,14.03,13.978,134512878512.0,39929099219.0,2851999.0,9624562,13.976,0.0,14.0,0.24,10.0,103784,CNY-3.25,CNY
RFUD,2025-01-24,CRH5,13.985,13.84,14.089,13.893,159678461882.0,64056844054.0,4594622.0,11495102,13.891,0.0,13.942,-0.61,90.0,175499,CNY-3.25,CNY
RFUD,2025-01-27,CRH5,13.898,13.651,13.918,13.824,187676557406.0,66462658963.0,4830023.0,13577122,13.823,0.0,13.76,-0.5,10.0,172550,CNY-3.25,CNY
RFUD,2025-01-28,CRH5,13.824,13.695,13.97,13.734,192313635360.0,61097315086.0,4420740.0,14007840,13.729,0.0,13.821,-0.65,1.0,156651,CNY-3.25,CNY
RFUD,2025-01-29,CRH5,13.737,13.665,13.818,13.76,193984241920.0,48326582462.0,3513295.0,14097692,13.76,0.0,13.755,0.19,8.0,135957,CNY-3.25,CNY
RFUD,2025-01-30,CRH5,13.767,13.552,13.806,13.563,206671131040.0,77246349283.0,5642958.0,15235616,13.565,0.0,13.689,-1.43,5.0,166212,CNY-3.25,CNY
RFUD,2025-01-31,CRH5,13.573,13.503,13.75,13.735,191438930592.0,60829863305.0,4464189.0,13949208,13.724,0.0,13.626,1.27,1.0,168752,CNY-3.25,CNY
RFUD,2025-02-03,CRH5,13.727,13.616,13.858,13.616,195194105980.0,52842423876.0,3846147.0,14330380,13.621,0.0,13.739,-0.87,1.0,153023,CNY-3.25,CNY
RFUD,2025-02-04,CRH5,13.632,13.568,13.682,13.611,196700155938.0,37331166401.0,2741204.0,14451558,13.611,0.0,13.619,-0.04,1.0,110810,CNY-3.25,CNY
RFUD,2025-02-05,CRH5,13.608,13.291,13.728,13.304,214004848200.0,101715748402.0,7541644.0,16091800,13.299,0.0,13.487,-2.26,200.0,219977,CNY-3.25,CNY
RFUD,2025-02-06,CRH5,13.297,13.137,13.607,13.59,198895901400.0,111046379734.0,8298096.0,14635460,13.59,0.0,13.383,2.15,5.0,283174,CNY-3.25,CNY
RFUD,2025-02-07,CRH5,13.586,13.442,13.634,13.62,201620508288.0,67272186754.0,4965069.0,14809792,13.614,0.0,13.549,0.22,20.0,196020,CNY-3.25,CNY
RFUD,2025-02-10,CRH5,13.609,13.376,13.618,13.398,208829079228.0,47854438082.0,3546391.0,15586586,13.398,0.0,13.494,-1.63,48.0,130391,CNY-3.25,CNY
RFUD,2025-02-11,CRH5,13.398,13.179,13.458,13.21,220918460880.0,76621091163.0,5769174.0,16726110,13.208,0.0,13.281,-1.4,3.0,181982,CNY-3.25,CNY
RFUD,2025-02-12,CRH5,13.206,12.918,13.214,12.947,216781113120.0,85704040879.0,6577238.0,16742440,12.948,0.0,13.03,-1.99,1.0,213906,CNY-3.25,CNY
RFUD,2025-02-13,CRH5,12.945,12.332,12.985,12.554,227941162400.0,154241796436.0,12262068.0,18140960,12.565,0.0,12.579,-3.03,2.0,393441,CNY-3.25,CNY
RFUD,2025-02-14,CRH5,12.545,12.382,12.836,12.698,239137370640.0,140640935272.0,11135696.0,18832680,12.698,0.0,12.63,1.15,8.0,288974,CNY-3.25,CNY
RFUD,2025-02-17,CRH5,12.695,12.475,12.761,12.496,246457126440.0,78701152267.0,6227693.0,19732356,12.49,0.0,12.637,-1.59,1.0,188174,CNY-3.25,CNY
RFUD,2025-02-18,CRH5,12.5,12.452,12.656,12.627,241794909774.0,66807675493.0,5306691.0,19146006,12.629,0.0,12.589,1.05,1.0,173690,CNY-3.25,CNY
RFUD,2025-02-19,CRH5,12.626,12.45,12.677,12.521,242773742480.0,65991266120.0,5265007.0,19390874,12.52,0.0,12.534,-0.84,16.0,171286,CNY-3.25,CNY
RFUD,2025-02-20,CRH5,12.53,12.179,12.538,12.181,237197377270.0,68838452180.0,5589271.0,19466342,12.185,0.0,12.316,-2.71,1.0,179679,CNY-3.25,CNY
RFUD,2025-02-21,CRH5,12.18,12.061,12.372,12.159,229631889552.0,92198475940.0,7534988.0,18881096,12.162,0.0,12.236,-0.18,10.0,224985,CNY-3.25,CNY
RFUD,2025-02-24,CRH5,12.16,12.11,12.333,12.122,219385045830.0,80355262653.0,6591534.0,18102570,12.119,0.0,12.196,-0.3,17.0,175046,CNY-3.25,CNY
RFUD,2025-02-25,CRH5,12.12,11.83,12.133,11.842,203371099696.0,95740061368.0,8022402.0,17178064,11.839,0.0,11.934,-2.31,12.0,233241,CNY-3.25,CNY
RFUD,2025-02-26,CRH5,11.847,11.758,12.15,12.092,220529709278.0,131364713693.0,11014016.0,18257282,12.079,0.0,11.929,2.11,7.0,304625,CNY-3.25,CNY
RFUD,2025-02-27,CRH5,12.079,12.001,12.305,12.206,235452030080.0,126497006927.0,10436659.0,19285120,12.209,0.0,12.121,0.94,188.0,286718,CNY-3.25,CNY
RFUD,2025-02-28,CRH5,12.205,12.146,12.337,12.263,233193973380.0,86161169426.0,7040844.0,19028476,12.255,0.0,12.238,0.47,2.0,194428,CNY-3.25,CNY
RFUD,2025-03-03,CRH5,12.265,12.094,12.377,12.239,232311439264.0,86020158858.0,7013064.0,18976592,12.242,0.0,12.266,-0.2,250.0,236453,CNY-3.25,CNY
RFUD,2025-03-04,CRH5,12.238,12.147,12.345,12.262,202933043802.0,78332171706.0,6380925.0,16526838,12.279,0.0,12.276,0.19,1.0,178451,CNY-3.25,CNY
RFUD,2025-03-05,CRH5,12.286,12.175,12.45,12.331,195782907780.0,92022445281.0,7447648.0,15890180,12.321,0.0,12.356,0.56,2.0,218003,CNY-3.25,CNY
RFUD,2025-03-06,CRH5,12.329,12.305,12.447,12.374,199438002400.0,51677937006.0,4174844.0,16114900,12.376,0.0,12.378,0.35,1.0,133491,CNY-3.25,CNY
RFUD,2025-03-07,CRH5,12.382,12.135,12.42,12.233,194998847916.0,90321364371.0,7363420.0,15933882,12.238,0.0,12.266,-1.14,11.0,206935,CNY-3.25,CNY
RFUD,2025-03-10,CRH5,12.23,11.939,12.248,11.941,185260737312.0,85943780940.0,7099353.0,15504288,11.949,0.0,12.105,-2.39,27.0,185129,CNY-3.25,CNY
RFUD,2025-03-11,CRH5,11.942,11.779,11.985,11.895,179400199680.0,76109663126.0,6405125.0,15081984,11.895,0.0,11.883,-0.39,7.0,192907,CNY-3.25,CNY
RFUD,2025-03-12,CRH5,11.899,11.854,12.111,12.002,163349207592.0,83538345544.0,6965879.0,13607898,12.004,0.0,11.993,0.9,5.0,219450,CNY-3.25,CNY
RFUD,2025-03-13,CRH5,12.0,11.837,12.067,11.851,149180708856.0,77389137686.0,6489485.0,12563644,11.874,0.0,11.925,-1.26,1.0,183166,CNY-3.25,CNY
RFUD,2025-03-14,CRH5,11.847,11.367,11.901,11.794,131668962930.0,89735792056.0,7603594.0,11165010,11.793,0.0,11.798,-0.48,5.0,197403,CNY-3.25,CNY
RFUD,2025-03-17,CRH5,11.793,11.371,11.809,11.374,111202805340.0,96176351763.0,8298328.0,9767484,11.385,0.0,11.585,-3.56,4.0,208461,CNY-3.25,CNY
RFUD,2025-03-18,CRH5,11.373,11.145,11.457,11.253,92464032864.0,117474478044.0,10410278.0,8214644,11.256,0.0,11.284,-1.06,1.0,297848,CNY-3.25,CNY
RFUD,2025-03-19,CRH5,11.257,11.152,11.621,11.49,69192688080.0,79593969652.0,6962692.0,6021992,11.49,0.0,11.432,2.11,1.0,223274,CNY-3.25,CNY
RFUD,2025-03-20,CRH5,11.485,11.477,11.65,11.611,0.0,39447643821.0,3403379.0,0,11.6112,0.0,11.591,1.05,78.0,64318,CNY-3.25,CNY
RFUD,2023-06-01,CRZ4,,,,,0.0,,,0,12.183,0.0,,,,0,CNY-12.24,CNY
RFUD,2023-06-02,CRZ4,,,,,0.0,,,0,12.346,0.0,,,,0,CNY-12.24,CNY
RFUD,2023-06-05,CRZ4,,,,,0.0,,,0,12.337,0.0,,,,0,CNY-12.24,CNY
RFUD,2023-06-06,CRZ4,,,,,0.0,,,0,12.324,0.0,,,,0,CNY-12.24,CNY
RFUD,2023-06-07,CRZ4,,,,,0.0,,,0,12.415,0.0,,,,0,CNY-12.24,CNY
RFUD,2023-06-08,CRZ4,,,,,0.0,,,0,12.427,0.0,,,,0,CNY-12.24,CNY
RFUD,2023-06-09,CRZ4,,,,,0.0,,,0,12.364,0.0,,,,0,CNY-12.24,CNY
RFUD,2023-06-13,CRZ4,,,,,0.0,,,0,12.554,0.0,,,,0,CNY-12.24,CNY
RFUD,2023-06-14,CRZ4,,,,,0.0,,,0,12.538,0.0,,,,0,CNY-12.24,CNY
RFUD,2023-06-15,CRZ4,,,,,0.0,,,0,12.506,0.0,,,,0,CNY-12.24,CNY
RFUD,2023-06-16,CRZ4,,,,,0.0,,,0,12.562,0.0,,,,0,CNY-12.24,CNY
RFUD,2023-06-19,CRZ4,12.42,12.42,12.42,12.42,25204.0,12420.0,1.0,2,12.602,0.0,12.42,,1.0,1,CNY-12.24,CNY
RFUD,2023-06-20,CRZ4,12.64,12.64,12.64,12.64,0.0,12640.0,1.0,0,12.643,0.0,12.64,1.77,1.0,1,CNY-12.24,CNY
RFUD,2023-06-21,CRZ4,,,,,0.0,,,0,12.469,0.0,,,,0,CNY-12.24,CNY
RFUD,2023-06-22,CRZ4,,,,,0.0,,,0,12.496,0.0,,,,0,CNY-12.24,CNY
RFUD,2023-06-23,CRZ4,,,,,0.0,,,0,12.545,0.0,,,,0,CNY-12.24,CNY
RFUD,2023-06-26,CRZ4,,,,,0.0,,,0,12.494,0.0,,,,0,CNY-12.24,CNY
RFUD,2023-06-27,CRZ4,,,,,0.0,,,0,12.55,0.0,,,,0,CNY-12.24,CNY
RFUD,2023-06-28,CRZ4,,,,,0.0,,,0,12.595,0.0,,,,0,CNY-12.24,CNY
RFUD,2023-06-29,CRZ4,,,,,0.0,,,0,12.76,0.0,,,,0,CNY-12.24,CNY
RFUD,2023-06-30,CRZ4,,,,,0.0,,,0,12.914,0.0,,,,0,CNY-12.24,CNY
RFUD,2023-07-03,CRZ4,,,,,0.0,,,0,12.83,0.0,,,,0,CNY-12.24,CNY
RFUD,2023-07-04,CRZ4,12.94,12.94,12.94,12.94,25824.0,12940.0,1.0,2,12.912,0.0,12.94,,1.0,1,CNY-12.24,CNY
RFUD,2023-07-05,CRZ4,12.9,12.9,13.0,13.0,337012.0,167907.0,13.0,26,12.962,0.0,12.916,0.46,1.0,10,CNY-12.24,CNY
RFUD,2023-07-06,CRZ4,13.0,13.0,13.827,13.125,315000.0,215728.0,16.0,24,13.125,0.0,13.483,0.96,1.0,15,CNY-12.24,CNY
RFUD,2023-07-07,CRZ4,,,,,317304.0,,,24,13.221,0.0,,,,0,CNY-12.24,CNY
RFUD,2023-07-10,CRZ4,13.2,13.1,13.2,13.1,494418.0,118700.0,9.0,38,13.011,0.0,13.189,,1.0,2,CNY-12.24,CNY
RFUD,2023-07-11,CRZ4,,,,,494038.0,,,38,13.001,0.0,,,,0,CNY-12.24,CNY
RFUD,2023-07-12,CRZ4,13.249,13.249,13.25,13.25,503500.0,26499.0,2.0,38,13.25,0.0,13.25,,1.0,2,CNY-12.24,CNY
RFUD,2023-07-13,CRZ4,13.3,13.151,13.5,13.151,552342.0,132583.0,10.0,42,13.151,0.0,13.258,-0.75,1.0,7,CNY-12.24,CNY
RFUD,2023-07-14,CRZ4,13.086,13.086,13.2,13.2,554400.0,224286.0,17.0,42,13.2,0.0,13.193,0.37,3.0,4,CNY-12.24,CNY
RFUD,2023-07-17,CRZ4,,,,,558558.0,,,42,13.299,0.0,,,,0,CNY-12.24,CNY
RFUD,2023-07-18,CRZ4,13.3,13.224,13.399,13.224,555408.0,39923.0,3.0,42,13.224,0.0,13.308,,1.0,3,CNY-12.24,CNY
RFUD,2023-07-19,CRZ4,,,,,555912.0,,,42,13.236,0.0,,,,0,CNY-12.24,CNY
RFUD,2023-07-20,CRZ4,,,,,556374.0,,,42,13.247,0.0,,,,0,CNY-12.24,CNY
RFUD,2023-07-21,CRZ4,,,,,554400.0,,,42,13.2,0.0,,,,0,CNY-12.24,CNY
RFUD,2023-07-24,CRZ4,,,,,554400.0,,,42,13.2,0.0,,,,0,CNY-12.24,CNY
RFUD,2023-07-25,CRZ4,13.101,13.101,13.7,13.204,633792.0,293962.0,22.0,48,13.204,0.0,13.362,,6.0,17,CNY-12.24,CNY
RFUD,2023-07-26,CRZ4,13.274,13.274,13.274,13.274,690248.0,132740.0,10.0,52,13.274,0.0,13.274,0.53,9.0,2,CNY-12.24,CNY
RFUD,2023-07-27,CRZ4,13.325,13.324,13.329,13.324,772792.0,39978.0,3.0,58,13.324,0.0,13.326,0.38,1.0,3,CNY-12.24,CNY
RFUD,2023-07-28,CRZ4,13.5,13.5,13.5,13.5,810000.0,13500.0,1.0,60,13.5,0.0,13.5,1.32,1.0,1,CNY-12.24,CNY
RFUD,2023-07-31,CRZ4,13.5,13.369,13.53,13.369,1042782.0,187597.0,14.0,78,13.369,0.0,13.4,-0.97,7.0,8,CNY-12.24,CNY
RFUD,2023-08-01,CRZ4,13.4,13.4,13.4,13.4,1045200.0,13400.0,1.0,78,13.4,0.0,13.4,0.23,1.0,1,CNY-12.24,CNY
RFUD,2023-08-02,CRZ4,13.54,13.54,13.6,13.6,1115200.0,40687.0,3.0,82,13.6,0.0,13.562,1.49,1.0,3,CNY-12.24,CNY
RFUD,2023-08-03,CRZ4,,,,,1125368.0,,,82,13.724,0.0,,,,0,CNY-12.24,CNY
RFUD,2023-08-04,CRZ4,13.8,13.8,13.9,13.9,1167600.0,41500.0,3.0,84,13.9,0.0,13.833,,1.0,3,CNY-12.24,CNY
RFUD,2023-08-07,CRZ4,14.0,13.81,14.0,13.81,1077180.0,83740.0,6.0,78,13.81,0.0,13.957,-0.65,1.0,6,CNY-12.24,CNY
RFUD,2023-08-08,CRZ4,13.93,13.93,13.93,13.93,1058680.0,13930.0,1.0,76,13.93,0.0,13.93,0.87,1.0,1,CNY-12.24,CNY
RFUD,2023-08-09,CRZ4,13.953,13.953,14.0,14.0,1120000.0,27953.0,2.0,80,14.0,0.0,13.977,0.5,1.0,2,CNY-12.24,CNY
RFUD,2023-08-10,CRZ4,14.138,14.138,14.2,14.2,1195320.0,84952.0,6.0,84,14.23,0.0,14.159,1.43,1.0,5,CNY-12.24,CNY
RFUD,2023-08-11,CRZ4,14.038,14.038,14.798,14.32,1400714.0,260108.0,18.0,98,14.293,0.0,14.45,0.84,2.0,15,CNY-12.24,CNY
RFUD,2023-08-14,CRZ4,14.418,14.1,14.982,14.275,1881000.0,1138418.0,79.0,132,14.25,0.0,14.41,-0.31,1.0,61,CNY-12.24,CNY
RFUD,2023-08-15,CRZ4,14.115,13.836,14.319,14.0,2660000.0,998481.0,71.0,190,14.0,0.0,14.063,-1.93,1.0,61,CNY-12.24,CNY
RFUD,2023-08-16,CRZ4,14.0,13.721,14.022,13.811,3176530.0,749920.0,54.0,230,13.811,0.0,13.887,-1.35,1.0,32,CNY-12.24,CNY
RFUD,2023-08-17,CRZ4,13.878,13.8,14.017,13.91,3421860.0,360853.0,26.0,246,13.91,0.0,13.879,0.72,1.0,17,CNY-12.24,CNY
RFUD,2023-08-18,CRZ4,13.851,13.78,13.92,13.846,3378424.0,221537.0,16.0,244,13.846,0.0,13.846,-0.46,1.0,9,CNY-12.24,CNY
RFUD,2023-08-21,CRZ4,14.0,14.0,14.0,14.0,3416000.0,28000.0,2.0,244,14.0,0.0,14.0,1.11,1.0,2,CNY-12.24,CNY
RFUD,2023-08-22,CRZ4,,,,,3424540.0,,,244,14.035,0.0,,,,0,CNY-12.24,CNY
RFUD,2023-08-23,CRZ4,,,,,3414780.0,,,244,13.995,0.0,,,,0,CNY-12.24,CNY
RFUD,2023-08-24,CRZ4,13.995,13.995,13.995,13.995,2966940.0,251910.0,18.0,212,13.995,0.0,13.995,,3.0,9,CNY-12.24,CNY
RFUD,2023-08-25,CRZ4,14.1,14.1,14.25,14.25,2992500.0,70940.0,5.0,210,14.25,0.0,14.188,1.82,1.0,5,CNY-12.24,CNY
RFUD,2023-08-28,CRZ4,14.231,14.231,14.231,14.231,3016972.0,14231.0,1.0,212,14.231,0.0,14.231,-0.13,1.0,1,CNY-12.24,CNY
RFUD,2023-08-29,CRZ4,13.88,13.88,14.999,14.33,3668992.0,380736.0,26.0,256,14.332,0.0,14.644,0.7,1.0,18,CNY-12.24,CNY
RFUD,2023-08-30,CRZ4,14.433,14.331,14.48,14.331,3697398.0,374675.0,26.0,258,14.331,0.0,14.411,0.01,1.0,15,CNY-12.24,CNY
RFUD,2023-08-31,CRZ4,14.297,14.291,14.297,14.291,3687078.0,57171.0,4.0,258,14.291,0.0,14.293,-0.28,2.0,3,CNY-12.24,CNY
RFUD,2023-09-01,CRZ4,14.234,14.234,14.456,14.456,3729648.0,28690.0,2.0,258,14.456,0.0,14.345,1.16,1.0,2,CNY-12.24,CNY
RFUD,2023-09-04,CRZ4,14.31,14.2,14.31,14.2,3862400.0,370780.0,26.0,272,14.2,0.0,14.261,-1.77,1.0,24,CNY-12.24,CNY
RFUD,2023-09-05,CRZ4,14.178,14.1,14.25,14.25,4845000.0,1250850.0,88.0,340,14.25,0.0,14.214,0.35,8.0,17,CNY-12.24,CNY
RFUD,2023-09-06,CRZ4,14.3,14.0,14.3,14.2,5026800.0,352972.0,25.0,354,14.2,0.0,14.119,-0.35,1.0,20,CNY-12.24,CNY
RFUD,2023-09-07,CRZ4,14.29,13.615,14.29,14.141,8943432.0,2765312.0,198.0,632,14.151,0.0,13.966,-0.41,2.0,72,CNY-12.24,CNY
RFUD,2023-09-08,CRZ4,14.18,13.825,14.58,14.21,8383900.0,1624412.0,113.0,590,14.21,0.0,14.375,0.49,2.0,63,CNY-12.24,CNY
RFUD,2023-09-11,CRZ4,13.892,13.892,14.639,14.036,7750050.0,480691.0,34.0,550,14.091,0.0,14.138,-1.22,16.0,18,CNY-12.24,CNY
RFUD,2023-09-12,CRZ4,14.117,14.091,14.32,14.091,7787616.0,141974.0,10.0,552,14.108,0.0,14.197,0.39,1.0,10,CNY-12.24,CNY
RFUD,2023-09-13,CRZ4,,,,,8010072.0,,,552,14.511,0.0,,,,0,CNY-12.24,CNY
RFUD,2023-09-14,CRZ4,14.331,14.331,14.49,14.44,7970880.0,301673.0,21.0,552,14.44,0.0,14.365,,1.0,9,CNY-12.24,CNY
RFUD,2023-09-15,CRZ4,14.44,14.0,14.749,14.5,7738134.0,493116.0,34.0,542,14.277,0.0,14.503,0.42,1.0,20,CNY-12.24,CNY
RFUD,2023-09-18,CRZ4,14.26,14.26,14.26,14.26,7724042.0,57040.0,4.0,542,14.251,0.0,14.26,-1.65,4.0,1,CNY-12.24,CNY
RFUD,2023-09-19,CRZ4,,,,,7736508.0,,,542,14.274,0.0,,,,0,CNY-12.24,CNY
RFUD,2023-09-20,CRZ4,14.56,14.18,14.598,14.18,8403240.0,530603.0,37.0,586,14.34,0.0,14.341,,3.0,10,CNY-12.24,CNY
RFUD,2023-09-21,CRZ4,14.49,13.937,14.49,14.251,9006632.0,426998.0,30.0,632,14.251,0.0,14.233,0.5,1.0,15,CNY-12.24,CNY
RFUD,2023-09-22,CRZ4,14.15,14.15,14.25,14.25,9034500.0,42600.0,3.0,634,14.25,0.0,14.2,-0.01,1.0,3,CNY-12.24,CNY
RFUD,2023-09-25,CRZ4,14.389,14.21,14.389,14.211,8981352.0,114128.0,8.0,632,14.211,0.0,14.266,-0.27,1.0,7,CNY-12.24,CNY
RFUD,2023-09-26,CRZ4,14.211,14.211,14.211,14.211,9038196.0,28422.0,2.0,636,14.211,0.0,14.211,0.0,1.0,2,CNY-12.24,CNY
RFUD,2023-09-27,CRZ4,14.29,14.29,14.329,14.329,9050240.0,42909.0,3.0,632,14.32,0.0,14.303,0.83,1.0,2,CNY-12.24,CNY
RFUD,2023-09-28,CRZ4,14.35,14.35,14.734,14.365,8877570.0,756454.0,52.0,618,14.365,0.0,14.547,0.25,1.0,34,CNY-12.24,CNY
RFUD,2023-09-29,CRZ4,14.368,14.368,14.69,14.69,9459716.0,260758.0,18.0,644,14.689,0.0,14.487,2.26,1.0,12,CNY-12.24,CNY
RFUD,2023-10-02,CRZ4,14.6,14.46,14.685,14.685,9367754.0,145672.0,10.0,638,14.683,0.0,14.567,-0.03,1.0,9,CNY-12.24,CNY
RFUD,2023-10-03,CRZ4,,,,,9360098.0,,,638,14.671,0.0,,,,0,CNY-12.24,CNY
RFUD,2023-10-04,CRZ4,14.682,14.561,14.786,14.65,9083000.0,265074.0,18.0,620,14.65,0.0,14.726,,1.0,10,CNY-12.24,CNY
RFUD,2023-10-05,CRZ4,14.65,14.63,14.65,14.63,9015160.0,43911.0,3.0,616,14.635,0.0,14.637,-0.14,1.0,3,CNY-12.24,CNY
RFUD,2023-10-06,CRZ4,14.789,14.781,14.8,14.781,9489402.0,902680.0,61.0,642,14.781,0.0,14.798,1.03,1.0,18,CNY-12.24,CNY
RFUD,2023-10-09,CRZ4,14.88,14.88,15.531,15.081,6545154.0,3665191.0,241.0,434,15.081,0.0,15.208,2.03,1.0,84,CNY-12.24,CNY
RFUD,2023-10-10,CRZ4,14.81,14.81,15.0,15.0,6436800.0,59810.0,4.0,432,14.9,0.0,14.953,-0.54,1.0,4,CNY-12.24,CNY
RFUD,2023-10-11,CRZ4,14.9,14.805,14.9,14.805,6395760.0,29705.0,2.0,432,14.805,0.0,14.853,-1.3,1.0,2,CNY-12.24,CNY
RFUD,2023-10-12,CRZ4,14.806,14.404,14.806,14.57,5884260.0,673783.0,46.0,404,14.565,0.0,14.647,-1.59,1.0,26,CNY-12.24,CNY
RFUD,2023-10-13,CRZ4,14.6,14.551,14.6,14.551,5878200.0,29151.0,2.0,404,14.55,0.0,14.576,-0.13,1.0,2,CNY-12.24,CNY
RFUD,2023-10-16,CRZ4,14.415,14.415,14.415,14.415,5852490.0,14415.0,1.0,406,14.415,0.0,14.415,-0.94,1.0,1,CNY-12.24,CNY
RFUD,2023-10-17,CRZ4,14.421,14.421,14.51,14.51,6303416.0,275501.0,19.0,434,14.524,0.0,14.5,0.66,10.0,6,CNY-12.24,CNY
RFUD,2023-10-18,CRZ4,14.649,14.555,14.649,14.556,6404640.0,58316.0,4.0,440,14.556,0.0,14.579,0.32,1.0,4,CNY-12.24,CNY
RFUD,2023-10-19,CRZ4,,,,,6391880.0,,,440,14.527,0.0,,,,0,CNY-12.24,CNY
RFUD,2023-10-20,CRZ4,14.401,14.201,14.401,14.36,6606138.0,343185.0,24.0,462,14.299,0.0,14.299,,1.0,7,CNY-12.24,CNY
RFUD,2023-10-23,CRZ4,14.208,14.2,14.3,14.3,6835400.0,113908.0,8.0,478,14.3,0.0,14.239,-0.42,3.0,3,CNY-12.24,CNY
RFUD,2023-10-24,CRZ4,14.2,13.97,14.2,14.07,6933654.0,618606.0,44.0,498,13.923,0.0,14.059,-1.61,1.0,20,CNY-12.24,CNY
RFUD,2023-10-25,CRZ4,14.01,14.01,14.01,14.01,6976980.0,14010.0,1.0,498,14.01,0.0,14.01,-0.43,1.0,1,CNY-12.24,CNY
RFUD,2023-10-26,CRZ4,14.058,14.058,14.099,14.099,6964906.0,126596.0,9.0,494,14.099,0.0,14.066,0.64,1.0,5,CNY-12.24,CNY
RFUD,2023-10-27,CRZ4,14.06,13.891,14.06,13.922,6883890.0,41873.0,3.0,494,13.935,0.0,13.958,-1.26,1.0,3,CNY-12.24,CNY
RFUD,2023-10-30,CRZ4,13.861,13.861,14.21,14.2,7355600.0,530979.0,38.0,518,14.2,0.0,13.973,2.0,1.0,11,CNY-12.24,CNY
RFUD,2023-10-31,CRZ4,14.1,14.059,14.233,14.059,7085736.0,283615.0,20.0,504,14.059,0.0,14.181,-0.99,1.0,19,CNY-12.24,CNY
RFUD,2023-11-01,CRZ4,14.209,14.209,14.209,14.209,7161336.0,14209.0,1.0,504,14.209,0.0,14.209,1.07,1.0,1,CNY-12.24,CNY
RFUD,2023-11-02,CRZ4,14.156,14.1,14.156,14.1,7136934.0,28256.0,2.0,502,14.217,0.0,14.128,-0.77,1.0,2,CNY-12.24,CNY
RFUD,2023-11-03,CRZ4,14.37,14.37,14.37,14.37,7158520.0,14370.0,1.0,502,14.26,0.0,14.37,1.92,1.0,1,CNY-12.24,CNY
RFUD,2023-11-06,CRZ4,14.26,14.141,14.26,14.146,7016416.0,99275.0,7.0,496,14.146,0.0,14.182,-1.56,1.0,7,CNY-12.24,CNY
RFUD,2023-11-07,CRZ4,,,,,7021376.0,,,496,14.156,0.0,,,,0,CNY-12.24,CNY
RFUD,2023-11-08,CRZ4,14.051,14.051,14.198,14.198,7155288.0,56637.0,4.0,504,14.197,0.0,14.159,,1.0,4,CNY-12.24,CNY
RFUD,2023-11-09,CRZ4,13.87,13.865,13.87,13.865,7002500.0,27735.0,2.0,500,14.005,0.0,13.868,-2.34,1.0,2,CNY-12.24,CNY
RFUD,2023-11-10,CRZ4,,,,,7027500.0,,,500,14.055,0.0,,,,0,CNY-12.24,CNY
RFUD,2023-11-13,CRZ4,14.1,14.029,14.1,14.029,7014500.0,56188.0,4.0,500,14.029,0.0,14.047,,2.0,3,CNY-12.24,CNY
RFUD,2023-11-14,CRZ4,,,,,6992500.0,,,500,13.985,0.0,,,,0,CNY-12.24,CNY
RFUD,2023-11-15,CRZ4,13.901,13.84,14.02,13.84,6796300.0,153030.0,11.0,490,13.87,0.0,13.912,,1.0,10,CNY-12.24,CNY
RFUD,2023-11-16,CRZ4,13.78,13.771,13.899,13.899,6838308.0,152000.0,11.0,492,13.899,0.0,13.818,0.43,1.0,11,CNY-12.24,CNY
RFUD,2023-11-17,CRZ4,13.98,13.175,13.98,13.8,7590550.0,3074459.0,226.0,550,13.801,0.0,13.604,-0.71,1.0,73,CNY-12.24,CNY
RFUD,2023-11-20,CRZ4,13.627,13.627,13.876,13.801,7507744.0,110147.0,8.0,544,13.801,0.0,13.768,0.01,1.0,8,CNY-12.24,CNY
RFUD,2023-11-21,CRZ4,13.625,13.6,13.932,13.932,7672346.0,218665.0,16.0,554,13.849,0.0,13.667,0.95,1.0,6,CNY-12.24,CNY
RFUD,2023-11-22,CRZ4,13.87,13.87,13.87,13.87,7712832.0,13870.0,1.0,556,13.872,0.0,13.87,-0.45,1.0,1,CNY-12.24,CNY
RFUD,2023-11-23,CRZ4,13.92,13.514,14.595,13.67,8366040.0,2572670.0,185.0,612,13.67,0.0,13.906,-1.44,1.0,89,CNY-12.24,CNY
RFUD,2023-11-24,CRZ4,13.515,13.51,13.98,13.924,8868200.0,456325.0,33.0,638,13.9,0.0,13.828,1.86,1.0,11,CNY-12.24,CNY
RFUD,2023-11-27,CRZ4,14.099,13.8,14.099,13.93,8957396.0,139208.0,10.0,644,13.909,0.0,13.921,0.04,1.0,9,CNY-12.24,CNY
RFUD,2023-11-28,CRZ4,13.801,13.8,13.842,13.842,8969616.0,41443.0,3.0,648,13.842,0.0,13.814,-0.63,1.0,3,CNY-12.24,CNY
RFUD,2023-11-29,CRZ4,13.751,13.75,13.751,13.75,9130000.0,110001.0,8.0,664,13.75,0.0,13.75,-0.66,7.0,2,CNY-12.24,CNY
RFUD,2023-11-30,CRZ4,13.691,13.518,13.691,13.657,9054836.0,218006.0,16.0,662,13.678,0.0,13.625,-0.68,3.0,9,CNY-12.24,CNY
RFUD,2023-12-01,CRZ4,13.79,13.79,13.99,13.99,9345320.0,305744.0,22.0,668,13.99,0.0,13.897,2.44,1.0,8,CNY-12.24,CNY
RFUD,2023-12-04,CRZ4,13.99,13.8,13.999,13.999,10508498.0,789270.0,57.0,754,13.937,0.0,13.847,0.06,9.0,10,CNY-12.24,CNY
RFUD,2023-12-05,CRZ4,14.149,13.923,14.45,14.32,12229280.0,1692103.0,118.0,854,14.32,0.0,14.34,2.29,1.0,36,CNY-12.24,CNY
RFUD,2023-12-06,CRZ4,14.25,13.878,14.39,14.299,11017028.0,642724.0,46.0,788,13.981,0.0,13.972,-0.15,1.0,16,CNY-12.24,CNY
RFUD,2023-12-07,CRZ4,13.9,13.89,14.1,14.049,11288964.0,459389.0,33.0,804,14.041,0.0,13.921,-1.75,1.0,18,CNY-12.24,CNY
RFUD,2023-12-08,CRZ4,13.869,13.82,13.935,13.86,11504630.0,415916.0,30.0,830,13.861,0.0,13.864,-1.34,2.0,18,CNY-12.24,CNY
RFUD,2023-12-11,CRZ4,13.935,13.777,14.165,14.048,10443024.0,1838779.0,132.0,752,13.887,0.0,13.93,1.36,31.0,70,CNY-12.24,CNY
RFUD,2023-12-12,CRZ4,13.781,13.76,13.781,13.76,10430080.0,41321.0,3.0,758,13.76,0.0,13.774,-2.05,1.0,3,CNY-12.24,CNY
RFUD,2023-12-13,CRZ4,13.859,13.686,13.859,13.691,10549770.0,123680.0,9.0,770,13.701,0.0,13.742,-0.5,1.0,7,CNY-12.24,CNY
RFUD,2023-12-14,CRZ4,13.751,13.751,13.751,13.751,10560768.0,13751.0,1.0,768,13.751,0.0,13.751,0.44,1.0,1,CNY-12.24,CNY
RFUD,2023-12-15,CRZ4,13.834,13.751,13.834,13.79,10784562.0,137867.0,10.0,782,13.791,0.0,13.787,0.28,2.0,8,CNY-12.24,CNY
RFUD,2023-12-18,CRZ4,13.8,13.8,13.895,13.801,10930392.0,110497.0,8.0,792,13.801,0.0,13.812,0.08,1.0,5,CNY-12.24,CNY
RFUD,2023-12-19,CRZ4,13.86,13.86,13.9,13.9,10706080.0,347452.0,25.0,770,13.904,0.0,13.898,0.72,14.0,5,CNY-12.24,CNY
RFUD,2023-12-20,CRZ4,13.9,13.9,13.95,13.95,10769400.0,41800.0,3.0,772,13.95,0.0,13.933,0.36,1.0,3,CNY-12.24,CNY
RFUD,2023-12-21,CRZ4,13.927,13.721,14.1,14.071,12101060.0,1035459.0,75.0,860,14.071,0.0,13.806,0.87,1.0,27,CNY-12.24,CNY
RFUD,2023-12-22,CRZ4,13.958,13.958,14.059,14.059,11922032.0,168442.0,12.0,848,14.059,0.0,14.037,-0.08,3.0,7,CNY-12.24,CNY
RFUD,2023-12-25,CRZ4,13.958,13.902,14.05,14.05,12111100.0,153816.0,11.0,862,14.05,0.0,13.983,-0.06,1.0,11,CNY-12.24,CNY
RFUD,2023-12-26,CRZ4,13.961,13.96,13.961,13.96,12089360.0,27921.0,2.0,866,13.96,0.0,13.961,-0.64,1.0,2,CNY-12.24,CNY
RFUD,2023-12-27,CRZ4,13.947,13.937,13.947,13.937,12125190.0,27884.0,2.0,870,13.937,0.0,13.942,-0.17,1.0,2,CNY-12.24,CNY
RFUD,2023-12-28,CRZ4,13.925,13.925,14.011,14.011,12245614.0,69968.0,5.0,874,14.011,0.0,13.994,0.53,2.0,4,CNY-12.24,CNY
RFUD,2023-12-29,CRZ4,13.921,13.85,13.929,13.85,13259720.0,914647.0,66.0,956,13.87,0.0,13.858,-1.15,1.0,19,CNY-12.24,CNY
RFUD,2024-01-03,CRZ4,14.097,13.808,14.097,13.808,13184280.0,97114.0,7.0,954,13.82,0.0,13.873,-0.3,2.0,6,CNY-12.24,CNY
RFUD,2024-01-04,CRZ4,13.837,13.837,14.054,14.054,13335244.0,41944.0,3.0,956,13.949,0.0,13.981,1.78,1.0,3,CNY-12.24,CNY
RFUD,2024-01-05,CRZ4,13.847,13.847,13.95,13.95,13364100.0,69646.0,5.0,958,13.95,0.0,13.929,-0.74,1.0,5,CNY-12.24,CNY
RFUD,2024-01-08,CRZ4,13.813,13.811,13.813,13.811,13212876.0,41436.0,3.0,956,13.821,0.0,13.812,-1.0,1.0,3,CNY-12.24,CNY
RFUD,2024-01-09,CRZ4,13.82,13.72,13.9,13.72,13384440.0,761346.0,55.0,972,13.77,0.0,13.843,-0.66,2.0,10,CNY-12.24,CNY
RFUD,2024-01-10,CRZ4,13.999,13.61,13.999,13.63,19954320.0,7071542.0,516.0,1464,13.63,0.0,13.705,-0.66,25.0,36,CNY-12.24,CNY
RFUD,2024-01-11,CRZ4,13.738,13.429,13.899,13.639,19012766.0,1515944.0,111.0,1394,13.639,0.0,13.657,0.07,1.0,41,CNY-12.24,CNY
RFUD,2024-01-12,CRZ4,13.601,13.401,13.69,13.629,18857000.0,758166.0,56.0,1384,13.625,0.0,13.539,-0.07,1.0,29,CNY-12.24,CNY
RFUD,2024-01-15,CRZ4,13.649,13.43,13.649,13.478,18599640.0,581049.0,43.0,1380,13.478,0.0,13.513,-1.11,4.0,15,CNY-12.24,CNY
RFUD,2024-01-16,CRZ4,13.622,13.419,13.622,13.525,18664500.0,472582.0,35.0,1380,13.525,0.0,13.502,0.35,1.0,10,CNY-12.24,CNY
RFUD,2024-01-17,CRZ4,13.51,13.51,13.69,13.57,18998000.0,490335.0,36.0,1400,13.57,0.0,13.62,0.33,5.0,10,CNY-12.24,CNY
RFUD,2024-01-18,CRZ4,13.581,13.419,13.629,13.629,19107858.0,766607.0,57.0,1402,13.629,0.0,13.449,0.43,1.0,16,CNY-12.24,CNY
RFUD,2024-01-19,CRZ4,13.599,13.509,13.63,13.63,19256184.0,190559.0,14.0,1416,13.599,0.0,13.611,0.01,3.0,8,CNY-12.24,CNY
RFUD,2024-01-22,CRZ4,13.601,13.44,13.601,13.51,18914000.0,215931.0,16.0,1400,13.51,0.0,13.496,-0.88,1.0,13,CNY-12.24,CNY
RFUD,2024-01-23,CRZ4,13.559,13.559,13.58,13.58,19012000.0,67849.0,5.0,1400,13.58,0.0,13.57,0.52,1.0,3,CNY-12.24,CNY
RFUD,2024-01-24,CRZ4,13.679,13.52,13.69,13.61,16576980.0,1705390.0,125.0,1218,13.61,0.0,13.643,0.22,1.0,29,CNY-12.24,CNY
RFUD,2024-01-25,CRZ4,13.645,13.595,13.65,13.65,16653000.0,81760.0,6.0,1220,13.65,0.0,13.627,0.29,1.0,6,CNY-12.24,CNY
RFUD,2024-01-26,CRZ4,13.68,13.68,13.768,13.768,16814720.0,178638.0,13.0,1222,13.76,0.0,13.741,0.86,1.0,5,CNY-12.24,CNY
RFUD,2024-01-29,CRZ4,13.661,13.441,13.697,13.57,15904040.0,473212.0,35.0,1172,13.57,0.0,13.52,-1.44,1.0,16,CNY-12.24,CNY
RFUD,2024-01-30,CRZ4,13.57,13.511,13.697,13.58,14612080.0,5224968.0,385.0,1076,13.58,0.0,13.571,0.07,1.0,31,CNY-12.24,CNY
RFUD,2024-01-31,CRZ4,13.65,13.437,13.689,13.662,14946228.0,1072670.0,79.0,1094,13.662,0.0,13.578,0.6,1.0,37,CNY-12.24,CNY
RFUD,2024-02-01,CRZ4,13.698,13.658,13.75,13.75,14630000.0,820668.0,60.0,1064,13.75,0.0,13.678,0.64,1.0,15,CNY-12.24,CNY
RFUD,2024-02-02,CRZ4,13.702,13.59,13.895,13.703,14031872.0,1100208.0,80.0,1024,13.703,0.0,13.753,-0.34,1.0,31,CNY-12.24,CNY
RFUD,2024-02-05,CRZ4,13.711,13.63,13.767,13.63,14066160.0,191751.0,14.0,1032,13.63,0.0,13.697,-0.53,1.0,14,CNY-12.24,CNY
RFUD,2024-02-06,CRZ4,13.699,13.699,13.89,13.719,14350074.0,206343.0,15.0,1046,13.719,0.0,13.756,0.65,1.0,15,CNY-12.24,CNY
RFUD,2024-02-07,CRZ4,13.713,13.71,13.77,13.75,14382500.0,439295.0,32.0,1046,13.75,0.0,13.728,0.23,5.0,16,CNY-12.24,CNY
RFUD,2024-02-08,CRZ4,13.908,13.724,13.908,13.779,14425950.0,206143.0,15.0,1050,13.739,0.0,13.743,0.21,1.0,6,CNY-12.24,CNY
RFUD,2024-02-09,CRZ4,13.739,13.67,13.798,13.709,14499890.0,137204.0,10.0,1058,13.705,0.0,13.72,-0.51,1.0,10,CNY-12.24,CNY
RFUD,2024-02-12,CRZ4,13.76,13.533,13.76,13.672,14328256.0,218313.0,16.0,1048,13.672,0.0,13.645,-0.27,1.0,15,CNY-12.24,CNY
RFUD,2024-02-13,CRZ4,13.651,13.614,13.651,13.614,14566980.0,163765.0,12.0,1070,13.614,0.0,13.647,-0.42,1.0,3,CNY-12.24,CNY
RFUD,2024-02-14,CRZ4,13.73,13.607,13.73,13.659,14834760.0,423763.0,31.0,1086,13.66,0.0,13.67,0.33,1.0,16,CNY-12.24,CNY
RFUD,2024-02-15,CRZ4,13.66,13.659,13.8,13.8,14462400.0,563186.0,41.0,1048,13.8,0.0,13.736,1.03,8.0,22,CNY-12.24,CNY
RFUD,2024-02-16,CRZ4,13.83,13.573,14.169,13.634,22860640.0,8738831.0,638.0,1676,13.64,0.0,13.697,-1.2,1.0,319,CNY-12.24,CNY
RFUD,2024-02-19,CRZ4,13.603,13.577,13.73,13.671,24033618.0,1407545.0,103.0,1758,13.671,0.0,13.665,0.27,1.0,99,CNY-12.24,CNY
RFUD,2024-02-20,CRZ4,13.601,13.578,14.083,13.715,24357840.0,1954809.0,142.0,1776,13.715,0.0,13.766,0.32,1.0,73,CNY-12.24,CNY
RFUD,2024-02-21,CRZ4,13.667,13.621,13.719,13.697,24955934.0,752287.0,55.0,1822,13.697,0.0,13.678,-0.13,1.0,54,CNY-12.24,CNY
RFUD,2024-02-22,CRZ4,13.695,13.56,13.971,13.625,27725454.0,3462274.0,253.0,2034,13.631,0.0,13.685,-0.53,1.0,166,CNY-12.24,CNY
RFUD,2024-02-26,CRZ4,13.624,13.602,13.764,13.652,33506200.0,4498011.0,329.0,2450,13.676,0.0,13.672,0.2,1.0,277,CNY-12.24,CNY
RFUD,2024-02-27,CRZ4,13.605,13.352,14.331,13.616,36572576.0,4959251.0,362.0,2686,13.616,0.0,13.7,-0.26,1.0,127,CNY-12.24,CNY
RFUD,2024-02-28,CRZ4,13.606,13.509,13.665,13.515,37667520.0,1479603.0,109.0,2784,13.53,0.0,13.574,-0.74,1.0,96,CNY-12.24,CNY
RFUD,2024-02-29,CRZ4,13.51,13.41,13.652,13.46,41483720.0,2484566.0,184.0,3082,13.46,0.0,13.503,-0.41,1.0,76,CNY-12.24,CNY
RFUD,2024-03-01,CRZ4,13.458,13.431,13.599,13.506,44276220.0,4357039.0,322.0,3258,13.59,0.0,13.531,0.34,1.0,126,CNY-12.24,CNY
RFUD,2024-03-04,CRZ4,13.457,13.457,13.6,13.49,45380360.0,1095486.0,81.0,3364,13.49,0.0,13.525,-0.12,2.0,52,CNY-12.24,CNY
RFUD,2024-03-05,CRZ4,13.459,13.418,13.519,13.418,46882492.0,4516374.0,336.0,3494,13.418,0.0,13.442,-0.53,1.0,83,CNY-12.24,CNY
RFUD,2024-03-06,CRZ4,13.407,13.327,13.415,13.359,47558040.0,2611916.0,195.0,3560,13.359,0.0,13.394,-0.44,1.0,69,CNY-12.24,CNY
RFUD,2024-03-07,CRZ4,13.367,13.355,13.517,13.395,48168420.0,993175.0,74.0,3596,13.395,0.0,13.421,0.27,1.0,64,CNY-12.24,CNY
RFUD,2024-03-11,CRZ4,13.381,13.362,13.58,13.378,48783480.0,2255523.0,168.0,3646,13.38,0.0,13.426,-0.13,1.0,61,CNY-12.24,CNY
RFUD,2024-03-12,CRZ4,13.378,13.356,13.55,13.55,50948404.0,6725596.0,500.0,3772,13.507,0.0,13.451,1.29,1.0,178,CNY-12.24,CNY
RFUD,2024-03-13,CRZ4,13.467,13.415,13.75,13.425,51866660.0,2186094.0,162.0,3862,13.43,0.0,13.494,-0.92,5.0,101,CNY-12.24,CNY
RFUD,2024-03-14,CRZ4,13.43,13.422,13.529,13.431,55040238.0,2421162.0,180.0,4098,13.431,0.0,13.451,0.04,1.0,165,CNY-12.24,CNY
RFUD,2024-03-15,CRZ4,13.428,13.427,13.644,13.587,56615940.0,1871412.0,138.0,4166,13.59,0.0,13.561,1.16,3.0,116,CNY-12.24,CNY
RFUD,2024-03-18,CRZ4,13.62,13.359,13.654,13.504,65645588.0,8419200.0,624.0,4876,13.463,0.0,13.492,-0.61,3.0,431,CNY-12.24,CNY
RFUD,2024-03-19,CRZ4,13.428,13.392,13.631,13.565,69505540.0,4297136.0,317.0,5122,13.57,0.0,13.556,0.45,3.0,183,CNY-12.24,CNY
RFUD,2024-03-20,CRZ4,13.458,13.458,13.75,13.626,72686418.0,7370241.0,540.0,5334,13.627,0.0,13.649,0.45,1.0,178,CNY-12.24,CNY
RFUD,2024-03-21,CRZ4,13.615,13.512,13.673,13.566,79062648.0,5301135.0,390.0,5828,13.566,0.0,13.593,-0.44,1.0,204,CNY-12.24,CNY
RFUD,2024-03-22,CRZ4,13.597,13.528,13.68,13.6,77139200.0,4035591.0,296.0,5672,13.6,0.0,13.634,0.25,1.0,132,CNY-12.24,CNY
RFUD,2024-03-25,CRZ4,13.614,13.601,13.72,13.685,66591210.0,16501933.0,1206.0,4866,13.685,0.0,13.683,0.62,1.0,390,CNY-12.24,CNY
RFUD,2024-03-26,CRZ4,13.684,13.651,13.69,13.69,66642920.0,191522.0,14.0,4868,13.69,0.0,13.68,0.04,1.0,10,CNY-12.24,CNY
RFUD,2024-03-27,CRZ4,13.67,13.557,13.67,13.566,66446268.0,2404850.0,177.0,4898,13.566,0.0,13.587,-0.91,1.0,51,CNY-12.24,CNY
RFUD,2024-03-28,CRZ4,13.584,13.533,13.642,13.632,67014912.0,3276255.0,241.0,4916,13.632,0.0,13.594,0.49,1.0,78,CNY-12.24,CNY
RFUD,2024-03-29,CRZ4,13.632,13.53,13.639,13.578,67890000.0,3613897.0,266.0,5000,13.578,0.0,13.586,-0.4,1.0,69,CNY-12.24,CNY
RFUD,2024-04-01,CRZ4,13.598,13.537,13.639,13.632,68464926.0,3621920.0,266.0,5022,13.633,0.0,13.616,0.4,10.0,82,CNY-12.24,CNY
RFUD,2024-04-02,CRZ4,13.639,13.639,13.837,13.686,142696752.0,53185366.0,3872.0,10428,13.684,0.0,13.736,0.4,1.0,3609,CNY-12.24,CNY
RFUD,2024-04-03,CRZ4,13.686,13.532,13.695,13.561,127103064.0,80451959.0,5931.0,9372,13.562,0.0,13.565,-0.91,1.0,5498,CNY-12.24,CNY
RFUD,2024-04-04,CRZ4,13.548,13.531,13.7,13.608,86546880.0,57487617.0,4221.0,6360,13.608,0.0,13.619,0.35,10.0,3758,CNY-12.24,CNY
RFUD,2024-04-05,CRZ4,13.602,13.592,13.65,13.624,85005226.0,4208960.0,309.0,6238,13.627,0.0,13.621,0.12,1.0,92,CNY-12.24,CNY
RFUD,2024-04-08,CRZ4,13.633,13.627,13.655,13.635,86091390.0,1363986.0,100.0,6314,13.635,0.0,13.64,0.08,1.0,37,CNY-12.24,CNY
RFUD,2024-04-09,CRZ4,13.642,13.64,13.767,13.752,157107500.0,52510517.0,3827.0,11426,13.75,0.0,13.721,0.86,1.0,3543,CNY-12.24,CNY
RFUD,2024-04-10,CRZ4,13.752,13.75,13.88,13.831,298334670.0,86563570.0,6265.0,21570,13.831,0.0,13.817,0.57,1.0,6033,CNY-12.24,CNY
RFUD,2024-04-11,CRZ4,13.823,13.779,13.869,13.792,300417344.0,5998808.0,433.0,21782,13.792,0.0,13.854,-0.28,1.0,103,CNY-12.24,CNY
RFUD,2024-04-12,CRZ4,13.81,13.672,13.828,13.699,266602000.0,23857621.0,1740.0,19460,13.7,0.0,13.711,-0.67,1.0,1446,CNY-12.24,CNY
RFUD,2024-04-15,CRZ4,13.69,13.651,13.726,13.7,101599200.0,114763853.0,8382.0,7416,13.7,0.0,13.692,0.01,1.0,7953,CNY-12.24,CNY
RFUD,2024-04-16,CRZ4,13.71,13.71,13.79,13.79,103755960.0,3052482.0,222.0,7524,13.79,0.0,13.75,0.66,1.0,65,CNY-12.24,CNY
RFUD,2024-04-17,CRZ4,13.785,13.761,13.83,13.777,103274814.0,1531598.0,111.0,7494,13.781,0.0,13.798,-0.09,3.0,64,CNY-12.24,CNY
RFUD,2024-04-18,CRZ4,13.8,13.75,13.833,13.75,103317500.0,2277426.0,165.0,7514,13.75,0.0,13.803,-0.2,1.0,68,CNY-12.24,CNY
RFUD,2024-04-19,CRZ4,13.73,13.61,13.738,13.645,97070530.0,6569119.0,481.0,7114,13.645,0.0,13.657,-0.76,1.0,88,CNY-12.24,CNY
RFUD,2024-04-22,CRZ4,13.614,13.605,13.664,13.66,97477760.0,3138356.0,230.0,7136,13.66,0.0,13.645,0.11,1.0,59,CNY-12.24,CNY
RFUD,2024-04-23,CRZ4,13.642,13.586,13.65,13.596,115919496.0,17140317.0,1260.0,8526,13.596,0.0,13.603,-0.47,6.0,80,CNY-12.24,CNY
RFUD,2024-04-24,CRZ4,13.597,13.5,13.608,13.507,129451088.0,12040779.0,890.0,9584,13.507,0.0,13.529,-0.66,11.0,109,CNY-12.24,CNY
RFUD,2024-04-25,CRZ4,13.5,13.463,13.57,13.495,129983840.0,4467899.0,331.0,9632,13.495,0.0,13.498,-0.09,1.0,60,CNY-12.24,CNY
RFUD,2024-04-26,CRZ4,13.479,13.387,13.498,13.412,241246512.0,63965349.0,4762.0,17982,13.416,0.0,13.432,-0.61,1.0,314,CNY-12.24,CNY
RFUD,2024-04-27,CRZ4,13.424,13.404,13.486,13.482,243808488.0,5846008.0,435.0,18084,13.482,0.0,13.439,0.52,6.0,67,CNY-12.24,CNY
RFUD,2024-04-29,CRZ4,13.494,13.475,13.567,13.536,244261548.0,2219301.0,164.0,18036,13.543,0.0,13.532,0.4,1.0,42,CNY-12.24,CNY
RFUD,2024-04-30,CRZ4,13.56,13.518,13.567,13.547,244225316.0,2100960.0,155.0,18028,13.547,0.0,13.555,0.08,1.0,43,CNY-12.24,CNY
RFUD,2024-05-02,CRZ4,13.54,13.48,13.549,13.495,240614272.0,7147683.0,529.0,17818,13.504,0.0,13.512,-0.38,1.0,115,CNY-12.24,CNY
RFUD,2024-05-03,CRZ4,13.525,13.501,13.557,13.515,240837300.0,1474232.0,109.0,17820,13.515,0.0,13.525,0.15,1.0,64,CNY-12.24,CNY
RFUD,2024-05-06,CRZ4,13.523,13.438,13.524,13.491,242082504.0,5801048.0,430.0,17944,13.491,0.0,13.491,-0.18,1.0,117,CNY-12.24,CNY
RFUD,2024-05-07,CRZ4,13.495,13.41,13.501,13.436,243809656.0,4083746.0,304.0,18146,13.436,0.0,13.433,-0.41,2.0,124,CNY-12.24,CNY
RFUD,2024-05-08,CRZ4,13.432,13.432,13.49,13.458,244478028.0,901777.0,67.0,18166,13.458,0.0,13.459,0.16,1.0,56,CNY-12.24,CNY
RFUD,2024-05-10,CRZ4,13.458,13.457,13.526,13.508,244791976.0,1443306.0,107.0,18122,13.508,0.0,13.489,0.37,1.0,37,CNY-12.24,CNY
RFUD,2024-05-13,CRZ4,13.504,13.35,13.505,13.373,246728988.0,4039649.0,301.0,18436,13.383,0.0,13.421,-1.0,1.0,96,CNY-12.24,CNY
RFUD,2024-05-14,CRZ4,13.394,13.351,13.474,13.417,258706594.0,10465439.0,778.0,19282,13.417,0.0,13.452,0.33,2.0,96,CNY-12.24,CNY
RFUD,2024-05-15,CRZ4,13.416,13.385,13.525,13.388,271053448.0,14711921.0,1095.0,20246,13.388,0.0,13.436,-0.22,2.0,232,CNY-12.24,CNY
RFUD,2024-05-16,CRZ4,13.387,13.378,13.407,13.393,276110088.0,3201134.0,239.0,20616,13.393,0.0,13.394,0.04,2.0,117,CNY-12.24,CNY
RFUD,2024-05-17,CRZ4,13.384,13.354,13.413,13.371,278250510.0,1926541.0,144.0,20810,13.371,0.0,13.379,-0.16,10.0,74,CNY-12.24,CNY
RFUD,2024-05-20,CRZ4,13.383,13.261,13.383,13.285,281030890.0,3539937.0,266.0,21154,13.285,0.0,13.308,-0.64,1.0,137,CNY-12.24,CNY
RFUD,2024-05-21,CRZ4,13.288,13.185,13.289,13.185,283240170.0,6375022.0,482.0,21482,13.185,0.0,13.226,-0.75,3.0,150,CNY-12.24,CNY
RFUD,2024-05-22,CRZ4,13.186,13.157,13.289,13.195,283771670.0,5394543.0,409.0,21506,13.195,0.0,13.19,0.08,1.0,136,CNY-12.24,CNY
RFUD,2024-05-23,CRZ4,13.188,13.179,13.207,13.182,284124828.0,3324144.0,252.0,21554,13.182,0.0,13.191,-0.1,2.0,80,CNY-12.24,CNY
RFUD,2024-05-24,CRZ4,13.171,13.077,13.171,13.078,284860620.0,7141772.0,545.0,21780,13.079,0.0,13.104,-0.79,107.0,127,CNY-12.24,CNY
RFUD,2024-05-27,CRZ4,13.09,12.911,13.099,12.967,280061266.0,9136914.0,703.0,21598,12.967,0.0,12.997,-0.85,1.0,261,CNY-12.24,CNY
RFUD,2024-05-28,CRZ4,12.953,12.917,13.159,12.96,286626396.0,7389095.0,571.0,22106,12.966,0.0,12.941,-0.05,1.0,211,CNY-12.24,CNY
RFUD,2024-05-29,CRZ4,12.977,12.971,13.125,13.059,304875414.0,12482510.0,954.0,23346,13.059,0.0,13.084,0.76,1.0,196,CNY-12.24,CNY
RFUD,2024-05-30,CRZ4,13.074,13.063,13.148,13.124,385950592.0,49886116.0,3799.0,29408,13.124,0.0,13.131,0.5,1.0,250,CNY-12.24,CNY
RFUD,2024-05-31,CRZ4,13.131,13.118,13.178,13.149,385370892.0,4746412.0,361.0,29308,13.149,0.0,13.148,0.19,1.0,164,CNY-12.24,CNY
RFUD,2024-06-03,CRZ4,13.143,12.952,13.154,13.001,383945532.0,17624183.0,1351.0,29532,13.001,0.0,13.045,-1.13,1.0,285,CNY-12.24,CNY
RFUD,2024-06-04,CRZ4,13.027,12.961,13.037,13.003,388737688.0,9580470.0,737.0,29896,13.003,0.0,12.999,0.01,1.0,195,CNY-12.24,CNY
RFUD,2024-06-05,CRZ4,12.997,12.95,13.028,12.97,390863920.0,2193936.0,169.0,30136,12.97,0.0,12.982,-0.25,1.0,133,CNY-12.24,CNY
RFUD,2024-06-06,CRZ4,12.98,12.93,13.012,13.001,392137120.0,1789644.0,138.0,30176,12.995,0.0,12.968,0.24,1.0,86,CNY-12.24,CNY
RFUD,2024-06-07,CRZ4,12.949,12.89,13.066,12.992,391474944.0,6757880.0,521.0,30132,12.992,0.0,12.971,-0.07,1.0,237,CNY-12.24,CNY
RFUD,2024-06-10,CRZ4,12.974,12.922,13.013,12.93,390615300.0,1334120.0,103.0,30210,12.93,0.0,12.953,-0.48,1.0,91,CNY-12.24,CNY
RFUD,2024-06-11,CRZ4,12.92,12.9,13.029,12.993,396052626.0,5035261.0,388.0,30482,12.993,0.0,12.977,0.49,1.0,161,CNY-12.24,CNY
RFUD,2024-06-13,CRZ4,12.99,12.485,13.078,12.878,420241248.0,61644542.0,4838.0,32592,12.894,0.0,12.742,-0.89,1.0,781,CNY-12.24,CNY
RFUD,2024-06-14,CRZ4,12.92,12.77,13.19,12.804,451004890.0,23750811.0,1844.0,35210,12.809,0.0,12.88,-0.57,4.0,402,CNY-12.24,CNY
RFUD,2024-06-17,CRZ4,12.8,12.5,12.826,12.56,480113500.0,31079577.0,2453.0,38180,12.575,0.0,12.665,-1.91,1.0,606,CNY-12.24,CNY
RFUD,2024-06-18,CRZ4,12.569,12.072,12.576,12.094,570522356.0,133040518.0,10838.0,47174,12.094,0.0,12.273,-3.71,5.0,2355,CNY-12.24,CNY
RFUD,2024-06-19,CRZ4,12.066,11.456,12.079,11.813,627665896.0,444085054.0,37717.0,53174,11.804,0.0,11.77,-2.32,1.0,7827,CNY-12.24,CNY
RFUD,2024-06-20,CRZ4,11.788,11.7,12.43,12.415,804210520.0,431305096.0,35602.0,64840,12.403,0.0,12.116,5.1,1.0,9585,CNY-12.24,CNY
RFUD,2024-06-21,CRZ4,12.415,12.058,12.744,12.265,1324109160.0,749093130.0,60560.0,108020,12.258,0.0,12.371,-1.21,1.0,15279,CNY-12.24,CNY
RFUD,2024-06-24,CRZ4,12.265,11.932,12.337,12.018,1981950354.0,903827383.0,74552.0,164874,12.021,0.0,12.123,-2.01,1.0,13896,CNY-12.24,CNY
RFUD,2024-06-25,CRZ4,12.001,11.951,12.16,12.129,2757149000.0,678110493.0,56126.0,227300,12.13,0.0,12.083,0.92,1.0,13692,CNY-12.24,CNY
RFUD,2024-06-26,CRZ4,12.132,11.915,12.214,11.931,2474037540.0,613171557.0,50770.0,207310,11.934,0.0,12.073,-1.63,1.0,10233,CNY-12.24,CNY
RFUD,2024-06-27,CRZ4,11.94,11.78,11.995,11.959,2793765908.0,762804373.0,64021.0,233612,11.959,0.0,11.914,0.24,9.0,13676,CNY-12.24,CNY
RFUD,2024-06-28,CRZ4,11.948,11.876,12.173,12.144,3372375020.0,782734187.0,65140.0,277676,12.145,0.0,12.017,1.55,14.0,13711,CNY-12.24,CNY
RFUD,2024-07-01,CRZ4,12.158,12.139,12.325,12.307,3732780190.0,602545238.0,49152.0,303010,12.319,0.0,12.259,1.34,1.0,11324,CNY-12.24,CNY
RFUD,2024-07-02,CRZ4,12.328,12.201,12.372,12.218,4435877124.0,691592087.0,56112.0,362942,12.222,0.0,12.325,-0.72,5.0,7702,CNY-12.24,CNY
RFUD,2024-07-03,CRZ4,12.228,12.188,12.348,12.325,4489375720.0,676352276.0,55184.0,364220,12.326,0.0,12.299,0.88,1.0,3793,CNY-12.24,CNY
RFUD,2024-07-04,CRZ4,12.33,12.32,12.455,12.423,4788520450.0,344743918.0,27784.0,385394,12.425,0.0,12.409,0.8,1.0,7339,CNY-12.24,CNY
RFUD,2024-07-05,CRZ4,12.435,12.278,12.487,12.345,4911337568.0,325356885.0,26232.0,397808,12.346,0.0,12.403,-0.63,8.0,4650,CNY-12.24,CNY
RFUD,2024-07-08,CRZ4,12.371,12.287,12.452,12.288,4905338100.0,193226477.0,15620.0,399100,12.291,0.0,12.37,-0.46,4.0,4301,CNY-12.24,CNY
RFUD,2024-07-09,CRZ4,12.286,12.256,12.377,12.299,4893124554.0,174584112.0,14187.0,397718,12.303,0.0,12.306,0.09,1.0,2702,CNY-12.24,CNY
RFUD,2024-07-10,CRZ4,12.294,12.275,12.41,12.395,5226674020.0,402464728.0,32553.0,421676,12.395,0.0,12.364,0.78,1.0,8709,CNY-12.24,CNY
RFUD,2024-07-11,CRZ4,12.397,12.355,12.458,12.364,5157045820.0,415849115.0,33556.0,417068,12.365,0.0,12.393,-0.25,2.0,7084,CNY-12.24,CNY
RFUD,2024-07-12,CRZ4,12.364,12.339,12.41,12.38,5160825840.0,74617653.0,6032.0,416868,12.38,0.0,12.37,0.13,1.0,3438,CNY-12.24,CNY
RFUD,2024-07-15,CRZ4,12.381,12.323,12.467,12.429,5432829820.0,241201424.0,19438.0,437074,12.43,0.0,12.409,0.4,7.0,4784,CNY-12.24,CNY
RFUD,2024-07-16,CRZ4,12.434,12.367,12.457,12.398,5385666404.0,153625020.0,12352.0,434398,12.398,0.0,12.437,-0.25,1.0,3173,CNY-12.24,CNY
RFUD,2024-07-17,CRZ4,12.398,12.333,12.427,12.349,5281179266.0,181529853.0,14646.0,427522,12.353,0.0,12.394,-0.4,10.0,4581,CNY-12.24,CNY
RFUD,2024-07-18,CRZ4,12.357,12.32,12.383,12.362,5243095060.0,259723076.0,21037.0,424130,12.362,0.0,12.346,0.1,4.0,2954,CNY-12.24,CNY
RFUD,2024-07-19,CRZ4,12.363,12.283,12.397,12.293,5334414006.0,424251047.0,34401.0,433798,12.297,0.0,12.333,-0.56,1.0,4407,CNY-12.24,CNY
RFUD,2024-07-22,CRZ4,12.29,12.276,12.34,12.33,5401816508.0,197401819.0,16032.0,438068,12.331,0.0,12.313,0.3,1.0,2925,CNY-12.24,CNY
RFUD,2024-07-23,CRZ4,12.335,12.182,12.336,12.225,5120120192.0,384127062.0,31345.0,418858,12.224,0.0,12.254,-0.85,1.0,5090,CNY-12.24,CNY
RFUD,2024-07-24,CRZ4,12.222,12.113,12.224,12.139,8544083706.0,2250828564.0,185287.0,703854,12.139,0.0,12.151,-0.7,68.0,6021,CNY-12.24,CNY
RFUD,2024-07-25,CRZ4,12.143,12.045,12.144,12.126,10599336600.0,1393856684.0,115184.0,874100,12.126,0.0,12.101,-0.11,21.0,8537,CNY-12.24,CNY
RFUD,2024-07-26,CRZ4,12.129,12.033,12.278,12.242,13357972808.0,2032681562.0,167443.0,1091516,12.238,0.0,12.14,0.96,35.0,12373,CNY-12.24,CNY
RFUD,2024-07-29,CRZ4,12.249,12.129,12.28,12.133,14323758746.0,952726371.0,78155.0,1180562,12.133,0.0,12.19,-0.89,1.0,6910,CNY-12.24,CNY
RFUD,2024-07-30,CRZ4,12.135,12.126,12.218,12.202,16354242984.0,1172137790.0,96168.0,1340292,12.202,0.0,12.189,0.57,1.0,4182,CNY-12.24,CNY
RFUD,2024-07-31,CRZ4,12.201,12.12,12.233,12.142,18568701686.0,1711100097.0,140684.0,1528414,12.149,0.0,12.162,-0.49,14.0,7991,CNY-12.24,CNY
RFUD,2024-08-01,CRZ4,12.138,12.003,12.145,12.013,19701656364.0,1283963431.0,106427.0,1640028,12.013,0.0,12.064,-1.06,1.0,7071,CNY-12.24,CNY
RFUD,2024-08-02,CRZ4,12.008,12.008,12.127,12.096,20431508706.0,678718108.0,56171.0,1688694,12.099,0.0,12.086,0.69,3.0,3336,CNY-12.24,CNY
RFUD,2024-08-05,CRZ4,12.084,12.074,12.218,12.141,20096414532.0,1170540660.0,96613.0,1655252,12.141,0.0,12.117,0.37,3.0,5511,CNY-12.24,CNY
RFUD,2024-08-06,CRZ4,12.133,12.025,12.146,12.11,20521654440.0,668878418.0,55278.0,1694604,12.11,0.0,12.099,-0.26,1.0,4176,CNY-12.24,CNY
RFUD,2024-08-07,CRZ4,12.108,12.04,12.125,12.099,20217232220.0,237926660.0,19687.0,1671260,12.097,0.0,12.085,-0.09,1.0,1992,CNY-12.24,CNY
RFUD,2024-08-08,CRZ4,12.103,12.074,12.176,12.155,21172138130.0,1147848096.0,94601.0,1741846,12.155,0.0,12.13,0.46,7.0,4916,CNY-12.24,CNY
RFUD,2024-08-09,CRZ4,12.157,12.135,12.211,12.159,21571793504.0,567478336.0,46556.0,1774288,12.158,0.0,12.19,0.03,1.0,3722,CNY-12.24,CNY
RFUD,2024-08-12,CRZ4,12.156,12.126,12.266,12.254,21715831512.0,353811006.0,28988.0,1771564,12.258,0.0,12.207,0.78,28.0,4245,CNY-12.24,CNY
RFUD,2024-08-13,CRZ4,12.264,12.23,12.482,12.469,23461470896.0,1601679017.0,128946.0,1881584,12.469,0.0,12.423,1.75,1.0,12298,CNY-12.24,CNY
RFUD,2024-08-14,CRZ4,12.471,12.298,12.511,12.305,24604179014.0,2044604882.0,164706.0,1999202,12.307,0.0,12.415,-1.31,1.0,9670,CNY-12.24,CNY
RFUD,2024-08-15,CRZ4,12.291,12.239,12.394,12.33,23854714092.0,2225409300.0,181136.0,1934532,12.331,0.0,12.281,0.2,3.0,5175,CNY-12.24,CNY
RFUD,2024-08-16,CRZ4,12.343,12.331,12.417,12.377,24119028120.0,694260969.0,56078.0,1948540,12.378,0.0,12.381,0.38,127.0,3764,CNY-12.24,CNY
RFUD,2024-08-19,CRZ4,12.397,12.384,12.475,12.449,25450613568.0,1067977258.0,85776.0,2045376,12.443,0.0,12.448,0.58,1.0,3626,CNY-12.24,CNY
RFUD,2024-08-20,CRZ4,12.443,12.382,12.519,12.515,25645768890.0,872546004.0,69977.0,2049530,12.513,0.0,12.47,0.53,192.0,6228,CNY-12.24,CNY
RFUD,2024-08-21,CRZ4,12.515,12.41,12.575,12.427,25696559772.0,495727478.0,39646.0,2067468,12.429,0.0,12.501,-0.7,25.0,4500,CNY-12.24,CNY
RFUD,2024-08-22,CRZ4,12.424,12.186,12.437,12.19,27081547800.0,1919703636.0,156194.0,2221620,12.19,0.0,12.278,-1.91,9.0,4392,CNY-12.24,CNY
RFUD,2024-08-23,CRZ4,12.195,12.031,12.231,12.171,28004838108.0,1333619829.0,109803.0,2300948,12.171,0.0,12.143,-0.16,8.0,6527,CNY-12.24,CNY
RFUD,2024-08-26,CRZ4,12.171,11.983,12.203,12.021,30372955818.0,1919528271.0,159074.0,2526658,12.021,0.0,12.043,-1.23,10.0,5339,CNY-12.24,CNY
RFUD,2024-08-27,CRZ4,12.022,12.022,12.193,12.166,38086887570.0,4883908947.0,403748.0,3130858,12.165,0.0,12.105,1.21,5.0,8502,CNY-12.24,CNY
RFUD,2024-08-28,CRZ4,12.17,12.125,12.24,12.193,40519502400.0,2617211836.0,214927.0,3323450,12.192,0.0,12.189,0.22,4.0,7800,CNY-12.24,CNY
RFUD,2024-08-29,CRZ4,12.192,12.175,12.289,12.211,41491366148.0,1283170667.0,104978.0,3397868,12.211,0.0,12.231,0.15,10.0,5364,CNY-12.24,CNY
RFUD,2024-08-30,CRZ4,12.227,12.213,12.327,12.284,43964820900.0,2438728428.0,198516.0,3578740,12.285,0.0,12.286,0.6,1.0,7281,CNY-12.24,CNY
RFUD,2024-09-02,CRZ4,12.28,12.154,12.351,12.21,44203716480.0,2284019626.0,185852.0,3620288,12.21,0.0,12.291,-0.6,5.0,8728,CNY-12.24,CNY
RFUD,2024-09-03,CRZ4,12.211,12.092,12.249,12.107,53341723530.0,9803471403.0,805031.0,4406586,12.105,0.0,12.164,-0.84,10.0,14127,CNY-12.24,CNY
RFUD,2024-09-04,CRZ4,12.104,12.039,12.365,12.355,66657765632.0,11465293120.0,940655.0,5396516,12.352,0.0,12.205,2.05,4.0,23414,CNY-12.24,CNY
RFUD,2024-09-05,CRZ4,12.356,12.217,12.461,12.358,76845473104.0,13793228438.0,1118561.0,6219284,12.356,0.0,12.345,0.02,1.0,22563,CNY-12.24,CNY
RFUD,2024-09-06,CRZ4,12.36,12.34,12.498,12.483,84502454400.0,8480477179.0,683828.0,6771030,12.48,0.0,12.416,1.01,1.0,15932,CNY-12.24,CNY
RFUD,2024-09-09,CRZ4,12.466,12.464,12.6,12.6,88238482390.0,7232319552.0,577176.0,7003610,12.599,0.0,12.538,0.94,6.0,19149,CNY-12.24,CNY
RFUD,2024-09-10,CRZ4,12.597,12.535,12.652,12.59,95028262440.0,7865613824.0,623717.0,7547916,12.59,0.0,12.616,-0.08,20.0,18007,CNY-12.24,CNY
RFUD,2024-09-11,CRZ4,12.588,12.552,12.674,12.605,111926778170.0,13554870327.0,1075210.0,8879554,12.605,0.0,12.615,0.12,1.0,25161,CNY-12.24,CNY
RFUD,2024-09-12,CRZ4,12.607,12.587,12.69,12.64,126928403162.0,12141261730.0,961078.0,10036246,12.647,0.0,12.646,0.28,1.0,17469,CNY-12.24,CNY
RFUD,2024-09-13,CRZ4,12.646,12.555,12.675,12.624,141568191996.0,13792758632.0,1094130.0,11216876,12.621,0.0,12.609,-0.13,30.0,33691,CNY-12.24,CNY
RFUD,2024-09-16,CRZ4,12.624,12.57,12.685,12.678,175288138604.0,29207204682.0,2313246.0,13825076,12.679,0.0,12.633,0.43,4.0,75644,CNY-12.24,CNY
RFUD,2024-09-17,CRZ4,12.67,12.502,12.754,12.572,220038840846.0,39756602569.0,3155180.0,17500902,12.573,0.0,12.607,-0.84,1.0,80220,CNY-12.24,CNY
RFUD,2024-09-18,CRZ4,12.575,12.404,12.6,12.45,323391539504.0,75007674775.0,6013867.0,25971052,12.452,0.0,12.482,-0.97,1.0,142194,CNY-12.24,CNY
RFUD,2024-09-19,CRZ4,12.45,12.348,12.775,12.693,377664484080.0,104441528090.0,8306614.0,29746730,12.696,0.0,12.573,1.95,1.0,189727,CNY-12.24,CNY
RFUD,2024-09-20,CRZ4,12.688,12.635,12.873,12.865,386064286164.0,44429304908.0,3473409.0,29999556,12.869,0.0,12.791,1.35,10.0,92178,CNY-12.24,CNY
RFUD,2024-09-23,CRZ4,12.86,12.801,12.96,12.955,380176109632.0,45714493597.0,3548877.0,29339104,12.958,0.0,12.881,0.7,15.0,98459,CNY-12.24,CNY
RFUD,2024-09-24,CRZ4,12.956,12.82,13.085,12.863,371094457632.0,54137560621.0,4176581.0,28820632,12.876,0.0,12.962,-0.71,1.0,135233,CNY-12.24,CNY
RFUD,2024-09-25,CRZ4,12.857,12.766,12.903,12.889,366882195660.0,51951855324.0,4046850.0,28451508,12.895,0.0,12.838,0.2,17.0,131887,CNY-12.24,CNY
RFUD,2024-09-26,CRZ4,12.886,12.841,13.024,12.998,357455941704.0,45805313644.0,3534925.0,27505074,12.996,0.0,12.958,0.85,1.0,101221,CNY-12.24,CNY
RFUD,2024-09-27,CRZ4,12.999,12.96,13.205,13.186,335493620280.0,62337578003.0,4748894.0,25439310,13.188,0.0,13.127,1.45,3.0,112278,CNY-12.24,CNY
RFUD,2024-09-30,CRZ4,13.184,13.156,13.291,13.213,327262402656.0,42653266383.0,3228464.0,24770088,13.212,0.0,13.212,0.21,1.0,93326,CNY-12.24,CNY
RFUD,2024-10-01,CRZ4,13.217,13.101,13.316,13.263,335873142780.0,45070088465.0,3410074.0,25320252,13.265,0.0,13.217,0.38,1.0,115799,CNY-12.24,CNY
RFUD,2024-10-02,CRZ4,13.273,13.223,13.478,13.456,336650927488.0,56383698676.0,4210796.0,25018648,13.456,0.0,13.391,1.46,220.0,118276,CNY-12.24,CNY
RFUD,2024-10-03,CRZ4,13.453,13.353,13.561,13.439,312722417880.0,88928748146.0,6607419.0,23259384,13.445,0.0,13.459,-0.13,1.0,153800,CNY-12.24,CNY
RFUD,2024-10-04,CRZ4,13.443,13.335,13.502,13.441,304951784040.0,39981857113.0,2979585.0,22679740,13.446,0.0,13.419,0.01,64.0,94458,CNY-12.24,CNY
RFUD,2024-10-07,CRZ4,13.451,13.409,13.614,13.527,296485841106.0,69742493809.0,5147086.0,21918078,13.527,0.0,13.551,0.64,1.0,140677,CNY-12.24,CNY
RFUD,2024-10-08,CRZ4,13.527,13.478,13.65,13.622,286059568440.0,53785762418.0,3964265.0,20998280,13.623,0.0,13.568,0.7,20.0,127802,CNY-12.24,CNY
RFUD,2024-10-09,CRZ4,13.627,13.55,13.703,13.593,294838277226.0,49112265140.0,3604071.0,21696834,13.589,0.0,13.627,-0.21,5.0,129245,CNY-12.24,CNY
RFUD,2024-10-10,CRZ4,13.589,13.415,13.63,13.431,302916151704.0,49092665173.0,3628509.0,22545114,13.436,0.0,13.53,-1.19,5.0,124688,CNY-12.24,CNY
RFUD,2024-10-11,CRZ4,13.43,13.305,13.469,13.353,297375048840.0,40391752792.0,3018993.0,22270280,13.353,0.0,13.379,-0.58,50.0,123283,CNY-12.24,CNY
RFUD,2024-10-14,CRZ4,13.351,13.347,13.5,13.469,306730300020.0,38970052221.0,2899113.0,22771366,13.47,0.0,13.442,0.87,305.0,109001,CNY-12.24,CNY
RFUD,2024-10-15,CRZ4,13.465,13.431,13.597,13.589,305218995860.0,39501516687.0,2915286.0,22460740,13.589,0.0,13.55,0.89,20.0,91393,CNY-12.24,CNY
RFUD,2024-10-16,CRZ4,13.588,13.51,13.656,13.519,293822192268.0,49397973773.0,3635609.0,21735626,13.518,0.0,13.587,-0.52,1.0,129081,CNY-12.24,CNY
RFUD,2024-10-17,CRZ4,13.514,13.432,13.576,13.461,302737163192.0,41463226850.0,3073628.0,22493288,13.459,0.0,13.49,-0.43,70.0,107988,CNY-12.24,CNY
RFUD,2024-10-18,CRZ4,13.456,13.333,13.489,13.386,291318886956.0,53406821186.0,3981475.0,21769458,13.382,0.0,13.414,-0.56,2.0,120809,CNY-12.24,CNY
RFUD,2024-10-21,CRZ4,13.388,13.318,13.51,13.47,299178862032.0,44706353765.0,3325953.0,22217352,13.466,0.0,13.442,0.63,1.0,119388,CNY-12.24,CNY
RFUD,2024-10-22,CRZ4,13.474,13.462,13.545,13.522,299309686352.0,27597965898.0,2042135.0,22135016,13.522,0.0,13.514,0.39,43.0,78856,CNY-12.24,CNY
RFUD,2024-10-23,CRZ4,13.523,13.43,13.55,13.474,301133093852.0,30823593096.0,2287126.0,22349198,13.474,0.0,13.477,-0.36,1.0,91990,CNY-12.24,CNY
RFUD,2024-10-24,CRZ4,13.478,13.462,13.553,13.544,304281481424.0,29273752677.0,2165515.0,22466146,13.544,0.0,13.518,0.52,1.0,88291,CNY-12.24,CNY
RFUD,2024-10-25,CRZ4,13.548,13.457,13.571,13.508,304325298524.0,50332081116.0,3727210.0,22530932,13.507,0.0,13.504,-0.27,35.0,105020,CNY-12.24,CNY
RFUD,2024-10-28,CRZ4,13.501,13.499,13.679,13.639,324772447452.0,71934181981.0,5279834.0,23806806,13.642,0.0,13.624,0.97,7.0,119724,CNY-12.24,CNY
RFUD,2024-10-29,CRZ4,13.636,13.582,13.7,13.604,323159011076.0,35367369127.0,2595566.0,23749468,13.607,0.0,13.626,-0.26,1.0,99614,CNY-12.24,CNY
RFUD,2024-10-30,CRZ4,13.605,13.57,13.65,13.58,323225627040.0,26994024477.0,1984653.0,23799840,13.581,0.0,13.601,-0.18,15.0,74952,CNY-12.24,CNY
RFUD,2024-10-31,CRZ4,13.581,13.541,13.664,13.556,328781892780.0,51115280888.0,3757189.0,24255396,13.555,0.0,13.605,-0.18,39.0,123905,CNY-12.24,CNY
RFUD,2024-11-01,CRZ4,13.56,13.55,13.693,13.652,331854251752.0,36097359878.0,2646877.0,24313448,13.649,0.0,13.638,0.71,7.0,79583,CNY-12.24,CNY
RFUD,2024-11-02,CRZ4,13.647,13.602,13.69,13.645,325397905868.0,22795958988.0,1670044.0,23852654,13.642,0.0,13.65,-0.05,42.0,58368,CNY-12.24,CNY
RFUD,2024-11-05,CRZ4,13.645,13.625,13.78,13.727,328343916150.0,37907099997.0,2760647.0,23923054,13.725,0.0,13.731,0.6,22.0,70103,CNY-12.24,CNY
RFUD,2024-11-06,CRZ4,13.729,13.533,13.746,13.651,332640236056.0,43348480290.0,3174975.0,24365678,13.652,0.0,13.653,-0.55,19.0,78260,CNY-12.24,CNY
RFUD,2024-11-07,CRZ4,13.656,13.618,13.743,13.723,339355186974.0,45670191938.0,3334786.0,24736146,13.719,0.0,13.696,0.53,1.0,97249,CNY-12.24,CNY
RFUD,2024-11-08,CRZ4,13.726,13.642,13.75,13.662,357834395670.0,48547540277.0,3542220.0,26186198,13.665,0.0,13.703,-0.45,1.0,93949,CNY-12.24,CNY
RFUD,2024-11-11,CRZ4,13.66,13.58,13.699,13.604,362537968968.0,49422591265.0,3624077.0,26653284,13.602,0.0,13.637,-0.43,5.0,103259,CNY-12.24,CNY
RFUD,2024-11-12,CRZ4,13.6,13.531,13.628,13.614,379838366060.0,40904693885.0,3009761.0,27902620,13.613,0.0,13.584,0.07,5.0,83748,CNY-12.24,CNY
RFUD,2024-11-13,CRZ4,13.617,13.611,13.761,13.714,390170246328.0,44172340260.0,3222117.0,28446358,13.716,0.0,13.709,0.73,36.0,103075,CNY-12.24,CNY
RFUD,2024-11-14,CRZ4,13.72,13.699,13.831,13.812,398226193156.0,44768834218.0,3250677.0,28829812,13.813,0.0,13.771,0.71,1.0,87295,CNY-12.24,CNY
RFUD,2024-11-15,CRZ4,13.817,13.734,13.906,13.756,392048911980.0,63295772178.0,4577636.0,28498140,13.757,0.0,13.827,-0.4,2.0,124028,CNY-12.24,CNY
RFUD,2024-11-18,CRZ4,13.755,13.747,13.867,13.802,408164878622.0,45545924250.0,3297789.0,29575022,13.801,0.0,13.812,0.33,10.0,70303,CNY-12.24,CNY
RFUD,2024-11-19,CRZ4,13.803,13.787,13.892,13.888,422895449604.0,42657325693.0,3082691.0,30461388,13.883,0.0,13.838,0.62,44.0,78318,CNY-12.24,CNY
RFUD,2024-11-20,CRZ4,13.89,13.813,13.922,13.844,420555886140.0,36468519854.0,2631519.0,30376012,13.845,0.0,13.858,-0.32,22.0,82707,CNY-12.24,CNY
RFUD,2024-11-21,CRZ4,13.851,13.841,13.952,13.923,420259039448.0,52499585839.0,3773195.0,30193192,13.919,0.0,13.914,0.57,1.0,97584,CNY-12.24,CNY
RFUD,2024-11-22,CRZ4,13.929,13.87,14.125,14.107,425456409268.0,73779526314.0,5275866.0,30169934,14.102,0.0,13.984,1.32,1.0,134400,CNY-12.24,CNY
RFUD,2024-11-25,CRZ4,14.106,14.098,14.485,14.466,429492188286.0,79384893647.0,5551160.0,29720586,14.451,0.0,14.301,2.54,14.0,135839,CNY-12.24,CNY
RFUD,2024-11-26,CRZ4,14.463,14.427,14.723,14.712,432615039480.0,84311092132.0,5803033.0,29409588,14.71,0.0,14.529,1.7,228.0,160895,CNY-12.24,CNY
RFUD,2024-11-27,CRZ4,14.711,14.319,15.196,14.597,387357140516.0,242733506970.0,16391522.0,26547676,14.591,0.0,14.807,-0.78,10.0,393919,CNY-12.24,CNY
RFUD,2024-11-28,CRZ4,14.597,14.338,14.839,14.777,387632421380.0,103757609811.0,7076482.0,26260580,14.761,0.0,14.663,1.23,1.0,234378,CNY-12.24,CNY
RFUD,2024-11-29,CRZ4,14.765,14.525,14.864,14.559,372328226250.0,76113880833.0,5168585.0,25573750,14.559,0.0,14.726,-1.47,5.0,179402,CNY-12.24,CNY
RFUD,2024-12-02,CRZ4,14.56,14.472,14.753,14.619,366283946868.0,70684326637.0,4827917.0,25051908,14.621,0.0,14.639,0.41,22.0,158192,CNY-12.24,CNY
RFUD,2024-12-03,CRZ4,14.61,14.435,14.654,14.465,371978122496.0,61041821736.0,4192481.0,25717514,14.464,0.0,14.556,-1.05,1.0,137767,CNY-12.24,CNY
RFUD,2024-12-04,CRZ4,14.465,14.183,14.471,14.39,370584004186.0,76302760067.0,5334381.0,25754674,14.389,0.0,14.303,-0.52,100.0,179883,CNY-12.24,CNY
RFUD,2024-12-05,CRZ4,14.39,13.758,14.435,13.825,355356843540.0,112494581517.0,7962525.0,25694638,13.83,0.0,14.127,-3.93,9.0,226480,CNY-12.24,CNY
RFUD,2024-12-06,CRZ4,13.83,13.416,13.905,13.522,345580737320.0,116329432908.0,8532578.0,25568270,13.516,0.0,13.632,-2.19,50.0,265008,CNY-12.24,CNY
RFUD,2024-12-09,CRZ4,13.524,13.439,13.95,13.923,340463516448.0,94656703507.0,6906048.0,24448048,13.926,0.0,13.707,2.97,1.0,197981,CNY-12.24,CNY
RFUD,2024-12-10,CRZ4,13.931,13.601,13.987,13.754,312324688704.0,125667230762.0,9144075.0,22709568,13.753,0.0,13.745,-1.21,2.0,231532,CNY-12.24,CNY
RFUD,2024-12-11,CRZ4,13.76,13.721,14.12,13.991,305837404560.0,84938077857.0,6086636.0,21861144,13.99,0.0,13.956,1.72,2.0,197375,CNY-12.24,CNY
RFUD,2024-12-12,CRZ4,13.987,13.843,14.188,13.896,266722869686.0,97768579087.0,6994517.0,19192838,13.897,0.0,13.988,-0.68,4.0,216646,CNY-12.24,CNY
RFUD,2024-12-13,CRZ4,13.895,13.872,14.107,13.9,246744876900.0,70200211529.0,5010605.0,17764210,13.89,0.0,14.01,0.03,9.0,185141,CNY-12.24,CNY
RFUD,2024-12-16,CRZ4,13.889,13.705,14.009,13.875,214800063114.0,96043499566.0,6916584.0,15474394,13.881,0.0,13.882,-0.18,7.0,195239,CNY-12.24,CNY
RFUD,2024-12-17,CRZ4,13.88,13.815,14.094,14.094,183993074388.0,70212560684.0,5019516.0,13065834,14.082,0.0,13.993,1.58,24.0,156630,CNY-12.24,CNY
RFUD,2024-12-18,CRZ4,14.094,13.994,14.199,14.175,103517413488.0,106975686464.0,7589842.0,7298182,14.184,0.0,14.098,0.57,1.0,157429,CNY-12.24,CNY
RFUD,2024-12-19,CRZ4,14.177,14.144,14.279,14.202,0.0,36455858470.0,2568221.0,0,14.2033,0.0,14.195,0.19,1.0,52462,CNY-12.24,CNY
RFUD,2023-12-08,CRM5,,,,,0.0,,,0,14.602,0.0,,,,0,CNY-6.25,CNY
RFUD,2023-12-11,CRM5,,,,,0.0,,,0,14.714,0.0,,,,0,CNY-6.25,CNY
RFUD,2023-12-12,CRM5,,,,,0.0,,,0,14.585,0.0,,,,0,CNY-6.25,CNY
RFUD,2023-12-13,CRM5,,,,,0.0,,,0,14.556,0.0,,,,0,CNY-6.25,CNY
RFUD,2023-12-14,CRM5,,,,,0.0,,,0,14.375,0.0,,,,0,CNY-6.25,CNY
RFUD,2023-12-15,CRM5,,,,,0.0,,,0,14.387,0.0,,,,0,CNY-6.25,CNY
RFUD,2023-12-18,CRM5,,,,,0.0,,,0,14.456,0.0,,,,0,CNY-6.25,CNY
RFUD,2023-12-19,CRM5,,,,,0.0,,,0,14.513,0.0,,,,0,CNY-6.25,CNY
RFUD,2023-12-20,CRM5,,,,,0.0,,,0,14.594,0.0,,,,0,CNY-6.25,CNY
RFUD,2023-12-21,CRM5,,,,,0.0,,,0,14.703,0.0,,,,0,CNY-6.25,CNY
RFUD,2023-12-22,CRM5,,,,,0.0,,,0,14.707,0.0,,,,0,CNY-6.25,CNY
RFUD,2023-12-25,CRM5,,,,,0.0,,,0,14.757,0.0,,,,0,CNY-6.25,CNY
RFUD,2023-12-26,CRM5,,,,,0.0,,,0,14.65,0.0,,,,0,CNY-6.25,CNY
RFUD,2023-12-27,CRM5,,,,,0.0,,,0,14.577,0.0,,,,0,CNY-6.25,CNY
RFUD,2023-12-28,CRM5,,,,,0.0,,,0,14.646,0.0,,,,0,CNY-6.25,CNY
RFUD,2023-12-29,CRM5,,,,,0.0,,,0,14.477,0.0,,,,0,CNY-6.25,CNY
RFUD,2024-01-03,CRM5,,,,,0.0,,,0,14.463,0.0,,,,0,CNY-6.25,CNY
RFUD,2024-01-04,CRM5,,,,,0.0,,,0,14.463,0.0,,,,0,CNY-6.25,CNY
RFUD,2024-01-05,CRM5,14.7,14.7,14.802,14.802,59208.0,29502.0,2.0,4,14.802,0.0,14.751,,1.0,2,CNY-6.25,CNY
RFUD,2024-01-08,CRM5,14.783,14.61,14.8,14.61,377832.0,177325.0,12.0,26,14.532,0.0,14.777,-1.3,1.0,9,CNY-6.25,CNY
RFUD,2024-01-09,CRM5,14.61,14.61,14.754,14.754,584080.0,102990.0,7.0,40,14.602,0.0,14.713,0.99,5.0,3,CNY-6.25,CNY
RFUD,2024-01-10,CRM5,14.408,14.4,14.408,14.4,811944.0,115208.0,8.0,56,14.499,0.0,14.401,-2.4,7.0,2,CNY-6.25,CNY
RFUD,2024-01-11,CRM5,14.45,13.788,14.45,14.281,1885092.0,745577.0,52.0,132,14.281,0.0,14.338,-0.83,1.0,16,CNY-6.25,CNY
RFUD,2024-01-12,CRM5,14.2,14.165,14.3,14.165,2039760.0,85365.0,6.0,144,14.165,0.0,14.228,-0.81,1.0,5,CNY-6.25,CNY
RFUD,2024-01-15,CRM5,14.071,14.07,14.16,14.16,2067360.0,42301.0,3.0,146,14.16,0.0,14.1,-0.03,1.0,3,CNY-6.25,CNY
RFUD,2024-01-16,CRM5,,,,,2067360.0,,,146,14.16,0.0,,,,0,CNY-6.25,CNY
RFUD,2024-01-17,CRM5,,,,,2067360.0,,,146,14.16,0.0,,,,0,CNY-6.25,CNY
RFUD,2024-01-18,CRM5,,,,,2084150.0,,,146,14.275,0.0,,,,0,CNY-6.25,CNY
RFUD,2024-01-19,CRM5,14.097,14.097,14.097,14.097,2029968.0,14097.0,1.0,144,14.097,0.0,14.097,,1.0,1,CNY-6.25,CNY
RFUD,2024-01-22,CRM5,,,,,2054880.0,,,144,14.27,0.0,,,,0,CNY-6.25,CNY
RFUD,2024-01-23,CRM5,,,,,2052720.0,,,144,14.255,0.0,,,,0,CNY-6.25,CNY
RFUD,2024-01-24,CRM5,,,,,2054880.0,,,144,14.27,0.0,,,,0,CNY-6.25,CNY
RFUD,2024-01-25,CRM5,14.269,14.269,14.274,14.274,2084004.0,28543.0,2.0,146,14.274,0.0,14.272,,1.0,2,CNY-6.25,CNY
RFUD,2024-01-26,CRM5,14.299,14.299,14.299,14.299,2087654.0,28598.0,2.0,146,14.299,0.0,14.299,0.18,1.0,2,CNY-6.25,CNY
RFUD,2024-01-29,CRM5,14.252,14.241,14.252,14.241,2079186.0,242264.0,17.0,146,14.241,0.0,14.251,-0.41,1.0,3,CNY-6.25,CNY
RFUD,2024-01-30,CRM5,14.13,14.13,14.13,14.13,2088872.0,14130.0,1.0,148,14.114,0.0,14.13,-0.78,1.0,1,CNY-6.25,CNY
RFUD,2024-01-31,CRM5,,,,,2097752.0,,,148,14.174,0.0,,,,0,CNY-6.25,CNY
RFUD,2024-02-01,CRM5,,,,,2102932.0,,,148,14.209,0.0,,,,0,CNY-6.25,CNY
RFUD,2024-02-02,CRM5,,,,,2105152.0,,,148,14.224,0.0,,,,0,CNY-6.25,CNY
RFUD,2024-02-05,CRM5,,,,,2103080.0,,,148,14.21,0.0,,,,0,CNY-6.25,CNY
RFUD,2024-02-06,CRM5,,,,,2101896.0,,,148,14.202,0.0,,,,0,CNY-6.25,CNY
RFUD,2024-02-07,CRM5,,,,,2110628.0,,,148,14.261,0.0,,,,0,CNY-6.25,CNY
RFUD,2024-02-08,CRM5,14.221,14.221,14.338,14.338,2064960.0,171934.0,12.0,144,14.34,0.0,14.328,,9.0,4,CNY-6.25,CNY
RFUD,2024-02-09,CRM5,14.338,14.338,14.338,14.338,2093348.0,14338.0,1.0,146,14.338,0.0,14.338,0.0,1.0,1,CNY-6.25,CNY
RFUD,2024-02-12,CRM5,14.279,14.279,14.279,14.279,2104298.0,14279.0,1.0,146,14.413,0.0,14.279,-0.41,1.0,1,CNY-6.25,CNY
RFUD,2024-02-13,CRM5,14.305,14.304,14.305,14.304,2195886.0,57218.0,4.0,154,14.259,0.0,14.305,0.18,2.0,3,CNY-6.25,CNY
RFUD,2024-02-14,CRM5,14.575,14.29,14.575,14.29,2226900.0,28865.0,2.0,156,14.275,0.0,14.433,-0.1,1.0,2,CNY-6.25,CNY
RFUD,2024-02-15,CRM5,,,,,2231424.0,,,156,14.304,0.0,,,,0,CNY-6.25,CNY
RFUD,2024-02-16,CRM5,14.33,14.33,14.33,14.33,2264140.0,14330.0,1.0,158,14.33,0.0,14.33,,1.0,1,CNY-6.25,CNY
RFUD,2024-02-19,CRM5,14.449,14.449,14.449,14.449,2242032.0,14449.0,1.0,156,14.372,0.0,14.449,0.83,1.0,1,CNY-6.25,CNY
RFUD,2024-02-20,CRM5,14.55,14.55,14.55,14.55,2286576.0,14550.0,1.0,158,14.472,0.0,14.55,0.7,1.0,1,CNY-6.25,CNY
RFUD,2024-02-21,CRM5,,,,,2272356.0,,,158,14.382,0.0,,,,0,CNY-6.25,CNY
RFUD,2024-02-22,CRM5,14.35,14.35,14.35,14.35,2262560.0,14350.0,1.0,158,14.32,0.0,14.35,,1.0,1,CNY-6.25,CNY
RFUD,2024-02-26,CRM5,14.499,14.45,14.549,14.45,3468000.0,767491.0,53.0,240,14.45,0.0,14.481,0.7,27.0,12,CNY-6.25,CNY
RFUD,2024-02-27,CRM5,,,,,3474480.0,,,240,14.477,0.0,,,,0,CNY-6.25,CNY
RFUD,2024-02-28,CRM5,,,,,3432000.0,,,240,14.3,0.0,,,,0,CNY-6.25,CNY
RFUD,2024-02-29,CRM5,14.3,14.12,14.3,14.24,3616960.0,241886.0,17.0,254,14.24,0.0,14.229,,1.0,9,CNY-6.25,CNY
RFUD,2024-03-01,CRM5,14.299,14.299,14.3,14.3,3592008.0,28599.0,2.0,252,14.254,0.0,14.3,0.42,1.0,2,CNY-6.25,CNY
RFUD,2024-03-04,CRM5,14.46,14.296,14.46,14.3,3632200.0,214653.0,15.0,254,14.3,0.0,14.31,0.0,1.0,5,CNY-6.25,CNY
RFUD,2024-03-05,CRM5,14.16,14.156,14.16,14.156,3652248.0,28316.0,2.0,258,14.156,0.0,14.158,-1.01,1.0,2,CNY-6.25,CNY
RFUD,2024-03-06,CRM5,14.12,14.12,14.12,14.12,3642960.0,42360.0,3.0,258,14.12,0.0,14.12,-0.25,1.0,2,CNY-6.25,CNY
RFUD,2024-03-07,CRM5,14.117,14.117,14.117,14.117,3626448.0,14117.0,1.0,258,14.056,0.0,14.117,-0.02,1.0,1,CNY-6.25,CNY
RFUD,2024-03-11,CRM5,14.295,14.295,14.296,14.296,3778796.0,71479.0,5.0,266,14.206,0.0,14.296,1.27,3.0,3,CNY-6.25,CNY
RFUD,2024-03-12,CRM5,14.125,14.101,14.125,14.101,3843720.0,42351.0,3.0,270,14.236,0.0,14.117,-1.36,1.0,3,CNY-6.25,CNY
RFUD,2024-03-13,CRM5,,,,,3823740.0,,,270,14.162,0.0,,,,0,CNY-6.25,CNY
RFUD,2024-03-14,CRM5,,,,,3822390.0,,,270,14.157,0.0,,,,0,CNY-6.25,CNY
RFUD,2024-03-15,CRM5,14.171,14.17,14.171,14.171,4109590.0,141709.0,10.0,290,14.171,0.0,14.171,,8.0,3,CNY-6.25,CNY
RFUD,2024-03-18,CRM5,,,,,4113360.0,,,290,14.184,0.0,,,,0,CNY-6.25,CNY
RFUD,2024-03-19,CRM5,,,,,4134820.0,,,290,14.258,0.0,,,,0,CNY-6.25,CNY
RFUD,2024-03-20,CRM5,,,,,4156860.0,,,290,14.334,0.0,,,,0,CNY-6.25,CNY
RFUD,2024-03-21,CRM5,14.39,14.1,14.59,14.103,4392388.0,572923.0,40.0,308,14.261,0.0,14.323,,1.0,30,CNY-6.25,CNY
RFUD,2024-03-22,CRM5,14.105,14.105,14.485,14.15,5069280.0,778491.0,55.0,358,14.16,0.0,14.154,0.33,9.0,13,CNY-6.25,CNY
RFUD,2024-03-25,CRM5,14.161,14.157,14.324,14.324,5615008.0,340194.0,24.0,392,14.324,0.0,14.175,1.23,1.0,10,CNY-6.25,CNY
RFUD,2024-03-26,CRM5,14.324,14.324,14.325,14.325,5649566.0,42974.0,3.0,394,14.339,0.0,14.325,0.01,2.0,2,CNY-6.25,CNY
RFUD,2024-03-27,CRM5,14.51,14.173,14.51,14.173,5640854.0,43070.0,3.0,398,14.173,0.0,14.357,-1.06,1.0,3,CNY-6.25,CNY
RFUD,2024-03-28,CRM5,14.174,14.103,14.174,14.174,5868036.0,212326.0,15.0,414,14.174,0.0,14.155,0.01,6.0,6,CNY-6.25,CNY
RFUD,2024-03-29,CRM5,14.27,14.27,14.27,14.27,5902812.0,28540.0,2.0,414,14.258,0.0,14.27,0.68,1.0,2,CNY-6.25,CNY
RFUD,2024-04-01,CRM5,14.259,14.126,14.259,14.249,5927584.0,56883.0,4.0,416,14.249,0.0,14.221,-0.15,1.0,4,CNY-6.25,CNY
RFUD,2024-04-02,CRM5,14.25,14.249,14.275,14.275,5976146.0,57049.0,4.0,418,14.297,0.0,14.262,0.18,1.0,4,CNY-6.25,CNY
RFUD,2024-04-03,CRM5,14.499,14.11,14.518,14.141,6109344.0,186915.0,13.0,432,14.142,0.0,14.378,-0.94,1.0,10,CNY-6.25,CNY
RFUD,2024-04-04,CRM5,,,,,6153840.0,,,432,14.245,0.0,,,,0,CNY-6.25,CNY
RFUD,2024-04-05,CRM5,14.29,14.29,14.32,14.32,6186240.0,71544.0,5.0,432,14.32,0.0,14.309,,1.0,5,CNY-6.25,CNY
RFUD,2024-04-08,CRM5,14.399,14.399,14.399,14.399,6249166.0,14399.0,1.0,434,14.399,0.0,14.399,0.55,1.0,1,CNY-6.25,CNY
RFUD,2024-04-09,CRM5,14.32,14.32,14.4,14.4,6393156.0,129437.0,9.0,444,14.399,0.0,14.382,0.01,5.0,5,CNY-6.25,CNY
RFUD,2024-04-10,CRM5,14.47,14.408,14.495,14.495,6406790.0,57845.0,4.0,442,14.495,0.0,14.461,0.66,1.0,4,CNY-6.25,CNY
RFUD,2024-04-11,CRM5,14.397,14.365,14.43,14.365,6406790.0,302205.0,21.0,446,14.365,0.0,14.391,-0.9,1.0,9,CNY-6.25,CNY
RFUD,2024-04-12,CRM5,14.44,14.44,14.44,14.44,6430428.0,14440.0,1.0,446,14.418,0.0,14.44,0.52,1.0,1,CNY-6.25,CNY
RFUD,2024-04-15,CRM5,14.407,14.3,14.407,14.3,6406400.0,28707.0,2.0,448,14.3,0.0,14.354,-0.97,1.0,2,CNY-6.25,CNY
RFUD,2024-04-16,CRM5,14.315,14.315,14.398,14.398,6392712.0,86303.0,6.0,444,14.398,0.0,14.384,0.69,1.0,4,CNY-6.25,CNY
RFUD,2024-04-17,CRM5,14.358,14.358,14.358,14.358,6576880.0,143580.0,10.0,458,14.36,0.0,14.358,-0.28,3.0,4,CNY-6.25,CNY
RFUD,2024-04-18,CRM5,14.33,14.23,14.33,14.23,6335880.0,186175.0,13.0,444,14.27,0.0,14.321,-0.89,1.0,6,CNY-6.25,CNY
RFUD,2024-04-19,CRM5,14.255,14.255,14.255,14.255,6300710.0,14255.0,1.0,442,14.255,0.0,14.255,0.18,1.0,1,CNY-6.25,CNY
RFUD,2024-04-22,CRM5,14.23,14.2,14.23,14.23,7029620.0,1052379.0,74.0,494,14.23,0.0,14.221,-0.18,29.0,11,CNY-6.25,CNY
RFUD,2024-04-23,CRM5,14.19,14.119,14.19,14.155,7105810.0,367545.0,26.0,502,14.155,0.0,14.136,-0.53,1.0,12,CNY-6.25,CNY
RFUD,2024-04-24,CRM5,14.117,14.1,14.117,14.1,6852600.0,1198852.0,85.0,486,14.1,0.0,14.104,-0.39,4.0,18,CNY-6.25,CNY
RFUD,2024-04-25,CRM5,14.108,14.03,14.108,14.03,7912920.0,1431201.0,102.0,564,14.03,0.0,14.031,-0.5,1.0,21,CNY-6.25,CNY
RFUD,2024-04-26,CRM5,14.04,13.921,14.04,13.999,8259410.0,560350.0,40.0,590,13.999,0.0,14.009,-0.22,1.0,21,CNY-6.25,CNY
RFUD,2024-04-27,CRM5,14.05,14.0,14.822,14.111,11204134.0,2905549.0,204.0,794,14.111,0.0,14.243,0.8,1.0,60,CNY-6.25,CNY
RFUD,2024-04-29,CRM5,14.185,14.18,14.185,14.18,11315640.0,42550.0,3.0,798,14.18,0.0,14.183,0.49,1.0,3,CNY-6.25,CNY
RFUD,2024-04-30,CRM5,,,,,11318034.0,,,798,14.183,0.0,,,,0,CNY-6.25,CNY
RFUD,2024-05-02,CRM5,14.141,14.141,14.141,14.141,11284518.0,14141.0,1.0,798,14.141,0.0,14.141,,1.0,1,CNY-6.25,CNY
RFUD,2024-05-03,CRM5,14.133,14.133,14.133,14.133,11278134.0,14133.0,1.0,798,14.133,0.0,14.133,-0.06,1.0,1,CNY-6.25,CNY
RFUD,2024-05-06,CRM5,14.238,14.1,14.238,14.1,11505600.0,155510.0,11.0,816,14.1,0.0,14.137,-0.23,3.0,7,CNY-6.25,CNY
RFUD,2024-05-07,CRM5,14.054,13.983,14.18,14.095,13725608.0,2682953.0,190.0,974,14.092,0.0,14.121,-0.03,1.0,52,CNY-6.25,CNY
RFUD,2024-05-08,CRM5,14.077,14.069,14.09,14.069,13421826.0,239442.0,17.0,954,14.069,0.0,14.085,-0.18,2.0,10,CNY-6.25,CNY
RFUD,2024-05-10,CRM5,,,,,13445676.0,,,954,14.094,0.0,,,,0,CNY-6.25,CNY
RFUD,2024-05-13,CRM5,14.03,14.03,14.063,14.063,13416102.0,196804.0,14.0,954,14.063,0.0,14.057,,1.0,11,CNY-6.25,CNY
RFUD,2024-05-14,CRM5,,,,,13405608.0,,,954,14.052,0.0,,,,0,CNY-6.25,CNY
RFUD,2024-05-15,CRM5,,,,,13385574.0,,,954,14.031,0.0,,,,0,CNY-6.25,CNY
RFUD,2024-05-16,CRM5,14.048,14.048,14.048,14.048,13401792.0,42144.0,3.0,954,14.048,0.0,14.048,,2.0,2,CNY-6.25,CNY
RFUD,2024-05-17,CRM5,14.049,14.049,14.049,14.049,13430844.0,14049.0,1.0,956,14.049,0.0,14.049,0.01,1.0,1,CNY-6.25,CNY
RFUD,2024-05-20,CRM5,13.985,13.985,13.99,13.99,13430400.0,27975.0,2.0,960,13.99,0.0,13.988,-0.42,1.0,2,CNY-6.25,CNY
RFUD,2024-05-21,CRM5,14.006,13.932,14.006,13.956,15854016.0,2655495.0,190.0,1136,13.956,0.0,13.976,-0.24,37.0,21,CNY-6.25,CNY
RFUD,2024-05-22,CRM5,13.837,13.837,13.951,13.946,15814764.0,933316.0,67.0,1134,13.946,0.0,13.93,-0.07,2.0,7,CNY-6.25,CNY
RFUD,2024-05-23,CRM5,,,,,15783012.0,,,1134,13.918,0.0,,,,0,CNY-6.25,CNY
RFUD,2024-05-24,CRM5,13.9,13.855,13.945,13.855,16321190.0,2129204.0,153.0,1178,13.855,0.0,13.916,,19.0,16,CNY-6.25,CNY
RFUD,2024-05-27,CRM5,13.857,13.71,13.857,13.71,16753620.0,372424.0,27.0,1222,13.71,0.0,13.793,-1.05,2.0,10,CNY-6.25,CNY
RFUD,2024-05-28,CRM5,13.7,13.7,13.745,13.705,17432760.0,411074.0,30.0,1272,13.705,0.0,13.702,-0.04,1.0,11,CNY-6.25,CNY
RFUD,2024-05-29,CRM5,13.773,13.773,13.812,13.8,17470800.0,41385.0,3.0,1266,13.8,0.0,13.795,0.69,1.0,3,CNY-6.25,CNY
RFUD,2024-05-30,CRM5,13.78,13.712,13.898,13.866,18192192.0,925298.0,67.0,1312,13.866,0.0,13.81,0.48,5.0,19,CNY-6.25,CNY
RFUD,2024-05-31,CRM5,13.897,13.894,13.899,13.899,17735124.0,931204.0,67.0,1276,13.899,0.0,13.899,0.24,47.0,8,CNY-6.25,CNY
RFUD,2024-06-03,CRM5,13.908,13.771,13.908,13.788,17786520.0,868633.0,63.0,1290,13.788,0.0,13.788,-0.8,2.0,17,CNY-6.25,CNY
RFUD,2024-06-04,CRM5,13.748,13.748,13.768,13.75,17765000.0,151281.0,11.0,1292,13.75,0.0,13.753,-0.28,3.0,5,CNY-6.25,CNY
RFUD,2024-06-05,CRM5,13.759,13.75,13.776,13.752,17822592.0,165081.0,12.0,1296,13.752,0.0,13.757,0.01,4.0,6,CNY-6.25,CNY
RFUD,2024-06-06,CRM5,13.723,13.699,13.765,13.751,19801440.0,1260934.0,92.0,1440,13.751,0.0,13.706,-0.01,1.0,14,CNY-6.25,CNY
RFUD,2024-06-07,CRM5,13.739,13.739,13.82,13.82,19689264.0,234047.0,17.0,1428,13.788,0.0,13.767,0.5,3.0,11,CNY-6.25,CNY
RFUD,2024-06-10,CRM5,13.7,13.663,13.709,13.663,19428786.0,177990.0,13.0,1422,13.663,0.0,13.692,-1.14,1.0,7,CNY-6.25,CNY
RFUD,2024-06-11,CRM5,13.576,13.576,13.724,13.724,19515528.0,163966.0,12.0,1422,13.724,0.0,13.664,0.45,1.0,10,CNY-6.25,CNY
RFUD,2024-06-13,CRM5,13.798,13.466,14.45,13.63,22135120.0,3745502.0,273.0,1624,13.63,0.0,13.72,-0.69,2.0,71,CNY-6.25,CNY
RFUD,2024-06-14,CRM5,13.679,13.571,13.679,13.571,22202156.0,217459.0,16.0,1636,13.571,0.0,13.591,-0.43,4.0,11,CNY-6.25,CNY
RFUD,2024-06-17,CRM5,13.571,13.353,13.571,13.353,24889992.0,1998713.0,149.0,1864,13.353,0.0,13.414,-1.61,2.0,41,CNY-6.25,CNY
RFUD,2024-06-18,CRM5,13.336,12.826,13.336,12.826,24343748.0,1347253.0,103.0,1898,12.826,0.0,13.08,-3.95,1.0,47,CNY-6.25,CNY
RFUD,2024-06-19,CRM5,12.77,12.2,12.8,12.44,26323040.0,2886313.0,229.0,2116,12.44,0.0,12.604,-3.01,1.0,70,CNY-6.25,CNY
RFUD,2024-06-20,CRM5,12.417,12.266,12.921,12.921,27831834.0,6486533.0,512.0,2154,12.921,0.0,12.669,3.87,1.0,131,CNY-6.25,CNY
RFUD,2024-06-21,CRM5,12.992,12.617,13.6,12.772,27536432.0,2610845.0,202.0,2156,12.772,0.0,12.925,-1.15,3.0,96,CNY-6.25,CNY
RFUD,2024-06-24,CRM5,12.999,12.5,12.999,12.5,28575000.0,3186488.0,253.0,2286,12.5,0.0,12.595,-2.13,2.0,51,CNY-6.25,CNY
RFUD,2024-06-25,CRM5,12.314,12.314,12.684,12.535,29482320.0,2600198.0,208.0,2352,12.535,0.0,12.501,0.28,1.0,83,CNY-6.25,CNY
RFUD,2024-06-26,CRM5,12.512,12.4,12.574,12.424,27852366.0,2234182.0,179.0,2242,12.423,0.0,12.481,-0.89,2.0,54,CNY-6.25,CNY
RFUD,2024-06-27,CRM5,12.4,12.285,12.434,12.422,28744508.0,2685648.0,217.0,2314,12.422,0.0,12.376,-0.02,29.0,51,CNY-6.25,CNY
RFUD,2024-06-28,CRM5,12.499,12.45,12.673,12.673,29375360.0,513240.0,41.0,2324,12.64,0.0,12.518,2.02,1.0,26,CNY-6.25,CNY
RFUD,2024-07-01,CRM5,12.665,12.66,12.767,12.752,29406112.0,216260.0,17.0,2306,12.752,0.0,12.721,0.62,1.0,14,CNY-6.25,CNY
RFUD,2024-07-02,CRM5,12.808,12.707,12.827,12.79,29672800.0,422937.0,33.0,2320,12.79,0.0,12.816,0.3,1.0,18,CNY-6.25,CNY
RFUD,2024-07-03,CRM5,12.784,12.713,12.813,12.781,29749540.0,115076.0,9.0,2326,12.79,0.0,12.786,-0.07,1.0,8,CNY-6.25,CNY
RFUD,2024-07-04,CRM5,12.791,12.791,12.986,12.862,30174252.0,527260.0,41.0,2346,12.862,0.0,12.86,0.63,2.0,25,CNY-6.25,CNY
RFUD,2024-07-05,CRM5,12.871,12.8,12.883,12.801,29954340.0,102731.0,8.0,2340,12.801,0.0,12.841,-0.47,2.0,7,CNY-6.25,CNY
RFUD,2024-07-08,CRM5,12.817,12.743,12.817,12.743,29846448.0,76663.0,6.0,2342,12.744,0.0,12.777,-0.45,2.0,4,CNY-6.25,CNY
RFUD,2024-07-09,CRM5,12.744,12.744,12.85,12.758,29955784.0,614144.0,48.0,2348,12.758,0.0,12.795,0.12,1.0,23,CNY-6.25,CNY
RFUD,2024-07-10,CRM5,12.794,12.771,12.858,12.819,31457826.0,1756317.0,137.0,2454,12.819,0.0,12.82,0.48,2.0,40,CNY-6.25,CNY
RFUD,2024-07-11,CRM5,12.869,12.829,12.885,12.873,30019836.0,1183738.0,92.0,2332,12.873,0.0,12.867,0.42,15.0,23,CNY-6.25,CNY
RFUD,2024-07-12,CRM5,12.859,12.822,12.86,12.822,30024540.0,128522.0,10.0,2340,12.831,0.0,12.852,-0.4,1.0,5,CNY-6.25,CNY
RFUD,2024-07-15,CRM5,12.819,12.735,12.912,12.909,30568512.0,2383291.0,185.0,2368,12.909,0.0,12.883,0.68,1.0,83,CNY-6.25,CNY
RFUD,2024-07-16,CRM5,12.908,12.835,12.912,12.861,31277952.0,913612.0,71.0,2432,12.861,0.0,12.868,-0.37,15.0,23,CNY-6.25,CNY
RFUD,2024-07-17,CRM5,12.883,12.856,12.911,12.911,31012222.0,348132.0,27.0,2402,12.911,0.0,12.894,0.39,1.0,26,CNY-6.25,CNY
RFUD,2024-07-18,CRM5,12.897,12.85,12.989,12.872,30764080.0,862840.0,67.0,2390,12.872,0.0,12.878,-0.3,1.0,15,CNY-6.25,CNY
RFUD,2024-07-19,CRM5,12.872,12.816,12.996,12.82,32357680.0,1761587.0,137.0,2524,12.82,0.0,12.858,-0.4,20.0,52,CNY-6.25,CNY
RFUD,2024-07-22,CRM5,12.752,12.7,12.848,12.843,31182804.0,1186728.0,93.0,2428,12.843,0.0,12.761,0.18,1.0,53,CNY-6.25,CNY
RFUD,2024-07-23,CRM5,12.722,12.722,12.819,12.8,30668800.0,2188226.0,171.0,2396,12.8,0.0,12.797,-0.34,2.0,37,CNY-6.25,CNY
RFUD,2024-07-24,CRM5,12.736,12.665,12.737,12.665,27609700.0,1792005.0,141.0,2180,12.665,0.0,12.709,-1.05,5.0,24,CNY-6.25,CNY
RFUD,2024-07-25,CRM5,12.649,12.6,12.649,12.602,27275056.0,227182.0,18.0,2164,12.604,0.0,12.621,-0.5,2.0,14,CNY-6.25,CNY
RFUD,2024-07-26,CRM5,12.598,12.598,12.69,12.69,27178736.0,621665.0,49.0,2132,12.748,0.0,12.687,0.7,2.0,21,CNY-6.25,CNY
RFUD,2024-07-29,CRM5,12.8,12.57,12.8,12.57,26916920.0,555582.0,44.0,2140,12.578,0.0,12.627,-0.95,1.0,22,CNY-6.25,CNY
RFUD,2024-07-30,CRM5,12.613,12.613,12.631,12.631,25666192.0,808328.0,64.0,2032,12.631,0.0,12.63,0.48,5.0,17,CNY-6.25,CNY
RFUD,2024-07-31,CRM5,12.653,12.612,12.653,12.612,25501464.0,75811.0,6.0,2022,12.612,0.0,12.635,-0.15,2.0,5,CNY-6.25,CNY
RFUD,2024-08-01,CRM5,12.55,12.469,12.55,12.469,25386884.0,250236.0,20.0,2036,12.469,0.0,12.512,-1.13,2.0,15,CNY-6.25,CNY
RFUD,2024-08-02,CRM5,12.5,12.444,12.522,12.522,25847472.0,948985.0,76.0,2064,12.523,0.0,12.487,0.43,1.0,28,CNY-6.25,CNY
RFUD,2024-08-05,CRM5,12.523,12.523,12.603,12.6,25981200.0,88048.0,7.0,2062,12.6,0.0,12.578,0.62,2.0,6,CNY-6.25,CNY
RFUD,2024-08-06,CRM5,12.619,12.51,12.619,12.582,25944084.0,113114.0,9.0,2062,12.582,0.0,12.568,-0.14,1.0,7,CNY-6.25,CNY
RFUD,2024-08-07,CRM5,12.589,12.536,12.604,12.604,25835212.0,87899.0,7.0,2054,12.578,0.0,12.557,0.18,1.0,6,CNY-6.25,CNY
RFUD,2024-08-08,CRM5,12.603,12.598,12.603,12.598,25926684.0,37800.0,3.0,2058,12.598,0.0,12.6,-0.05,1.0,3,CNY-6.25,CNY
RFUD,2024-08-09,CRM5,12.643,12.602,12.644,12.629,26571416.0,391420.0,31.0,2104,12.629,0.0,12.626,0.25,1.0,14,CNY-6.25,CNY
RFUD,2024-08-12,CRM5,12.606,12.605,12.659,12.659,26794950.0,176831.0,14.0,2114,12.675,0.0,12.631,0.24,1.0,12,CNY-6.25,CNY
RFUD,2024-08-13,CRM5,12.7,12.666,12.891,12.843,27150102.0,816326.0,64.0,2114,12.843,0.0,12.755,1.45,2.0,38,CNY-6.25,CNY
RFUD,2024-08-14,CRM5,12.902,12.76,12.902,12.778,26793558.0,358881.0,28.0,2098,12.771,0.0,12.817,-0.51,2.0,18,CNY-6.25,CNY
RFUD,2024-08-15,CRM5,12.725,12.636,12.725,12.699,26871084.0,456717.0,36.0,2116,12.699,0.0,12.687,-0.62,1.0,20,CNY-6.25,CNY
RFUD,2024-08-16,CRM5,12.684,12.684,12.797,12.758,27608312.0,840210.0,66.0,2164,12.758,0.0,12.73,0.46,2.0,15,CNY-6.25,CNY
RFUD,2024-08-19,CRM5,12.768,12.768,12.822,12.788,29107764.0,756171.0,59.0,2276,12.789,0.0,12.816,0.24,2.0,8,CNY-6.25,CNY
RFUD,2024-08-20,CRM5,12.753,12.7,12.886,12.839,27507560.0,1313644.0,103.0,2140,12.854,0.0,12.754,0.4,2.0,21,CNY-6.25,CNY
RFUD,2024-08-21,CRM5,12.862,12.782,12.906,12.796,29021328.0,1339490.0,104.0,2268,12.796,0.0,12.88,-0.34,3.0,14,CNY-6.25,CNY
RFUD,2024-08-22,CRM5,12.743,12.68,12.743,12.68,27743840.0,801322.0,63.0,2188,12.68,0.0,12.719,-0.91,5.0,17,CNY-6.25,CNY
RFUD,2024-08-23,CRM5,12.65,12.541,12.859,12.675,26566800.0,1213344.0,96.0,2096,12.675,0.0,12.639,-0.04,9.0,48,CNY-6.25,CNY
RFUD,2024-08-26,CRM5,12.598,12.5,12.598,12.5,25902072.0,677478.0,54.0,2072,12.501,0.0,12.546,-1.38,2.0,26,CNY-6.25,CNY
RFUD,2024-08-27,CRM5,12.501,12.5,12.656,12.599,26634286.0,353563.0,28.0,2114,12.599,0.0,12.627,0.79,2.0,7,CNY-6.25,CNY
RFUD,2024-08-28,CRM5,12.639,12.6,12.666,12.666,26851920.0,101129.0,8.0,2120,12.666,0.0,12.641,0.53,1.0,6,CNY-6.25,CNY
RFUD,2024-08-29,CRM5,,,,,26866760.0,,,2120,12.673,0.0,,,,0,CNY-6.25,CNY
RFUD,2024-08-30,CRM5,12.79,12.79,12.799,12.799,27255480.0,63968.0,5.0,2130,12.796,0.0,12.794,,2.0,3,CNY-6.25,CNY
RFUD,2024-09-02,CRM5,12.802,12.661,12.802,12.661,26233592.0,561230.0,44.0,2072,12.661,0.0,12.755,-1.08,2.0,16,CNY-6.25,CNY
RFUD,2024-09-03,CRM5,12.699,12.607,12.699,12.607,26272988.0,164026.0,13.0,2084,12.607,0.0,12.617,-0.43,2.0,8,CNY-6.25,CNY
RFUD,2024-09-04,CRM5,12.607,12.566,12.749,12.749,25354952.0,1456895.0,115.0,1988,12.754,0.0,12.669,1.13,2.0,37,CNY-6.25,CNY
RFUD,2024-09-05,CRM5,12.752,12.706,12.887,12.791,25198270.0,1072421.0,84.0,1970,12.791,0.0,12.767,0.33,1.0,31,CNY-6.25,CNY
RFUD,2024-09-06,CRM5,12.834,12.813,12.869,12.814,25858652.0,873102.0,68.0,2018,12.814,0.0,12.84,0.18,2.0,36,CNY-6.25,CNY
RFUD,2024-09-09,CRM5,12.844,12.833,12.917,12.917,26066506.0,553625.0,43.0,2018,12.917,0.0,12.875,0.8,2.0,28,CNY-6.25,CNY
RFUD,2024-09-10,CRM5,12.95,12.903,13.047,13.047,26208000.0,142612.0,11.0,2016,13.0,0.0,12.965,1.01,2.0,6,CNY-6.25,CNY
RFUD,2024-09-11,CRM5,13.0,12.924,13.079,12.924,26059146.0,273039.0,21.0,2014,12.939,0.0,13.002,-0.94,1.0,10,CNY-6.25,CNY
RFUD,2024-09-12,CRM5,12.924,12.924,13.18,13.075,26198292.0,1659464.0,128.0,2004,13.073,0.0,12.965,1.17,3.0,43,CNY-6.25,CNY
RFUD,2024-09-13,CRM5,13.001,13.0,13.08,13.054,26290756.0,351778.0,27.0,2014,13.054,0.0,13.029,-0.16,1.0,17,CNY-6.25,CNY
RFUD,2024-09-16,CRM5,13.04,13.04,13.195,13.079,26968898.0,758737.0,58.0,2062,13.079,0.0,13.082,0.19,1.0,35,CNY-6.25,CNY
RFUD,2024-09-17,CRM5,13.09,12.957,13.195,13.05,26831500.0,651864.0,50.0,2060,13.025,0.0,13.037,-0.22,1.0,38,CNY-6.25,CNY
RFUD,2024-09-18,CRM5,13.048,12.858,13.048,12.858,31630680.0,3477751.0,269.0,2460,12.858,0.0,12.928,-1.47,2.0,99,CNY-6.25,CNY
RFUD,2024-09-19,CRM5,12.918,12.906,13.144,13.079,38504576.0,7303313.0,562.0,2944,13.079,0.0,12.995,1.72,1.0,159,CNY-6.25,CNY
RFUD,2024-09-20,CRM5,13.092,13.0,13.227,13.169,37967468.0,4608735.0,351.0,2882,13.174,0.0,13.13,0.69,1.0,79,CNY-6.25,CNY
RFUD,2024-09-23,CRM5,13.243,13.143,13.27,13.269,36118218.0,2425007.0,183.0,2722,13.269,0.0,13.251,0.76,22.0,35,CNY-6.25,CNY
RFUD,2024-09-24,CRM5,13.247,13.213,13.49,13.27,38589160.0,3875474.0,291.0,2908,13.27,0.0,13.318,0.01,30.0,77,CNY-6.25,CNY
RFUD,2024-09-25,CRM5,13.249,13.16,13.249,13.221,38910892.0,673884.0,51.0,2942,13.226,0.0,13.213,-0.37,1.0,17,CNY-6.25,CNY
RFUD,2024-09-26,CRM5,13.247,13.2,13.284,13.261,36479700.0,2599679.0,196.0,2748,13.275,0.0,13.264,0.3,27.0,49,CNY-6.25,CNY
RFUD,2024-09-27,CRM5,13.292,13.289,13.427,13.427,37136316.0,1067904.0,80.0,2766,13.426,0.0,13.349,1.25,2.0,27,CNY-6.25,CNY
RFUD,2024-09-30,CRM5,13.469,13.417,13.47,13.43,36959360.0,671877.0,50.0,2752,13.43,0.0,13.438,0.02,11.0,24,CNY-6.25,CNY
RFUD,2024-10-01,CRM5,13.44,13.411,13.491,13.46,39087840.0,2057402.0,153.0,2904,13.46,0.0,13.447,0.22,1.0,32,CNY-6.25,CNY
RFUD,2024-10-02,CRM5,13.472,13.464,13.7,13.614,42121716.0,3845091.0,283.0,3094,13.614,0.0,13.587,1.14,1.0,68,CNY-6.25,CNY
RFUD,2024-10-03,CRM5,13.64,13.578,13.774,13.639,42962850.0,2034568.0,149.0,3150,13.639,0.0,13.655,0.18,19.0,47,CNY-6.25,CNY
RFUD,2024-10-04,CRM5,13.617,13.59,13.675,13.638,43096080.0,626840.0,46.0,3160,13.638,0.0,13.627,-0.01,1.0,23,CNY-6.25,CNY
RFUD,2024-10-07,CRM5,13.615,13.606,13.839,13.779,44267784.0,2302699.0,167.0,3212,13.782,0.0,13.789,1.03,2.0,36,CNY-6.25,CNY
RFUD,2024-10-08,CRM5,13.783,13.778,13.832,13.827,41868156.0,3354578.0,243.0,3028,13.827,0.0,13.805,0.35,1.0,31,CNY-6.25,CNY
RFUD,2024-10-09,CRM5,13.815,13.773,13.903,13.825,42055650.0,1714983.0,124.0,3042,13.825,0.0,13.831,-0.01,1.0,42,CNY-6.25,CNY
RFUD,2024-10-10,CRM5,13.805,13.706,13.81,13.721,41574630.0,1073450.0,78.0,3030,13.721,0.0,13.762,-0.75,1.0,33,CNY-6.25,CNY
RFUD,2024-10-11,CRM5,13.688,13.61,14.0,13.666,49525584.0,5993954.0,436.0,3624,13.666,0.0,13.748,-0.4,10.0,62,CNY-6.25,CNY
RFUD,2024-10-14,CRM5,13.665,13.198,13.729,13.721,49176064.0,9376289.0,690.0,3584,13.721,0.0,13.589,0.4,1.0,104,CNY-6.25,CNY
RFUD,2024-10-15,CRM5,13.729,13.719,13.831,13.807,50671690.0,1377847.0,100.0,3670,13.807,0.0,13.778,0.63,1.0,48,CNY-6.25,CNY
RFUD,2024-10-16,CRM5,13.847,13.78,13.87,13.801,48313592.0,3649926.0,264.0,3502,13.796,0.0,13.825,-0.04,1.0,54,CNY-6.25,CNY
RFUD,2024-10-17,CRM5,13.78,13.736,13.859,13.749,49056432.0,1959790.0,142.0,3568,13.749,0.0,13.801,-0.38,5.0,48,CNY-6.25,CNY
RFUD,2024-10-18,CRM5,13.798,13.632,13.992,13.632,52646784.0,7488241.0,544.0,3862,13.632,0.0,13.765,-0.85,1.0,157,CNY-6.25,CNY
RFUD,2024-10-21,CRM5,13.657,13.569,13.887,13.715,57117588.0,11646478.0,851.0,4164,13.717,0.0,13.686,0.61,11.0,93,CNY-6.25,CNY
RFUD,2024-10-22,CRM5,13.73,13.73,13.871,13.757,61466276.0,3759124.0,273.0,4468,13.757,0.0,13.77,0.31,1.0,54,CNY-6.25,CNY
RFUD,2024-10-23,CRM5,13.741,13.627,13.741,13.677,61382376.0,3892945.0,284.0,4488,13.677,0.0,13.708,-0.58,4.0,22,CNY-6.25,CNY
RFUD,2024-10-24,CRM5,13.702,13.683,13.767,13.767,64053002.0,3416390.0,249.0,4654,13.763,0.0,13.72,0.66,10.0,30,CNY-6.25,CNY
RFUD,2024-10-25,CRM5,13.771,13.676,13.779,13.779,63630630.0,1444032.0,105.0,4626,13.755,0.0,13.753,0.09,7.0,22,CNY-6.25,CNY
RFUD,2024-10-28,CRM5,13.754,13.754,13.875,13.813,63770112.0,2563708.0,185.0,4608,13.839,0.0,13.858,0.25,1.0,42,CNY-6.25,CNY
RFUD,2024-10-29,CRM5,13.826,13.726,13.9,13.849,66613690.0,1866102.0,135.0,4810,13.849,0.0,13.823,0.26,1.0,41,CNY-6.25,CNY
RFUD,2024-10-30,CRM5,13.825,13.782,13.89,13.832,69602624.0,3057436.0,221.0,5032,13.832,0.0,13.835,-0.12,1.0,53,CNY-6.25,CNY
RFUD,2024-10-31,CRM5,13.825,13.79,13.876,13.803,70478118.0,1576997.0,114.0,5106,13.803,0.0,13.833,-0.21,2.0,29,CNY-6.25,CNY
RFUD,2024-11-01,CRM5,13.794,13.79,13.921,13.909,72799706.0,1902231.0,137.0,5234,13.909,0.0,13.885,0.77,1.0,53,CNY-6.25,CNY
RFUD,2024-11-02,CRM5,13.915,13.856,13.919,13.856,71884928.0,596854.0,43.0,5188,13.856,0.0,13.88,-0.38,1.0,12,CNY-6.25,CNY
RFUD,2024-11-05,CRM5,13.889,13.863,14.04,13.995,73809630.0,1883546.0,135.0,5274,13.995,0.0,13.952,1.0,7.0,32,CNY-6.25,CNY
RFUD,2024-11-06,CRM5,14.01,13.908,14.049,13.96,75132720.0,2277303.0,163.0,5382,13.96,0.0,13.971,-0.25,9.0,30,CNY-6.25,CNY
RFUD,2024-11-07,CRM5,13.96,13.96,14.12,14.12,75654960.0,1421701.0,101.0,5358,14.12,0.0,14.076,1.15,1.0,36,CNY-6.25,CNY
RFUD,2024-11-08,CRM5,14.129,14.105,14.208,14.149,76432898.0,907371.0,64.0,5402,14.149,0.0,14.178,0.21,1.0,17,CNY-6.25,CNY
RFUD,2024-11-11,CRM5,14.111,14.083,14.199,14.16,77778558.0,3819361.0,270.0,5494,14.157,0.0,14.146,0.08,2.0,67,CNY-6.25,CNY
RFUD,2024-11-12,CRM5,14.134,14.07,14.19,14.157,77608674.0,2077195.0,147.0,5482,14.157,0.0,14.131,-0.02,1.0,50,CNY-6.25,CNY
RFUD,2024-11-13,CRM5,14.198,14.159,14.389,14.262,83974656.0,6602070.0,463.0,5888,14.262,0.0,14.259,0.74,3.0,95,CNY-6.25,CNY
RFUD,2024-11-14,CRM5,14.296,14.134,14.37,14.361,83092746.0,4850324.0,339.0,5786,14.361,0.0,14.308,0.69,1.0,45,CNY-6.25,CNY
RFUD,2024-11-15,CRM5,14.379,14.277,14.461,14.307,83381196.0,3029828.0,211.0,5828,14.307,0.0,14.359,-0.38,1.0,66,CNY-6.25,CNY
RFUD,2024-11-18,CRM5,14.339,13.764,14.807,14.34,80109568.0,8723091.0,614.0,5588,14.336,0.0,14.207,0.23,1.0,95,CNY-6.25,CNY
RFUD,2024-11-19,CRM5,14.354,14.302,14.432,14.432,79635776.0,2137669.0,149.0,5518,14.432,0.0,14.347,0.64,1.0,41,CNY-6.25,CNY
RFUD,2024-11-20,CRM5,14.432,14.396,14.463,14.396,80012968.0,1039507.0,72.0,5558,14.396,0.0,14.438,-0.25,1.0,28,CNY-6.25,CNY
RFUD,2024-11-21,CRM5,14.38,14.379,14.6,14.441,83035750.0,10059495.0,696.0,5750,14.441,0.0,14.453,0.31,1.0,98,CNY-6.25,CNY
RFUD,2024-11-22,CRM5,14.427,14.092,14.574,14.506,105632692.0,29076675.0,2014.0,7282,14.506,0.0,14.437,0.45,1.0,194,CNY-6.25,CNY
RFUD,2024-11-25,CRM5,14.506,14.502,15.099,14.891,119515166.0,20869363.0,1404.0,8026,14.891,0.0,14.864,2.65,1.0,286,CNY-6.25,CNY
RFUD,2024-11-26,CRM5,14.906,14.777,15.358,15.247,121214948.0,30027830.0,2000.0,7948,15.251,0.0,15.014,2.39,1.0,347,CNY-6.25,CNY
RFUD,2024-11-27,CRM5,15.338,14.938,15.69,15.134,134779848.0,49498691.0,3209.0,8904,15.137,0.0,15.425,-0.74,1.0,488,CNY-6.25,CNY
RFUD,2024-11-28,CRM5,15.134,15.0,15.447,15.265,143648226.0,21706847.0,1431.0,9414,15.259,0.0,15.169,0.87,1.0,270,CNY-6.25,CNY
RFUD,2024-11-29,CRM5,15.265,15.05,15.309,15.05,138610500.0,13441586.0,884.0,9210,15.05,0.0,15.205,-1.41,5.0,345,CNY-6.25,CNY
RFUD,2024-12-02,CRM5,15.041,14.8,15.215,15.098,141450400.0,14248440.0,946.0,9380,15.08,0.0,15.062,0.32,1.0,156,CNY-6.25,CNY
RFUD,2024-12-03,CRM5,15.085,14.711,15.111,14.876,135705600.0,36223711.0,2435.0,9120,14.88,0.0,14.876,-1.47,1.0,211,CNY-6.25,CNY
RFUD,2024-12-04,CRM5,14.88,14.616,14.896,14.896,143090976.0,17128520.0,1162.0,9606,14.896,0.0,14.741,0.13,2.0,210,CNY-6.25,CNY
RFUD,2024-12-05,CRM5,14.905,14.516,15.268,14.601,160552596.0,28374933.0,1916.0,10996,14.601,0.0,14.809,-1.98,1.0,485,CNY-6.25,CNY
RFUD,2024-12-06,CRM5,14.627,14.23,14.663,14.292,197744112.0,50456332.0,3489.0,13836,14.292,0.0,14.462,-2.12,1.0,571,CNY-6.25,CNY
RFUD,2024-12-09,CRM5,14.292,14.203,14.667,14.663,201264338.0,23730512.0,1647.0,13726,14.663,0.0,14.408,2.6,1.0,322,CNY-6.25,CNY
RFUD,2024-12-10,CRM5,14.69,14.451,14.714,14.547,214510062.0,22057631.0,1511.0,14746,14.547,0.0,14.598,-0.79,1.0,236,CNY-6.25,CNY
RFUD,2024-12-11,CRM5,14.54,14.519,14.797,14.736,224079312.0,24475645.0,1670.0,15198,14.744,0.0,14.656,1.3,18.0,349,CNY-6.25,CNY
RFUD,2024-12-12,CRM5,14.738,14.61,14.92,14.62,223308480.0,7357318.0,498.0,15270,14.624,0.0,14.774,-0.79,1.0,154,CNY-6.25,CNY
RFUD,2024-12-13,CRM5,14.658,14.604,14.843,14.611,232811674.0,12375096.0,839.0,15934,14.611,0.0,14.75,-0.06,8.0,230,CNY-6.25,CNY
RFUD,2024-12-16,CRM5,14.641,14.462,14.7,14.59,240589100.0,23378006.0,1600.0,16490,14.59,0.0,14.608,-0.14,50.0,372,CNY-6.25,CNY
RFUD,2024-12-17,CRM5,14.59,14.53,14.745,14.738,251622560.0,25990088.0,1775.0,17080,14.732,0.0,14.645,1.01,1.0,573,CNY-6.25,CNY
RFUD,2024-12-18,CRM5,14.749,14.657,14.857,14.847,270185706.0,43837368.0,2970.0,18198,14.847,0.0,14.764,0.74,4.0,844,CNY-6.25,CNY
RFUD,2024-12-19,CRM5,14.847,14.773,15.001,14.847,274343432.0,82591031.0,5545.0,18488,14.839,0.0,14.896,0.0,1.0,1498,CNY-6.25,CNY
RFUD,2024-12-20,CRM5,14.839,14.69,14.908,14.849,360385230.0,108939089.0,7354.0,24270,14.849,0.0,14.813,0.01,4.0,1283,CNY-6.25,CNY
RFUD,2024-12-23,CRM5,14.869,14.54,14.885,14.662,474319398.0,223633803.0,15245.0,32326,14.673,0.0,14.667,-1.26,2.0,2437,CNY-6.25,CNY
RFUD,2024-12-24,CRM5,14.692,14.49,14.692,14.55,507125700.0,140272015.0,9621.0,34854,14.55,0.0,14.578,-0.76,1.0,1698,CNY-6.25,CNY
RFUD,2024-12-25,CRM5,14.567,14.49,14.622,14.558,1655119890.0,688067069.0,47177.0,113590,14.571,0.0,14.575,0.06,4.0,4050,CNY-6.25,CNY
RFUD,2024-12-26,CRM5,14.547,14.457,14.59,14.488,1988368074.0,314130686.0,21626.0,137214,14.491,0.0,14.524,-0.48,2.0,2209,CNY-6.25,CNY
RFUD,2024-12-27,CRM5,14.48,14.264,14.49,14.34,1964532024.0,414253643.0,28859.0,136968,14.343,0.0,14.349,-1.02,2.0,2990,CNY-6.25,CNY
RFUD,2024-12-28,CRM5,14.326,14.23,14.623,14.616,1886827960.0,162801501.0,11311.0,129058,14.62,0.0,14.395,1.93,6.0,1881,CNY-6.25,CNY
RFUD,2024-12-30,CRM5,14.621,14.4,14.71,14.61,1746888480.0,216668060.0,14823.0,119568,14.61,0.0,14.617,-0.04,1.0,2461,CNY-6.25,CNY
RFUD,2025-01-03,CRM5,14.63,14.576,14.724,14.663,1730412660.0,69900444.0,4766.0,117980,14.667,0.0,14.668,0.36,1.0,1297,CNY-6.25,CNY
RFUD,2025-01-06,CRM5,14.672,14.424,14.702,14.5,1723702000.0,69397357.0,4778.0,118876,14.5,0.0,14.524,-1.11,25.0,1460,CNY-6.25,CNY
RFUD,2025-01-08,CRM5,14.501,14.358,14.532,14.384,1728995796.0,64791144.0,4488.0,120186,14.386,0.0,14.436,-0.8,1.0,1088,CNY-6.25,CNY
RFUD,2025-01-09,CRM5,14.378,14.378,14.657,14.541,1938896940.0,285231781.0,19586.0,133340,14.541,0.0,14.566,1.09,3.0,3232,CNY-6.25,CNY
RFUD,2025-01-10,CRM5,14.534,14.51,14.685,14.667,8469930558.0,3408160980.0,233235.0,577246,14.673,0.0,14.631,0.87,1.0,3877,CNY-6.25,CNY
RFUD,2025-01-13,CRM5,14.69,14.673,14.843,14.832,8713911448.0,628785334.0,42550.0,587666,14.828,0.0,14.79,1.12,1.0,4359,CNY-6.25,CNY
RFUD,2025-01-14,CRM5,14.826,14.812,14.985,14.941,8770537510.0,912832255.0,61135.0,587090,14.939,0.0,14.935,0.73,1.0,2745,CNY-6.25,CNY
RFUD,2025-01-15,CRM5,14.941,14.878,14.993,14.949,9189030708.0,457172766.0,30577.0,614692,14.949,0.0,14.951,0.05,1.0,3881,CNY-6.25,CNY
RFUD,2025-01-16,CRM5,14.952,14.858,14.963,14.9,9204846418.0,153947202.0,10316.0,617402,14.909,0.0,14.922,-0.33,3.0,2727,CNY-6.25,CNY
RFUD,2025-01-17,CRM5,14.892,14.797,14.939,14.8,9259738560.0,245478289.0,16493.0,625320,14.808,0.0,14.883,-0.67,2.0,2659,CNY-6.25,CNY
RFUD,2025-01-20,CRM5,14.795,14.7,14.819,14.802,9272218928.0,280297578.0,18989.0,626332,14.804,0.0,14.759,0.01,1.0,2664,CNY-6.25,CNY
RFUD,2025-01-21,CRM5,14.797,14.614,14.809,14.629,9275546708.0,813804971.0,55487.0,634052,14.629,0.0,14.665,-1.17,2.0,4604,CNY-6.25,CNY
RFUD,2025-01-22,CRM5,14.631,14.515,14.674,14.532,9718186530.0,982724886.0,67429.0,668330,14.541,0.0,14.571,-0.66,1.0,6269,CNY-6.25,CNY
RFUD,2025-01-23,CRM5,14.535,14.51,14.637,14.544,9814256292.0,384194091.0,26339.0,674844,14.543,0.0,14.587,0.08,10.0,3687,CNY-6.25,CNY
RFUD,2025-01-24,CRM5,14.542,14.458,14.645,14.462,10509900084.0,1117928479.0,77082.0,726876,14.459,0.0,14.504,-0.56,1.0,7983,CNY-6.25,CNY
RFUD,2025-01-27,CRM5,14.467,14.261,14.486,14.399,12196200248.0,1691745134.0,117905.0,847076,14.398,0.0,14.353,-0.44,5.0,11517,CNY-6.25,CNY
RFUD,2025-01-28,CRM5,14.4,14.28,14.522,14.317,13002556230.0,1250818969.0,87142.0,908190,14.317,0.0,14.355,-0.57,3.0,5695,CNY-6.25,CNY
RFUD,2025-01-29,CRM5,14.315,14.271,14.41,14.361,13180096240.0,381509660.0,26594.0,917834,14.36,0.0,14.346,0.31,1.0,3475,CNY-6.25,CNY
RFUD,2025-01-30,CRM5,14.371,14.153,14.402,14.164,14181818312.0,1027153571.0,72050.0,1001258,14.164,0.0,14.255,-1.37,1.0,5100,CNY-6.25,CNY
RFUD,2025-01-31,CRM5,14.164,14.111,14.321,14.315,15004485890.0,1427695678.0,100532.0,1048898,14.305,0.0,14.202,1.07,1.0,7322,CNY-6.25,CNY
RFUD,2025-02-03,CRM5,14.307,14.193,14.426,14.193,19112954952.0,5008787796.0,350249.0,1346362,14.196,0.0,14.302,-0.85,1.0,10684,CNY-6.25,CNY
RFUD,2025-02-04,CRM5,14.193,14.15,14.253,14.181,20849728698.0,2043662755.0,144104.0,1470258,14.181,0.0,14.182,-0.08,5.0,7969,CNY-6.25,CNY
RFUD,2025-02-05,CRM5,14.19,13.888,14.295,13.9,21226641864.0,2418854671.0,172023.0,1527756,13.894,0.0,14.059,-1.98,1.0,17717,CNY-6.25,CNY
RFUD,2025-02-06,CRM5,13.893,13.738,14.168,14.151,23442731392.0,6553591550.0,469216.0,1656496,14.152,0.0,14.001,1.81,1.0,21781,CNY-6.25,CNY
RFUD,2025-02-07,CRM5,14.138,14.012,14.191,14.175,23826870900.0,2016435725.0,143138.0,1680908,14.175,0.0,14.087,0.17,1.0,14202,CNY-6.25,CNY
RFUD,2025-02-10,CRM5,14.164,13.935,14.178,13.948,23888621700.0,1314371009.0,93477.0,1712446,13.95,0.0,14.057,-1.6,2.0,7445,CNY-6.25,CNY
RFUD,2025-02-11,CRM5,13.961,13.757,14.013,13.788,25006799232.0,2208136112.0,159702.0,1813664,13.788,0.0,13.826,-1.15,1.0,11446,CNY-6.25,CNY
RFUD,2025-02-12,CRM5,13.786,13.499,13.79,13.526,27587883636.0,4006917340.0,294122.0,2039468,13.527,0.0,13.619,-1.9,1.0,22187,CNY-6.25,CNY
RFUD,2025-02-13,CRM5,13.518,12.934,13.559,13.15,33461478682.0,7381034913.0,560228.0,2540542,13.171,0.0,13.174,-2.78,2.0,37972,CNY-6.25,CNY
RFUD,2025-02-14,CRM5,13.15,12.989,13.427,13.285,36367075440.0,4212520265.0,318618.0,2737660,13.284,0.0,13.222,1.03,3.0,23060,CNY-6.25,CNY
RFUD,2025-02-17,CRM5,13.287,13.066,13.342,13.083,36958377188.0,2924137460.0,221140.0,2825348,13.081,0.0,13.223,-1.52,2.0,15902,CNY-6.25,CNY
RFUD,2025-02-18,CRM5,13.104,13.045,13.229,13.208,37878526064.0,2268739146.0,172293.0,2868716,13.204,0.0,13.168,0.95,10.0,14482,CNY-6.25,CNY
RFUD,2025-02-19,CRM5,13.206,13.037,13.253,13.104,39851768848.0,2266647364.0,172909.0,3042352,13.099,0.0,13.111,-0.79,1.0,11372,CNY-6.25,CNY
RFUD,2025-02-20,CRM5,13.109,12.758,13.109,12.761,39736733120.0,2334649130.0,181047.0,3113920,12.761,0.0,12.895,-2.62,2.0,15818,CNY-6.25,CNY
RFUD,2025-02-21,CRM5,12.772,12.638,12.942,12.735,40173806400.0,2598140611.0,202957.0,3153360,12.74,0.0,12.801,-0.2,1.0,15061,CNY-6.25,CNY
RFUD,2025-02-24,CRM5,12.735,12.675,12.903,12.687,55848554610.0,16386711407.0,1288068.0,4402030,12.687,0.0,12.767,-0.38,8.0,14274,CNY-6.25,CNY
RFUD,2025-02-25,CRM5,12.688,12.366,12.701,12.376,56550103612.0,5195639358.0,415821.0,4570444,12.373,0.0,12.485,-2.45,1.0,16211,CNY-6.25,CNY
RFUD,2025-02-26,CRM5,12.375,12.303,12.703,12.65,66054395526.0,7540894979.0,606646.0,5229546,12.631,0.0,12.481,2.21,3.0,22763,CNY-6.25,CNY
RFUD,2025-02-27,CRM5,12.633,12.548,12.856,12.754,70710071784.0,6394085547.0,505169.0,5541976,12.759,0.0,12.66,0.82,1.0,29917,CNY-6.25,CNY
RFUD,2025-02-28,CRM5,12.746,12.697,12.886,12.811,75803495592.0,5063852706.0,396340.0,5920298,12.804,0.0,12.779,0.45,1.0,13312,CNY-6.25,CNY
RFUD,2025-03-03,CRM5,12.833,12.651,12.937,12.808,78767152800.0,4174527784.0,325184.0,6148880,12.81,0.0,12.837,-0.02,5.0,21733,CNY-6.25,CNY
RFUD,2025-03-04,CRM5,12.809,12.732,12.929,12.853,83450035062.0,4689095932.0,364519.0,6485586,12.867,0.0,12.864,0.35,2.0,20507,CNY-6.25,CNY
RFUD,2025-03-05,CRM5,12.851,12.73,13.024,12.913,84697734660.0,4878973335.0,377970.0,6563172,12.905,0.0,12.909,0.47,2.0,25151,CNY-6.25,CNY
RFUD,2025-03-06,CRM5,12.9,12.9,13.037,12.972,86876285952.0,3840536894.0,296121.0,6697216,12.972,0.0,12.97,0.46,1.0,17014,CNY-6.25,CNY
RFUD,2025-03-07,CRM5,12.972,12.721,13.016,12.828,86161319790.0,7655714724.0,594956.0,6715090,12.831,0.0,12.867,-1.11,1.0,35257,CNY-6.25,CNY
RFUD,2025-03-10,CRM5,12.82,12.49,12.839,12.493,90476161328.0,11330837471.0,894210.0,7238672,12.499,0.0,12.667,-2.61,9.0,30813,CNY-6.25,CNY
RFUD,2025-03-11,CRM5,12.495,12.347,12.56,12.459,93336314960.0,8597768042.0,690871.0,7490876,12.46,0.0,12.445,-0.27,1.0,34087,CNY-6.25,CNY
RFUD,2025-03-12,CRM5,12.47,12.429,12.68,12.575,100085945088.0,9947344001.0,792565.0,7958488,12.576,0.0,12.557,0.93,17.0,34855,CNY-6.25,CNY
RFUD,2025-03-13,CRM5,12.575,12.411,12.638,12.418,110446929890.0,16205232750.0,1297693.0,8876230,12.443,0.0,12.484,-1.25,1.0,40116,CNY-6.25,CNY
RFUD,2025-03-14,CRM5,12.418,11.94,12.466,12.352,118477683858.0,18013713566.0,1457364.0,9592558,12.351,0.0,12.349,-0.53,3.0,49761,CNY-6.25,CNY
RFUD,2025-03-17,CRM5,12.351,11.931,12.373,11.941,136876837944.0,30918114035.0,2544740.0,11457964,11.946,0.0,12.131,-3.33,4.0,81271,CNY-6.25,CNY
RFUD,2025-03-18,CRM5,11.94,11.688,12.025,11.833,147671756910.0,47189502350.0,3982484.0,12477546,11.835,0.0,11.849,-0.9,1.0,167300,CNY-6.25,CNY
RFUD,2025-03-19,CRM5,11.831,11.722,12.205,12.091,178154410632.0,59360610024.0,4934868.0,14733246,12.092,0.0,12.029,2.18,1.0,230447,CNY-6.25,CNY
RFUD,2025-03-20,CRM5,12.091,12.068,12.249,12.105,206559477900.0,74520642076.0,6121280.0,17063980,12.105,0.0,12.174,0.12,9.0,211956,CNY-6.25,CNY
RFUD,2025-03-21,CRM5,12.107,12.0,12.219,12.02,219854093800.0,62028419743.0,5123413.0,18290690,12.02,0.0,12.104,-0.7,50.0,189523,CNY-6.25,CNY
RFUD,2025-03-24,CRM5,12.021,11.9,12.195,12.14,224799904200.0,69393603158.0,5759360.0,18524920,12.135,0.0,12.049,1.0,30.0,229386,CNY-6.25,CNY
RFUD,2025-03-25,CRM5,12.14,11.983,12.246,12.007,225258925176.0,65579679810.0,5422946.0,18762196,12.006,0.0,12.093,-1.1,1.0,225608,CNY-6.25,CNY
RFUD,2025-03-26,CRM5,12.004,11.95,12.079,11.969,232853853438.0,54966375402.0,4574846.0,19467758,11.961,0.0,12.015,-0.32,14.0,184213,CNY-6.25,CNY
RFUD,2025-03-27,CRM5,11.965,11.85,12.085,11.919,238911359778.0,57943180327.0,4839427.0,20041218,11.921,0.0,11.973,-0.42,99.0,197552,CNY-6.25,CNY
RFUD,2025-03-28,CRM5,11.921,11.881,12.303,12.238,254022107136.0,87648217688.0,7258422.0,20758528,12.237,0.0,12.075,2.68,5.0,244260,CNY-6.25,CNY
RFUD,2025-03-31,CRM5,12.239,12.137,12.395,12.185,258287635496.0,73494627170.0,6002488.0,21183272,12.193,0.0,12.244,-0.43,36.0,221108,CNY-6.25,CNY
RFUD,2025-04-01,CRM5,12.182,11.947,12.227,11.966,254216616992.0,56114597209.0,4643659.0,21244912,11.966,0.0,12.084,-1.8,500.0,156304,CNY-6.25,CNY
RFUD,2025-04-02,CRM5,11.961,11.95,12.075,12.011,261920878992.0,48463129935.0,4031219.0,21815832,12.006,0.0,12.022,0.38,97.0,146685,CNY-6.25,CNY
RFUD,2025-04-03,CRM5,12.017,11.861,12.05,12.03,262231196836.0,80526777051.0,6732769.0,21785428,12.037,0.0,11.96,0.16,4.0,221724,CNY-6.25,CNY
RFUD,2025-04-04,CRM5,12.034,11.99,12.29,12.219,292911189728.0,98844274176.0,8146112.0,23963936,12.223,0.0,12.134,1.57,25.0,263152,CNY-6.25,CNY
RFUD,2025-04-07,CRM5,12.218,12.038,12.348,12.073,292299558538.0,79221365668.0,6495689.0,24202994,12.077,0.0,12.196,-1.2,1.0,231602,CNY-6.25,CNY
RFUD,2025-04-08,CRM5,12.073,11.97,12.148,12.083,288975809280.0,70418874843.0,5843321.0,23913920,12.084,0.0,12.051,0.08,54.0,208489,CNY-6.25,CNY
RFUD,2025-04-09,CRM5,12.087,11.994,12.198,12.0,291005677236.0,58078949250.0,4805289.0,24244412,12.003,0.0,12.086,-0.69,2.0,172490,CNY-6.25,CNY
RFUD,2025-04-10,CRM5,12.022,11.806,12.04,11.939,285557239660.0,58297523563.0,4876416.0,23926036,11.935,0.0,11.955,-0.51,30.0,196440,CNY-6.25,CNY
RFUD,2025-04-11,CRM5,11.941,11.65,12.006,11.677,282863744650.0,63416175133.0,5353770.0,24228158,11.675,0.0,11.845,-2.19,100.0,199687,CNY-6.25,CNY
RFUD,2025-04-14,CRM5,11.675,11.557,11.732,11.597,286195374864.0,56955190053.0,4897139.0,24689042,11.592,0.0,11.63,-0.69,370.0,173538,CNY-6.25,CNY
RFUD,2025-04-15,CRM5,11.597,11.491,11.847,11.646,283475295688.0,68712695240.0,5927732.0,24349364,11.642,0.0,11.592,0.42,21.0,205809,CNY-6.25,CNY
RFUD,2025-04-16,CRM5,11.642,11.591,11.772,11.692,311079776876.0,90807951656.0,7759945.0,26603932,11.693,0.0,11.701,0.4,1.0,229084,CNY-6.25,CNY
RFUD,2025-04-17,CRM5,11.685,11.458,11.714,11.463,288623910336.0,95925068188.0,8288572.0,25158988,11.472,0.0,11.573,-1.96,3.0,281169,CNY-6.25,CNY
RFUD,2025-04-18,CRM5,11.462,11.317,11.635,11.411,270269763600.0,121905873678.0,10630068.0,23707874,11.4,0.0,11.468,-0.45,8.0,345955,CNY-6.25,CNY
RFUD,2025-04-21,CRM5,11.411,11.322,11.517,11.504,280498938000.0,53178134353.0,4651420.0,24391212,11.5,0.0,11.432,0.81,7.0,181741,CNY-6.25,CNY
RFUD,2025-04-22,CRM5,11.495,11.382,11.57,11.492,279421137156.0,90604910487.0,7904744.0,24324988,11.487,0.0,11.462,-0.1,1.0,239642,CNY-6.25,CNY
RFUD,2025-04-23,CRM5,11.493,11.43,11.77,11.738,290498813856.0,103363564945.0,8850701.0,24752796,11.736,0.0,11.679,2.14,10.0,239448,CNY-6.25,CNY
RFUD,2025-04-24,CRM5,11.738,11.645,11.814,11.685,288204228260.0,66071493051.0,5633948.0,24628630,11.702,0.0,11.727,-0.45,15.0,182797,CNY-6.25,CNY
RFUD,2025-04-25,CRM5,11.685,11.624,11.725,11.67,286719721758.0,83346201817.0,7148540.0,24575274,11.667,0.0,11.66,-0.13,1.0,182877,CNY-6.25,CNY
RFUD,2025-04-28,CRM5,11.667,11.503,11.696,11.524,293400841264.0,51313485640.0,4429798.0,25486522,11.512,0.0,11.586,-1.25,10.0,171441,CNY-6.25,CNY
RFUD,2025-04-29,CRM5,11.533,11.463,11.574,11.484,291208286160.0,49167555994.0,4268894.0,25357740,11.484,0.0,11.518,-0.35,3.0,153751,CNY-6.25,CNY
RFUD,2025-04-30,CRM5,11.483,11.399,11.573,11.425,292836153150.0,54723427969.0,4774964.0,25640150,11.421,0.0,11.461,-0.51,25.0,167061,CNY-6.25,CNY
RFUD,2025-05-02,CRM5,11.424,11.423,11.769,11.686,294665892178.0,48619313940.0,4172736.0,25221766,11.683,0.0,11.652,2.28,30.0,207023,CNY-6.25,CNY
RFUD,2025-05-05,CRM5,11.678,11.444,11.792,11.472,302234589408.0,69923655199.0,6038873.0,26345414,11.472,0.0,11.579,-1.83,5.0,266083,CNY-6.25,CNY
RFUD,2025-05-06,CRM5,11.474,11.419,11.548,11.497,298728864318.0,43852339361.0,3816581.0,25978682,11.499,0.0,11.49,0.22,9.0,173063,CNY-6.25,CNY
RFUD,2025-05-07,CRM5,11.499,11.36,11.504,11.456,308575195904.0,66459393355.0,5811857.0,26935684,11.456,0.0,11.435,-0.36,51.0,225942,CNY-6.25,CNY
RFUD,2025-05-08,CRM5,11.456,11.45,11.627,11.487,303915920486.0,45421746421.0,3937823.0,26452774,11.489,0.0,11.535,0.27,1.0,191702,CNY-6.25,CNY
RFUD,2025-05-12,CRM5,11.485,11.34,11.503,11.345,296311133504.0,56596727182.0,4965674.0,26120516,11.344,0.0,11.397,-1.24,10.0,189437,CNY-6.25,CNY
RFUD,2025-05-13,CRM5,11.35,11.323,11.413,11.328,290606428944.0,44947783123.0,3952150.0,25647024,11.331,0.0,11.373,-0.15,1.0,150635,CNY-6.25,CNY
RFUD,2025-05-14,CRM5,11.329,11.278,11.376,11.353,278783395946.0,58350584482.0,5153290.0,24581906,11.341,0.0,11.323,0.22,1.0,198952,CNY-6.25,CNY
RFUD,2025-05-15,CRM5,11.35,11.289,11.444,11.314,278375741056.0,38618973342.0,3405852.0,24608888,11.312,0.0,11.339,-0.34,3.0,156747,CNY-6.25,CNY
RFUD,2025-05-16,CRM5,11.315,11.31,11.411,11.383,291894645252.0,56634961657.0,4981492.0,25645286,11.382,0.0,11.369,0.61,3.0,173470,CNY-6.25,CNY
RFUD,2025-05-19,CRM5,11.384,11.25,11.396,11.263,285730416272.0,53467197332.0,4731806.0,25368944,11.263,0.0,11.3,-1.05,7.0,189270,CNY-6.25,CNY
RFUD,2025-05-20,CRM5,11.26,11.259,11.424,11.37,287320080312.0,54162646679.0,4770594.0,25283358,11.364,0.0,11.353,0.95,8.0,190587,CNY-6.25,CNY
RFUD,2025-05-21,CRM5,11.364,11.177,11.414,11.197,298345855320.0,90387406646.0,8036081.0,26661828,11.19,0.0,11.248,-1.52,4.0,266550,CNY-6.25,CNY
RFUD,2025-05-22,CRM5,11.195,11.107,11.264,11.235,283788232548.0,60461177653.0,5402220.0,25254804,11.237,0.0,11.192,0.34,21.0,192306,CNY-6.25,CNY
RFUD,2025-05-23,CRM5,11.234,11.157,11.29,11.173,281046424110.0,48147155986.0,4289617.0,25154070,11.173,0.0,11.224,-0.55,7.0,163140,CNY-6.25,CNY
RFUD,2025-05-26,CRM5,11.177,11.15,11.259,11.236,278894569800.0,36637417910.0,3266116.0,24817100,11.238,0.0,11.217,0.56,2.0,127834,CNY-6.25,CNY
RFUD,2025-05-27,CRM5,11.235,11.204,11.281,11.249,276491174352.0,40016393452.0,3558008.0,24590108,11.244,0.0,11.247,0.12,24.0,124058,CNY-6.25,CNY
RFUD,2025-05-28,CRM5,11.25,11.132,11.264,11.152,287172635460.0,80220331785.0,7178953.0,25766948,11.145,0.0,11.174,-0.86,11.0,163094,CNY-6.25,CNY
RFUD,2025-05-29,CRM5,11.148,10.964,11.178,10.989,311368086540.0,99034789142.0,8987532.0,28331946,10.99,0.0,11.019,-1.46,4.0,215215,CNY-6.25,CNY
RFUD,2025-05-30,CRM5,10.988,10.939,11.048,11.013,310808651444.0,64892712108.0,5901732.0,28211732,11.017,0.0,10.996,0.22,9.0,188581,CNY-6.25,CNY
RFUD,2025-06-02,CRM5,11.016,10.986,11.088,11.001,278487757464.0,90966219506.0,8234817.0,25307866,11.004,0.0,11.048,-0.11,1.0,200065,CNY-6.25,CNY
RFUD,2025-06-03,CRM5,11.0,10.953,11.046,11.003,277115465480.0,45578963994.0,4142494.0,25171720,11.009,0.0,11.003,0.02,1.0,123585,CNY-6.25,CNY
RFUD,2025-06-04,CRM5,11.002,10.924,11.176,11.112,279116397278.0,110117767456.0,9997750.0,25116206,11.113,0.0,11.014,0.99,10.0,241097,CNY-6.25,CNY
RFUD,2025-06-05,CRM5,11.11,11.046,11.154,11.067,265812523648.0,55270289005.0,4980429.0,24007634,11.072,0.0,11.098,-0.4,3.0,185644,CNY-6.25,CNY
RFUD,2025-06-06,CRM5,11.067,10.965,11.148,11.059,250781562234.0,83118654898.0,7514597.0,22660302,11.067,0.0,11.061,-0.07,50.0,227206,CNY-6.25,CNY
RFUD,2025-06-09,CRM5,11.057,10.997,11.094,11.014,236959606602.0,46009515025.0,4169254.0,21516354,11.013,0.0,11.035,-0.41,6.0,142149,CNY-6.25,CNY
RFUD,2025-06-10,CRM5,11.013,10.853,11.021,10.858,207873832782.0,90717520598.0,8295110.0,19146526,10.857,0.0,10.936,-1.42,1.0,200838,CNY-6.25,CNY
RFUD,2025-06-11,CRM5,10.854,10.813,11.073,11.017,191080804032.0,100136248377.0,9136208.0,17345752,11.016,0.0,10.963,1.46,280.0,258653,CNY-6.25,CNY
RFUD,2025-06-13,CRM5,11.018,10.885,11.052,10.922,180274082784.0,35885003395.0,3278651.0,16507104,10.921,0.0,10.945,-0.86,2.0,131908,CNY-6.25,CNY
RFUD,2025-06-16,CRM5,10.922,10.803,10.963,10.915,161884403550.0,76148868962.0,6980376.0,14831370,10.915,0.0,10.909,-0.06,20.0,227324,CNY-6.25,CNY
RFUD,2025-06-17,CRM5,10.915,10.862,10.958,10.902,138733347000.0,46689723946.0,4274993.0,12727830,10.9,0.0,10.922,-0.12,4.0,131882,CNY-6.25,CNY
RFUD,2025-06-18,CRM5,10.903,10.833,10.907,10.87,108558298680.0,56241245786.0,5174418.0,9986964,10.87,0.0,10.869,-0.29,1.0,159399,CNY-6.25,CNY
RFUD,2025-06-19,CRM5,10.869,10.831,10.873,10.846,0.0,31083849859.0,2864461.0,0,10.8471,0.0,10.852,-0.22,2.0,37032,CNY-6.25,CNY
RFUD,2024-03-07,CRU5,,,,,0.0,,,0,14.369,0.0,,,,0,CNY-9.25,CNY
RFUD,2024-03-11,CRU5,,,,,0.0,,,0,14.56,0.0,,,,0,CNY-9.25,CNY
RFUD,2024-03-12,CRU5,,,,,0.0,,,0,14.522,0.0,,,,0,CNY-9.25,CNY
RFUD,2024-03-13,CRU5,,,,,0.0,,,0,14.464,0.0,,,,0,CNY-9.25,CNY
RFUD,2024-03-14,CRU5,,,,,0.0,,,0,14.454,0.0,,,,0,CNY-9.25,CNY
RFUD,2024-03-15,CRU5,,,,,0.0,,,0,14.58,0.0,,,,0,CNY-9.25,CNY
RFUD,2024-03-18,CRU5,,,,,0.0,,,0,14.492,0.0,,,,0,CNY-9.25,CNY
RFUD,2024-03-19,CRU5,,,,,0.0,,,0,14.549,0.0,,,,0,CNY-9.25,CNY
RFUD,2024-03-20,CRU5,,,,,0.0,,,0,14.635,0.0,,,,0,CNY-9.25,CNY
RFUD,2024-03-21,CRU5,14.7,14.61,14.799,14.61,145610.0,117672.0,8.0,10,14.561,0.0,14.709,,1.0,6,CNY-9.25,CNY
RFUD,2024-03-22,CRU5,14.959,14.081,14.959,14.599,291980.0,144215.0,10.0,20,14.599,0.0,14.422,-0.07,1.0,8,CNY-9.25,CNY
RFUD,2024-03-25,CRU5,14.501,14.501,14.72,14.587,1662918.0,805701.0,55.0,114,14.587,0.0,14.649,-0.08,1.0,14,CNY-9.25,CNY
RFUD,2024-03-26,CRU5,,,,,1672722.0,,,114,14.673,0.0,,,,0,CNY-9.25,CNY
RFUD,2024-03-27,CRU5,14.775,14.577,14.775,14.577,1720086.0,58509.0,4.0,118,14.577,0.0,14.627,,1.0,4,CNY-9.25,CNY
RFUD,2024-03-28,CRU5,14.624,14.624,14.624,14.624,1784128.0,29248.0,2.0,122,14.624,0.0,14.624,0.32,1.0,2,CNY-9.25,CNY
RFUD,2024-03-29,CRU5,,,,,1781322.0,,,122,14.601,0.0,,,,0,CNY-9.25,CNY
RFUD,2024-04-01,CRU5,,,,,1787422.0,,,122,14.651,0.0,,,,0,CNY-9.25,CNY
RFUD,2024-04-02,CRU5,,,,,1786324.0,,,122,14.642,0.0,,,,0,CNY-9.25,CNY
RFUD,2024-04-03,CRU5,,,,,1786202.0,,,122,14.641,0.0,,,,0,CNY-9.25,CNY
RFUD,2024-04-04,CRU5,,,,,1779492.0,,,122,14.586,0.0,,,,0,CNY-9.25,CNY
RFUD,2024-04-05,CRU5,14.736,14.736,14.736,14.736,1794620.0,14736.0,1.0,122,14.71,0.0,14.736,,1.0,1,CNY-9.25,CNY
RFUD,2024-04-08,CRU5,,,,,1792302.0,,,122,14.691,0.0,,,,0,CNY-9.25,CNY
RFUD,2024-04-09,CRU5,,,,,1795474.0,,,122,14.717,0.0,,,,0,CNY-9.25,CNY
RFUD,2024-04-10,CRU5,14.88,14.88,14.88,14.88,1844996.0,14880.0,1.0,124,14.879,0.0,14.88,,1.0,1,CNY-9.25,CNY
RFUD,2024-04-11,CRU5,14.805,14.805,14.82,14.82,2516000.0,355650.0,24.0,170,14.8,0.0,14.819,-0.4,20.0,5,CNY-9.25,CNY
RFUD,2024-04-12,CRU5,14.701,14.7,14.701,14.7,2352000.0,176401.0,12.0,160,14.7,0.0,14.7,-0.81,1.0,9,CNY-9.25,CNY
RFUD,2024-04-15,CRU5,14.7,14.7,14.721,14.71,2353600.0,73531.0,5.0,160,14.71,0.0,14.706,0.07,1.0,4,CNY-9.25,CNY
RFUD,2024-04-16,CRU5,,,,,2362720.0,,,160,14.767,0.0,,,,0,CNY-9.25,CNY
RFUD,2024-04-17,CRU5,14.737,14.737,14.737,14.737,2328446.0,14737.0,1.0,158,14.737,0.0,14.737,,1.0,1,CNY-9.25,CNY
RFUD,2024-04-18,CRU5,14.739,14.727,14.739,14.728,2356480.0,73650.0,5.0,160,14.728,0.0,14.73,-0.06,1.0,5,CNY-9.25,CNY
RFUD,2024-04-19,CRU5,14.728,14.728,14.728,14.728,2438540.0,44184.0,3.0,166,14.69,0.0,14.728,0.0,3.0,1,CNY-9.25,CNY
RFUD,2024-04-22,CRU5,,,,,2425260.0,,,166,14.61,0.0,,,,0,CNY-9.25,CNY
RFUD,2024-04-23,CRU5,14.565,14.56,14.565,14.56,2300480.0,72805.0,5.0,158,14.56,0.0,14.561,,4.0,2,CNY-9.25,CNY
RFUD,2024-04-24,CRU5,14.533,14.457,14.56,14.457,2746830.0,247266.0,17.0,190,14.457,0.0,14.545,-0.71,1.0,5,CNY-9.25,CNY
RFUD,2024-04-25,CRU5,14.42,14.156,14.42,14.365,2614612.0,286213.0,20.0,182,14.366,0.0,14.311,-0.64,1.0,14,CNY-9.25,CNY
RFUD,2024-04-26,CRU5,,,,,2617706.0,,,182,14.383,0.0,,,,0,CNY-9.25,CNY
RFUD,2024-04-27,CRU5,,,,,2637180.0,,,182,14.49,0.0,,,,0,CNY-9.25,CNY
RFUD,2024-04-29,CRU5,14.403,14.402,14.403,14.402,2592360.0,43207.0,3.0,180,14.402,0.0,14.402,,1.0,3,CNY-9.25,CNY
RFUD,2024-04-30,CRU5,,,,,2601900.0,,,180,14.455,0.0,,,,0,CNY-9.25,CNY
RFUD,2024-05-02,CRU5,14.4,14.4,14.454,14.454,2659536.0,57762.0,4.0,184,14.454,0.0,14.441,,1.0,4,CNY-9.25,CNY
RFUD,2024-05-03,CRU5,14.465,14.465,14.465,14.465,2632630.0,14465.0,1.0,182,14.465,0.0,14.465,0.08,1.0,1,CNY-9.25,CNY
RFUD,2024-05-06,CRU5,14.4,14.4,14.459,14.459,2688072.0,43259.0,3.0,186,14.452,0.0,14.42,-0.04,1.0,2,CNY-9.25,CNY
RFUD,2024-05-07,CRU5,,,,,2680446.0,,,186,14.411,0.0,,,,0,CNY-9.25,CNY
RFUD,2024-05-08,CRU5,,,,,2682306.0,,,186,14.421,0.0,,,,0,CNY-9.25,CNY
RFUD,2024-05-10,CRU5,14.435,14.399,14.435,14.399,2735810.0,43233.0,3.0,190,14.399,0.0,14.411,,2.0,2,CNY-9.25,CNY
RFUD,2024-05-13,CRU5,14.481,14.355,14.502,14.355,2641320.0,101176.0,7.0,184,14.355,0.0,14.454,-0.31,1.0,6,CNY-9.25,CNY
RFUD,2024-05-14,CRU5,14.355,14.355,14.355,14.355,2641320.0,14355.0,1.0,184,14.355,0.0,14.355,0.0,1.0,1,CNY-9.25,CNY
RFUD,2024-05-15,CRU5,14.335,14.335,14.335,14.335,2694980.0,28670.0,2.0,188,14.335,0.0,14.335,-0.14,1.0,2,CNY-9.25,CNY
RFUD,2024-05-16,CRU5,14.306,14.305,14.306,14.305,2746560.0,28611.0,2.0,192,14.305,0.0,14.306,-0.21,1.0,2,CNY-9.25,CNY
RFUD,2024-05-17,CRU5,14.3,14.3,14.3,14.3,2774200.0,14300.0,1.0,194,14.3,0.0,14.3,-0.03,1.0,1,CNY-9.25,CNY
RFUD,2024-05-20,CRU5,14.387,14.3,14.4,14.3,3088800.0,186880.0,13.0,216,14.3,0.0,14.375,0.0,1.0,7,CNY-9.25,CNY
RFUD,2024-05-21,CRU5,14.358,14.284,14.653,14.284,3428160.0,389994.0,27.0,240,14.284,0.0,14.444,-0.11,2.0,23,CNY-9.25,CNY
RFUD,2024-05-22,CRU5,14.113,14.091,14.228,14.228,3414720.0,183979.0,13.0,240,14.228,0.0,14.152,-0.39,2.0,8,CNY-9.25,CNY
RFUD,2024-05-23,CRU5,,,,,3427680.0,,,240,14.282,0.0,,,,0,CNY-9.25,CNY
RFUD,2024-05-24,CRU5,14.2,14.2,14.2,14.2,3464800.0,28400.0,2.0,244,14.2,0.0,14.2,,1.0,2,CNY-9.25,CNY
RFUD,2024-05-27,CRU5,14.085,14.075,14.085,14.075,3518750.0,70394.0,5.0,250,14.075,0.0,14.079,-0.88,2.0,4,CNY-9.25,CNY
RFUD,2024-05-28,CRU5,,,,,3518750.0,,,250,14.075,0.0,,,,0,CNY-9.25,CNY
RFUD,2024-05-29,CRU5,14.119,14.119,14.15,14.15,3480900.0,28269.0,2.0,246,14.15,0.0,14.135,,1.0,2,CNY-9.25,CNY
RFUD,2024-05-30,CRU5,,,,,3503286.0,,,246,14.241,0.0,,,,0,CNY-9.25,CNY
RFUD,2024-05-31,CRU5,14.263,14.263,14.263,14.263,3537224.0,14263.0,1.0,248,14.263,0.0,14.263,,1.0,1,CNY-9.25,CNY
RFUD,2024-06-03,CRU5,14.17,14.17,14.17,14.17,3542500.0,14170.0,1.0,250,14.17,0.0,14.17,-0.65,1.0,1,CNY-9.25,CNY
RFUD,2024-06-04,CRU5,14.115,14.115,14.123,14.123,3558996.0,42357.0,3.0,252,14.123,0.0,14.119,-0.33,1.0,3,CNY-9.25,CNY
RFUD,2024-06-05,CRU5,14.1,14.1,14.1,14.1,3581400.0,14100.0,1.0,254,14.1,0.0,14.1,-0.16,1.0,1,CNY-9.25,CNY
RFUD,2024-06-06,CRU5,14.071,14.071,14.175,14.175,3503744.0,70757.0,5.0,248,14.128,0.0,14.151,0.53,1.0,5,CNY-9.25,CNY
RFUD,2024-06-07,CRU5,14.05,14.05,14.12,14.12,3530000.0,28170.0,2.0,250,14.12,0.0,14.085,-0.39,1.0,2,CNY-9.25,CNY
RFUD,2024-06-10,CRU5,,,,,3507750.0,,,250,14.031,0.0,,,,0,CNY-9.25,CNY
RFUD,2024-06-11,CRU5,14.0,14.0,14.08,14.08,3520000.0,42089.0,3.0,250,14.08,0.0,14.03,,1.0,3,CNY-9.25,CNY
RFUD,2024-06-13,CRU5,13.75,13.7,14.04,14.04,3510000.0,111104.0,8.0,250,14.04,0.0,13.888,-0.28,1.0,8,CNY-9.25,CNY
RFUD,2024-06-14,CRU5,,,,,3489000.0,,,250,13.956,0.0,,,,0,CNY-9.25,CNY
RFUD,2024-06-17,CRU5,13.901,13.602,14.719,13.818,3350120.0,1280998.0,91.0,244,13.73,0.0,14.077,,1.0,44,CNY-9.25,CNY
RFUD,2024-06-18,CRU5,13.727,13.331,13.833,13.331,3412736.0,434745.0,32.0,256,13.331,0.0,13.586,-3.52,1.0,20,CNY-9.25,CNY
RFUD,2024-06-19,CRU5,13.27,12.686,13.279,12.856,3445408.0,440133.0,34.0,268,12.856,0.0,12.945,-3.56,2.0,21,CNY-9.25,CNY
RFUD,2024-06-20,CRU5,12.946,12.77,13.35,13.22,3669696.0,262658.0,20.0,276,13.296,0.0,13.133,2.83,2.0,16,CNY-9.25,CNY
RFUD,2024-06-21,CRU5,13.327,13.18,13.72,13.18,3875214.0,348395.0,26.0,294,13.181,0.0,13.4,-0.3,2.0,15,CNY-9.25,CNY
RFUD,2024-06-24,CRU5,13.15,13.04,13.15,13.04,3912000.0,143802.0,11.0,300,13.04,0.0,13.073,-1.06,2.0,6,CNY-9.25,CNY
RFUD,2024-06-25,CRU5,13.0,12.805,13.0,12.805,3957800.0,295801.0,23.0,308,12.85,0.0,12.861,-1.8,3.0,12,CNY-9.25,CNY
RFUD,2024-06-26,CRU5,12.757,12.49,12.9,12.829,4567124.0,525196.0,41.0,356,12.829,0.0,12.81,0.19,2.0,19,CNY-9.25,CNY
RFUD,2024-06-27,CRU5,12.771,12.593,13.026,12.812,4740440.0,153239.0,12.0,370,12.812,0.0,12.77,-0.13,3.0,7,CNY-9.25,CNY
RFUD,2024-06-28,CRU5,12.772,12.555,12.823,12.808,4867040.0,203223.0,16.0,380,12.808,0.0,12.701,-0.03,1.0,12,CNY-9.25,CNY
RFUD,2024-07-01,CRU5,12.899,12.899,12.987,12.987,4805190.0,64760.0,5.0,370,12.987,0.0,12.952,1.4,2.0,4,CNY-9.25,CNY
RFUD,2024-07-02,CRU5,13.085,13.052,13.353,13.065,4860180.0,263752.0,20.0,372,13.065,0.0,13.188,0.6,1.0,16,CNY-9.25,CNY
RFUD,2024-07-03,CRU5,13.15,13.15,13.2,13.2,5200012.0,144804.0,11.0,394,13.198,0.0,13.164,1.03,2.0,5,CNY-9.25,CNY
RFUD,2024-07-04,CRU5,13.194,13.194,13.194,13.194,5251212.0,237492.0,18.0,398,13.194,0.0,13.194,-0.04,16.0,2,CNY-9.25,CNY
RFUD,2024-07-05,CRU5,13.303,13.062,13.375,13.065,5278260.0,197957.0,15.0,404,13.065,0.0,13.197,-0.98,1.0,10,CNY-9.25,CNY
RFUD,2024-07-08,CRU5,13.05,13.031,13.208,13.039,5867550.0,810719.0,62.0,450,13.039,0.0,13.076,-0.2,3.0,19,CNY-9.25,CNY
RFUD,2024-07-09,CRU5,13.015,12.989,13.015,13.015,6091020.0,247083.0,19.0,468,13.015,0.0,13.004,-0.18,2.0,7,CNY-9.25,CNY
RFUD,2024-07-10,CRU5,13.038,13.035,13.099,13.099,6104134.0,65266.0,5.0,466,13.099,0.0,13.053,0.65,1.0,4,CNY-9.25,CNY
RFUD,2024-07-11,CRU5,13.199,13.199,13.199,13.199,6176664.0,13199.0,1.0,468,13.198,0.0,13.199,0.76,1.0,1,CNY-9.25,CNY
RFUD,2024-07-12,CRU5,13.1,13.1,13.1,13.1,6157000.0,13100.0,1.0,470,13.1,0.0,13.1,-0.75,1.0,1,CNY-9.25,CNY
RFUD,2024-07-15,CRU5,13.15,13.106,13.15,13.117,6243692.0,91930.0,7.0,476,13.117,0.0,13.133,0.13,1.0,5,CNY-9.25,CNY
RFUD,2024-07-16,CRU5,13.384,13.042,13.384,13.135,6199720.0,78821.0,6.0,472,13.135,0.0,13.137,0.14,1.0,4,CNY-9.25,CNY
RFUD,2024-07-17,CRU5,13.051,13.051,13.051,13.051,6135380.0,13051.0,1.0,470,13.054,0.0,13.051,-0.64,1.0,1,CNY-9.25,CNY
RFUD,2024-07-18,CRU5,13.1,13.1,13.1,13.1,6157000.0,13100.0,1.0,470,13.1,0.0,13.1,0.38,1.0,1,CNY-9.25,CNY
RFUD,2024-07-19,CRU5,13.051,12.948,13.051,12.948,5967580.0,142872.0,11.0,460,12.973,0.0,12.988,-1.16,2.0,5,CNY-9.25,CNY
RFUD,2024-07-22,CRU5,12.995,12.995,12.995,12.995,5899730.0,38985.0,3.0,454,12.995,0.0,12.995,0.36,1.0,3,CNY-9.25,CNY
RFUD,2024-07-23,CRU5,12.955,12.955,13.004,12.985,5843250.0,90852.0,7.0,450,12.985,0.0,12.979,-0.08,1.0,6,CNY-9.25,CNY
RFUD,2024-07-24,CRU5,12.853,12.853,12.93,12.861,5787450.0,154714.0,12.0,450,12.861,0.0,12.893,-0.95,2.0,6,CNY-9.25,CNY
RFUD,2024-07-25,CRU5,,,,,5781150.0,,,450,12.847,0.0,,,,0,CNY-9.25,CNY
RFUD,2024-07-26,CRU5,12.688,12.688,12.855,12.855,5784750.0,76963.0,6.0,450,12.855,0.0,12.827,,5.0,2,CNY-9.25,CNY
RFUD,2024-07-29,CRU5,13.123,12.895,13.123,12.895,5725380.0,90548.0,7.0,444,12.895,0.0,12.935,0.31,1.0,5,CNY-9.25,CNY
RFUD,2024-07-30,CRU5,12.851,12.835,12.865,12.835,5519480.0,154104.0,12.0,430,12.836,0.0,12.842,-0.46,7.0,5,CNY-9.25,CNY
RFUD,2024-07-31,CRU5,12.853,12.801,12.853,12.801,6042072.0,668252.0,52.0,472,12.801,0.0,12.851,-0.27,1.0,8,CNY-9.25,CNY
RFUD,2024-08-01,CRU5,12.768,12.666,12.768,12.666,8638212.0,1992474.0,157.0,682,12.666,0.0,12.691,-1.05,10.0,19,CNY-9.25,CNY
RFUD,2024-08-02,CRU5,12.7,12.7,12.857,12.714,11226108.0,1576105.0,124.0,878,12.786,0.0,12.711,0.38,1.0,28,CNY-9.25,CNY
RFUD,2024-08-05,CRU5,12.761,12.761,12.761,12.761,12454736.0,638050.0,50.0,976,12.761,0.0,12.761,0.37,33.0,6,CNY-9.25,CNY
RFUD,2024-08-06,CRU5,,,,,12480112.0,,,976,12.787,0.0,,,,0,CNY-9.25,CNY
RFUD,2024-08-07,CRU5,12.786,12.707,12.877,12.707,12412768.0,255876.0,20.0,976,12.718,0.0,12.794,,6.0,8,CNY-9.25,CNY
RFUD,2024-08-08,CRU5,12.782,12.72,12.782,12.72,12349070.0,89196.0,7.0,970,12.731,0.0,12.742,0.1,3.0,3,CNY-9.25,CNY
RFUD,2024-08-09,CRU5,12.731,12.73,12.766,12.766,12280892.0,63687.0,5.0,962,12.766,0.0,12.737,0.36,1.0,3,CNY-9.25,CNY
RFUD,2024-08-12,CRU5,12.775,12.775,12.846,12.846,12306468.0,153579.0,12.0,958,12.846,0.0,12.798,0.63,1.0,7,CNY-9.25,CNY
RFUD,2024-08-13,CRU5,12.846,12.846,13.0,12.945,14601960.0,1380507.0,107.0,1128,12.945,0.0,12.902,0.77,39.0,23,CNY-9.25,CNY
RFUD,2024-08-14,CRU5,12.894,12.894,12.894,12.894,14544432.0,25788.0,2.0,1128,12.894,0.0,12.894,-0.39,2.0,1,CNY-9.25,CNY
RFUD,2024-08-15,CRU5,12.787,12.74,12.844,12.841,16718982.0,1447797.0,113.0,1302,12.841,0.0,12.812,-0.41,48.0,13,CNY-9.25,CNY
RFUD,2024-08-16,CRU5,12.868,12.868,12.872,12.872,18046544.0,656468.0,51.0,1402,12.872,0.0,12.872,0.24,48.0,3,CNY-9.25,CNY
RFUD,2024-08-19,CRU5,12.828,12.826,13.0,12.944,19752544.0,994950.0,77.0,1526,12.944,0.0,12.921,0.56,5.0,19,CNY-9.25,CNY
RFUD,2024-08-20,CRU5,12.896,12.896,13.133,13.133,20040958.0,156454.0,12.0,1526,13.133,0.0,13.038,1.46,2.0,8,CNY-9.25,CNY
RFUD,2024-08-21,CRU5,13.079,12.908,13.079,12.908,20988408.0,697578.0,54.0,1626,12.908,0.0,12.918,-1.71,48.0,4,CNY-9.25,CNY
RFUD,2024-08-22,CRU5,12.892,12.851,12.892,12.851,20715812.0,102889.0,8.0,1612,12.851,0.0,12.861,-0.44,2.0,5,CNY-9.25,CNY
RFUD,2024-08-23,CRU5,12.801,12.63,12.852,12.813,19450134.0,1135379.0,89.0,1518,12.813,0.0,12.757,-0.3,13.0,23,CNY-9.25,CNY
RFUD,2024-08-26,CRU5,12.761,12.246,12.811,12.587,20567158.0,2825250.0,224.0,1634,12.587,0.0,12.613,-1.76,2.0,48,CNY-9.25,CNY
RFUD,2024-08-27,CRU5,12.596,12.596,12.678,12.678,20728924.0,50548.0,4.0,1634,12.686,0.0,12.637,0.72,2.0,2,CNY-9.25,CNY
RFUD,2024-08-28,CRU5,,,,,20817160.0,,,1634,12.74,0.0,,,,0,CNY-9.25,CNY
RFUD,2024-08-29,CRU5,12.738,12.738,12.994,12.884,21078224.0,296240.0,23.0,1636,12.884,0.0,12.88,,1.0,9,CNY-9.25,CNY
RFUD,2024-08-30,CRU5,12.909,12.882,12.909,12.882,21078224.0,25791.0,2.0,1636,12.884,0.0,12.896,-0.02,1.0,2,CNY-9.25,CNY
RFUD,2024-09-02,CRU5,12.894,12.85,12.894,12.85,21099700.0,90128.0,7.0,1642,12.85,0.0,12.875,-0.25,1.0,4,CNY-9.25,CNY
RFUD,2024-09-03,CRU5,,,,,20858326.0,,,1642,12.703,0.0,,,,0,CNY-9.25,CNY
RFUD,2024-09-04,CRU5,12.751,12.727,13.008,13.008,21385152.0,452879.0,35.0,1644,13.008,0.0,12.939,,1.0,15,CNY-9.25,CNY
RFUD,2024-09-05,CRU5,12.972,12.898,13.018,13.002,21375288.0,90584.0,7.0,1644,13.002,0.0,12.941,-0.05,1.0,7,CNY-9.25,CNY
RFUD,2024-09-06,CRU5,13.014,12.513,13.589,13.038,21512700.0,4498182.0,344.0,1650,13.038,0.0,13.076,0.28,2.0,72,CNY-9.25,CNY
RFUD,2024-09-09,CRU5,13.038,13.007,13.112,13.112,21713472.0,939369.0,72.0,1656,13.112,0.0,13.047,0.57,2.0,15,CNY-9.25,CNY
RFUD,2024-09-10,CRU5,13.169,13.169,13.23,13.23,21745360.0,52798.0,4.0,1648,13.195,0.0,13.2,0.9,2.0,2,CNY-9.25,CNY
RFUD,2024-09-11,CRU5,13.211,13.2,13.307,13.2,21753600.0,198825.0,15.0,1648,13.2,0.0,13.255,-0.23,2.0,9,CNY-9.25,CNY
RFUD,2024-09-12,CRU5,13.174,13.169,13.174,13.169,21671200.0,79032.0,6.0,1648,13.15,0.0,13.172,-0.24,2.0,3,CNY-9.25,CNY
RFUD,2024-09-13,CRU5,13.143,13.143,13.189,13.189,21704160.0,26332.0,2.0,1648,13.17,0.0,13.166,0.15,1.0,2,CNY-9.25,CNY
RFUD,2024-09-16,CRU5,13.215,13.195,13.41,13.41,22508640.0,837797.0,63.0,1680,13.398,0.0,13.298,1.68,15.0,17,CNY-9.25,CNY
RFUD,2024-09-17,CRU5,13.596,13.095,13.596,13.175,24136600.0,2004688.0,151.0,1832,13.175,0.0,13.276,-1.75,2.0,64,CNY-9.25,CNY
RFUD,2024-09-18,CRU5,13.062,12.96,13.165,13.165,24719964.0,1217550.0,93.0,1884,13.121,0.0,13.092,-0.08,1.0,27,CNY-9.25,CNY
RFUD,2024-09-19,CRU5,13.09,13.056,13.262,13.215,25093300.0,933181.0,71.0,1900,13.207,0.0,13.143,0.38,1.0,43,CNY-9.25,CNY
RFUD,2024-09-20,CRU5,13.198,13.173,13.375,13.314,25056948.0,358299.0,27.0,1882,13.314,0.0,13.27,0.75,1.0,19,CNY-9.25,CNY
RFUD,2024-09-23,CRU5,13.325,13.224,13.56,13.371,25083996.0,668191.0,50.0,1876,13.371,0.0,13.364,0.43,1.0,24,CNY-9.25,CNY
RFUD,2024-09-24,CRU5,13.399,13.236,13.52,13.264,24777152.0,388656.0,29.0,1868,13.264,0.0,13.402,-0.8,1.0,22,CNY-9.25,CNY
RFUD,2024-09-25,CRU5,13.281,13.271,13.333,13.331,25515534.0,677575.0,51.0,1914,13.331,0.0,13.286,0.51,1.0,17,CNY-9.25,CNY
RFUD,2024-09-26,CRU5,13.384,13.374,13.489,13.479,25877760.0,228503.0,17.0,1920,13.478,0.0,13.441,1.11,1.0,14,CNY-9.25,CNY
RFUD,2024-09-27,CRU5,13.478,13.461,13.594,13.521,27285378.0,987630.0,73.0,2018,13.521,0.0,13.529,0.31,2.0,20,CNY-9.25,CNY
RFUD,2024-09-30,CRU5,13.5,13.5,13.6,13.587,27418566.0,162593.0,12.0,2018,13.587,0.0,13.549,0.49,1.0,10,CNY-9.25,CNY
RFUD,2024-10-01,CRU5,13.599,13.534,13.6,13.6,27526400.0,271820.0,20.0,2024,13.6,0.0,13.591,0.1,10.0,11,CNY-9.25,CNY
RFUD,2024-10-02,CRU5,13.678,13.678,13.798,13.712,27712380.0,192323.0,14.0,2020,13.719,0.0,13.737,0.82,1.0,13,CNY-9.25,CNY
RFUD,2024-10-03,CRU5,13.828,13.605,13.86,13.67,27565618.0,357401.0,26.0,2014,13.687,0.0,13.746,-0.31,1.0,20,CNY-9.25,CNY
RFUD,2024-10-04,CRU5,13.687,13.687,13.799,13.799,27800640.0,287950.0,21.0,2016,13.79,0.0,13.712,0.94,1.0,13,CNY-9.25,CNY
RFUD,2024-10-07,CRU5,13.761,13.761,13.926,13.86,27803160.0,208116.0,15.0,2006,13.86,0.0,13.874,0.44,1.0,12,CNY-9.25,CNY
RFUD,2024-10-08,CRU5,13.809,13.806,13.895,13.895,27901160.0,666595.0,48.0,2008,13.895,0.0,13.887,0.25,5.0,10,CNY-9.25,CNY
RFUD,2024-10-09,CRU5,13.904,13.86,13.943,13.919,28032866.0,444848.0,32.0,2014,13.919,0.0,13.902,0.17,1.0,14,CNY-9.25,CNY
RFUD,2024-10-10,CRU5,13.831,13.776,13.868,13.776,27607104.0,221323.0,16.0,2004,13.776,0.0,13.833,-1.03,1.0,14,CNY-9.25,CNY
RFUD,2024-10-11,CRU5,13.771,13.77,13.773,13.77,27898020.0,440653.0,32.0,2026,13.77,0.0,13.77,-0.04,6.0,10,CNY-9.25,CNY
RFUD,2024-10-14,CRU5,13.877,13.5,13.88,13.791,28023312.0,1413525.0,103.0,2032,13.791,0.0,13.724,0.15,2.0,43,CNY-9.25,CNY
RFUD,2024-10-15,CRU5,13.828,13.649,13.924,13.924,28210024.0,1023160.0,74.0,2026,13.924,0.0,13.826,0.96,3.0,24,CNY-9.25,CNY
RFUD,2024-10-16,CRU5,13.921,13.84,14.003,13.983,29390776.0,1651000.0,118.0,2104,13.969,0.0,13.992,0.42,1.0,31,CNY-9.25,CNY
RFUD,2024-10-17,CRU5,13.982,13.903,14.099,13.952,30108416.0,1459197.0,104.0,2158,13.952,0.0,14.031,-0.22,1.0,26,CNY-9.25,CNY
RFUD,2024-10-18,CRU5,13.94,13.85,13.991,13.85,29777500.0,1055884.0,76.0,2150,13.85,0.0,13.893,-0.73,13.0,28,CNY-9.25,CNY
RFUD,2024-10-21,CRU5,13.823,13.802,13.95,13.935,30406170.0,1442825.0,104.0,2182,13.935,0.0,13.873,0.61,1.0,26,CNY-9.25,CNY
RFUD,2024-10-22,CRU5,13.996,13.944,13.996,13.944,30490328.0,55881.0,4.0,2186,13.948,0.0,13.97,0.07,1.0,3,CNY-9.25,CNY
RFUD,2024-10-23,CRU5,13.996,13.907,13.996,13.931,29756616.0,514803.0,37.0,2136,13.931,0.0,13.914,-0.09,1.0,8,CNY-9.25,CNY
RFUD,2024-10-24,CRU5,13.898,13.898,13.991,13.935,29765160.0,69685.0,5.0,2136,13.935,0.0,13.937,0.03,1.0,5,CNY-9.25,CNY
RFUD,2024-10-25,CRU5,13.969,13.969,13.969,13.969,29837784.0,13969.0,1.0,2136,13.969,0.0,13.969,0.24,1.0,1,CNY-9.25,CNY
RFUD,2024-10-28,CRU5,13.989,13.989,14.123,14.01,29084760.0,1079013.0,77.0,2076,14.01,0.0,14.013,0.29,25.0,21,CNY-9.25,CNY
RFUD,2024-10-29,CRU5,14.006,14.006,14.011,14.01,29037012.0,70047.0,5.0,2076,13.987,0.0,14.009,0.0,3.0,3,CNY-9.25,CNY
RFUD,2024-10-30,CRU5,13.974,13.973,13.974,13.973,29039088.0,55893.0,4.0,2076,13.988,0.0,13.973,-0.26,3.0,2,CNY-9.25,CNY
RFUD,2024-10-31,CRU5,13.994,13.991,13.994,13.991,28933388.0,83949.0,6.0,2068,13.991,0.0,13.992,0.13,1.0,4,CNY-9.25,CNY
RFUD,2024-11-01,CRU5,14.0,13.958,14.02,14.02,29077480.0,167966.0,12.0,2074,14.02,0.0,13.997,0.21,1.0,9,CNY-9.25,CNY
RFUD,2024-11-02,CRU5,14.058,14.03,14.058,14.03,29070160.0,56167.0,4.0,2072,14.03,0.0,14.042,0.07,2.0,3,CNY-9.25,CNY
RFUD,2024-11-05,CRU5,14.122,14.116,14.131,14.117,29278658.0,127106.0,9.0,2074,14.117,0.0,14.123,0.62,1.0,9,CNY-9.25,CNY
RFUD,2024-11-06,CRU5,14.088,14.088,14.12,14.11,29433460.0,126934.0,9.0,2086,14.11,0.0,14.104,-0.05,1.0,6,CNY-9.25,CNY
RFUD,2024-11-07,CRU5,14.197,14.166,14.199,14.19,29675910.0,127741.0,9.0,2090,14.199,0.0,14.193,0.57,1.0,6,CNY-9.25,CNY
RFUD,2024-11-08,CRU5,14.214,14.214,14.301,14.297,29680572.0,256794.0,18.0,2076,14.297,0.0,14.266,0.75,1.0,13,CNY-9.25,CNY
RFUD,2024-11-11,CRU5,14.253,14.138,14.368,14.318,30554612.0,954701.0,67.0,2134,14.318,0.0,14.249,0.15,1.0,27,CNY-9.25,CNY
RFUD,2024-11-12,CRU5,14.265,14.257,14.29,14.269,30450046.0,356527.0,25.0,2134,14.269,0.0,14.261,-0.34,1.0,12,CNY-9.25,CNY
RFUD,2024-11-13,CRU5,14.295,14.295,14.398,14.397,30739176.0,71829.0,5.0,2136,14.391,0.0,14.366,0.9,1.0,5,CNY-9.25,CNY
RFUD,2024-11-14,CRU5,14.351,14.351,14.478,14.452,31071800.0,375426.0,26.0,2150,14.452,0.0,14.439,0.38,1.0,19,CNY-9.25,CNY
RFUD,2024-11-15,CRU5,14.492,14.45,14.505,14.47,31052620.0,376310.0,26.0,2146,14.47,0.0,14.473,0.12,3.0,20,CNY-9.25,CNY
RFUD,2024-11-18,CRU5,14.501,14.458,14.515,14.458,31316028.0,434756.0,30.0,2166,14.458,0.0,14.492,-0.08,3.0,16,CNY-9.25,CNY
RFUD,2024-11-19,CRU5,14.531,14.487,14.572,14.572,31825248.0,465115.0,32.0,2184,14.572,0.0,14.535,0.79,1.0,21,CNY-9.25,CNY
RFUD,2024-11-20,CRU5,14.634,14.6,14.666,14.602,31832360.0,219515.0,15.0,2180,14.602,0.0,14.634,0.21,2.0,12,CNY-9.25,CNY
RFUD,2024-11-21,CRU5,14.643,14.643,14.644,14.644,32070360.0,102503.0,7.0,2190,14.644,0.0,14.643,0.29,2.0,2,CNY-9.25,CNY
RFUD,2024-11-22,CRU5,14.604,14.553,14.74,14.709,32882246.0,909058.0,62.0,2234,14.719,0.0,14.662,0.44,1.0,22,CNY-9.25,CNY
RFUD,2024-11-25,CRU5,14.848,14.848,15.12,15.064,33231184.0,570277.0,38.0,2206,15.064,0.0,15.007,2.41,1.0,23,CNY-9.25,CNY
RFUD,2024-11-26,CRU5,15.165,15.111,15.596,15.453,37241730.0,4932402.0,321.0,2410,15.453,0.0,15.366,2.58,1.0,66,CNY-9.25,CNY
RFUD,2024-11-27,CRU5,15.537,15.275,15.863,15.483,37871418.0,4073067.0,260.0,2446,15.483,0.0,15.666,0.19,1.0,104,CNY-9.25,CNY
RFUD,2024-11-28,CRU5,15.484,15.3,15.601,15.601,37848026.0,694816.0,45.0,2426,15.601,0.0,15.44,0.76,1.0,40,CNY-9.25,CNY
RFUD,2024-11-29,CRU5,15.529,15.339,15.615,15.35,36932100.0,2018277.0,131.0,2406,15.35,0.0,15.407,-1.61,10.0,39,CNY-9.25,CNY
RFUD,2024-12-02,CRU5,15.281,14.947,15.34,15.308,35912568.0,1549779.0,102.0,2346,15.308,0.0,15.194,-0.27,1.0,41,CNY-9.25,CNY
RFUD,2024-12-03,CRU5,15.256,15.096,15.256,15.173,35201360.0,1823719.0,120.0,2320,15.173,0.0,15.198,-0.88,1.0,16,CNY-9.25,CNY
RFUD,2024-12-04,CRU5,15.124,14.9,15.124,15.11,34873880.0,526219.0,35.0,2308,15.11,0.0,15.035,-0.41,2.0,22,CNY-9.25,CNY
RFUD,2024-12-05,CRU5,15.17,14.745,15.19,14.745,37747200.0,5349448.0,357.0,2560,14.745,0.0,14.984,-2.42,1.0,57,CNY-9.25,CNY
RFUD,2024-12-06,CRU5,14.716,14.45,14.8,14.509,37433220.0,2431195.0,166.0,2580,14.509,0.0,14.646,-1.6,1.0,68,CNY-9.25,CNY
RFUD,2024-12-09,CRU5,14.516,14.515,14.936,14.935,38472560.0,1004773.0,68.0,2576,14.935,0.0,14.776,2.94,1.0,53,CNY-9.25,CNY
RFUD,2024-12-10,CRU5,14.942,14.629,14.986,14.683,37987920.0,708479.0,48.0,2580,14.724,0.0,14.76,-1.69,1.0,44,CNY-9.25,CNY
RFUD,2024-12-11,CRU5,14.836,14.8,15.007,14.959,38324958.0,1714774.0,115.0,2562,14.959,0.0,14.911,1.88,1.0,25,CNY-9.25,CNY
RFUD,2024-12-12,CRU5,14.928,14.848,15.1,14.929,37762248.0,1749306.0,117.0,2532,14.914,0.0,14.951,-0.2,1.0,38,CNY-9.25,CNY
RFUD,2024-12-13,CRU5,15.007,14.901,15.015,14.906,38278608.0,4681165.0,313.0,2568,14.906,0.0,14.956,-0.15,3.0,29,CNY-9.25,CNY
RFUD,2024-12-16,CRU5,14.947,14.723,14.985,14.84,38941944.0,6327670.0,425.0,2622,14.852,0.0,14.889,-0.44,2.0,74,CNY-9.25,CNY
RFUD,2024-12-17,CRU5,14.856,14.856,15.0,14.978,52377072.0,8234613.0,551.0,3496,14.982,0.0,14.945,0.93,2.0,85,CNY-9.25,CNY
RFUD,2024-12-18,CRU5,15.049,14.943,15.102,15.091,52818500.0,2221793.0,148.0,3500,15.091,0.0,15.012,0.75,2.0,69,CNY-9.25,CNY
RFUD,2024-12-19,CRU5,15.055,14.842,15.175,15.019,75004886.0,21092884.0,1395.0,4994,15.019,0.0,15.12,-0.48,1.0,215,CNY-9.25,CNY
RFUD,2024-12-20,CRU5,15.067,14.927,15.227,15.084,75962880.0,824579.0,55.0,5040,15.072,0.0,14.992,0.43,1.0,35,CNY-9.25,CNY
RFUD,2024-12-23,CRU5,15.096,14.756,15.096,14.86,94288868.0,13377231.0,900.0,6346,14.858,0.0,14.864,-1.49,1.0,128,CNY-9.25,CNY
RFUD,2024-12-24,CRU5,14.832,14.724,14.877,14.776,93888586.0,2823501.0,191.0,6358,14.767,0.0,14.783,-0.56,1.0,85,CNY-9.25,CNY
RFUD,2024-12-25,CRU5,14.749,14.714,14.834,14.746,133716728.0,23805563.0,1613.0,9068,14.746,0.0,14.759,-0.2,1.0,164,CNY-9.25,CNY
RFUD,2024-12-26,CRU5,14.747,14.701,14.777,14.702,135758268.0,4672949.0,317.0,9234,14.702,0.0,14.741,-0.3,10.0,152,CNY-9.25,CNY
RFUD,2024-12-27,CRU5,14.702,14.555,14.759,14.666,135861120.0,6812139.0,465.0,9270,14.656,0.0,14.65,-0.24,1.0,143,CNY-9.25,CNY
RFUD,2024-12-28,CRU5,14.645,14.52,14.905,14.905,123383590.0,10544531.0,718.0,8278,14.905,0.0,14.686,1.63,1.0,244,CNY-9.25,CNY
RFUD,2024-12-30,CRU5,14.879,14.765,14.925,14.87,114885620.0,7813772.0,525.0,7726,14.87,0.0,14.883,-0.24,1.0,143,CNY-9.25,CNY
RFUD,2025-01-03,CRU5,14.878,14.799,14.968,14.904,113926176.0,7441845.0,500.0,7644,14.904,0.0,14.884,0.23,1.0,100,CNY-9.25,CNY
RFUD,2025-01-06,CRU5,14.908,14.694,14.924,14.756,110817560.0,5496226.0,372.0,7510,14.756,0.0,14.775,-0.99,4.0,215,CNY-9.25,CNY
RFUD,2025-01-08,CRU5,14.764,14.618,14.768,14.648,112994672.0,4458863.0,304.0,7714,14.648,0.0,14.667,-0.73,5.0,132,CNY-9.25,CNY
RFUD,2025-01-09,CRU5,14.674,14.674,14.943,14.844,115645864.0,7879240.0,531.0,7796,14.834,0.0,14.838,1.34,5.0,259,CNY-9.25,CNY
RFUD,2025-01-10,CRU5,14.808,14.805,14.946,14.912,116537996.0,1787763.0,120.0,7814,14.914,0.0,14.898,0.46,1.0,52,CNY-9.25,CNY
RFUD,2025-01-13,CRU5,14.965,14.937,15.07,15.053,117446740.0,1711060.0,114.0,7796,15.065,0.0,15.009,0.95,1.0,49,CNY-9.25,CNY
RFUD,2025-01-14,CRU5,15.08,15.08,15.221,15.182,117844020.0,5670216.0,373.0,7758,15.19,0.0,15.202,0.86,1.0,75,CNY-9.25,CNY
RFUD,2025-01-15,CRU5,15.2,15.169,15.229,15.207,118675428.0,943240.0,62.0,7804,15.207,0.0,15.214,0.17,1.0,36,CNY-9.25,CNY
RFUD,2025-01-16,CRU5,15.199,15.17,15.211,15.199,116576330.0,3415404.0,225.0,7670,15.199,0.0,15.18,-0.05,1.0,126,CNY-9.25,CNY
RFUD,2025-01-17,CRU5,15.171,15.101,15.181,15.109,118416504.0,2827211.0,187.0,7838,15.108,0.0,15.119,-0.59,10.0,62,CNY-9.25,CNY
RFUD,2025-01-20,CRU5,15.07,14.961,15.1,15.097,120413672.0,3369627.0,224.0,7976,15.097,0.0,15.043,-0.08,3.0,64,CNY-9.25,CNY
RFUD,2025-01-21,CRU5,15.061,14.772,15.078,14.905,115990710.0,9626586.0,645.0,7782,14.905,0.0,14.925,-1.27,11.0,112,CNY-9.25,CNY
RFUD,2025-01-22,CRU5,14.905,14.829,14.91,14.83,119385240.0,8278672.0,557.0,8034,14.86,0.0,14.863,-0.5,1.0,273,CNY-9.25,CNY
RFUD,2025-01-23,CRU5,14.828,14.82,15.035,14.905,121443150.0,11790254.0,791.0,8150,14.901,0.0,14.906,0.51,1.0,373,CNY-9.25,CNY
RFUD,2025-01-24,CRU5,14.931,14.8,14.979,14.81,116821280.0,6709308.0,451.0,7888,14.81,0.0,14.877,-0.64,1.0,113,CNY-9.25,CNY
RFUD,2025-01-27,CRU5,14.826,14.547,14.852,14.796,123694560.0,7421918.0,504.0,8360,14.796,0.0,14.726,-0.1,1.0,158,CNY-9.25,CNY
RFUD,2025-01-28,CRU5,14.772,14.707,14.906,14.711,121587200.0,5694054.0,385.0,8260,14.72,0.0,14.79,-0.57,1.0,117,CNY-9.25,CNY
RFUD,2025-01-29,CRU5,14.748,14.678,14.785,14.742,119822976.0,3153254.0,214.0,8128,14.742,0.0,14.735,0.21,30.0,83,CNY-9.25,CNY
RFUD,2025-01-30,CRU5,14.767,14.585,14.801,14.585,120951100.0,17136365.0,1169.0,8290,14.59,0.0,14.659,-1.06,2.0,175,CNY-9.25,CNY
RFUD,2025-01-31,CRU5,14.583,14.547,14.674,14.651,124680010.0,8638968.0,592.0,8510,14.651,0.0,14.593,0.45,1.0,199,CNY-9.25,CNY
RFUD,2025-02-03,CRU5,14.641,14.597,14.763,14.606,124793664.0,3197328.0,218.0,8544,14.606,0.0,14.667,-0.31,1.0,109,CNY-9.25,CNY
RFUD,2025-02-04,CRU5,14.588,14.58,14.692,14.615,131914990.0,4547147.0,311.0,9026,14.615,0.0,14.621,0.06,1.0,78,CNY-9.25,CNY
RFUD,2025-02-05,CRU5,14.644,14.312,14.727,14.313,149553152.0,23906263.0,1651.0,10432,14.336,0.0,14.48,-2.07,5.0,194,CNY-9.25,CNY
RFUD,2025-02-06,CRU5,14.331,14.19,14.59,14.528,149175246.0,31168415.0,2154.0,10266,14.531,0.0,14.47,1.5,1.0,397,CNY-9.25,CNY
RFUD,2025-02-07,CRU5,14.561,14.446,14.62,14.595,150714700.0,16314316.0,1122.0,10330,14.59,0.0,14.54,0.46,4.0,341,CNY-9.25,CNY
RFUD,2025-02-10,CRU5,14.577,14.359,14.599,14.445,151780104.0,4282972.0,296.0,10514,14.436,0.0,14.47,-1.03,1.0,137,CNY-9.25,CNY
RFUD,2025-02-11,CRU5,14.431,14.26,14.495,14.305,156239210.0,22732865.0,1584.0,10922,14.305,0.0,14.352,-0.97,4.0,396,CNY-9.25,CNY
RFUD,2025-02-12,CRU5,14.308,14.03,14.32,14.093,166889306.0,27109026.0,1915.0,11842,14.093,0.0,14.156,-1.48,1.0,379,CNY-9.25,CNY
RFUD,2025-02-13,CRU5,14.098,13.5,14.104,13.72,172954496.0,35944364.0,2604.0,12584,13.744,0.0,13.804,-2.65,9.0,591,CNY-9.25,CNY
RFUD,2025-02-14,CRU5,13.766,13.486,13.982,13.825,196480900.0,24230686.0,1758.0,14212,13.825,0.0,13.783,0.77,1.0,405,CNY-9.25,CNY
RFUD,2025-02-17,CRU5,13.903,13.651,13.948,13.671,200602200.0,14555924.0,1058.0,14680,13.665,0.0,13.758,-1.11,2.0,309,CNY-9.25,CNY
RFUD,2025-02-18,CRU5,13.69,13.606,13.853,13.782,220181232.0,20448816.0,1490.0,15976,13.782,0.0,13.724,0.81,16.0,360,CNY-9.25,CNY
RFUD,2025-02-19,CRU5,13.747,13.607,13.835,13.671,217724346.0,12397133.0,907.0,15926,13.671,0.0,13.668,-0.8,1.0,225,CNY-9.25,CNY
RFUD,2025-02-20,CRU5,13.636,13.3,13.674,13.356,233464800.0,23472442.0,1743.0,17488,13.35,0.0,13.467,-2.3,1.0,447,CNY-9.25,CNY
RFUD,2025-02-21,CRU5,13.333,13.172,13.523,13.3,237351800.0,20682786.0,1551.0,17846,13.3,0.0,13.335,-0.42,5.0,482,CNY-9.25,CNY
RFUD,2025-02-24,CRU5,13.31,13.27,13.476,13.291,244826262.0,10219943.0,766.0,18426,13.287,0.0,13.342,-0.07,1.0,192,CNY-9.25,CNY
RFUD,2025-02-25,CRU5,13.271,12.933,13.301,12.946,258091444.0,23951217.0,1830.0,19916,12.959,0.0,13.088,-2.6,2.0,419,CNY-9.25,CNY
RFUD,2025-02-26,CRU5,12.945,12.888,13.259,13.17,302198820.0,51055338.0,3913.0,22946,13.17,0.0,13.048,1.73,23.0,655,CNY-9.25,CNY
RFUD,2025-02-27,CRU5,13.246,13.102,13.478,13.308,322019712.0,25384926.0,1912.0,24192,13.311,0.0,13.277,1.05,1.0,631,CNY-9.25,CNY
RFUD,2025-02-28,CRU5,13.343,13.3,13.47,13.368,338825328.0,15400915.0,1151.0,25346,13.368,0.0,13.38,0.45,20.0,251,CNY-9.25,CNY
RFUD,2025-03-03,CRU5,13.404,13.217,13.537,13.362,347171484.0,22216051.0,1659.0,25982,13.362,0.0,13.391,-0.04,1.0,552,CNY-9.25,CNY
RFUD,2025-03-04,CRU5,13.416,13.3,13.459,13.459,348401730.0,14235753.0,1063.0,25890,13.457,0.0,13.392,0.73,1.0,349,CNY-9.25,CNY
RFUD,2025-03-05,CRU5,13.411,13.303,13.57,13.487,354546256.0,16911871.0,1256.0,26288,13.487,0.0,13.465,0.21,1.0,279,CNY-9.25,CNY
RFUD,2025-03-06,CRU5,13.531,13.471,13.654,13.536,369343296.0,24279961.0,1794.0,27286,13.536,0.0,13.534,0.36,1.0,379,CNY-9.25,CNY
RFUD,2025-03-07,CRU5,13.539,13.267,13.592,13.41,388718190.0,28443797.0,2121.0,28998,13.405,0.0,13.411,-0.93,18.0,402,CNY-9.25,CNY
RFUD,2025-03-10,CRU5,13.387,13.074,13.408,13.074,393080160.0,31167017.0,2360.0,30052,13.08,0.0,13.206,-2.51,2.0,726,CNY-9.25,CNY
RFUD,2025-03-11,CRU5,13.086,12.902,13.122,13.041,436891602.0,64521657.0,4965.0,33558,13.019,0.0,12.995,-0.25,198.0,915,CNY-9.25,CNY
RFUD,2025-03-12,CRU5,13.057,12.982,13.21,13.08,455510180.0,32252872.0,2461.0,34732,13.115,0.0,13.106,0.3,1.0,717,CNY-9.25,CNY
RFUD,2025-03-13,CRU5,13.128,12.95,13.2,13.0,461294244.0,27740664.0,2126.0,35446,13.014,0.0,13.048,-0.61,5.0,701,CNY-9.25,CNY
RFUD,2025-03-14,CRU5,13.08,12.8,13.118,12.905,493836080.0,52667470.0,4082.0,38270,12.904,0.0,12.902,-0.73,3.0,1164,CNY-9.25,CNY
RFUD,2025-03-17,CRU5,12.91,12.492,12.925,12.501,625750056.0,167282546.0,13131.0,50056,12.501,0.0,12.696,-3.13,1.0,2187,CNY-9.25,CNY
RFUD,2025-03-18,CRU5,12.519,12.241,12.564,12.368,818816364.0,435864555.0,35158.0,66258,12.358,0.0,12.397,-1.06,1.0,5515,CNY-9.25,CNY
RFUD,2025-03-19,CRU5,12.349,12.253,12.721,12.628,918964816.0,173419595.0,13865.0,72772,12.628,0.0,12.527,2.1,1.0,2975,CNY-9.25,CNY
RFUD,2025-03-20,CRU5,12.625,12.562,12.762,12.612,1250584140.0,277343973.0,21868.0,99174,12.61,0.0,12.683,-0.13,1.0,3140,CNY-9.25,CNY
RFUD,2025-03-21,CRU5,12.608,12.491,12.72,12.499,1674148108.0,474875812.0,37670.0,133964,12.497,0.0,12.606,-0.9,7.0,5593,CNY-9.25,CNY
RFUD,2025-03-24,CRU5,12.51,12.381,12.635,12.607,3906811464.0,2312638827.0,184049.0,309966,12.604,0.0,12.57,0.86,2.0,13319,CNY-9.25,CNY
RFUD,2025-03-25,CRU5,12.605,12.457,12.715,12.468,4238203840.0,1241980514.0,98918.0,339872,12.47,0.0,12.555,-1.1,1.0,10745,CNY-9.25,CNY
RFUD,2025-03-26,CRU5,12.459,12.395,12.548,12.407,5641636534.0,1615934151.0,129704.0,454934,12.401,0.0,12.458,-0.49,6.0,14833,CNY-9.25,CNY
RFUD,2025-03-27,CRU5,12.4,12.291,12.505,12.346,6126228360.0,901308551.0,72704.0,495810,12.356,0.0,12.4,-0.49,1.0,11453,CNY-9.25,CNY
RFUD,2025-03-28,CRU5,12.357,12.315,12.7,12.643,7720857512.0,1239456509.0,99357.0,610924,12.638,0.0,12.475,2.41,2.0,13643,CNY-9.25,CNY
RFUD,2025-03-31,CRU5,12.656,12.551,12.785,12.617,7698578600.0,1538481760.0,121491.0,610030,12.62,0.0,12.684,-0.21,2.0,9254,CNY-9.25,CNY
RFUD,2025-04-01,CRU5,12.619,12.405,12.663,12.423,7557257750.0,1202483345.0,95924.0,608230,12.425,0.0,12.53,-1.54,1.0,10795,CNY-9.25,CNY
RFUD,2025-04-02,CRU5,12.427,12.408,12.535,12.49,10023216518.0,1688916750.0,135225.0,803078,12.481,0.0,12.49,0.54,1.0,10456,CNY-9.25,CNY
RFUD,2025-04-03,CRU5,12.498,12.323,12.504,12.494,10065700000.0,1091287176.0,87788.0,805256,12.5,0.0,12.42,0.03,3.0,12669,CNY-9.25,CNY
RFUD,2025-04-04,CRU5,12.503,12.457,12.73,12.674,10307009496.0,1008841811.0,80035.0,813048,12.677,0.0,12.607,1.44,1.0,13742,CNY-9.25,CNY
RFUD,2025-04-07,CRU5,12.679,12.441,12.773,12.486,14682790976.0,3988029192.0,315821.0,1175752,12.488,0.0,12.636,-1.48,2.0,14353,CNY-9.25,CNY
RFUD,2025-04-08,CRU5,12.471,12.395,12.565,12.506,14727590852.0,556951982.0,44669.0,1177642,12.506,0.0,12.468,0.16,2.0,10834,CNY-9.25,CNY
RFUD,2025-04-09,CRU5,12.505,12.426,12.603,12.44,14639675256.0,868090259.0,69316.0,1177012,12.438,0.0,12.526,-0.53,3.0,13044,CNY-9.25,CNY
RFUD,2025-04-10,CRU5,12.434,12.259,12.476,12.361,15205884150.0,1555189373.0,125681.0,1230150,12.361,0.0,12.369,-0.64,27.0,20441,CNY-9.25,CNY
RFUD,2025-04-11,CRU5,12.363,12.093,12.421,12.116,15234471648.0,1290921055.0,105112.0,1257696,12.113,0.0,12.281,-1.98,3.0,14989,CNY-9.25,CNY
RFUD,2025-04-14,CRU5,12.111,12.014,12.198,12.035,15672467460.0,4591874120.0,380098.0,1302782,12.03,0.0,12.072,-0.67,3.0,23440,CNY-9.25,CNY
RFUD,2025-04-15,CRU5,12.043,11.905,12.27,12.038,19207804352.0,4003032998.0,333533.0,1596128,12.034,0.0,12.002,0.03,4.0,27108,CNY-9.25,CNY
RFUD,2025-04-16,CRU5,12.05,12.003,12.185,12.097,35741599488.0,9551057159.0,788798.0,2954828,12.096,0.0,12.102,0.49,12.0,20255,CNY-9.25,CNY
RFUD,2025-04-17,CRU5,12.092,11.833,12.118,11.845,37068482694.0,8731055375.0,731023.0,3128406,11.849,0.0,11.953,-2.08,1.0,31165,CNY-9.25,CNY
RFUD,2025-04-18,CRU5,11.835,11.702,12.014,11.798,37025686000.0,2218238846.0,187143.0,3137770,11.8,0.0,11.853,-0.4,4.0,32760,CNY-9.25,CNY
RFUD,2025-04-21,CRU5,11.8,11.717,11.905,11.896,37807894572.0,1520904937.0,128565.0,3179004,11.893,0.0,11.821,0.83,3.0,15403,CNY-9.25,CNY
RFUD,2025-04-22,CRU5,11.887,11.795,11.955,11.887,35081080818.0,2576556466.0,217488.0,2951214,11.887,0.0,11.869,-0.08,5.0,15294,CNY-9.25,CNY
RFUD,2025-04-23,CRU5,11.882,11.833,12.153,12.12,35912353890.0,3369263754.0,279796.0,2963310,12.119,0.0,12.052,1.96,7.0,17600,CNY-9.25,CNY
RFUD,2025-04-24,CRU5,12.116,12.048,12.19,12.085,35869856806.0,1372391853.0,113202.0,2964206,12.101,0.0,12.123,-0.29,1.0,14965,CNY-9.25,CNY
RFUD,2025-04-25,CRU5,12.096,12.034,12.126,12.064,36026481920.0,1156698983.0,95841.0,2986280,12.064,0.0,12.067,-0.17,3.0,9745,CNY-9.25,CNY
RFUD,2025-04-28,CRU5,12.067,11.931,12.127,11.953,35644959600.0,1826558352.0,151852.0,2985340,11.94,0.0,12.028,-0.92,17.0,20248,CNY-9.25,CNY
RFUD,2025-04-29,CRU5,11.955,11.887,12.002,11.921,36459084306.0,1125109419.0,94158.0,3059418,11.917,0.0,11.949,-0.27,12.0,13180,CNY-9.25,CNY
RFUD,2025-04-30,CRU5,11.918,11.84,12.0,11.871,36576107880.0,1272523145.0,106968.0,3081910,11.868,0.0,11.897,-0.42,1.0,15067,CNY-9.25,CNY
RFUD,2025-05-02,CRU5,11.877,11.875,12.192,12.115,37760589290.0,1034489346.0,85760.0,3116846,12.115,0.0,12.065,2.05,1.0,14631,CNY-9.25,CNY
RFUD,2025-05-05,CRU5,12.139,11.91,12.231,11.935,38318533968.0,2560434374.0,212912.0,3210064,11.937,0.0,12.026,-1.49,10.0,36984,CNY-9.25,CNY
RFUD,2025-05-06,CRU5,11.939,11.894,12.016,11.946,38923499200.0,1684586363.0,140861.0,3258560,11.945,0.0,11.96,0.09,9.0,19426,CNY-9.25,CNY
RFUD,2025-05-07,CRU5,11.949,11.805,11.956,11.91,41764826502.0,5990700951.0,504143.0,3507586,11.907,0.0,11.882,-0.3,122.0,45256,CNY-9.25,CNY
RFUD,2025-05-08,CRU5,11.912,11.903,12.058,11.937,41877898988.0,880961447.0,73576.0,3507068,11.941,0.0,11.974,0.23,2.0,11056,CNY-9.25,CNY
RFUD,2025-05-12,CRU5,11.928,11.777,11.953,11.803,44940182000.0,6601898788.0,557825.0,3808490,11.8,0.0,11.832,-1.12,5.0,37097,CNY-9.25,CNY
RFUD,2025-05-13,CRU5,11.795,11.755,11.848,11.762,51244461400.0,5321075434.0,450783.0,4353820,11.77,0.0,11.804,-0.35,5.0,34604,CNY-9.25,CNY
RFUD,2025-05-14,CRU5,11.782,11.738,11.814,11.808,51685907660.0,3596192747.0,305143.0,4382390,11.794,0.0,11.786,0.39,3.0,58085,CNY-9.25,CNY
RFUD,2025-05-15,CRU5,11.793,11.751,11.882,11.775,53074319144.0,3082302358.0,261412.0,4507756,11.774,0.0,11.791,-0.28,3.0,29926,CNY-9.25,CNY
RFUD,2025-05-16,CRU5,11.777,11.768,11.86,11.833,56250035114.0,5835871829.0,493586.0,4753658,11.833,0.0,11.823,0.49,100.0,27010,CNY-9.25,CNY
RFUD,2025-05-19,CRU5,11.837,11.716,11.849,11.737,57937696274.0,3832198704.0,325734.0,4938854,11.731,0.0,11.765,-0.81,13.0,29754,CNY-9.25,CNY
RFUD,2025-05-20,CRU5,11.73,11.728,11.89,11.834,57204372600.0,3789852377.0,320753.0,4833900,11.834,0.0,11.815,0.83,3.0,29179,CNY-9.25,CNY
RFUD,2025-05-21,CRU5,11.838,11.663,11.879,11.679,56906789312.0,2204203550.0,187959.0,4875496,11.672,0.0,11.726,-1.31,1.0,27518,CNY-9.25,CNY
RFUD,2025-05-22,CRU5,11.682,11.59,11.739,11.709,58947693252.0,3174944663.0,272381.0,5033532,11.711,0.0,11.656,0.26,33.0,28927,CNY-9.25,CNY
RFUD,2025-05-23,CRU5,11.702,11.645,11.758,11.66,59156986680.0,1909093899.0,163294.0,5073498,11.66,0.0,11.691,-0.42,5.0,23278,CNY-9.25,CNY
RFUD,2025-05-26,CRU5,11.663,11.637,11.734,11.718,58764759760.0,1931807739.0,165117.0,5014058,11.72,0.0,11.7,0.5,1.0,23916,CNY-9.25,CNY
RFUD,2025-05-27,CRU5,11.72,11.692,11.767,11.745,57986340540.0,3401528274.0,289620.0,4938370,11.742,0.0,11.745,0.23,1.0,25903,CNY-9.25,CNY
RFUD,2025-05-28,CRU5,11.747,11.64,11.77,11.649,58769667182.0,3455103950.0,295839.0,5045906,11.647,0.0,11.679,-0.82,1.0,35385,CNY-9.25,CNY
RFUD,2025-05-29,CRU5,11.656,11.456,11.674,11.485,62179062078.0,8697954166.0,754958.0,5412994,11.487,0.0,11.52,-1.41,1.0,64140,CNY-9.25,CNY
RFUD,2025-05-30,CRU5,11.487,11.45,11.55,11.527,61819881480.0,4287442534.0,372592.0,5362120,11.529,0.0,11.507,0.37,10.0,37029,CNY-9.25,CNY
RFUD,2025-06-02,CRU5,11.524,11.453,11.609,11.47,104947776010.0,40666191582.0,3527536.0,9147370,11.473,0.0,11.528,-0.49,162.0,73837,CNY-9.25,CNY
RFUD,2025-06-03,CRU5,11.47,11.428,11.521,11.483,103681686968.0,5905165455.0,514340.0,9026788,11.486,0.0,11.481,0.11,3.0,30782,CNY-9.25,CNY
RFUD,2025-06-04,CRU5,11.48,11.374,11.657,11.593,113317158944.0,21189491814.0,1848259.0,9773776,11.594,0.0,11.466,0.96,3.0,71844,CNY-9.25,CNY
RFUD,2025-06-05,CRU5,11.59,11.52,11.638,11.545,124182102412.0,19402368661.0,1678045.0,10755422,11.546,0.0,11.563,-0.41,1.0,80858,CNY-9.25,CNY
RFUD,2025-06-06,CRU5,11.546,11.444,11.615,11.537,124561582920.0,9553479434.0,828856.0,10793898,11.54,0.0,11.526,-0.07,15.0,64060,CNY-9.25,CNY
RFUD,2025-06-09,CRU5,11.538,11.485,11.563,11.519,120781393920.0,10585637943.0,918048.0,10484496,11.52,0.0,11.53,-0.16,3.0,46035,CNY-9.25,CNY
RFUD,2025-06-10,CRU5,11.518,11.324,11.525,11.327,151858546176.0,35564630087.0,3119855.0,13405592,11.328,0.0,11.399,-1.67,168.0,110537,CNY-9.25,CNY
RFUD,2025-06-11,CRU5,11.325,11.288,11.556,11.498,162248026000.0,48595552907.0,4249856.0,14108524,11.5,0.0,11.444,1.51,280.0,147095,CNY-9.25,CNY
RFUD,2025-06-13,CRU5,11.499,11.367,11.536,11.404,163186495936.0,6375849712.0,557440.0,14309584,11.404,0.0,11.437,-0.82,6.0,46412,CNY-9.25,CNY
RFUD,2025-06-16,CRU5,11.407,11.293,11.421,11.385,183705468210.0,35683447829.0,3132742.0,16135746,11.385,0.0,11.39,-0.17,1.0,115253,CNY-9.25,CNY
RFUD,2025-06-17,CRU5,11.385,11.356,11.444,11.392,184274687520.0,21601957830.0,1892314.0,16170120,11.396,0.0,11.416,0.06,50.0,80773,CNY-9.25,CNY
RFUD,2025-06-18,CRU5,11.392,11.327,11.4,11.378,197325122678.0,33083860322.0,2911032.0,17344214,11.377,0.0,11.365,-0.12,29.0,135441,CNY-9.25,CNY
RFUD,2025-06-19,CRU5,11.376,11.347,11.406,11.366,219552925280.0,45248294211.0,3977752.0,19323440,11.362,0.0,11.375,-0.1,14.0,102292,CNY-9.25,CNY
RFUD,2025-06-20,CRU5,11.369,11.35,11.443,11.365,228239395740.0,55751340381.0,4889293.0,20080890,11.366,0.0,11.403,-0.01,2.0,121461,CNY-9.25,CNY
RFUD,2025-06-23,CRU5,11.366,11.304,11.38,11.344,250418225964.0,42662716380.0,3763677.0,22078842,11.342,0.0,11.335,-0.18,5.0,92600,CNY-9.25,CNY
RFUD,2025-06-24,CRU5,11.341,11.305,11.48,11.384,257704034960.0,66404555042.0,5821351.0,22625464,11.39,0.0,11.407,0.35,41.0,141814,CNY-9.25,CNY
RFUD,2025-06-25,CRU5,11.389,11.323,11.426,11.339,258869678760.0,30234611389.0,2661623.0,22828014,11.34,0.0,11.359,-0.4,5.0,80809,CNY-9.25,CNY
RFUD,2025-06-26,CRU5,11.337,11.335,11.43,11.39,256858250240.0,37607165695.0,3302148.0,22541312,11.395,0.0,11.389,0.45,11.0,88033,CNY-9.25,CNY
RFUD,2025-06-27,CRU5,11.397,11.369,11.412,11.372,248904594820.0,32120549548.0,2820665.0,21889420,11.371,0.0,11.388,-0.16,1.0,70025,CNY-9.25,CNY
RFUD,2025-06-30,CRU5,11.373,11.314,11.428,11.345,249687833490.0,38152824259.0,3358690.0,21996990,11.351,0.0,11.359,-0.24,1.0,84605,CNY-9.25,CNY
RFUD,2025-07-01,CRU5,11.345,11.329,11.414,11.383,254451484728.0,35116827897.0,3087784.0,22355604,11.382,0.0,11.373,0.34,119.0,93666,CNY-9.25,CNY
RFUD,2025-07-02,CRU5,11.385,11.355,11.397,11.392,253968258304.0,16102591076.0,1415001.0,22293562,11.392,0.0,11.38,0.08,72.0,55424,CNY-9.25,CNY
RFUD,2025-07-03,CRU5,11.393,11.387,11.457,11.416,259985209080.0,35620283982.0,3118966.0,22775752,11.415,0.0,11.421,0.21,1.0,81002,CNY-9.25,CNY
RFUD,2025-07-04,CRU5,11.417,11.372,11.448,11.39,257758456380.0,61487068056.0,5383081.0,22630242,11.39,0.0,11.422,-0.23,80.0,103600,CNY-9.25,CNY
RFUD,2025-07-07,CRU5,11.387,11.238,11.427,11.247,257359031648.0,66743269396.0,5879624.0,22880426,11.248,0.0,11.352,-1.26,2.0,146660,CNY-9.25,CNY
RFUD,2025-07-08,CRU5,11.247,11.192,11.267,11.239,265088723440.0,52972480112.0,4713477.0,23584406,11.24,0.0,11.238,-0.07,8.0,109806,CNY-9.25,CNY
RFUD,2025-07-09,CRU5,11.24,11.178,11.28,11.236,264155215836.0,39407028771.0,3508778.0,23507628,11.237,0.0,11.231,-0.03,1.0,88602,CNY-9.25,CNY
RFUD,2025-07-10,CRU5,11.239,11.19,11.273,11.215,274190353670.0,38946133936.0,3472332.0,24448538,11.215,0.0,11.216,-0.19,9.0,79604,CNY-9.25,CNY
RFUD,2025-07-11,CRU5,11.214,11.161,11.358,11.332,274141817560.0,100389859232.0,8913280.0,24191830,11.332,0.0,11.263,1.04,5.0,147644,CNY-9.25,CNY
RFUD,2025-07-14,CRU5,11.332,11.244,11.384,11.264,263633882628.0,84894277370.0,7525937.0,23394612,11.269,0.0,11.28,-0.6,97.0,162831,CNY-9.25,CNY
RFUD,2025-07-15,CRU5,11.262,11.201,11.267,11.22,258505976638.0,71006384674.0,6324579.0,23041802,11.219,0.0,11.227,-0.39,1.0,121734,CNY-9.25,CNY
RFUD,2025-07-16,CRU5,11.222,11.191,11.237,11.198,263028647404.0,39159033148.0,3495220.0,23482604,11.201,0.0,11.204,-0.2,20.0,82187,CNY-9.25,CNY
RFUD,2025-07-17,CRU5,11.2,11.185,11.276,11.212,267748127680.0,44132805645.0,3931882.0,23871980,11.216,0.0,11.224,0.12,12.0,96963,CNY-9.25,CNY
RFUD,2025-07-18,CRU5,11.215,11.201,11.299,11.272,276292672890.0,36399615540.0,3236872.0,24513590,11.271,0.0,11.246,0.53,1.0,87718,CNY-9.25,CNY
RFUD,2025-07-21,CRU5,11.272,11.17,11.284,11.176,272454903600.0,34229224963.0,3053324.0,24380752,11.175,0.0,11.21,-0.85,2.0,106030,CNY-9.25,CNY
RFUD,2025-07-22,CRU5,11.18,11.152,11.27,11.26,282735760302.0,52042346033.0,4641956.0,25111978,11.259,0.0,11.212,0.75,130.0,130047,CNY-9.25,CNY
RFUD,2025-07-23,CRU5,11.262,11.242,11.318,11.255,280336245474.0,39196925406.0,3476499.0,24903282,11.257,0.0,11.275,-0.04,80.0,100150,CNY-9.25,CNY
RFUD,2025-07-24,CRU5,11.258,11.251,11.468,11.364,279364416648.0,79257094144.0,6964159.0,24583282,11.364,0.0,11.381,0.97,3.0,136257,CNY-9.25,CNY
RFUD,2025-07-25,CRU5,11.364,11.309,11.409,11.35,264331842192.0,58472522712.0,5147945.0,23285046,11.352,0.0,11.361,-0.12,7.0,113425,CNY-9.25,CNY
RFUD,2025-07-28,CRU5,11.354,11.31,11.669,11.65,316680104988.0,127968342198.0,11112133.0,27192178,11.646,0.0,11.516,2.64,35.0,194702,CNY-9.25,CNY
RFUD,2025-07-29,CRU5,11.647,11.633,11.816,11.725,360996991600.0,130162520064.0,11097280.0,30788656,11.725,0.0,11.729,0.64,13.0,237909,CNY-9.25,CNY
RFUD,2025-07-30,CRU5,11.724,11.447,11.766,11.487,339208634432.0,106029402530.0,9137235.0,29527214,11.488,0.0,11.604,-2.03,72.0,181825,CNY-9.25,CNY
RFUD,2025-07-31,CRU5,11.485,11.309,11.509,11.367,341020434906.0,89232263112.0,7837154.0,30000918,11.367,0.0,11.386,-1.04,9.0,193309,CNY-9.25,CNY
RFUD,2025-08-01,CRU5,11.369,11.314,11.397,11.324,355719928728.0,53821302889.0,4741772.0,31412922,11.324,0.0,11.35,-0.38,6.0,108399,CNY-9.25,CNY
RFUD,2025-08-04,CRU5,11.322,11.3,11.37,11.326,364656041316.0,37783782677.0,3336845.0,32196366,11.326,0.0,11.323,0.02,3.0,92534,CNY-9.25,CNY
RFUD,2025-08-05,CRU5,11.326,11.31,11.403,11.344,374552758308.0,50171564317.0,4418346.0,33038084,11.337,0.0,11.355,0.16,170.0,121026,CNY-9.25,CNY
RFUD,2025-08-06,CRU5,11.338,11.331,11.385,11.351,377362443978.0,53928682812.0,4746185.0,33250722,11.349,0.0,11.363,0.06,2.0,98829,CNY-9.25,CNY
RFUD,2025-08-07,CRU5,11.352,11.165,11.369,11.254,325403338590.0,91608882114.0,8145419.0,28917030,11.253,0.0,11.247,-0.85,10.0,203685,CNY-9.25,CNY
RFUD,2025-08-08,CRU5,11.248,11.222,11.346,11.275,328913443100.0,76324380622.0,6761567.0,29171924,11.275,0.0,11.288,0.19,96.0,174781,CNY-9.25,CNY
RFUD,2025-08-11,CRU5,11.275,11.202,11.297,11.22,328758154312.0,39786653879.0,3535844.0,29298472,11.221,0.0,11.252,-0.49,19.0,118291,CNY-9.25,CNY
RFUD,2025-08-12,CRU5,11.225,11.203,11.287,11.229,320025096104.0,36015356129.0,3199417.0,28504952,11.227,0.0,11.256,0.08,163.0,99986,CNY-9.25,CNY
RFUD,2025-08-13,CRU5,11.23,11.228,11.276,11.259,322432562358.0,22756760183.0,2021272.0,28637762,11.259,0.0,11.259,0.27,231.0,63507,CNY-9.25,CNY
RFUD,2025-08-14,CRU5,11.259,11.245,11.307,11.248,326631099424.0,34700499876.0,3075817.0,29039038,11.248,0.0,11.282,-0.1,50.0,107342,CNY-9.25,CNY
RFUD,2025-08-15,CRU5,11.248,11.248,11.389,11.294,326398579848.0,44147568905.0,3905641.0,28905294,11.292,0.0,11.304,0.41,1.0,116858,CNY-9.25,CNY
RFUD,2025-08-18,CRU5,11.29,11.284,11.369,11.358,351928082158.0,49475024081.0,4364444.0,30998686,11.353,0.0,11.336,0.57,350.0,124004,CNY-9.25,CNY
RFUD,2025-08-19,CRU5,11.355,11.277,11.365,11.317,342810163008.0,34590809403.0,3053593.0,30294288,11.316,0.0,11.328,-0.36,1.0,106147,CNY-9.25,CNY
RFUD,2025-08-20,CRU5,11.316,11.265,11.327,11.297,332603397666.0,26781070250.0,2369413.0,29436534,11.299,0.0,11.303,-0.18,4.0,67716,CNY-9.25,CNY
RFUD,2025-08-21,CRU5,11.301,11.29,11.344,11.33,338902814864.0,33571437075.0,2966359.0,29927836,11.324,0.0,11.317,0.29,100.0,87941,CNY-9.25,CNY
RFUD,2025-08-22,CRU5,11.329,11.31,11.395,11.372,358421777084.0,45794007815.0,4033396.0,31526236,11.369,0.0,11.354,0.37,1.0,138622,CNY-9.25,CNY
RFUD,2025-08-25,CRU5,11.374,11.28,11.425,11.294,359355620700.0,74276916906.0,6533660.0,31815460,11.295,0.0,11.369,-0.69,280.0,185524,CNY-9.25,CNY
RFUD,2025-08-26,CRU5,11.297,11.27,11.362,11.362,380625005248.0,44882536065.0,3966485.0,33508672,11.359,0.0,11.315,0.6,3.0,98965,CNY-9.25,CNY
RFUD,2025-08-27,CRU5,11.361,11.293,11.39,11.37,386913082272.0,63448898338.0,5593867.0,34032288,11.369,0.0,11.343,0.07,1.0,132844,CNY-9.25,CNY
RFUD,2025-08-28,CRU5,11.373,11.314,11.385,11.361,402194601018.0,49974740335.0,4404707.0,35401338,11.361,0.0,11.346,-0.08,50.0,104314,CNY-9.25,CNY
RFUD,2025-08-29,CRU5,11.358,11.356,11.411,11.37,443633512320.0,71244266109.0,6256379.0,38997320,11.376,0.0,11.387,0.08,6.0,118447,CNY-9.25,CNY
RFUD,2025-09-01,CRU5,11.37,11.31,11.383,11.314,403037639406.0,63817274461.0,5622474.0,35626062,11.313,0.0,11.348,-0.49,50.0,144642,CNY-9.25,CNY
RFUD,2025-09-02,CRU5,11.314,11.292,11.367,11.36,387690803044.0,41840877254.0,3689428.0,34130716,11.359,0.0,11.342,0.41,1.0,91606,CNY-9.25,CNY
RFUD,2025-09-03,CRU5,11.36,11.34,11.42,11.389,394229782480.0,58675801314.0,5151452.0,34621040,11.387,0.0,11.389,0.26,5.0,105087,CNY-9.25,CNY
RFUD,2025-09-04,CRU5,11.389,11.37,11.46,11.433,362786436028.0,59589836605.0,5213532.0,31728742,11.434,0.0,11.43,0.39,65.0,96205,CNY-9.25,CNY
RFUD,2025-09-05,CRU5,11.433,11.424,11.478,11.471,365378088760.0,39253243543.0,3427177.0,31855108,11.47,0.0,11.453,0.33,1.0,91094,CNY-9.25,CNY
RFUD,2025-09-08,CRU5,11.469,11.457,11.669,11.642,362584827816.0,59376437944.0,5138756.0,31144548,11.642,0.0,11.556,1.49,30.0,99021,CNY-9.25,CNY
RFUD,2025-09-09,CRU5,11.641,11.641,11.823,11.821,348589411800.0,85335825863.0,7264054.0,29491490,11.82,0.0,11.753,1.54,7.0,138242,CNY-9.25,CNY
RFUD,2025-09-10,CRU5,11.821,11.784,11.995,11.959,253101800728.0,159953129827.0,13419129.0,21169438,11.956,0.0,11.924,1.17,6.0,209981,CNY-9.25,CNY
RFUD,2025-09-11,CRU5,11.962,11.872,12.085,11.974,205039183250.0,127140252155.0,10618081.0,17122270,11.975,0.0,11.974,0.12,1.0,236641,CNY-9.25,CNY
RFUD,2025-09-12,CRU5,11.972,11.75,12.02,11.769,183239542368.0,141516691660.0,11945467.0,15573648,11.766,0.0,11.847,-1.71,5.0,206875,CNY-9.25,CNY
RFUD,2025-09-15,CRU5,11.769,11.538,11.796,11.584,168033588588.0,111567862264.0,9601248.0,14503158,11.586,0.0,11.618,-1.57,1.0,205247,CNY-9.25,CNY
RFUD,2025-09-16,CRU5,11.581,11.517,11.712,11.656,142708089070.0,97051912244.0,8349236.0,12248570,11.651,0.0,11.624,0.62,9.0,209503,CNY-9.25,CNY
RFUD,2025-09-17,CRU5,11.657,11.635,11.722,11.689,126556945560.0,72072016967.0,6171211.0,10825160,11.691,0.0,11.679,0.28,299.0,112897,CNY-9.25,CNY
RFUD,2025-09-18,CRU5,11.691,11.627,11.73,11.639,0.0,40654976539.0,3480901.0,0,11.6382,0.0,11.679,-0.43,19.0,44487,CNY-9.25,CNY
RFUD,2024-06-06,CRZ5,,,,,0.0,,,0,14.551,0.0,,,,0,CNY-12.25,CNY
RFUD,2024-06-07,CRZ5,,,,,0.0,,,0,14.584,0.0,,,,0,CNY-12.25,CNY
RFUD,2024-06-10,CRZ5,,,,,0.0,,,0,14.449,0.0,,,,0,CNY-12.25,CNY
RFUD,2024-06-11,CRZ5,13.531,13.531,14.584,14.584,0.0,28115.0,2.0,0,14.455,0.0,14.058,,1.0,2,CNY-12.25,CNY
RFUD,2024-06-13,CRZ5,,,,,0.0,,,0,14.34,0.0,,,,0,CNY-12.25,CNY
RFUD,2024-06-14,CRZ5,,,,,0.0,,,0,14.375,0.0,,,,0,CNY-12.25,CNY
RFUD,2024-06-17,CRZ5,,,,,0.0,,,0,14.357,0.0,,,,0,CNY-12.25,CNY
RFUD,2024-06-18,CRZ5,,,,,0.0,,,0,13.827,0.0,,,,0,CNY-12.25,CNY
RFUD,2024-06-19,CRZ5,12.765,12.765,13.4,13.4,0.0,26165.0,2.0,0,13.103,0.0,13.083,,1.0,2,CNY-12.25,CNY
RFUD,2024-06-20,CRZ5,,,,,0.0,,,0,13.59,0.0,,,,0,CNY-12.25,CNY
RFUD,2024-06-21,CRZ5,13.89,13.889,13.89,13.889,27024.0,27779.0,2.0,2,13.512,0.0,13.89,,1.0,2,CNY-12.25,CNY
RFUD,2024-06-24,CRZ5,,,,,26928.0,,,2,13.464,0.0,,,,0,CNY-12.25,CNY
RFUD,2024-06-25,CRZ5,13.557,13.473,13.557,13.485,242730.0,121605.0,9.0,18,13.485,0.0,13.512,,1.0,5,CNY-12.25,CNY
RFUD,2024-06-26,CRZ5,13.51,13.5,13.51,13.5,239490.0,40510.0,3.0,18,13.305,0.0,13.503,0.11,2.0,2,CNY-12.25,CNY
RFUD,2024-06-27,CRZ5,13.13,13.121,13.344,13.2,343200.0,171753.0,13.0,26,13.2,0.0,13.212,-2.22,2.0,8,CNY-12.25,CNY
RFUD,2024-06-28,CRZ5,13.139,13.137,13.2,13.2,501600.0,184454.0,14.0,38,13.2,0.0,13.175,0.0,2.0,9,CNY-12.25,CNY
RFUD,2024-07-01,CRZ5,13.143,13.138,13.2,13.166,500308.0,105300.0,8.0,38,13.166,0.0,13.163,-0.26,1.0,7,CNY-12.25,CNY
RFUD,2024-07-02,CRZ5,13.177,13.175,13.27,13.175,553350.0,105817.0,8.0,42,13.175,0.0,13.227,0.07,1.0,6,CNY-12.25,CNY
RFUD,2024-07-03,CRZ5,13.201,13.179,13.311,13.179,738080.0,158492.0,12.0,56,13.18,0.0,13.208,0.03,1.0,5,CNY-12.25,CNY
RFUD,2024-07-04,CRZ5,13.381,13.381,13.448,13.448,911132.0,120677.0,9.0,68,13.399,0.0,13.409,2.04,1.0,4,CNY-12.25,CNY
RFUD,2024-07-05,CRZ5,13.4,13.331,13.4,13.331,959688.0,53462.0,4.0,72,13.329,0.0,13.366,-0.87,2.0,2,CNY-12.25,CNY
RFUD,2024-07-08,CRZ5,,,,,954144.0,,,72,13.252,0.0,,,,0,CNY-12.25,CNY
RFUD,2024-07-09,CRZ5,,,,,955152.0,,,72,13.266,0.0,,,,0,CNY-12.25,CNY
RFUD,2024-07-10,CRZ5,13.33,13.33,13.349,13.349,987826.0,26679.0,2.0,74,13.349,0.0,13.34,,1.0,2,CNY-12.25,CNY
RFUD,2024-07-11,CRZ5,,,,,991600.0,,,74,13.4,0.0,,,,0,CNY-12.25,CNY
RFUD,2024-07-12,CRZ5,,,,,985902.0,,,74,13.323,0.0,,,,0,CNY-12.25,CNY
RFUD,2024-07-15,CRZ5,13.251,13.251,13.251,13.251,984200.0,13251.0,1.0,74,13.3,0.0,13.251,,1.0,1,CNY-12.25,CNY
RFUD,2024-07-16,CRZ5,13.307,13.302,13.398,13.302,1064160.0,66707.0,5.0,80,13.302,0.0,13.341,0.39,1.0,4,CNY-12.25,CNY
RFUD,2024-07-17,CRZ5,,,,,1070160.0,,,80,13.377,0.0,,,,0,CNY-12.25,CNY
RFUD,2024-07-18,CRZ5,,,,,1068240.0,,,80,13.353,0.0,,,,0,CNY-12.25,CNY
RFUD,2024-07-19,CRZ5,,,,,1060240.0,,,80,13.253,0.0,,,,0,CNY-12.25,CNY
RFUD,2024-07-22,CRZ5,13.24,13.24,13.24,13.24,1085680.0,26480.0,2.0,82,13.24,0.0,13.24,,2.0,1,CNY-12.25,CNY
RFUD,2024-07-23,CRZ5,13.07,13.07,13.141,13.141,1077562.0,52422.0,4.0,82,13.141,0.0,13.106,-0.75,2.0,2,CNY-12.25,CNY
RFUD,2024-07-24,CRZ5,13.035,12.915,13.1,13.099,1333140.0,365332.0,28.0,102,13.07,0.0,13.048,-0.32,1.0,21,CNY-12.25,CNY
RFUD,2024-07-25,CRZ5,13.002,12.9,13.021,13.021,1986488.0,350206.0,27.0,152,13.069,0.0,12.971,-0.6,2.0,8,CNY-12.25,CNY
RFUD,2024-07-26,CRZ5,12.93,12.93,12.93,12.93,2077226.0,38790.0,3.0,158,13.147,0.0,12.93,-0.7,2.0,2,CNY-12.25,CNY
RFUD,2024-07-29,CRZ5,,,,,2066166.0,,,158,13.077,0.0,,,,0,CNY-12.25,CNY
RFUD,2024-07-30,CRZ5,13.137,13.06,13.2,13.06,1963050.0,131319.0,10.0,150,13.087,0.0,13.132,,1.0,7,CNY-12.25,CNY
RFUD,2024-07-31,CRZ5,13.121,13.087,13.121,13.11,2228700.0,144152.0,11.0,170,13.11,0.0,13.105,0.38,1.0,5,CNY-12.25,CNY
RFUD,2024-08-01,CRZ5,12.941,12.926,12.941,12.926,2352532.0,77574.0,6.0,182,12.926,0.0,12.929,-1.4,1.0,5,CNY-12.25,CNY
RFUD,2024-08-02,CRZ5,13.036,12.911,13.036,13.022,2396048.0,77803.0,6.0,184,13.022,0.0,12.967,0.74,1.0,6,CNY-12.25,CNY
RFUD,2024-08-05,CRZ5,13.006,13.006,13.006,13.006,2419116.0,13006.0,1.0,186,13.006,0.0,13.006,-0.12,1.0,1,CNY-12.25,CNY
RFUD,2024-08-06,CRZ5,13.006,12.999,13.006,12.999,2391816.0,65002.0,5.0,184,12.999,0.0,13.0,-0.05,1.0,4,CNY-12.25,CNY
RFUD,2024-08-07,CRZ5,12.974,12.974,13.0,13.0,2392000.0,77908.0,6.0,184,13.0,0.0,12.985,0.01,1.0,5,CNY-12.25,CNY
RFUD,2024-08-08,CRZ5,,,,,2387584.0,,,184,12.976,0.0,,,,0,CNY-12.25,CNY
RFUD,2024-08-09,CRZ5,13.099,13.098,13.099,13.099,2408560.0,65494.0,5.0,184,13.09,0.0,13.099,,1.0,5,CNY-12.25,CNY
RFUD,2024-08-12,CRZ5,,,,,2409664.0,,,184,13.096,0.0,,,,0,CNY-12.25,CNY
RFUD,2024-08-13,CRZ5,13.24,12.801,13.287,13.199,2824586.0,274423.0,21.0,214,13.199,0.0,13.068,,6.0,10,CNY-12.25,CNY
RFUD,2024-08-14,CRZ5,13.19,13.19,13.19,13.19,2769900.0,26380.0,2.0,210,13.19,0.0,13.19,-0.07,2.0,1,CNY-12.25,CNY
RFUD,2024-08-15,CRZ5,,,,,2752260.0,,,210,13.106,0.0,,,,0,CNY-12.25,CNY
RFUD,2024-08-16,CRZ5,,,,,2759610.0,,,210,13.141,0.0,,,,0,CNY-12.25,CNY
RFUD,2024-08-19,CRZ5,13.299,13.299,13.299,13.299,2792580.0,26598.0,2.0,210,13.298,0.0,13.299,,2.0,1,CNY-12.25,CNY
RFUD,2024-08-20,CRZ5,,,,,2803080.0,,,210,13.348,0.0,,,,0,CNY-12.25,CNY
RFUD,2024-08-21,CRZ5,,,,,2783340.0,,,210,13.254,0.0,,,,0,CNY-12.25,CNY
RFUD,2024-08-22,CRZ5,13.101,13.101,13.101,13.101,2698806.0,26202.0,2.0,206,13.101,0.0,13.101,,2.0,1,CNY-12.25,CNY
RFUD,2024-08-23,CRZ5,13.001,12.954,13.001,12.954,3342132.0,519019.0,40.0,258,12.954,0.0,12.975,-1.12,2.0,9,CNY-12.25,CNY
RFUD,2024-08-26,CRZ5,12.801,12.801,12.801,12.801,3302658.0,25602.0,2.0,258,12.801,0.0,12.801,-1.18,1.0,2,CNY-12.25,CNY
RFUD,2024-08-27,CRZ5,12.8,12.8,12.8,12.8,4589918.0,640000.0,50.0,358,12.821,0.0,12.8,-0.01,42.0,4,CNY-12.25,CNY
RFUD,2024-08-28,CRZ5,,,,,4631446.0,,,358,12.937,0.0,,,,0,CNY-12.25,CNY
RFUD,2024-08-29,CRZ5,13.065,13.065,13.065,13.065,4677270.0,13065.0,1.0,358,13.065,0.0,13.065,,1.0,1,CNY-12.25,CNY
RFUD,2024-08-30,CRZ5,13.099,13.099,13.099,13.099,4715640.0,26198.0,2.0,360,13.099,0.0,13.099,0.26,2.0,1,CNY-12.25,CNY
RFUD,2024-09-02,CRZ5,13.28,13.08,13.28,13.08,4708800.0,66200.0,5.0,360,13.08,0.0,13.24,-0.14,1.0,4,CNY-12.25,CNY
RFUD,2024-09-03,CRZ5,13.061,13.002,13.061,13.002,4680720.0,26063.0,2.0,360,13.002,0.0,13.032,-0.6,1.0,2,CNY-12.25,CNY
RFUD,2024-09-04,CRZ5,13.001,12.76,13.119,13.119,7530306.0,1547516.0,120.0,574,13.119,0.0,12.896,0.9,1.0,23,CNY-12.25,CNY
RFUD,2024-09-05,CRZ5,12.991,12.991,13.359,13.25,9088814.0,913399.0,70.0,686,13.249,0.0,13.049,1.0,5.0,14,CNY-12.25,CNY
RFUD,2024-09-06,CRZ5,13.225,13.209,13.26,13.24,10459600.0,792940.0,60.0,790,13.24,0.0,13.216,-0.07,2.0,9,CNY-12.25,CNY
RFUD,2024-09-09,CRZ5,13.25,13.25,13.25,13.25,10504630.0,344500.0,26.0,790,13.297,0.0,13.25,0.08,21.0,2,CNY-12.25,CNY
RFUD,2024-09-10,CRZ5,,,,,10494360.0,,,790,13.284,0.0,,,,0,CNY-12.25,CNY
RFUD,2024-09-11,CRZ5,13.35,13.35,13.35,13.35,10573200.0,13350.0,1.0,792,13.35,0.0,13.35,,1.0,1,CNY-12.25,CNY
RFUD,2024-09-12,CRZ5,13.366,13.366,13.366,13.366,10612604.0,13366.0,1.0,794,13.366,0.0,13.366,0.12,1.0,1,CNY-12.25,CNY
RFUD,2024-09-13,CRZ5,13.3,13.3,13.3,13.3,10560200.0,53200.0,4.0,794,13.3,0.0,13.3,-0.49,4.0,1,CNY-12.25,CNY
RFUD,2024-09-16,CRZ5,13.387,13.348,13.395,13.348,10678400.0,93658.0,7.0,800,13.348,0.0,13.38,0.36,2.0,4,CNY-12.25,CNY
RFUD,2024-09-17,CRZ5,13.38,13.257,13.4,13.305,11096370.0,947951.0,71.0,834,13.305,0.0,13.351,-0.32,1.0,26,CNY-12.25,CNY
RFUD,2024-09-18,CRZ5,13.321,12.791,13.641,13.082,9994648.0,3906910.0,295.0,764,13.082,0.0,13.244,-1.68,1.0,42,CNY-12.25,CNY
RFUD,2024-09-19,CRZ5,13.155,13.155,13.513,13.512,10895752.0,1003623.0,76.0,824,13.223,0.0,13.206,3.29,1.0,31,CNY-12.25,CNY
RFUD,2024-09-20,CRZ5,13.398,13.22,13.548,13.548,11082264.0,281297.0,21.0,818,13.548,0.0,13.395,0.27,1.0,16,CNY-12.25,CNY
RFUD,2024-09-23,CRZ5,13.574,13.55,13.589,13.586,11113348.0,338918.0,25.0,818,13.586,0.0,13.557,0.28,2.0,8,CNY-12.25,CNY
RFUD,2024-09-24,CRZ5,13.63,13.546,13.63,13.546,11080628.0,461832.0,34.0,818,13.546,0.0,13.583,-0.29,1.0,7,CNY-12.25,CNY
RFUD,2024-09-25,CRZ5,13.61,13.402,13.61,13.52,11059360.0,108492.0,8.0,818,13.52,0.0,13.562,-0.19,2.0,4,CNY-12.25,CNY
RFUD,2024-09-26,CRZ5,13.52,13.52,13.617,13.616,10484320.0,476074.0,35.0,770,13.616,0.0,13.602,0.71,1.0,16,CNY-12.25,CNY
RFUD,2024-09-27,CRZ5,13.678,13.678,13.745,13.745,10501180.0,164468.0,12.0,764,13.745,0.0,13.706,0.95,1.0,8,CNY-12.25,CNY
RFUD,2024-09-30,CRZ5,13.702,13.664,13.84,13.8,10212000.0,494369.0,36.0,740,13.8,0.0,13.732,0.4,1.0,10,CNY-12.25,CNY
RFUD,2024-10-01,CRZ5,13.81,13.601,13.848,13.72,9988160.0,561096.0,41.0,728,13.72,0.0,13.685,-0.58,2.0,19,CNY-12.25,CNY
RFUD,2024-10-02,CRZ5,13.84,13.833,13.929,13.863,10064538.0,514157.0,37.0,726,13.863,0.0,13.896,1.04,2.0,10,CNY-12.25,CNY
RFUD,2024-10-03,CRZ5,13.862,13.862,13.862,13.862,10036088.0,13862.0,1.0,724,13.862,0.0,13.862,-0.01,1.0,1,CNY-12.25,CNY
RFUD,2024-10-04,CRZ5,13.831,13.829,13.948,13.861,10534360.0,374043.0,27.0,760,13.861,0.0,13.853,-0.01,4.0,12,CNY-12.25,CNY
RFUD,2024-10-07,CRZ5,13.801,13.801,14.1,14.1,10951980.0,516829.0,37.0,780,14.041,0.0,13.968,1.72,2.0,28,CNY-12.25,CNY
RFUD,2024-10-08,CRZ5,13.97,13.88,14.017,14.0,10808000.0,1161276.0,83.0,772,14.0,0.0,13.991,-0.71,1.0,20,CNY-12.25,CNY
RFUD,2024-10-09,CRZ5,14.095,13.997,14.104,13.997,11091168.0,182601.0,13.0,792,14.004,0.0,14.046,-0.02,1.0,9,CNY-12.25,CNY
RFUD,2024-10-10,CRZ5,14.11,13.93,14.19,13.93,11255440.0,365192.0,26.0,808,13.93,0.0,14.046,-0.48,4.0,15,CNY-12.25,CNY
RFUD,2024-10-11,CRZ5,13.93,13.9,14.018,13.9,11926200.0,529394.0,38.0,858,13.9,0.0,13.931,-0.21,3.0,10,CNY-12.25,CNY
RFUD,2024-10-14,CRZ5,13.994,13.994,14.0,14.0,12012000.0,27994.0,2.0,858,14.0,0.0,13.997,0.72,1.0,2,CNY-12.25,CNY
RFUD,2024-10-15,CRZ5,14.01,14.01,14.01,14.01,12030018.0,14010.0,1.0,858,14.021,0.0,14.01,0.07,1.0,1,CNY-12.25,CNY
RFUD,2024-10-16,CRZ5,14.045,14.03,14.082,14.082,12082356.0,84314.0,6.0,858,14.082,0.0,14.052,0.51,2.0,3,CNY-12.25,CNY
RFUD,2024-10-17,CRZ5,14.127,14.119,14.256,14.245,16609670.0,2870546.0,202.0,1166,14.245,0.0,14.211,1.16,1.0,28,CNY-12.25,CNY
RFUD,2024-10-18,CRZ5,14.165,14.002,14.168,14.002,16158308.0,155013.0,11.0,1154,14.002,0.0,14.092,-1.71,2.0,7,CNY-12.25,CNY
RFUD,2024-10-21,CRZ5,14.0,14.0,14.102,14.102,16386524.0,70254.0,5.0,1162,14.102,0.0,14.051,0.71,1.0,4,CNY-12.25,CNY
RFUD,2024-10-22,CRZ5,14.159,14.159,14.159,14.159,16452758.0,14159.0,1.0,1162,14.159,0.0,14.159,0.4,1.0,1,CNY-12.25,CNY
RFUD,2024-10-23,CRZ5,14.1,14.04,14.1,14.04,16522800.0,98580.0,7.0,1176,14.05,0.0,14.083,-0.84,2.0,2,CNY-12.25,CNY
RFUD,2024-10-24,CRZ5,14.138,14.138,14.138,14.138,16626288.0,14138.0,1.0,1176,14.138,0.0,14.138,0.7,1.0,1,CNY-12.25,CNY
RFUD,2024-10-25,CRZ5,,,,,16625112.0,,,1176,14.137,0.0,,,,0,CNY-12.25,CNY
RFUD,2024-10-28,CRZ5,14.156,14.156,14.299,14.234,16653780.0,156613.0,11.0,1170,14.234,0.0,14.238,,1.0,7,CNY-12.25,CNY
RFUD,2024-10-29,CRZ5,14.249,14.199,14.249,14.246,16696312.0,71139.0,5.0,1172,14.246,0.0,14.228,0.08,2.0,3,CNY-12.25,CNY
RFUD,2024-10-30,CRZ5,14.245,14.245,14.245,14.245,16809100.0,56980.0,4.0,1180,14.245,0.0,14.245,-0.01,2.0,2,CNY-12.25,CNY
RFUD,2024-10-31,CRZ5,14.248,14.248,14.248,14.248,16807920.0,14248.0,1.0,1180,14.244,0.0,14.248,0.02,1.0,1,CNY-12.25,CNY
RFUD,2024-11-01,CRZ5,14.202,14.202,14.252,14.252,16760352.0,28454.0,2.0,1176,14.252,0.0,14.227,0.03,1.0,2,CNY-12.25,CNY
RFUD,2024-11-02,CRZ5,14.25,14.25,14.25,14.25,16758000.0,14250.0,1.0,1176,14.25,0.0,14.25,-0.01,1.0,1,CNY-12.25,CNY
RFUD,2024-11-05,CRZ5,14.323,14.284,14.438,14.37,17042820.0,659488.0,46.0,1186,14.37,0.0,14.337,0.84,2.0,16,CNY-12.25,CNY
RFUD,2024-11-06,CRZ5,14.433,14.276,14.433,14.277,17003910.0,100308.0,7.0,1190,14.289,0.0,14.33,-0.65,1.0,7,CNY-12.25,CNY
RFUD,2024-11-07,CRZ5,14.288,14.288,14.45,14.45,17253300.0,86426.0,6.0,1194,14.45,0.0,14.404,1.21,2.0,4,CNY-12.25,CNY
RFUD,2024-11-08,CRZ5,14.372,14.372,14.486,14.486,17321668.0,28858.0,2.0,1196,14.483,0.0,14.429,0.25,1.0,2,CNY-12.25,CNY
RFUD,2024-11-11,CRZ5,14.373,14.285,14.581,14.3,17245800.0,344935.0,24.0,1206,14.3,0.0,14.372,-1.28,3.0,15,CNY-12.25,CNY
RFUD,2024-11-12,CRZ5,14.36,14.3,14.552,14.405,20022950.0,1561207.0,109.0,1390,14.405,0.0,14.323,0.73,2.0,14,CNY-12.25,CNY
RFUD,2024-11-13,CRZ5,14.436,14.32,14.548,14.5,20416000.0,288697.0,20.0,1408,14.5,0.0,14.435,0.66,2.0,11,CNY-12.25,CNY
RFUD,2024-11-14,CRZ5,14.404,14.353,14.515,14.515,20640330.0,159281.0,11.0,1422,14.515,0.0,14.48,0.1,4.0,5,CNY-12.25,CNY
RFUD,2024-11-15,CRZ5,14.515,14.4,14.767,14.591,20916776.0,1762852.0,121.0,1436,14.566,0.0,14.569,0.52,7.0,49,CNY-12.25,CNY
RFUD,2024-11-18,CRZ5,14.67,14.67,14.671,14.671,21008872.0,58682.0,4.0,1432,14.671,0.0,14.671,0.55,2.0,2,CNY-12.25,CNY
RFUD,2024-11-19,CRZ5,14.742,14.734,14.973,14.773,19616844.0,1322813.0,89.0,1326,14.794,0.0,14.863,0.69,3.0,31,CNY-12.25,CNY
RFUD,2024-11-20,CRZ5,14.891,14.802,14.891,14.802,19893888.0,237900.0,16.0,1344,14.802,0.0,14.869,0.2,1.0,7,CNY-12.25,CNY
RFUD,2024-11-21,CRZ5,14.814,14.802,14.87,14.802,19568244.0,222734.0,15.0,1322,14.802,0.0,14.849,0.0,2.0,5,CNY-12.25,CNY
RFUD,2024-11-22,CRZ5,14.867,14.867,14.9,14.9,19966000.0,253114.0,17.0,1340,14.9,0.0,14.889,0.66,1.0,6,CNY-12.25,CNY
RFUD,2024-11-25,CRZ5,14.91,14.9,15.374,15.31,20607260.0,606310.0,40.0,1346,15.31,0.0,15.158,2.75,2.0,25,CNY-12.25,CNY
RFUD,2024-11-26,CRZ5,15.325,15.191,15.919,15.919,21677318.0,649421.0,42.0,1378,15.731,0.0,15.462,3.98,1.0,27,CNY-12.25,CNY
RFUD,2024-11-27,CRZ5,15.883,15.621,16.17,15.77,21176020.0,3390504.0,214.0,1340,15.803,0.0,15.843,-0.94,1.0,72,CNY-12.25,CNY
RFUD,2024-11-28,CRZ5,15.775,15.46,15.899,15.8,21050928.0,1180263.0,75.0,1332,15.804,0.0,15.737,0.19,1.0,37,CNY-12.25,CNY
RFUD,2024-11-29,CRZ5,15.801,15.59,15.888,15.66,20702520.0,755442.0,48.0,1322,15.66,0.0,15.738,-0.89,10.0,23,CNY-12.25,CNY
RFUD,2024-12-02,CRZ5,15.471,15.436,15.79,15.636,20483160.0,514420.0,33.0,1310,15.636,0.0,15.588,-0.15,1.0,21,CNY-12.25,CNY
RFUD,2024-12-03,CRZ5,15.48,15.237,15.62,15.413,19975248.0,585881.0,38.0,1296,15.413,0.0,15.418,-1.43,1.0,15,CNY-12.25,CNY
RFUD,2024-12-04,CRZ5,15.242,15.016,15.34,15.272,19639792.0,502059.0,33.0,1286,15.272,0.0,15.214,-0.92,1.0,20,CNY-12.25,CNY
RFUD,2024-12-05,CRZ5,15.213,15.055,15.504,15.163,20894614.0,1608973.0,105.0,1378,15.163,0.0,15.324,-0.71,5.0,36,CNY-12.25,CNY
RFUD,2024-12-06,CRZ5,15.124,14.8,15.226,14.86,21101200.0,897608.0,60.0,1420,14.86,0.0,14.96,-2.0,1.0,32,CNY-12.25,CNY
RFUD,2024-12-09,CRZ5,14.86,14.86,15.668,15.45,25276200.0,3045515.0,198.0,1636,15.45,0.0,15.381,3.97,1.0,57,CNY-12.25,CNY
RFUD,2024-12-10,CRZ5,15.45,15.166,15.51,15.311,25508126.0,1365440.0,89.0,1666,15.311,0.0,15.342,-0.9,2.0,50,CNY-12.25,CNY
RFUD,2024-12-11,CRZ5,15.31,15.305,15.583,15.35,25913820.0,677433.0,44.0,1686,15.37,0.0,15.396,0.26,1.0,19,CNY-12.25,CNY
RFUD,2024-12-12,CRZ5,15.5,15.355,15.5,15.439,26462446.0,525941.0,34.0,1714,15.439,0.0,15.469,0.58,2.0,15,CNY-12.25,CNY
RFUD,2024-12-13,CRZ5,15.439,15.307,15.439,15.307,26021900.0,261798.0,17.0,1700,15.307,0.0,15.4,-0.85,1.0,11,CNY-12.25,CNY
RFUD,2024-12-16,CRZ5,15.222,15.2,15.4,15.343,26267216.0,519991.0,34.0,1712,15.343,0.0,15.294,0.24,1.0,14,CNY-12.25,CNY
RFUD,2024-12-17,CRZ5,15.318,15.299,15.318,15.312,26296320.0,61247.0,4.0,1712,15.36,0.0,15.312,-0.2,1.0,3,CNY-12.25,CNY
RFUD,2024-12-18,CRZ5,15.444,14.577,15.55,15.488,23170048.0,8197804.0,542.0,1496,15.488,0.0,15.125,1.15,2.0,158,CNY-12.25,CNY
RFUD,2024-12-19,CRZ5,15.595,15.354,15.63,15.464,23010432.0,1148247.0,74.0,1488,15.464,0.0,15.517,-0.15,1.0,31,CNY-12.25,CNY
RFUD,2024-12-20,CRZ5,15.428,15.412,15.428,15.412,22871408.0,30840.0,2.0,1484,15.412,0.0,15.42,-0.34,1.0,2,CNY-12.25,CNY
RFUD,2024-12-23,CRZ5,15.463,15.062,15.463,15.164,22407156.0,320830.0,21.0,1476,15.181,0.0,15.278,-1.61,1.0,17,CNY-12.25,CNY
RFUD,2024-12-24,CRZ5,15.265,15.1,15.265,15.144,22352544.0,151912.0,10.0,1476,15.144,0.0,15.191,-0.13,1.0,9,CNY-12.25,CNY
RFUD,2024-12-25,CRZ5,15.185,15.118,16.069,15.246,27656244.0,4983042.0,321.0,1814,15.246,0.0,15.523,0.67,2.0,88,CNY-12.25,CNY
RFUD,2024-12-26,CRZ5,15.213,15.163,15.346,15.164,27491664.0,381099.0,25.0,1812,15.172,0.0,15.244,-0.54,1.0,15,CNY-12.25,CNY
RFUD,2024-12-27,CRZ5,15.12,15.063,15.23,15.097,27032580.0,1940364.0,128.0,1790,15.102,0.0,15.159,-0.44,5.0,34,CNY-12.25,CNY
RFUD,2024-12-28,CRZ5,15.103,15.065,15.402,15.402,26824464.0,729968.0,48.0,1744,15.381,0.0,15.208,2.02,1.0,26,CNY-12.25,CNY
RFUD,2024-12-30,CRZ5,15.345,15.313,15.408,15.408,26809920.0,138359.0,9.0,1740,15.408,0.0,15.373,0.04,2.0,8,CNY-12.25,CNY
RFUD,2025-01-03,CRZ5,,,,,26769900.0,,,1740,15.385,0.0,,,,0,CNY-12.25,CNY
RFUD,2025-01-06,CRZ5,15.346,15.295,15.425,15.295,26827430.0,153594.0,10.0,1754,15.295,0.0,15.359,,1.0,8,CNY-12.25,CNY
RFUD,2025-01-08,CRZ5,15.177,15.073,15.297,15.189,26945286.0,909936.0,60.0,1774,15.189,0.0,15.166,-0.69,1.0,14,CNY-12.25,CNY
RFUD,2025-01-09,CRZ5,15.337,15.225,15.354,15.225,26704650.0,398121.0,26.0,1754,15.225,0.0,15.312,0.24,8.0,4,CNY-12.25,CNY
RFUD,2025-01-10,CRZ5,15.424,15.421,15.449,15.421,27048434.0,123470.0,8.0,1754,15.421,0.0,15.434,1.29,1.0,6,CNY-12.25,CNY
RFUD,2025-01-13,CRZ5,15.536,15.394,15.66,15.639,27086748.0,607188.0,39.0,1732,15.639,0.0,15.569,1.41,1.0,21,CNY-12.25,CNY
RFUD,2025-01-14,CRZ5,15.662,15.612,15.814,15.612,27293656.0,251561.0,16.0,1742,15.668,0.0,15.723,-0.17,1.0,10,CNY-12.25,CNY
RFUD,2025-01-15,CRZ5,15.746,15.701,15.8,15.784,26453984.0,725522.0,46.0,1676,15.784,0.0,15.772,1.1,1.0,17,CNY-12.25,CNY
RFUD,2025-01-16,CRZ5,15.765,15.189,15.774,15.649,21157448.0,4073265.0,263.0,1352,15.649,0.0,15.488,-0.85,1.0,69,CNY-12.25,CNY
RFUD,2025-01-17,CRZ5,15.601,15.465,15.601,15.465,21001470.0,93469.0,6.0,1358,15.465,0.0,15.578,-1.18,1.0,5,CNY-12.25,CNY
RFUD,2025-01-20,CRZ5,15.448,15.412,15.563,15.412,21316992.0,433025.0,28.0,1376,15.492,0.0,15.465,-0.34,6.0,15,CNY-12.25,CNY
RFUD,2025-01-21,CRZ5,15.489,15.411,15.518,15.411,22068552.0,555156.0,36.0,1432,15.411,0.0,15.421,-0.01,1.0,27,CNY-12.25,CNY
RFUD,2025-01-22,CRZ5,15.411,15.303,15.411,15.353,22906676.0,800546.0,52.0,1492,15.353,0.0,15.395,-0.38,1.0,25,CNY-12.25,CNY
RFUD,2025-01-23,CRZ5,15.444,15.444,15.486,15.45,23453100.0,231774.0,15.0,1518,15.45,0.0,15.452,0.63,9.0,6,CNY-12.25,CNY
RFUD,2025-01-24,CRZ5,15.45,15.38,15.512,15.397,23889936.0,292761.0,19.0,1552,15.393,0.0,15.408,-0.34,1.0,8,CNY-12.25,CNY
RFUD,2025-01-27,CRZ5,15.396,15.088,15.396,15.25,24522000.0,1415642.0,93.0,1608,15.25,0.0,15.222,-0.95,3.0,44,CNY-12.25,CNY
RFUD,2025-01-28,CRZ5,15.323,15.19,15.469,15.197,25758964.0,904213.0,59.0,1694,15.206,0.0,15.326,-0.35,1.0,29,CNY-12.25,CNY
RFUD,2025-01-29,CRZ5,15.305,15.188,15.319,15.23,26713420.0,1582583.0,104.0,1754,15.23,0.0,15.217,0.22,3.0,43,CNY-12.25,CNY
RFUD,2025-01-30,CRZ5,15.199,15.15,15.302,15.15,27088200.0,851422.0,56.0,1788,15.15,0.0,15.204,-0.53,1.0,21,CNY-12.25,CNY
RFUD,2025-01-31,CRZ5,15.1,14.999,15.194,15.194,25222040.0,2915516.0,194.0,1660,15.194,0.0,15.028,0.29,1.0,55,CNY-12.25,CNY
RFUD,2025-02-03,CRZ5,15.194,15.111,15.23,15.145,25539280.0,698538.0,46.0,1690,15.112,0.0,15.186,-0.32,1.0,23,CNY-12.25,CNY
RFUD,2025-02-04,CRZ5,15.067,15.008,15.19,15.151,27271800.0,1272091.0,84.0,1800,15.151,0.0,15.144,0.04,9.0,27,CNY-12.25,CNY
RFUD,2025-02-05,CRZ5,15.17,14.82,15.178,14.862,27528192.0,1031887.0,69.0,1854,14.848,0.0,14.955,-1.91,8.0,32,CNY-12.25,CNY
RFUD,2025-02-06,CRZ5,14.859,14.689,15.068,15.068,27996344.0,2194497.0,148.0,1858,15.068,0.0,14.828,1.39,20.0,70,CNY-12.25,CNY
RFUD,2025-02-07,CRZ5,15.071,14.921,15.183,15.082,29026044.0,1961861.0,130.0,1922,15.102,0.0,15.091,0.09,5.0,33,CNY-12.25,CNY
RFUD,2025-02-10,CRZ5,15.17,14.889,15.17,14.889,29152662.0,1007186.0,67.0,1958,14.889,0.0,15.033,-1.28,1.0,32,CNY-12.25,CNY
RFUD,2025-02-11,CRZ5,14.919,14.792,14.92,14.823,30238920.0,830617.0,56.0,2040,14.823,0.0,14.832,-0.44,1.0,28,CNY-12.25,CNY
RFUD,2025-02-12,CRZ5,14.737,14.605,14.8,14.633,32645232.0,2686208.0,183.0,2232,14.626,0.0,14.679,-1.28,3.0,57,CNY-12.25,CNY
RFUD,2025-02-13,CRZ5,14.61,14.145,14.686,14.388,31368792.0,7345553.0,512.0,2184,14.363,0.0,14.347,-1.67,5.0,187,CNY-12.25,CNY
RFUD,2025-02-14,CRZ5,14.29,14.163,14.57,14.478,31845324.0,2556528.0,178.0,2202,14.462,0.0,14.363,0.63,2.0,87,CNY-12.25,CNY
RFUD,2025-02-17,CRZ5,14.477,14.247,14.5,14.301,32806494.0,4838210.0,337.0,2294,14.301,0.0,14.357,-1.22,1.0,108,CNY-12.25,CNY
RFUD,2025-02-18,CRZ5,14.341,14.248,14.454,14.397,33689670.0,2896172.0,202.0,2342,14.385,0.0,14.337,0.67,1.0,68,CNY-12.25,CNY
RFUD,2025-02-19,CRZ5,14.415,14.202,14.415,14.322,36316242.0,2314998.0,162.0,2538,14.309,0.0,14.29,-0.52,24.0,67,CNY-12.25,CNY
RFUD,2025-02-20,CRZ5,14.229,13.802,14.229,13.884,35237592.0,4522517.0,323.0,2538,13.884,0.0,14.002,-3.06,1.0,117,CNY-12.25,CNY
RFUD,2025-02-21,CRZ5,13.884,13.8,14.102,14.03,36657972.0,3238591.0,232.0,2628,13.949,0.0,13.959,1.05,1.0,53,CNY-12.25,CNY
RFUD,2025-02-24,CRZ5,14.024,13.884,14.024,13.91,36694580.0,626508.0,45.0,2638,13.91,0.0,13.922,-0.85,3.0,14,CNY-12.25,CNY
RFUD,2025-02-25,CRZ5,13.8,13.501,14.0,13.595,41709460.0,8658097.0,631.0,3068,13.595,0.0,13.721,-2.27,1.0,169,CNY-12.25,CNY
RFUD,2025-02-26,CRZ5,13.501,13.487,13.823,13.726,43569498.0,1819372.0,134.0,3174,13.727,0.0,13.577,0.96,1.0,58,CNY-12.25,CNY
RFUD,2025-02-27,CRZ5,13.87,13.748,13.997,13.875,44705250.0,1899039.0,137.0,3222,13.875,0.0,13.862,1.09,1.0,75,CNY-12.25,CNY
RFUD,2025-02-28,CRZ5,13.908,13.875,14.05,14.0,47880000.0,2335361.0,167.0,3420,14.0,0.0,13.984,0.9,2.0,62,CNY-12.25,CNY
RFUD,2025-03-03,CRZ5,13.901,13.9,14.091,13.976,48405936.0,1204978.0,86.0,3464,13.974,0.0,14.011,-0.17,1.0,43,CNY-12.25,CNY
RFUD,2025-03-04,CRZ5,13.97,13.869,14.065,14.017,50124792.0,1878369.0,134.0,3576,14.017,0.0,14.018,0.29,1.0,49,CNY-12.25,CNY
RFUD,2025-03-05,CRZ5,13.948,13.901,14.119,14.053,50225422.0,309295.0,22.0,3574,14.053,0.0,14.059,0.26,1.0,16,CNY-12.25,CNY
RFUD,2025-03-06,CRZ5,14.041,14.0,14.109,14.0,50478428.0,575370.0,41.0,3602,14.014,0.0,14.033,-0.38,1.0,13,CNY-12.25,CNY
RFUD,2025-03-07,CRZ5,13.91,13.497,14.197,14.0,57120000.0,9396755.0,673.0,4080,14.0,0.0,13.962,0.0,1.0,118,CNY-12.25,CNY
RFUD,2025-03-10,CRZ5,13.994,13.66,13.994,13.68,59754240.0,4609442.0,333.0,4368,13.68,0.0,13.842,-2.29,1.0,236,CNY-12.25,CNY
RFUD,2025-03-11,CRZ5,13.66,13.491,13.694,13.6,61444800.0,2496634.0,184.0,4518,13.6,0.0,13.569,-0.58,10.0,89,CNY-12.25,CNY
RFUD,2025-03-12,CRZ5,13.618,13.579,13.765,13.765,63753600.0,2624167.0,192.0,4640,13.74,0.0,13.668,1.21,1.0,109,CNY-12.25,CNY
RFUD,2025-03-13,CRZ5,13.715,13.552,13.899,13.559,66954342.0,4717051.0,344.0,4938,13.559,0.0,13.712,-1.5,1.0,151,CNY-12.25,CNY
RFUD,2025-03-14,CRZ5,13.51,13.4,13.6,13.47,66945900.0,971916.0,72.0,4970,13.47,0.0,13.499,-0.66,2.0,53,CNY-12.25,CNY
RFUD,2025-03-17,CRZ5,13.514,13.1,13.526,13.1,81253788.0,11093088.0,838.0,6204,13.097,0.0,13.238,-2.75,5.0,159,CNY-12.25,CNY
RFUD,2025-03-18,CRZ5,13.065,12.801,13.18,12.977,171502056.0,50684184.0,3903.0,13224,12.969,0.0,12.986,-0.94,1.0,370,CNY-12.25,CNY
RFUD,2025-03-19,CRZ5,12.951,12.818,13.305,13.219,187471858.0,11185663.0,851.0,14182,13.219,0.0,13.144,1.86,20.0,157,CNY-12.25,CNY
RFUD,2025-03-20,CRZ5,13.286,13.15,13.336,13.219,193981450.0,7189123.0,543.0,14690,13.205,0.0,13.24,0.0,11.0,184,CNY-12.25,CNY
RFUD,2025-03-21,CRZ5,13.21,13.07,13.295,13.07,197068608.0,3581170.0,272.0,15048,13.096,0.0,13.166,-1.13,20.0,81,CNY-12.25,CNY
RFUD,2025-03-24,CRZ5,13.109,12.969,13.299,13.236,249445656.0,44980960.0,3410.0,18846,13.236,0.0,13.191,1.27,1.0,857,CNY-12.25,CNY
RFUD,2025-03-25,CRZ5,13.103,13.039,13.299,13.085,316431360.0,46747581.0,3553.0,24192,13.08,0.0,13.157,-1.14,1.0,677,CNY-12.25,CNY
RFUD,2025-03-26,CRZ5,13.065,12.93,13.139,12.93,490721024.0,99786042.0,7663.0,37958,12.928,0.0,13.022,-1.19,1.0,1008,CNY-12.25,CNY
RFUD,2025-03-27,CRZ5,12.915,12.821,13.031,12.878,495854512.0,22732071.0,1754.0,38504,12.878,0.0,12.959,-0.4,9.0,288,CNY-12.25,CNY
RFUD,2025-03-28,CRZ5,12.885,12.846,13.206,13.155,511176990.0,12176804.0,931.0,38858,13.155,0.0,13.079,2.15,1.0,245,CNY-12.25,CNY
RFUD,2025-03-31,CRZ5,13.175,13.077,13.284,13.166,518083904.0,10848753.0,824.0,39416,13.144,0.0,13.166,0.08,9.0,224,CNY-12.25,CNY
RFUD,2025-04-01,CRZ5,13.158,12.844,13.171,12.868,510602240.0,42974485.0,3309.0,39680,12.868,0.0,12.987,-2.26,5.0,438,CNY-12.25,CNY
RFUD,2025-04-02,CRZ5,12.869,12.778,12.989,12.943,511252200.0,9265398.0,717.0,39540,12.93,0.0,12.922,0.58,1.0,231,CNY-12.25,CNY
RFUD,2025-04-03,CRZ5,12.917,12.781,12.953,12.953,508871558.0,12193550.0,947.0,39286,12.953,0.0,12.876,0.08,8.0,299,CNY-12.25,CNY
RFUD,2025-04-04,CRZ5,12.953,12.916,13.198,13.149,514415178.0,21472339.0,1643.0,39122,13.149,0.0,13.069,1.51,3.0,366,CNY-12.25,CNY
RFUD,2025-04-07,CRZ5,13.203,12.949,13.248,12.951,504402688.0,28501239.0,2179.0,38944,12.952,0.0,13.08,-1.51,1.0,336,CNY-12.25,CNY
RFUD,2025-04-08,CRZ5,13.024,12.86,13.025,12.947,504960204.0,9189303.0,711.0,38972,12.957,0.0,12.924,-0.03,1.0,229,CNY-12.25,CNY
RFUD,2025-04-09,CRZ5,12.949,12.895,13.053,12.895,502724470.0,13779378.0,1062.0,38986,12.895,0.0,12.975,-0.4,1.0,275,CNY-12.25,CNY
RFUD,2025-04-10,CRZ5,12.871,12.709,12.906,12.823,503020644.0,18693434.0,1459.0,39228,12.823,0.0,12.812,-0.56,1.0,435,CNY-12.25,CNY
RFUD,2025-04-11,CRZ5,12.828,12.531,12.903,12.582,494508786.0,14926372.0,1174.0,39306,12.581,0.0,12.714,-1.88,1.0,371,CNY-12.25,CNY
RFUD,2025-04-14,CRZ5,12.61,12.454,12.661,12.485,490933386.0,14841180.0,1182.0,39366,12.471,0.0,12.556,-0.77,1.0,377,CNY-12.25,CNY
RFUD,2025-04-15,CRZ5,12.461,12.35,12.633,12.491,513355118.0,23298156.0,1871.0,41098,12.491,0.0,12.452,0.05,1.0,471,CNY-12.25,CNY
RFUD,2025-04-16,CRZ5,12.491,12.481,12.643,12.569,551125512.0,28128836.0,2233.0,43848,12.569,0.0,12.597,0.62,1.0,250,CNY-12.25,CNY
RFUD,2025-04-17,CRZ5,12.591,12.25,12.623,12.287,639039312.0,70063792.0,5641.0,51984,12.293,0.0,12.42,-2.24,1.0,857,CNY-12.25,CNY
RFUD,2025-04-18,CRZ5,12.239,12.149,12.473,12.267,666815248.0,77467016.0,6311.0,54514,12.232,0.0,12.275,-0.16,43.0,994,CNY-12.25,CNY
RFUD,2025-04-21,CRZ5,12.201,12.158,12.337,12.327,674881418.0,8844508.0,722.0,54766,12.323,0.0,12.25,0.49,1.0,190,CNY-12.25,CNY
RFUD,2025-04-22,CRZ5,12.315,12.216,12.391,12.344,728494560.0,40707909.0,3303.0,59040,12.339,0.0,12.325,0.14,2.0,360,CNY-12.25,CNY
RFUD,2025-04-23,CRZ5,12.331,12.272,12.608,12.593,771657200.0,28041171.0,2237.0,61340,12.58,0.0,12.535,2.02,150.0,423,CNY-12.25,CNY
RFUD,2025-04-24,CRZ5,12.62,12.51,12.665,12.547,775605352.0,12689586.0,1009.0,61816,12.547,0.0,12.576,-0.36,12.0,255,CNY-12.25,CNY
RFUD,2025-04-25,CRZ5,12.556,12.497,12.579,12.514,793632600.0,30224109.0,2412.0,63450,12.508,0.0,12.531,-0.26,1.0,205,CNY-12.25,CNY
RFUD,2025-04-28,CRZ5,12.501,12.35,12.574,12.37,843757700.0,45044426.0,3619.0,68210,12.37,0.0,12.447,-1.15,1.0,467,CNY-12.25,CNY
RFUD,2025-04-29,CRZ5,12.426,12.324,12.426,12.331,859717320.0,19049352.0,1540.0,69720,12.331,0.0,12.37,-0.32,1.0,183,CNY-12.25,CNY
RFUD,2025-04-30,CRZ5,12.327,12.268,12.426,12.275,1268793100.0,246195822.0,19994.0,103364,12.275,0.0,12.313,-0.45,10.0,719,CNY-12.25,CNY
RFUD,2025-05-02,CRZ5,12.287,11.874,12.597,12.529,1386057960.0,120250980.0,9622.0,110796,12.51,0.0,12.498,2.07,5.0,876,CNY-12.25,CNY
RFUD,2025-05-05,CRZ5,12.378,12.289,12.6,12.315,1415559990.0,73690084.0,5945.0,114946,12.315,0.0,12.395,-1.71,1.0,1178,CNY-12.25,CNY
RFUD,2025-05-06,CRZ5,12.306,12.272,12.386,12.347,1450136468.0,37979523.0,3078.0,117458,12.346,0.0,12.339,0.26,9.0,619,CNY-12.25,CNY
RFUD,2025-05-07,CRZ5,12.341,12.233,12.364,12.328,1452520260.0,63744474.0,5180.0,117756,12.335,0.0,12.306,-0.15,5.0,1630,CNY-12.25,CNY
RFUD,2025-05-08,CRZ5,12.337,12.276,12.489,12.329,1448879422.0,67647370.0,5461.0,117518,12.329,0.0,12.387,0.01,1.0,431,CNY-12.25,CNY
RFUD,2025-05-12,CRZ5,12.347,12.201,12.358,12.209,1688471088.0,189313925.0,15458.0,138218,12.216,0.0,12.247,-0.97,2.0,959,CNY-12.25,CNY
RFUD,2025-05-13,CRZ5,12.23,12.19,12.269,12.207,1689912666.0,34774117.0,2842.0,138438,12.207,0.0,12.236,-0.02,2.0,378,CNY-12.25,CNY
RFUD,2025-05-14,CRZ5,12.193,12.17,12.241,12.223,1721829564.0,30150234.0,2470.0,140868,12.223,0.0,12.207,0.13,15.0,340,CNY-12.25,CNY
RFUD,2025-05-15,CRZ5,12.22,12.183,12.293,12.19,1717741660.0,19633798.0,1607.0,140914,12.19,0.0,12.218,-0.27,6.0,329,CNY-12.25,CNY
RFUD,2025-05-16,CRZ5,12.215,12.188,12.301,12.275,1737305300.0,61978923.0,5052.0,141532,12.275,0.0,12.268,0.7,1.0,505,CNY-12.25,CNY
RFUD,2025-05-19,CRZ5,12.272,12.169,12.294,12.176,1762866950.0,49895512.0,4086.0,144794,12.175,0.0,12.211,-0.81,20.0,374,CNY-12.25,CNY
RFUD,2025-05-20,CRZ5,12.199,12.176,12.318,12.257,1844492480.0,44776090.0,3649.0,150448,12.26,0.0,12.271,0.66,1.0,319,CNY-12.25,CNY
RFUD,2025-05-21,CRZ5,12.267,12.116,12.3,12.12,1939723136.0,79817719.0,6562.0,160096,12.116,0.0,12.164,-1.12,1.0,492,CNY-12.25,CNY
RFUD,2025-05-22,CRZ5,12.13,12.045,12.216,12.134,1972182240.0,43559314.0,3598.0,162480,12.138,0.0,12.107,0.12,2.0,549,CNY-12.25,CNY
RFUD,2025-05-23,CRZ5,12.124,12.087,12.19,12.098,1980533706.0,36720791.0,3022.0,163694,12.099,0.0,12.151,-0.3,45.0,217,CNY-12.25,CNY
RFUD,2025-05-26,CRZ5,12.098,12.098,12.215,12.153,1994967936.0,17788319.0,1463.0,163952,12.168,0.0,12.159,0.46,10.0,252,CNY-12.25,CNY
RFUD,2025-05-27,CRZ5,12.18,12.158,12.221,12.194,2007864040.0,25387584.0,2083.0,164660,12.194,0.0,12.188,0.34,1.0,155,CNY-12.25,CNY
RFUD,2025-05-28,CRZ5,12.234,12.102,12.234,12.119,1993199168.0,28462378.0,2345.0,164564,12.112,0.0,12.137,-0.61,10.0,218,CNY-12.25,CNY
RFUD,2025-05-29,CRZ5,12.102,11.927,12.111,11.961,1973182248.0,54373237.0,4530.0,164968,11.961,0.0,12.003,-1.3,1.0,826,CNY-12.25,CNY
RFUD,2025-05-30,CRZ5,11.95,11.92,12.07,12.015,1988290260.0,55900347.0,4669.0,165484,12.015,0.0,11.973,0.45,5.0,417,CNY-12.25,CNY
RFUD,2025-06-02,CRZ5,12.002,11.978,12.083,11.991,2020195716.0,109435908.0,9098.0,168476,11.991,0.0,12.029,-0.2,4.0,566,CNY-12.25,CNY
RFUD,2025-06-03,CRZ5,11.972,11.944,12.037,12.011,2047226906.0,44332134.0,3701.0,170446,12.011,0.0,11.978,0.17,4.0,540,CNY-12.25,CNY
RFUD,2025-06-04,CRZ5,11.994,11.911,12.21,12.115,2217545528.0,203179122.0,16797.0,182996,12.118,0.0,12.096,0.87,10.0,1143,CNY-12.25,CNY
RFUD,2025-06-05,CRZ5,12.127,12.041,12.161,12.062,2889862208.0,372468630.0,30731.0,239584,12.062,0.0,12.12,-0.44,1.0,762,CNY-12.25,CNY
RFUD,2025-06-06,CRZ5,12.062,11.939,12.16,12.045,2923067700.0,82963847.0,6900.0,242076,12.075,0.0,12.024,-0.14,1.0,792,CNY-12.25,CNY
RFUD,2025-06-09,CRZ5,12.048,11.99,12.072,12.015,2932164630.0,38313478.0,3187.0,244042,12.015,0.0,12.022,-0.25,8.0,366,CNY-12.25,CNY
RFUD,2025-06-10,CRZ5,12.014,11.834,12.026,11.835,3045997620.0,196446056.0,16461.0,257372,11.835,0.0,11.934,-1.5,3.0,935,CNY-12.25,CNY
RFUD,2025-06-11,CRZ5,11.832,11.796,12.017,11.958,3215864940.0,214850837.0,18007.0,268930,11.958,0.0,11.932,1.04,2.0,1297,CNY-12.25,CNY
RFUD,2025-06-13,CRZ5,11.959,11.856,12.017,11.892,3234885624.0,208703946.0,17488.0,272022,11.892,0.0,11.934,-0.55,5.0,1141,CNY-12.25,CNY
RFUD,2025-06-16,CRZ5,11.899,11.785,11.899,11.861,3248186130.0,112032734.0,9442.0,273762,11.865,0.0,11.865,-0.26,1.0,1019,CNY-12.25,CNY
RFUD,2025-06-17,CRZ5,11.861,11.446,11.911,11.86,3278538180.0,146888913.0,12381.0,276390,11.862,0.0,11.864,-0.01,1.0,1412,CNY-12.25,CNY
RFUD,2025-06-18,CRZ5,11.86,11.8,11.87,11.84,3407409920.0,166539698.0,14069.0,287788,11.84,0.0,11.836,-0.17,1.0,1613,CNY-12.25,CNY
RFUD,2025-06-19,CRZ5,11.843,11.789,11.866,11.809,4615949156.0,905091055.0,76536.0,390884,11.809,0.0,11.827,-0.26,1.0,3004,CNY-12.25,CNY
RFUD,2025-06-20,CRZ5,11.81,11.799,11.893,11.813,5559154236.0,940783842.0,79363.0,470676,11.811,0.0,11.855,0.03,4.0,10351,CNY-12.25,CNY
RFUD,2025-06-23,CRZ5,11.821,11.763,11.827,11.793,5881178904.0,428261394.0,36306.0,498574,11.796,0.0,11.795,-0.17,39.0,5509,CNY-12.25,CNY
RFUD,2025-06-24,CRZ5,11.797,11.768,11.93,11.837,6085394928.0,568556968.0,47938.0,514056,11.838,0.0,11.861,0.37,1.0,7624,CNY-12.25,CNY
RFUD,2025-06-25,CRZ5,11.832,11.783,11.874,11.799,6146547462.0,230344729.0,19495.0,520938,11.799,0.0,11.815,-0.32,100.0,3247,CNY-12.25,CNY
RFUD,2025-06-26,CRZ5,11.799,11.796,11.872,11.843,6326706920.0,328398672.0,27749.0,534260,11.842,0.0,11.836,0.37,250.0,2927,CNY-12.25,CNY
RFUD,2025-06-27,CRZ5,11.844,11.815,11.854,11.819,6312896280.0,291543537.0,24644.0,534312,11.815,0.0,11.83,-0.2,5.0,2302,CNY-12.25,CNY
RFUD,2025-06-30,CRZ5,11.815,11.761,11.873,11.788,6582451104.0,335899754.0,28463.0,558024,11.796,0.0,11.801,-0.26,1.0,2797,CNY-12.25,CNY
RFUD,2025-07-01,CRZ5,11.79,11.768,11.842,11.804,6832521510.0,350909724.0,29734.0,578782,11.805,0.0,11.8,0.14,15.0,2309,CNY-12.25,CNY
RFUD,2025-07-02,CRZ5,11.81,11.787,11.836,11.821,7527423664.0,781029932.0,66058.0,636784,11.821,0.0,11.824,0.14,31.0,3557,CNY-12.25,CNY
RFUD,2025-07-03,CRZ5,11.822,11.814,11.883,11.832,8132655238.0,597885650.0,50482.0,687286,11.833,0.0,11.844,0.09,1.0,4547,CNY-12.25,CNY
RFUD,2025-07-04,CRZ5,11.83,11.807,11.864,11.82,9301418040.0,1271907472.0,107422.0,786922,11.82,0.0,11.84,-0.1,1.0,6124,CNY-12.25,CNY
RFUD,2025-07-07,CRZ5,11.814,11.666,11.851,11.674,9720838500.0,1077994912.0,91536.0,832620,11.675,0.0,11.777,-1.23,1.0,9130,CNY-12.25,CNY
RFUD,2025-07-08,CRZ5,11.677,11.631,11.696,11.654,11190357264.0,1521763556.0,130381.0,960216,11.654,0.0,11.672,-0.17,1.0,11126,CNY-12.25,CNY
RFUD,2025-07-09,CRZ5,11.66,11.592,11.698,11.642,11883773248.0,838079227.0,71958.0,1020592,11.644,0.0,11.647,-0.1,1.0,9989,CNY-12.25,CNY
RFUD,2025-07-10,CRZ5,11.642,11.601,11.679,11.618,14361637172.0,1818431735.0,156516.0,1236154,11.618,0.0,11.619,-0.21,60.0,8433,CNY-12.25,CNY
RFUD,2025-07-11,CRZ5,11.622,11.57,11.747,11.73,15287183826.0,1730612732.0,148582.0,1302922,11.733,0.0,11.652,0.96,10.0,14310,CNY-12.25,CNY
RFUD,2025-07-14,CRZ5,11.742,11.63,11.777,11.653,16586852942.0,1739367941.0,148996.0,1423642,11.651,0.0,11.674,-0.66,25.0,12223,CNY-12.25,CNY
RFUD,2025-07-15,CRZ5,11.641,11.596,11.651,11.61,17588215450.0,1183276295.0,101910.0,1515050,11.609,0.0,11.61,-0.37,10.0,6413,CNY-12.25,CNY
RFUD,2025-07-16,CRZ5,11.611,11.585,11.625,11.596,17938084320.0,773808982.0,66725.0,1546920,11.596,0.0,11.597,-0.12,5.0,6733,CNY-12.25,CNY
RFUD,2025-07-17,CRZ5,11.598,11.585,11.667,11.622,17375608500.0,1524514542.0,131191.0,1494676,11.625,0.0,11.622,0.22,1.0,5991,CNY-12.25,CNY
RFUD,2025-07-18,CRZ5,11.618,11.61,11.71,11.683,16119619250.0,1248548995.0,107125.0,1379750,11.683,0.0,11.657,0.53,30.0,5866,CNY-12.25,CNY
RFUD,2025-07-21,CRZ5,11.684,11.588,11.695,11.594,16613839872.0,764186570.0,65765.0,1433216,11.592,0.0,11.62,-0.76,10.0,3886,CNY-12.25,CNY
RFUD,2025-07-22,CRZ5,11.596,11.586,11.687,11.678,16136352884.0,1972666858.0,169716.0,1381892,11.677,0.0,11.632,0.73,14.0,9535,CNY-12.25,CNY
RFUD,2025-07-23,CRZ5,11.68,11.659,11.723,11.677,16929339684.0,1133062940.0,96899.0,1449678,11.678,0.0,11.693,-0.01,5.0,7361,CNY-12.25,CNY
RFUD,2025-07-24,CRZ5,11.681,11.678,11.869,11.784,25166301820.0,5996413258.0,508163.0,2135452,11.785,0.0,11.788,0.92,3.0,13939,CNY-12.25,CNY
RFUD,2025-07-25,CRZ5,11.786,11.735,11.827,11.782,36109944880.0,9510373990.0,807810.0,3064840,11.782,0.0,11.79,-0.02,1.0,12647,CNY-12.25,CNY
RFUD,2025-07-28,CRZ5,11.785,11.737,12.089,12.071,36853945370.0,1939358428.0,162849.0,3054110,12.067,0.0,11.911,2.45,1.0,14517,CNY-12.25,CNY
RFUD,2025-07-29,CRZ5,12.071,12.059,12.25,12.158,39705807502.0,4429073840.0,364278.0,3266086,12.157,0.0,12.159,0.72,6.0,28909,CNY-12.25,CNY
RFUD,2025-07-30,CRZ5,12.153,11.891,12.201,11.929,41342603760.0,3718740769.0,308686.0,3465432,11.93,0.0,12.043,-1.88,10.0,20551,CNY-12.25,CNY
RFUD,2025-07-31,CRZ5,11.928,11.755,11.951,11.807,44396922816.0,4644738853.0,392417.0,3759902,11.808,0.0,11.835,-1.02,50.0,24321,CNY-12.25,CNY
RFUD,2025-08-01,CRZ5,11.801,11.728,11.822,11.735,46516058496.0,3095526408.0,262681.0,3963536,11.736,0.0,11.784,-0.61,34.0,14999,CNY-12.25,CNY
RFUD,2025-08-04,CRZ5,11.731,11.714,11.786,11.741,47646246028.0,2204171729.0,187771.0,4058108,11.741,0.0,11.739,0.05,5.0,14866,CNY-12.25,CNY
RFUD,2025-08-05,CRZ5,11.741,11.73,11.816,11.767,47959884336.0,2217008450.0,188375.0,4077528,11.762,0.0,11.769,0.22,1.0,15160,CNY-12.25,CNY
RFUD,2025-08-06,CRZ5,11.761,11.757,11.81,11.776,46597560750.0,4193436201.0,355756.0,3957330,11.775,0.0,11.79,0.08,2.0,10113,CNY-12.25,CNY
RFUD,2025-08-07,CRZ5,11.789,11.609,11.792,11.678,47880879550.0,3035377841.0,259762.0,4101146,11.675,0.0,11.68,-0.83,1.0,20370,CNY-12.25,CNY
RFUD,2025-08-08,CRZ5,11.677,11.651,11.762,11.697,50066178050.0,2957055085.0,252824.0,4280990,11.695,0.0,11.696,0.16,1.0,20564,CNY-12.25,CNY
RFUD,2025-08-11,CRZ5,11.7,11.622,11.714,11.639,49976396176.0,1091210271.0,93502.0,4293136,11.641,0.0,11.67,-0.5,23.0,9138,CNY-12.25,CNY
RFUD,2025-08-12,CRZ5,11.643,11.618,11.704,11.65,50345300544.0,954130225.0,81749.0,4321856,11.649,0.0,11.671,0.1,14.0,8340,CNY-12.25,CNY
RFUD,2025-08-13,CRZ5,11.66,11.655,11.698,11.679,50562361860.0,473217093.0,40528.0,4329340,11.679,0.0,11.677,0.25,20.0,3952,CNY-12.25,CNY
RFUD,2025-08-14,CRZ5,11.68,11.664,11.725,11.665,50341589840.0,917810003.0,78494.0,4315240,11.666,0.0,11.693,-0.12,2.0,8970,CNY-12.25,CNY
RFUD,2025-08-15,CRZ5,11.675,11.675,11.801,11.713,51145345440.0,1754129007.0,149687.0,4367664,11.71,0.0,11.719,0.41,2.0,14729,CNY-12.25,CNY
RFUD,2025-08-18,CRZ5,11.714,11.703,11.787,11.777,51145640480.0,1297811121.0,110424.0,4345424,11.77,0.0,11.754,0.55,5.0,8520,CNY-12.25,CNY
RFUD,2025-08-19,CRZ5,11.775,11.709,11.778,11.741,51874265352.0,1122732419.0,95565.0,4418968,11.739,0.0,11.746,-0.31,20.0,6692,CNY-12.25,CNY
RFUD,2025-08-20,CRZ5,11.741,11.69,11.749,11.722,52681700208.0,866064102.0,73831.0,4493492,11.724,0.0,11.73,-0.16,4.0,5061,CNY-12.25,CNY
RFUD,2025-08-21,CRZ5,11.731,11.717,11.767,11.752,53227340628.0,1366046950.0,116355.0,4530372,11.749,0.0,11.741,0.26,1.0,6525,CNY-12.25,CNY
RFUD,2025-08-22,CRZ5,11.749,11.739,11.824,11.811,54609882780.0,2068866539.0,175645.0,4625996,11.805,0.0,11.779,0.5,26.0,10458,CNY-12.25,CNY
RFUD,2025-08-25,CRZ5,11.814,11.718,11.859,11.733,55857788336.0,2796001752.0,236910.0,4761148,11.732,0.0,11.802,-0.66,5.0,15512,CNY-12.25,CNY
RFUD,2025-08-26,CRZ5,11.731,11.708,11.802,11.8,57114029600.0,1561430297.0,132866.0,4840172,11.8,0.0,11.752,0.57,1.0,10073,CNY-12.25,CNY
RFUD,2025-08-27,CRZ5,11.798,11.734,11.827,11.804,57768272716.0,1897440800.0,161093.0,4894372,11.803,0.0,11.779,0.03,16.0,10834,CNY-12.25,CNY
RFUD,2025-08-28,CRZ5,11.805,11.757,11.823,11.794,60133666804.0,2836688714.0,240714.0,5098666,11.794,0.0,11.784,-0.08,15.0,14886,CNY-12.25,CNY
RFUD,2025-08-29,CRZ5,11.793,11.79,11.839,11.803,61239196080.0,3110429496.0,263260.0,5185368,11.81,0.0,11.815,0.08,1.0,15548,CNY-12.25,CNY
RFUD,2025-09-01,CRZ5,11.811,11.758,11.822,11.763,74924629920.0,12433819202.0,1052796.0,6371142,11.76,0.0,11.796,-0.34,2.0,25780,CNY-12.25,CNY
RFUD,2025-09-02,CRZ5,11.762,11.74,11.812,11.808,95493138048.0,11734078572.0,995555.0,8087156,11.808,0.0,11.789,0.38,1.0,19719,CNY-12.25,CNY
RFUD,2025-09-03,CRZ5,11.808,11.79,11.87,11.841,115589255040.0,13519040338.0,1141383.0,9762606,11.84,0.0,11.832,0.28,5.0,19661,CNY-12.25,CNY
RFUD,2025-09-04,CRZ5,11.84,11.823,11.91,11.886,137074173760.0,13839187736.0,1164699.0,11533376,11.885,0.0,11.883,0.38,1.0,21264,CNY-12.25,CNY
RFUD,2025-09-05,CRZ5,11.885,11.88,11.93,11.921,144474830206.0,6593626216.0,553751.0,12117322,11.923,0.0,11.906,0.29,45.0,14922,CNY-12.25,CNY
RFUD,2025-09-08,CRZ5,11.92,11.911,12.124,12.1,163066521200.0,12081992492.0,1006794.0,13476572,12.1,0.0,12.006,1.5,1.0,24455,CNY-12.25,CNY
RFUD,2025-09-09,CRZ5,12.1,12.096,12.295,12.292,188441070620.0,20658517665.0,1693508.0,15332878,12.29,0.0,12.223,1.59,1.0,35405,CNY-12.25,CNY
RFUD,2025-09-10,CRZ5,12.29,12.262,12.478,12.431,232223543136.0,34399601661.0,2777685.0,18685512,12.428,0.0,12.404,1.13,25.0,54488,CNY-12.25,CNY
RFUD,2025-09-11,CRZ5,12.427,12.355,12.565,12.449,249254724532.0,26406347054.0,2120878.0,20022068,12.449,0.0,12.452,0.14,1.0,70119,CNY-12.25,CNY
RFUD,2025-09-12,CRZ5,12.447,12.225,12.495,12.245,266584458240.0,40755697187.0,3304971.0,21779776,12.24,0.0,12.331,-1.64,17.0,86196,CNY-12.25,CNY
RFUD,2025-09-15,CRZ5,12.246,12.012,12.27,12.061,277923351240.0,27555426880.0,2274991.0,23045054,12.06,0.0,12.104,-1.5,10.0,91340,CNY-12.25,CNY
RFUD,2025-09-16,CRZ5,12.06,11.991,12.185,12.131,297964042250.0,38332309127.0,3169283.0,24574354,12.125,0.0,12.103,0.58,15.0,102786,CNY-12.25,CNY
RFUD,2025-09-17,CRZ5,12.132,12.113,12.2,12.164,309483658170.0,47871393534.0,3938078.0,25440498,12.165,0.0,12.158,0.27,1.0,92830,CNY-12.25,CNY
RFUD,2025-09-18,CRZ5,12.165,12.083,12.224,12.178,342904202514.0,104497979218.0,8598264.0,28155366,12.179,0.0,12.153,0.11,1.0,139661,CNY-12.25,CNY
RFUD,2025-09-19,CRZ5,12.18,12.15,12.225,12.19,369667381780.0,57960414758.0,4754685.0,30325462,12.19,0.0,12.191,0.1,2453.0,117684,CNY-12.25,CNY
RFUD,2025-09-22,CRZ5,12.187,12.165,12.245,12.187,378640930428.0,62640467553.0,5133879.0,31071798,12.186,0.0,12.202,-0.03,2.0,122589,CNY-12.25,CNY
RFUD,2025-09-23,CRZ5,12.19,12.117,12.221,12.191,385882893336.0,62170015359.0,5106932.0,31653096,12.191,0.0,12.174,0.03,26.0,130509,CNY-12.25,CNY
RFUD,2025-09-24,CRZ5,12.185,12.124,12.27,12.145,402226334876.0,81460532366.0,6690009.0,33124132,12.143,0.0,12.176,-0.38,10.0,143814,CNY-12.25,CNY
RFUD,2025-09-25,CRZ5,12.143,12.102,12.195,12.156,412125778890.0,54959549045.0,4518849.0,33894710,12.159,0.0,12.162,0.09,2.0,122891,CNY-12.25,CNY
RFUD,2025-09-26,CRZ5,12.157,11.999,12.164,12.014,388117916580.0,125240579716.0,10364104.0,32305470,12.014,0.0,12.084,-1.17,1.0,186654,CNY-12.25,CNY
RFUD,2025-09-29,CRZ5,12.013,11.939,12.062,11.952,386464021856.0,50798134177.0,4233984.0,32329264,11.954,0.0,11.998,-0.52,2.0,92742,CNY-12.25,CNY
RFUD,2025-09-30,CRZ5,11.96,11.816,11.995,11.842,372139716330.0,80114091014.0,6730870.0,31443998,11.835,0.0,11.903,-0.92,1.0,150162,CNY-12.25,CNY
RFUD,2025-10-01,CRZ5,11.843,11.661,11.859,11.704,367908610340.0,81278186245.0,6922798.0,31431748,11.705,0.0,11.741,-1.17,2.0,159908,CNY-12.25,CNY
RFUD,2025-10-02,CRZ5,11.703,11.608,11.753,11.674,366023998800.0,76630301255.0,6551850.0,31359150,11.672,0.0,11.696,-0.26,2.0,160402,CNY-12.25,CNY
RFUD,2025-10-03,CRZ5,11.673,11.617,11.887,11.863,378896466624.0,110077827721.0,9338077.0,31958204,11.856,0.0,11.789,1.62,15.0,187443,CNY-12.25,CNY
RFUD,2025-10-06,CRZ5,11.858,11.826,11.958,11.83,378308162960.0,76722480473.0,6446060.0,31978712,11.83,0.0,11.902,-0.28,50.0,145252,CNY-12.25,CNY
RFUD,2025-10-07,CRZ5,11.828,11.663,11.83,11.74,386530743256.0,103202677168.0,8803530.0,32907436,11.746,0.0,11.723,-0.76,38.0,173191,CNY-12.25,CNY
RFUD,2025-10-08,CRZ5,11.741,11.6,11.768,11.631,393881954040.0,87744283139.0,7520358.0,33864840,11.631,0.0,11.668,-0.93,16.0,177800,CNY-12.25,CNY
RFUD,2025-10-09,CRZ5,11.638,11.61,11.736,11.68,388535573760.0,64985720741.0,5553541.0,33265032,11.68,0.0,11.702,0.42,164.0,145940,CNY-12.25,CNY
RFUD,2025-10-10,CRZ5,11.677,11.645,11.765,11.709,375719000868.0,69184645686.0,5911752.0,32088052,11.709,0.0,11.703,0.25,28.0,159550,CNY-12.25,CNY
RFUD,2025-10-13,CRZ5,11.705,11.481,11.748,11.496,375900649544.0,91373291014.0,7881938.0,32704076,11.494,0.0,11.594,-1.82,400.0,164366,CNY-12.25,CNY
RFUD,2025-10-14,CRZ5,11.497,11.367,11.505,11.38,371286122296.0,88088508962.0,7709072.0,32631932,11.378,0.0,11.426,-1.01,471.0,156133,CNY-12.25,CNY
RFUD,2025-10-15,CRZ5,11.372,11.236,11.413,11.29,347463188028.0,114512353678.0,10134161.0,30787098,11.286,0.0,11.3,-0.79,14.0,182552,CNY-12.25,CNY
RFUD,2025-10-16,CRZ5,11.287,11.194,11.56,11.489,357146652200.0,154916139331.0,13601944.0,31077850,11.492,0.0,11.389,1.76,6.0,285178,CNY-12.25,CNY
RFUD,2025-10-17,CRZ5,11.49,11.43,11.748,11.681,366474735680.0,115715044913.0,9948606.0,31365520,11.684,0.0,11.631,1.67,8.0,224396,CNY-12.25,CNY
RFUD,2025-10-20,CRZ5,11.68,11.535,11.71,11.556,370728979190.0,73809526026.0,6353954.0,32083858,11.555,0.0,11.616,-1.07,1.0,175597,CNY-12.25,CNY
RFUD,2025-10-21,CRZ5,11.55,11.54,11.746,11.703,365182050312.0,85107116510.0,7300524.0,31190814,11.708,0.0,11.657,1.27,1.0,197072,CNY-12.25,CNY
RFUD,2025-10-22,CRZ5,11.698,11.62,11.811,11.637,351627772016.0,100604545796.0,8585831.0,30218956,11.636,0.0,11.719,-0.56,60.0,191730,CNY-12.25,CNY
RFUD,2025-10-23,CRZ5,11.639,11.583,11.738,11.647,375736391968.0,100094286658.0,8601797.0,32218864,11.662,0.0,11.637,0.09,1.0,155300,CNY-12.25,CNY
RFUD,2025-10-24,CRZ5,11.65,11.35,11.689,11.369,395168669076.0,137148360345.0,11914290.0,34746212,11.373,0.0,11.512,-2.39,100.0,226720,CNY-12.25,CNY
RFUD,2025-10-27,CRZ5,11.369,11.232,11.425,11.423,419509956810.0,92014532295.0,8145664.0,36770090,11.409,0.0,11.296,0.47,2.0,160540,CNY-12.25,CNY
RFUD,2025-10-28,CRZ5,11.42,11.345,11.497,11.367,414329832612.0,90121769541.0,7897883.0,36450236,11.367,0.0,11.411,-0.49,5.0,167148,CNY-12.25,CNY
RFUD,2025-10-29,CRZ5,11.37,11.335,11.468,11.445,408414432208.0,86094202992.0,7543152.0,35681848,11.446,0.0,11.413,0.69,1.0,172266,CNY-12.25,CNY
RFUD,2025-10-30,CRZ5,11.448,11.432,11.583,11.527,378413541904.0,106549166044.0,9244792.0,32836996,11.524,0.0,11.525,0.72,3.0,209647,CNY-12.25,CNY
RFUD,2025-10-31,CRZ5,11.522,10.945,11.795,11.49,337708585120.0,112021814057.0,9700248.0,29394080,11.489,0.0,11.548,-0.32,47.0,181415,CNY-12.25,CNY
RFUD,2025-11-01,CRZ5,11.48,11.407,11.537,11.51,338797609660.0,32248974042.0,2811132.0,29435066,11.51,0.0,11.472,0.17,2.0,72729,CNY-12.25,CNY
RFUD,2025-11-03,CRZ5,11.516,11.354,11.55,11.373,342053338832.0,32541873196.0,2844874.0,30078556,11.372,0.0,11.439,-1.19,56.0,92129,CNY-12.25,CNY
RFUD,2025-11-05,CRZ5,11.372,11.366,11.621,11.613,343029570840.0,72917495401.0,6312854.0,29546044,11.61,0.0,11.551,2.11,1.0,168473,CNY-12.25,CNY
RFUD,2025-11-06,CRZ5,11.614,11.502,11.65,11.542,335801852466.0,50736142370.0,4386159.0,29096426,11.541,0.0,11.567,-0.61,2.0,138387,CNY-12.25,CNY
RFUD,2025-11-07,CRZ5,11.542,11.461,11.599,11.491,346367064264.0,53554093373.0,4646421.0,30139842,11.492,0.0,11.526,-0.44,29.0,116420,CNY-12.25,CNY
RFUD,2025-11-10,CRZ5,11.494,11.475,11.597,11.55,358928885700.0,63368415352.0,5490781.0,31076094,11.55,0.0,11.541,0.51,10.0,137630,CNY-12.25,CNY
RFUD,2025-11-11,CRZ5,11.555,11.484,11.632,11.519,364928762880.0,65118154067.0,5629769.0,31677844,11.52,0.0,11.567,-0.27,52.0,159661,CNY-12.25,CNY
RFUD,2025-11-12,CRZ5,11.518,11.505,11.569,11.546,375268955050.0,42473538844.0,3681432.0,32504890,11.545,0.0,11.537,0.23,29.0,98803,CNY-12.25,CNY
RFUD,2025-11-13,CRZ5,11.539,11.44,11.543,11.524,422354370000.0,109930180720.0,9576946.0,36646800,11.525,0.0,11.479,-0.19,29.0,189723,CNY-12.25,CNY
RFUD,2025-11-14,CRZ5,11.524,11.506,11.63,11.537,410240181668.0,77388726948.0,6694466.0,35567902,11.534,0.0,11.56,0.11,132.0,172694,CNY-12.25,CNY
RFUD,2025-11-17,CRZ5,11.538,11.493,11.585,11.508,406726402704.0,39514079094.0,3423579.0,35339856,11.509,0.0,11.542,-0.25,11.0,94594,CNY-12.25,CNY
RFUD,2025-11-18,CRZ5,11.515,11.485,11.555,11.525,402333079716.0,38929396731.0,3378379.0,34906566,11.526,0.0,11.523,0.15,4.0,94352,CNY-12.25,CNY
RFUD,2025-11-19,CRZ5,11.526,11.38,11.53,11.404,412101170584.0,50393406438.0,4397331.0,36136546,11.404,0.0,11.46,-1.05,50.0,125397,CNY-12.25,CNY
RFUD,2025-11-20,CRZ5,11.402,11.306,11.458,11.322,407258751900.0,51866127919.0,4553035.0,35980100,11.319,0.0,11.392,-0.72,8.0,137694,CNY-12.25,CNY
RFUD,2025-11-21,CRZ5,11.319,11.122,11.332,11.199,410323592368.0,99071965948.0,8854847.0,36655672,11.194,0.0,11.188,-1.09,20.0,204743,CNY-12.25,CNY
RFUD,2025-11-24,CRZ5,11.202,11.109,11.229,11.126,411476609376.0,58079869404.0,5205831.0,36993312,11.123,0.0,11.157,-0.65,100.0,117597,CNY-12.25,CNY
RFUD,2025-11-25,CRZ5,11.128,11.1,11.275,11.181,403703332752.0,81291134540.0,7257625.0,36106192,11.181,0.0,11.201,0.49,10.0,203425,CNY-12.25,CNY
RFUD,2025-11-26,CRZ5,11.181,11.143,11.219,11.184,402693113160.0,45914637191.0,4109613.0,36019062,11.18,0.0,11.173,0.03,14.0,136564,CNY-12.25,CNY
RFUD,2025-11-27,CRZ5,11.185,11.079,11.195,11.11,378403698636.0,77891353984.0,6994450.0,34072006,11.106,0.0,11.118,-0.66,453.0,117981,CNY-12.25,CNY
RFUD,2025-11-28,CRZ5,11.111,10.976,11.156,10.996,364613606798.0,64562586134.0,5828549.0,33155734,10.997,0.0,11.077,-1.03,10.0,149694,CNY-12.25,CNY
RFUD,2025-12-01,CRZ5,10.995,10.98,11.057,11.027,362941853400.0,64788623036.0,5877475.0,32919896,11.025,0.0,11.023,0.28,18.0,103972,CNY-12.25,CNY
RFUD,2025-12-02,CRZ5,11.028,10.956,11.096,11.037,332392077120.0,91564259371.0,8321671.0,30107978,11.04,0.0,10.998,0.09,33.0,147222,CNY-12.25,CNY
RFUD,2025-12-03,CRZ5,11.035,10.918,11.128,10.941,314662436540.0,97356013639.0,8833968.0,28788878,10.93,0.0,11.021,-0.87,2.0,211413,CNY-12.25,CNY
RFUD,2025-12-04,CRZ5,10.935,10.754,10.945,10.781,281656326342.0,99267193417.0,9126562.0,26130098,10.779,0.0,10.872,-1.46,97.0,209288,CNY-12.25,CNY
RFUD,2025-12-05,CRZ5,10.779,10.65,10.921,10.831,266845209932.0,128058003204.0,11866435.0,24637172,10.831,0.0,10.791,0.46,2.0,256066,CNY-12.25,CNY
RFUD,2025-12-08,CRZ5,10.828,10.791,10.967,10.832,254299386624.0,75290616974.0,6932983.0,23500544,10.821,0.0,10.861,0.01,29.0,183030,CNY-12.25,CNY
RFUD,2025-12-09,CRZ5,10.82,10.819,11.025,11.0,243326784606.0,83004550941.0,7610307.0,22118606,11.001,0.0,10.91,1.55,1.0,191102,CNY-12.25,CNY
RFUD,2025-12-10,CRZ5,11.001,10.947,11.22,11.199,230889678822.0,90645673681.0,8202576.0,20639106,11.187,0.0,11.052,1.81,1.0,196403,CNY-12.25,CNY
RFUD,2025-12-11,CRZ5,11.199,11.112,11.328,11.265,227909016000.0,120247860989.0,10707620.0,20204700,11.28,0.0,11.231,0.59,1.0,257800,CNY-12.25,CNY
RFUD,2025-12-12,CRZ5,11.265,11.188,11.317,11.232,193019503266.0,71821167473.0,6372747.0,17171026,11.241,0.0,11.269,-0.29,1.0,160821,CNY-12.25,CNY
RFUD,2025-12-15,CRZ5,11.239,11.192,11.305,11.264,163385813604.0,84806584894.0,7544611.0,14496124,11.271,0.0,11.241,0.29,1.0,213028,CNY-12.25,CNY
RFUD,2025-12-16,CRZ5,11.267,11.236,11.292,11.26,135192018960.0,53567102258.0,4753834.0,12006396,11.26,0.0,11.268,-0.04,6.0,145836,CNY-12.25,CNY
RFUD,2025-12-17,CRZ5,11.265,11.253,11.451,11.397,105576292666.0,70678636743.0,6220076.0,9260266,11.401,0.0,11.363,1.22,16.0,204927,CNY-12.25,CNY
RFUD,2025-12-18,CRZ5,11.4,11.277,11.41,11.307,0.0,31290055930.0,2759537.0,0,11.3088,0.0,11.339,-0.79,4.0,81792,CNY-12.25,CNY
RFUD,2024-09-06,CRH6,,,,,0.0,,,0,12.671,0.0,,,,0,CNY-3.26,CNY
RFUD,2024-09-09,CRH6,,,,,0.0,,,0,13.372,0.0,,,,0,CNY-3.26,CNY
RFUD,2024-09-10,CRH6,,,,,0.0,,,0,12.69,0.0,,,,0,CNY-3.26,CNY
RFUD,2024-09-11,CRH6,,,,,0.0,,,0,12.695,0.0,,,,0,CNY-3.26,CNY
RFUD,2024-09-12,CRH6,,,,,0.0,,,0,12.73,0.0,,,,0,CNY-3.26,CNY
RFUD,2024-09-13,CRH6,,,,,0.0,,,0,12.767,0.0,,,,0,CNY-3.26,CNY
RFUD,2024-09-16,CRH6,,,,,0.0,,,0,12.914,0.0,,,,0,CNY-3.26,CNY
RFUD,2024-09-17,CRH6,,,,,0.0,,,0,12.904,0.0,,,,0,CNY-3.26,CNY
RFUD,2024-09-18,CRH6,,,,,0.0,,,0,13.146,0.0,,,,0,CNY-3.26,CNY
RFUD,2024-09-19,CRH6,13.677,13.677,13.677,13.677,27556.0,13677.0,1.0,2,13.778,0.0,13.677,,1.0,1,CNY-3.26,CNY
RFUD,2024-09-20,CRH6,13.818,13.818,13.818,13.818,55476.0,13818.0,1.0,4,13.869,0.0,13.818,1.03,1.0,1,CNY-3.26,CNY
RFUD,2024-09-23,CRH6,,,,,55916.0,,,4,13.979,0.0,,,,0,CNY-3.26,CNY
RFUD,2024-09-24,CRH6,,,,,55668.0,,,4,13.917,0.0,,,,0,CNY-3.26,CNY
RFUD,2024-09-25,CRH6,,,,,55528.0,,,4,13.882,0.0,,,,0,CNY-3.26,CNY
RFUD,2024-09-26,CRH6,13.917,13.664,13.917,13.7,657600.0,371473.0,27.0,48,13.7,0.0,13.758,,1.0,20,CNY-3.26,CNY
RFUD,2024-09-27,CRH6,13.732,13.732,13.986,13.85,776160.0,179362.0,13.0,56,13.86,0.0,13.797,1.09,1.0,10,CNY-3.26,CNY
RFUD,2024-09-30,CRH6,13.979,13.85,13.988,13.964,1312616.0,291571.0,21.0,94,13.964,0.0,13.884,0.82,1.0,10,CNY-3.26,CNY
RFUD,2024-10-01,CRH6,13.853,13.77,14.025,13.892,1667040.0,221699.0,16.0,120,13.892,0.0,13.856,-0.52,1.0,12,CNY-3.26,CNY
RFUD,2024-10-02,CRH6,13.994,13.991,14.0,14.0,1792000.0,55979.0,4.0,128,14.0,0.0,13.995,0.78,1.0,3,CNY-3.26,CNY
RFUD,2024-10-03,CRH6,14.107,13.97,14.335,13.97,1818440.0,84472.0,6.0,130,13.988,0.0,14.079,-0.21,1.0,6,CNY-3.26,CNY
RFUD,2024-10-04,CRH6,14.0,14.0,14.05,14.04,1937520.0,56090.0,4.0,138,14.04,0.0,14.023,0.5,1.0,3,CNY-3.26,CNY
RFUD,2024-10-07,CRH6,,,,,1954080.0,,,138,14.16,0.0,,,,0,CNY-3.26,CNY
RFUD,2024-10-08,CRH6,14.287,14.287,14.299,14.299,2030458.0,42873.0,3.0,142,14.299,0.0,14.291,,1.0,2,CNY-3.26,CNY
RFUD,2024-10-09,CRH6,14.18,14.145,14.31,14.31,2032020.0,70976.0,5.0,142,14.31,0.0,14.195,0.08,1.0,4,CNY-3.26,CNY
RFUD,2024-10-10,CRH6,,,,,1990840.0,,,142,14.02,0.0,,,,0,CNY-3.26,CNY
RFUD,2024-10-11,CRH6,14.106,14.106,14.106,14.106,2115900.0,70530.0,5.0,150,14.106,0.0,14.106,,4.0,2,CNY-3.26,CNY
RFUD,2024-10-14,CRH6,14.02,14.02,14.02,14.02,2103000.0,28040.0,2.0,150,14.02,0.0,14.02,-0.61,2.0,1,CNY-3.26,CNY
RFUD,2024-10-15,CRH6,14.212,14.212,14.212,14.212,2131800.0,28424.0,2.0,150,14.212,0.0,14.212,1.37,2.0,1,CNY-3.26,CNY
RFUD,2024-10-16,CRH6,14.33,14.33,14.33,14.33,2134500.0,14330.0,1.0,150,14.23,0.0,14.33,0.83,1.0,1,CNY-3.26,CNY
RFUD,2024-10-17,CRH6,14.26,13.871,14.795,14.417,4526938.0,2390018.0,165.0,314,14.417,0.0,14.485,0.61,1.0,43,CNY-3.26,CNY
RFUD,2024-10-18,CRH6,14.411,14.401,14.411,14.401,4361792.0,201741.0,14.0,304,14.348,0.0,14.41,-0.11,1.0,4,CNY-3.26,CNY
RFUD,2024-10-21,CRH6,14.25,14.25,14.31,14.31,4293000.0,57179.0,4.0,300,14.31,0.0,14.295,-0.63,2.0,3,CNY-3.26,CNY
RFUD,2024-10-22,CRH6,14.408,14.408,14.408,14.408,4322400.0,14408.0,1.0,300,14.408,0.0,14.408,0.69,1.0,1,CNY-3.26,CNY
RFUD,2024-10-23,CRH6,,,,,4286400.0,,,300,14.288,0.0,,,,0,CNY-3.26,CNY
RFUD,2024-10-24,CRH6,,,,,4308600.0,,,300,14.362,0.0,,,,0,CNY-3.26,CNY
RFUD,2024-10-25,CRH6,,,,,4291200.0,,,300,14.304,0.0,,,,0,CNY-3.26,CNY
RFUD,2024-10-28,CRH6,,,,,4323000.0,,,300,14.41,0.0,,,,0,CNY-3.26,CNY
RFUD,2024-10-29,CRH6,,,,,4323000.0,,,300,14.41,0.0,,,,0,CNY-3.26,CNY
RFUD,2024-10-30,CRH6,14.52,14.52,14.668,14.614,4552704.0,160485.0,11.0,312,14.592,0.0,14.59,,1.0,7,CNY-3.26,CNY
RFUD,2024-10-31,CRH6,,,,,4527432.0,,,312,14.511,0.0,,,,0,CNY-3.26,CNY
RFUD,2024-11-01,CRH6,14.491,14.491,14.491,14.491,4571840.0,43473.0,3.0,314,14.56,0.0,14.491,,1.0,2,CNY-3.26,CNY
RFUD,2024-11-02,CRH6,14.56,14.413,14.76,14.76,4939536.0,351406.0,24.0,336,14.701,0.0,14.642,1.86,8.0,12,CNY-3.26,CNY
RFUD,2024-11-05,CRH6,14.783,14.7,14.79,14.7,5997600.0,529373.0,36.0,408,14.7,0.0,14.705,-0.41,5.0,7,CNY-3.26,CNY
RFUD,2024-11-06,CRH6,14.695,14.695,14.791,14.791,6064310.0,73577.0,5.0,410,14.791,0.0,14.715,0.62,1.0,5,CNY-3.26,CNY
RFUD,2024-11-07,CRH6,14.804,14.769,14.804,14.769,6057340.0,44377.0,3.0,410,14.774,0.0,14.792,-0.15,1.0,2,CNY-3.26,CNY
RFUD,2024-11-08,CRH6,14.816,14.816,14.817,14.816,6370880.0,177799.0,12.0,430,14.816,0.0,14.817,0.32,1.0,5,CNY-3.26,CNY
RFUD,2024-11-11,CRH6,14.816,14.7,14.816,14.7,7568650.0,636972.0,43.0,514,14.725,0.0,14.813,-0.78,1.0,3,CNY-3.26,CNY
RFUD,2024-11-12,CRH6,14.73,14.73,14.73,14.73,7571220.0,147300.0,10.0,514,14.73,0.0,14.73,0.2,1.0,3,CNY-3.26,CNY
RFUD,2024-11-13,CRH6,14.82,14.748,14.82,14.806,7639896.0,59180.0,4.0,516,14.806,0.0,14.795,0.52,2.0,3,CNY-3.26,CNY
RFUD,2024-11-14,CRH6,,,,,7636800.0,,,516,14.8,0.0,,,,0,CNY-3.26,CNY
RFUD,2024-11-15,CRH6,,,,,7683240.0,,,516,14.89,0.0,,,,0,CNY-3.26,CNY
RFUD,2024-11-18,CRH6,,,,,7680660.0,,,516,14.885,0.0,,,,0,CNY-3.26,CNY
RFUD,2024-11-19,CRH6,,,,,7717296.0,,,516,14.956,0.0,,,,0,CNY-3.26,CNY
RFUD,2024-11-20,CRH6,,,,,7729680.0,,,516,14.98,0.0,,,,0,CNY-3.26,CNY
RFUD,2024-11-21,CRH6,14.99,14.9,15.0,15.0,7680000.0,254774.0,17.0,512,15.0,0.0,14.987,,1.0,10,CNY-3.26,CNY
RFUD,2024-11-22,CRH6,14.986,14.986,15.4,15.4,7884800.0,687686.0,45.0,512,15.4,0.0,15.282,2.67,3.0,12,CNY-3.26,CNY
RFUD,2024-11-25,CRH6,15.399,15.3,15.784,15.54,8477696.0,433699.0,28.0,544,15.584,0.0,15.489,0.91,1.0,21,CNY-3.26,CNY
RFUD,2024-11-26,CRH6,15.617,15.583,16.16,15.929,9493684.0,526755.0,33.0,596,15.929,0.0,15.962,2.5,2.0,14,CNY-3.26,CNY
RFUD,2024-11-27,CRH6,16.141,15.884,17.0,15.896,11774140.0,3271585.0,199.0,740,15.911,0.0,16.44,-0.21,2.0,82,CNY-3.26,CNY
RFUD,2024-11-28,CRH6,16.196,16.083,16.437,16.263,12815244.0,649480.0,40.0,788,16.263,0.0,16.237,2.31,1.0,22,CNY-3.26,CNY
RFUD,2024-11-29,CRH6,16.254,16.116,16.35,16.35,12782964.0,259579.0,16.0,796,16.059,0.0,16.224,0.53,3.0,10,CNY-3.26,CNY
RFUD,2024-12-02,CRH6,15.858,15.856,15.981,15.896,12680280.0,159035.0,10.0,796,15.93,0.0,15.904,-2.78,2.0,6,CNY-3.26,CNY
RFUD,2024-12-03,CRH6,16.025,15.608,16.025,15.608,12548832.0,206082.0,13.0,804,15.608,0.0,15.852,-1.81,2.0,6,CNY-3.26,CNY
RFUD,2024-12-04,CRH6,15.53,14.646,15.601,15.297,13020844.0,4560428.0,299.0,838,15.538,0.0,15.252,-1.99,3.0,70,CNY-3.26,CNY
RFUD,2024-12-05,CRH6,15.698,15.362,16.134,15.433,11821678.0,2133944.0,135.0,766,15.433,0.0,15.807,0.89,2.0,26,CNY-3.26,CNY
RFUD,2024-12-06,CRH6,15.296,15.296,15.44,15.44,12074080.0,400338.0,26.0,782,15.44,0.0,15.398,0.04,8.0,9,CNY-3.26,CNY
RFUD,2024-12-09,CRH6,15.581,15.581,15.682,15.682,12333104.0,46844.0,3.0,784,15.731,0.0,15.615,1.57,1.0,2,CNY-3.26,CNY
RFUD,2024-12-10,CRH6,15.589,15.555,16.118,15.591,12418396.0,252549.0,16.0,796,15.601,0.0,15.784,-0.58,1.0,11,CNY-3.26,CNY
RFUD,2024-12-11,CRH6,15.597,15.597,15.957,15.957,12765600.0,205870.0,13.0,800,15.957,0.0,15.836,2.35,2.0,11,CNY-3.26,CNY
RFUD,2024-12-12,CRH6,15.928,15.751,16.058,15.81,12553140.0,271851.0,17.0,794,15.81,0.0,15.991,-0.92,1.0,7,CNY-3.26,CNY
RFUD,2024-12-13,CRH6,15.967,15.6,15.967,15.752,11908512.0,408822.0,26.0,756,15.752,0.0,15.724,-0.37,2.0,11,CNY-3.26,CNY
RFUD,2024-12-16,CRH6,15.765,15.765,15.765,15.765,12013320.0,31530.0,2.0,760,15.807,0.0,15.765,0.08,2.0,1,CNY-3.26,CNY
RFUD,2024-12-17,CRH6,15.83,15.364,15.95,15.659,12214020.0,1840249.0,117.0,780,15.659,0.0,15.729,-0.67,1.0,32,CNY-3.26,CNY
RFUD,2024-12-18,CRH6,15.689,15.605,15.86,15.852,12332856.0,251829.0,16.0,778,15.852,0.0,15.739,1.23,1.0,11,CNY-3.26,CNY
RFUD,2024-12-19,CRH6,15.847,15.847,16.028,15.854,12302704.0,95432.0,6.0,776,15.854,0.0,15.905,0.01,1.0,6,CNY-3.26,CNY
RFUD,2024-12-20,CRH6,15.903,15.578,15.992,15.578,13367646.0,1347742.0,85.0,846,15.801,0.0,15.856,-1.74,7.0,31,CNY-3.26,CNY
RFUD,2024-12-23,CRH6,16.298,15.512,16.298,15.727,13399404.0,471436.0,30.0,852,15.727,0.0,15.715,0.96,1.0,15,CNY-3.26,CNY
RFUD,2024-12-24,CRH6,15.75,15.643,15.75,15.654,13431132.0,125390.0,8.0,858,15.654,0.0,15.674,-0.46,1.0,5,CNY-3.26,CNY
RFUD,2024-12-25,CRH6,15.654,15.654,15.654,15.654,13431132.0,78270.0,5.0,858,15.654,0.0,15.654,0.0,4.0,2,CNY-3.26,CNY
RFUD,2024-12-26,CRH6,15.669,15.535,15.861,15.535,13142610.0,392140.0,25.0,846,15.535,0.0,15.686,-0.76,2.0,15,CNY-3.26,CNY
RFUD,2024-12-27,CRH6,15.579,15.449,15.695,15.569,13171374.0,605561.0,39.0,846,15.569,0.0,15.527,0.22,2.0,20,CNY-3.26,CNY
RFUD,2024-12-28,CRH6,15.484,15.413,15.797,15.797,13048322.0,248122.0,16.0,826,15.797,0.0,15.508,1.46,1.0,7,CNY-3.26,CNY
RFUD,2024-12-30,CRH6,15.823,15.659,15.899,15.8,13809200.0,807665.0,51.0,874,15.8,0.0,15.837,0.02,3.0,13,CNY-3.26,CNY
RFUD,2025-01-03,CRH6,15.8,15.8,15.8,15.8,13809200.0,110600.0,7.0,874,15.8,0.0,15.8,0.0,7.0,1,CNY-3.26,CNY
RFUD,2025-01-06,CRH6,15.618,15.618,15.825,15.825,13779480.0,47061.0,3.0,876,15.73,0.0,15.687,0.16,1.0,2,CNY-3.26,CNY
RFUD,2025-01-08,CRH6,,,,,13611288.0,,,876,15.538,0.0,,,,0,CNY-3.26,CNY
RFUD,2025-01-09,CRH6,15.622,15.511,15.896,15.558,13955340.0,1037006.0,66.0,894,15.61,0.0,15.712,,5.0,20,CNY-3.26,CNY
RFUD,2025-01-10,CRH6,15.796,15.796,15.969,15.826,14338356.0,570215.0,36.0,906,15.826,0.0,15.839,1.72,20.0,12,CNY-3.26,CNY
RFUD,2025-01-13,CRH6,16.004,15.835,16.097,16.058,14452200.0,2673373.0,167.0,900,16.058,0.0,16.008,1.47,1.0,29,CNY-3.26,CNY
RFUD,2025-01-14,CRH6,16.058,16.049,16.123,16.1,14554400.0,128637.0,8.0,904,16.1,0.0,16.08,0.26,2.0,5,CNY-3.26,CNY
RFUD,2025-01-15,CRH6,16.128,16.128,16.298,16.142,14915208.0,340722.0,21.0,924,16.142,0.0,16.225,0.26,1.0,13,CNY-3.26,CNY
RFUD,2025-01-16,CRH6,16.2,16.2,16.2,16.2,14968800.0,32400.0,2.0,924,16.2,0.0,16.2,0.36,2.0,1,CNY-3.26,CNY
RFUD,2025-01-17,CRH6,16.174,16.174,16.2,16.2,15154328.0,113348.0,7.0,938,16.156,0.0,16.193,0.0,1.0,5,CNY-3.26,CNY
RFUD,2025-01-20,CRH6,16.094,16.005,16.094,16.005,15055040.0,32099.0,2.0,940,16.016,0.0,16.05,-1.2,1.0,2,CNY-3.26,CNY
RFUD,2025-01-21,CRH6,15.852,15.815,15.983,15.976,15049392.0,63626.0,4.0,942,15.976,0.0,15.907,-0.18,1.0,4,CNY-3.26,CNY
RFUD,2025-01-22,CRH6,,,,,14992872.0,,,942,15.916,0.0,,,,0,CNY-3.26,CNY
RFUD,2025-01-23,CRH6,15.933,15.933,16.072,16.049,15182354.0,112041.0,7.0,946,16.049,0.0,16.006,,1.0,4,CNY-3.26,CNY
RFUD,2025-01-24,CRH6,16.18,16.003,16.215,16.088,15371524.0,129125.0,8.0,956,16.079,0.0,16.141,0.24,1.0,5,CNY-3.26,CNY
RFUD,2025-01-27,CRH6,15.805,15.799,16.101,16.101,15825784.0,272562.0,17.0,988,16.018,0.0,16.033,0.08,10.0,7,CNY-3.26,CNY
RFUD,2025-01-28,CRH6,16.089,15.861,16.089,15.862,15766828.0,143344.0,9.0,994,15.862,0.0,15.927,-1.48,3.0,6,CNY-3.26,CNY
RFUD,2025-01-29,CRH6,15.792,15.528,16.09,15.708,16485804.0,1237984.0,78.0,1044,15.791,0.0,15.872,-0.97,2.0,36,CNY-3.26,CNY
RFUD,2025-01-30,CRH6,15.916,15.683,15.916,15.721,16444166.0,94668.0,6.0,1046,15.721,0.0,15.778,0.08,1.0,5,CNY-3.26,CNY
RFUD,2025-01-31,CRH6,15.684,15.684,15.817,15.799,16557352.0,63117.0,4.0,1048,15.799,0.0,15.779,0.5,1.0,3,CNY-3.26,CNY
RFUD,2025-02-03,CRH6,15.839,15.718,15.84,15.718,16661080.0,205221.0,13.0,1060,15.718,0.0,15.786,-0.51,3.0,7,CNY-3.26,CNY
RFUD,2025-02-04,CRH6,,,,,16614440.0,,,1060,15.674,0.0,,,,0,CNY-3.26,CNY
RFUD,2025-02-05,CRH6,15.684,15.24,15.82,15.402,16724400.0,2344754.0,151.0,1086,15.4,0.0,15.528,,1.0,47,CNY-3.26,CNY
RFUD,2025-02-06,CRH6,15.4,15.343,15.742,15.39,18406440.0,4024627.0,260.0,1196,15.39,0.0,15.479,-0.08,6.0,62,CNY-3.26,CNY
RFUD,2025-02-07,CRH6,15.636,15.51,15.724,15.7,18902800.0,250714.0,16.0,1204,15.7,0.0,15.67,2.01,1.0,12,CNY-3.26,CNY
RFUD,2025-02-10,CRH6,15.63,15.176,15.7,15.413,19759466.0,2566999.0,167.0,1282,15.413,0.0,15.371,-1.83,2.0,54,CNY-3.26,CNY
RFUD,2025-02-11,CRH6,15.415,15.336,15.632,15.362,20707976.0,2545792.0,165.0,1348,15.362,0.0,15.429,-0.33,3.0,36,CNY-3.26,CNY
RFUD,2025-02-12,CRH6,15.408,15.298,15.441,15.311,19444970.0,1997136.0,130.0,1270,15.311,0.0,15.363,-0.33,1.0,15,CNY-3.26,CNY
RFUD,2025-02-13,CRH6,15.2,14.63,15.404,15.038,20014616.0,3075451.0,205.0,1336,14.981,0.0,15.002,-1.78,1.0,87,CNY-3.26,CNY
RFUD,2025-02-14,CRH6,14.851,14.76,15.276,15.09,20522400.0,736726.0,49.0,1360,15.09,0.0,15.035,0.35,3.0,32,CNY-3.26,CNY
RFUD,2025-02-17,CRH6,15.231,14.715,15.231,14.896,19852910.0,536552.0,36.0,1330,14.927,0.0,14.904,-1.29,3.0,18,CNY-3.26,CNY
RFUD,2025-02-18,CRH6,14.814,14.806,14.981,14.981,20164426.0,267661.0,18.0,1346,14.981,0.0,14.87,0.57,1.0,9,CNY-3.26,CNY
RFUD,2025-02-19,CRH6,14.936,14.82,14.94,14.901,20235558.0,193525.0,13.0,1358,14.901,0.0,14.887,-0.53,1.0,7,CNY-3.26,CNY
RFUD,2025-02-20,CRH6,14.807,14.564,14.807,14.564,20389600.0,1697817.0,116.0,1400,14.564,0.0,14.636,-2.26,1.0,36,CNY-3.26,CNY
RFUD,2025-02-21,CRH6,14.53,14.4,14.73,14.576,21426720.0,1015394.0,70.0,1470,14.576,0.0,14.506,0.08,2.0,33,CNY-3.26,CNY
RFUD,2025-02-24,CRH6,14.885,14.474,14.885,14.6,21664916.0,513669.0,35.0,1484,14.599,0.0,14.676,0.17,1.0,16,CNY-3.26,CNY
RFUD,2025-02-25,CRH6,14.402,14.123,14.402,14.255,22152270.0,756742.0,53.0,1554,14.255,0.0,14.278,-2.36,1.0,34,CNY-3.26,CNY
RFUD,2025-02-26,CRH6,14.2,14.2,14.493,14.317,23537148.0,1746623.0,122.0,1644,14.317,0.0,14.317,0.43,2.0,29,CNY-3.26,CNY
RFUD,2025-02-27,CRH6,14.562,14.213,14.686,14.686,25259920.0,917007.0,63.0,1720,14.686,0.0,14.556,2.58,1.0,30,CNY-3.26,CNY
RFUD,2025-02-28,CRH6,14.582,14.582,14.765,14.765,25569516.0,293576.0,20.0,1732,14.763,0.0,14.679,0.54,1.0,14,CNY-3.26,CNY
RFUD,2025-03-03,CRH6,14.58,14.472,14.7,14.676,25241084.0,292013.0,20.0,1724,14.641,0.0,14.601,-0.6,3.0,12,CNY-3.26,CNY
RFUD,2025-03-04,CRH6,14.633,14.573,14.829,14.629,25483718.0,308897.0,21.0,1742,14.629,0.0,14.709,-0.32,1.0,16,CNY-3.26,CNY
RFUD,2025-03-05,CRH6,14.463,14.463,14.837,14.753,25935774.0,750789.0,51.0,1758,14.753,0.0,14.721,0.85,2.0,28,CNY-3.26,CNY
RFUD,2025-03-06,CRH6,14.682,14.682,14.783,14.712,25951968.0,132531.0,9.0,1764,14.712,0.0,14.726,-0.28,3.0,3,CNY-3.26,CNY
RFUD,2025-03-07,CRH6,14.77,14.616,14.877,14.71,26419160.0,486689.0,33.0,1796,14.71,0.0,14.748,-0.01,5.0,19,CNY-3.26,CNY
RFUD,2025-03-10,CRH6,14.611,14.06,14.611,14.261,24044046.0,2563144.0,179.0,1686,14.261,0.0,14.319,-3.05,3.0,68,CNY-3.26,CNY
RFUD,2025-03-11,CRH6,14.422,14.18,14.422,14.218,25677708.0,1197984.0,84.0,1806,14.218,0.0,14.262,-0.3,1.0,30,CNY-3.26,CNY
RFUD,2025-03-12,CRH6,14.19,14.185,14.4,14.321,26006936.0,185963.0,13.0,1816,14.321,0.0,14.305,0.72,6.0,8,CNY-3.26,CNY
RFUD,2025-03-13,CRH6,14.275,14.182,14.5,14.305,28740990.0,1774560.0,123.0,2010,14.299,0.0,14.427,-0.11,4.0,35,CNY-3.26,CNY
RFUD,2025-03-14,CRH6,14.18,14.0,14.18,14.1,28957824.0,352822.0,25.0,2052,14.112,0.0,14.113,-1.43,10.0,12,CNY-3.26,CNY
RFUD,2025-03-17,CRH6,14.162,13.731,14.162,13.783,30295034.0,2151279.0,155.0,2198,13.783,0.0,13.879,-2.25,3.0,49,CNY-3.26,CNY
RFUD,2025-03-18,CRH6,13.733,13.328,13.933,13.708,32771466.0,5965342.0,436.0,2394,13.689,0.0,13.682,-0.54,1.0,144,CNY-3.26,CNY
RFUD,2025-03-19,CRH6,13.7,13.643,14.0,13.941,34266978.0,2689394.0,194.0,2458,13.941,0.0,13.863,1.7,3.0,77,CNY-3.26,CNY
RFUD,2025-03-20,CRH6,13.913,13.867,14.052,13.867,35249914.0,2040326.0,146.0,2542,13.867,0.0,13.975,-0.53,9.0,54,CNY-3.26,CNY
RFUD,2025-03-21,CRH6,13.913,13.736,13.991,13.758,35523156.0,858146.0,62.0,2582,13.758,0.0,13.841,-0.79,2.0,25,CNY-3.26,CNY
RFUD,2025-03-24,CRH6,13.706,13.608,13.83,13.83,35958000.0,1455861.0,106.0,2600,13.83,0.0,13.735,0.52,3.0,47,CNY-3.26,CNY
RFUD,2025-03-25,CRH6,13.754,13.658,14.004,13.658,45098716.0,9646464.0,695.0,3302,13.658,0.0,13.88,-1.24,1.0,136,CNY-3.26,CNY
RFUD,2025-03-26,CRH6,13.685,13.403,13.694,13.403,45141304.0,4974202.0,367.0,3368,13.403,0.0,13.554,-1.87,3.0,146,CNY-3.26,CNY
RFUD,2025-03-27,CRH6,13.431,13.3,13.502,13.341,43918572.0,1326376.0,99.0,3292,13.341,0.0,13.398,-0.46,1.0,41,CNY-3.26,CNY
RFUD,2025-03-28,CRH6,13.3,13.296,13.605,13.585,46678060.0,2715762.0,202.0,3436,13.585,0.0,13.444,1.83,2.0,88,CNY-3.26,CNY
RFUD,2025-03-31,CRH6,13.623,13.524,13.81,13.598,46994688.0,1832532.0,134.0,3456,13.598,0.0,13.676,0.1,1.0,48,CNY-3.26,CNY
RFUD,2025-04-01,CRH6,13.601,13.4,13.615,13.4,47516400.0,2775999.0,205.0,3546,13.4,0.0,13.541,-1.46,3.0,49,CNY-3.26,CNY
RFUD,2025-04-02,CRH6,13.458,13.412,13.579,13.419,50401764.0,2492502.0,185.0,3756,13.419,0.0,13.473,0.14,2.0,35,CNY-3.26,CNY
RFUD,2025-04-03,CRH6,13.415,13.153,13.482,13.414,51295136.0,2478862.0,186.0,3824,13.414,0.0,13.327,-0.04,12.0,78,CNY-3.26,CNY
RFUD,2025-04-04,CRH6,13.425,13.359,13.653,13.614,52690050.0,2231537.0,165.0,3870,13.615,0.0,13.524,1.49,1.0,63,CNY-3.26,CNY
RFUD,2025-04-07,CRH6,13.558,13.4,13.83,13.475,52313332.0,3302087.0,243.0,3886,13.462,0.0,13.589,-1.02,1.0,107,CNY-3.26,CNY
RFUD,2025-04-08,CRH6,13.4,13.31,13.457,13.457,52293902.0,414876.0,31.0,3886,13.457,0.0,13.383,-0.13,2.0,18,CNY-3.26,CNY
RFUD,2025-04-09,CRH6,13.456,13.315,13.534,13.315,50170920.0,1633737.0,122.0,3768,13.315,0.0,13.391,-1.05,2.0,33,CNY-3.26,CNY
RFUD,2025-04-10,CRH6,13.31,13.155,13.31,13.3,49192176.0,965240.0,73.0,3702,13.288,0.0,13.222,-0.11,1.0,43,CNY-3.26,CNY
RFUD,2025-04-11,CRH6,13.348,12.9,13.348,12.907,43733576.0,5746681.0,442.0,3386,12.916,0.0,13.002,-2.96,1.0,164,CNY-3.26,CNY
RFUD,2025-04-14,CRH6,12.991,12.882,13.043,12.912,43849152.0,1372921.0,106.0,3396,12.912,0.0,12.952,0.04,1.0,58,CNY-3.26,CNY
RFUD,2025-04-15,CRH6,12.932,12.666,12.932,12.92,44746060.0,1232398.0,96.0,3466,12.91,0.0,12.837,0.06,3.0,54,CNY-3.26,CNY
RFUD,2025-04-16,CRH6,12.914,12.659,13.178,13.033,50515908.0,12501226.0,966.0,3876,13.033,0.0,12.941,0.88,5.0,210,CNY-3.26,CNY
RFUD,2025-04-17,CRH6,13.067,12.822,13.121,12.822,58750404.0,12278652.0,942.0,4582,12.822,0.0,13.035,-1.62,1.0,188,CNY-3.26,CNY
RFUD,2025-04-18,CRH6,12.773,12.616,12.905,12.74,58430700.0,6041081.0,474.0,4590,12.73,0.0,12.745,-0.64,5.0,165,CNY-3.26,CNY
RFUD,2025-04-21,CRH6,12.703,12.61,12.767,12.767,59085676.0,2182031.0,172.0,4628,12.767,0.0,12.686,0.21,3.0,59,CNY-3.26,CNY
RFUD,2025-04-22,CRH6,12.788,12.682,12.8,12.79,59473500.0,319536.0,25.0,4650,12.79,0.0,12.781,0.18,1.0,10,CNY-3.26,CNY
RFUD,2025-04-23,CRH6,12.811,12.811,13.05,13.05,61387200.0,1324740.0,102.0,4704,13.05,0.0,12.988,2.03,2.0,33,CNY-3.26,CNY
RFUD,2025-04-24,CRH6,13.081,12.978,13.138,12.98,61884360.0,2285421.0,175.0,4764,12.99,0.0,13.06,-0.54,1.0,62,CNY-3.26,CNY
RFUD,2025-04-25,CRH6,13.04,12.97,13.047,12.97,61555620.0,2793062.0,215.0,4746,12.97,0.0,12.991,-0.08,1.0,34,CNY-3.26,CNY
RFUD,2025-04-28,CRH6,12.992,12.832,13.028,12.853,70408734.0,11579934.0,895.0,5478,12.853,0.0,12.938,-0.9,1.0,244,CNY-3.26,CNY
RFUD,2025-04-29,CRH6,12.989,12.808,12.991,12.815,71379550.0,2878852.0,224.0,5570,12.815,0.0,12.852,-0.3,1.0,52,CNY-3.26,CNY
RFUD,2025-04-30,CRH6,12.809,12.739,12.959,12.768,72752064.0,7606464.0,594.0,5698,12.768,0.0,12.805,-0.37,1.0,136,CNY-3.26,CNY
RFUD,2025-05-02,CRH6,12.808,12.795,13.056,12.963,74977992.0,12921844.0,992.0,5784,12.963,0.0,13.026,1.53,2.0,116,CNY-3.26,CNY
RFUD,2025-05-05,CRH6,13.019,12.764,13.041,12.789,79675470.0,8409660.0,652.0,6230,12.789,0.0,12.898,-1.34,2.0,130,CNY-3.26,CNY
RFUD,2025-05-06,CRH6,12.807,12.746,12.86,12.845,84119466.0,3124320.0,244.0,6558,12.827,0.0,12.805,0.44,1.0,37,CNY-3.26,CNY
RFUD,2025-05-07,CRH6,12.818,12.73,12.83,12.788,88206736.0,5736221.0,449.0,6896,12.791,0.0,12.776,-0.44,10.0,124,CNY-3.26,CNY
RFUD,2025-05-08,CRH6,12.838,12.777,12.953,12.798,92879750.0,5216746.0,405.0,7250,12.811,0.0,12.881,0.08,1.0,103,CNY-3.26,CNY
RFUD,2025-05-12,CRH6,12.829,12.702,12.837,12.712,98300160.0,6652252.0,522.0,7728,12.72,0.0,12.744,-0.67,1.0,140,CNY-3.26,CNY
RFUD,2025-05-13,CRH6,12.711,12.703,12.774,12.718,104406570.0,4595171.0,361.0,8210,12.717,0.0,12.729,0.05,32.0,63,CNY-3.26,CNY
RFUD,2025-05-14,CRH6,12.716,12.644,12.755,12.725,134885000.0,18652034.0,1468.0,10600,12.725,0.0,12.706,0.06,6.0,116,CNY-3.26,CNY
RFUD,2025-05-15,CRH6,12.714,12.654,12.803,12.674,139819568.0,5255670.0,414.0,11032,12.674,0.0,12.695,-0.4,1.0,79,CNY-3.26,CNY
RFUD,2025-05-16,CRH6,12.69,12.689,12.77,12.744,142681824.0,2189807.0,172.0,11196,12.744,0.0,12.731,0.55,10.0,39,CNY-3.26,CNY
RFUD,2025-05-19,CRH6,12.779,12.655,12.845,12.663,145092654.0,2603407.0,205.0,11458,12.663,0.0,12.7,-0.64,1.0,60,CNY-3.26,CNY
RFUD,2025-05-20,CRH6,12.675,12.674,12.788,12.772,147235616.0,3579746.0,281.0,11528,12.772,0.0,12.739,0.86,10.0,71,CNY-3.26,CNY
RFUD,2025-05-21,CRH6,12.77,12.615,12.79,12.637,151846192.0,5098393.0,402.0,12016,12.637,0.0,12.683,-1.06,1.0,88,CNY-3.26,CNY
RFUD,2025-05-22,CRH6,12.653,12.563,12.691,12.644,166445616.0,11059750.0,875.0,13164,12.644,0.0,12.64,0.06,1.0,215,CNY-3.26,CNY
RFUD,2025-05-23,CRH6,12.628,12.585,12.683,12.61,169251420.0,2600863.0,206.0,13422,12.61,0.0,12.626,-0.27,1.0,42,CNY-3.26,CNY
RFUD,2025-05-26,CRH6,12.616,12.6,12.7,12.68,177570720.0,7800638.0,616.0,14004,12.68,0.0,12.663,0.56,1.0,105,CNY-3.26,CNY
RFUD,2025-05-27,CRH6,12.68,12.66,12.741,12.712,182544320.0,3798652.0,299.0,14360,12.712,0.0,12.705,0.25,2.0,45,CNY-3.26,CNY
RFUD,2025-05-28,CRH6,12.692,12.618,12.738,12.631,187444040.0,4063974.0,321.0,14840,12.631,0.0,12.66,-0.64,1.0,49,CNY-3.26,CNY
RFUD,2025-05-29,CRH6,12.643,12.478,12.848,12.522,206763804.0,14392205.0,1147.0,16516,12.519,0.0,12.548,-0.86,1.0,237,CNY-3.26,CNY
RFUD,2025-05-30,CRH6,12.518,12.402,12.6,12.54,217505210.0,7847056.0,626.0,17338,12.545,0.0,12.535,0.14,1.0,135,CNY-3.26,CNY
RFUD,2025-06-02,CRH6,12.539,12.476,12.597,12.491,212746712.0,9061552.0,723.0,17032,12.491,0.0,12.533,-0.39,4.0,193,CNY-3.26,CNY
RFUD,2025-06-03,CRH6,12.46,12.266,12.48,12.48,186336736.0,25650321.0,2067.0,14944,12.469,0.0,12.409,-0.09,2.0,473,CNY-3.26,CNY
RFUD,2025-06-04,CRH6,12.452,12.401,12.64,12.609,189957040.0,3964211.0,317.0,15064,12.61,0.0,12.505,1.03,1.0,113,CNY-3.26,CNY
RFUD,2025-06-05,CRH6,12.618,12.578,12.67,12.578,192880872.0,4441963.0,352.0,15336,12.577,0.0,12.619,-0.25,1.0,72,CNY-3.26,CNY
RFUD,2025-06-06,CRH6,12.59,12.495,12.658,12.577,196618492.0,4599803.0,366.0,15622,12.586,0.0,12.568,-0.01,2.0,96,CNY-3.26,CNY
RFUD,2025-06-09,CRH6,12.599,12.51,12.623,12.54,194545560.0,2199212.0,175.0,15514,12.54,0.0,12.567,-0.29,1.0,41,CNY-3.26,CNY
RFUD,2025-06-10,CRH6,12.549,12.348,12.549,12.349,190332072.0,3773965.0,304.0,15414,12.348,0.0,12.414,-1.52,1.0,123,CNY-3.26,CNY
RFUD,2025-06-11,CRH6,12.325,12.185,12.505,12.463,190858382.0,7491021.0,605.0,15314,12.463,0.0,12.382,0.92,4.0,197,CNY-3.26,CNY
RFUD,2025-06-13,CRH6,12.502,12.132,12.506,12.35,187201300.0,13379914.0,1077.0,15158,12.35,0.0,12.423,-0.91,2.0,169,CNY-3.26,CNY
RFUD,2025-06-16,CRH6,12.34,12.252,12.397,12.368,189007776.0,2540020.0,206.0,15282,12.368,0.0,12.33,0.15,1.0,68,CNY-3.26,CNY
RFUD,2025-06-17,CRH6,12.376,12.338,12.419,12.377,190110720.0,755791.0,61.0,15360,12.377,0.0,12.39,0.07,5.0,25,CNY-3.26,CNY
RFUD,2025-06-18,CRH6,12.369,12.319,12.455,12.338,193065024.0,3364543.0,272.0,15648,12.338,0.0,12.37,-0.32,4.0,56,CNY-3.26,CNY
RFUD,2025-06-19,CRH6,12.35,12.302,12.4,12.325,229466850.0,24953651.0,2020.0,18618,12.325,0.0,12.353,-0.1,1.0,174,CNY-3.26,CNY
RFUD,2025-06-20,CRH6,12.31,12.31,12.408,12.314,238210780.0,7607014.0,615.0,19340,12.317,0.0,12.369,-0.09,10.0,147,CNY-3.26,CNY
RFUD,2025-06-23,CRH6,12.338,12.267,12.343,12.285,251105400.0,11003465.0,895.0,20440,12.285,0.0,12.294,-0.24,1.0,423,CNY-3.26,CNY
RFUD,2025-06-24,CRH6,12.302,12.275,12.398,12.309,267991548.0,17938532.0,1452.0,21772,12.309,0.0,12.354,0.19,1.0,863,CNY-3.26,CNY
RFUD,2025-06-25,CRH6,12.329,12.276,12.329,12.278,287477092.0,12114655.0,985.0,23414,12.278,0.0,12.299,-0.25,3.0,106,CNY-3.26,CNY
RFUD,2025-06-26,CRH6,12.302,12.255,12.362,12.324,288336042.0,4399103.0,357.0,23402,12.321,0.0,12.322,0.38,2.0,92,CNY-3.26,CNY
RFUD,2025-06-27,CRH6,12.32,12.3,12.346,12.301,292096090.0,4844506.0,393.0,23738,12.305,0.0,12.327,-0.19,2.0,106,CNY-3.26,CNY
RFUD,2025-06-30,CRH6,12.3,12.248,12.345,12.266,298823944.0,6300250.0,513.0,24358,12.268,0.0,12.281,-0.29,1.0,124,CNY-3.26,CNY
RFUD,2025-07-01,CRH6,12.266,12.25,12.327,12.284,299827872.0,2163015.0,176.0,24408,12.284,0.0,12.29,0.15,1.0,49,CNY-3.26,CNY
RFUD,2025-07-02,CRH6,12.287,12.227,12.345,12.23,792161560.0,265227602.0,21660.0,64772,12.23,0.0,12.245,-0.44,1.0,909,CNY-3.26,CNY
RFUD,2025-07-03,CRH6,12.248,12.23,12.299,12.239,901647130.0,61815014.0,5049.0,73670,12.239,0.0,12.243,0.07,387.0,217,CNY-3.26,CNY
RFUD,2025-07-04,CRH6,12.255,12.227,12.272,12.227,960430850.0,57790989.0,4719.0,78550,12.227,0.0,12.246,-0.1,1.0,168,CNY-3.26,CNY
RFUD,2025-07-07,CRH6,12.243,12.081,12.253,12.099,990036972.0,41283831.0,3391.0,81828,12.099,0.0,12.175,-1.05,2.0,239,CNY-3.26,CNY
RFUD,2025-07-08,CRH6,12.099,12.054,12.116,12.057,1047893510.0,36612959.0,3030.0,86854,12.065,0.0,12.083,-0.35,1.0,185,CNY-3.26,CNY
RFUD,2025-07-09,CRH6,12.055,12.01,12.114,12.055,1096763900.0,51115483.0,4248.0,90980,12.055,0.0,12.033,-0.02,30.0,230,CNY-3.26,CNY
RFUD,2025-07-10,CRH6,12.013,11.998,12.121,12.022,1136970222.0,49692819.0,4137.0,94582,12.021,0.0,12.012,-0.27,1.0,512,CNY-3.26,CNY
RFUD,2025-07-11,CRH6,12.003,11.95,12.119,12.108,1161520440.0,22117546.0,1837.0,95930,12.108,0.0,12.04,0.71,1.0,333,CNY-3.26,CNY
RFUD,2025-07-14,CRH6,12.125,12.021,12.176,12.042,1174030462.0,13996939.0,1160.0,97438,12.049,0.0,12.066,-0.55,1.0,678,CNY-3.26,CNY
RFUD,2025-07-15,CRH6,12.042,11.991,12.043,11.997,1172996468.0,5163922.0,430.0,97766,11.998,0.0,12.009,-0.37,1.0,127,CNY-3.26,CNY
RFUD,2025-07-16,CRH6,12.016,11.974,12.016,12.014,1175304000.0,1547698.0,129.0,97942,12.0,0.0,11.998,0.14,1.0,36,CNY-3.26,CNY
RFUD,2025-07-17,CRH6,11.986,11.986,12.065,12.026,1191728496.0,9252705.0,769.0,99096,12.026,0.0,12.032,0.1,2.0,387,CNY-3.26,CNY
RFUD,2025-07-18,CRH6,12.026,12.007,12.098,12.07,1251455952.0,30738860.0,2556.0,103666,12.072,0.0,12.026,0.37,1.0,383,CNY-3.26,CNY
RFUD,2025-07-21,CRH6,12.071,11.951,12.078,11.969,1244632372.0,9547776.0,794.0,103988,11.969,0.0,12.025,-0.84,1.0,211,CNY-3.26,CNY
RFUD,2025-07-22,CRH6,11.995,11.985,12.066,12.065,1328284110.0,39334309.0,3267.0,110094,12.065,0.0,12.04,0.8,1.0,166,CNY-3.26,CNY
RFUD,2025-07-23,CRH6,12.065,12.042,12.102,12.071,1329862070.0,1473545.0,122.0,110170,12.071,0.0,12.078,0.05,2.0,72,CNY-3.26,CNY
RFUD,2025-07-24,CRH6,12.082,12.056,12.39,12.173,1350716080.0,31116231.0,2544.0,110960,12.173,0.0,12.231,0.84,5.0,547,CNY-3.26,CNY
RFUD,2025-07-25,CRH6,12.174,12.13,12.198,12.16,1358563840.0,11481091.0,944.0,111724,12.16,0.0,12.162,-0.11,1.0,159,CNY-3.26,CNY
RFUD,2025-07-28,CRH6,12.173,12.13,12.447,12.427,1395281610.0,12714914.0,1033.0,112206,12.435,0.0,12.309,2.2,2.0,241,CNY-3.26,CNY
RFUD,2025-07-29,CRH6,12.453,12.424,12.632,12.517,1416630056.0,20077822.0,1601.0,113032,12.533,0.0,12.541,0.72,1.0,355,CNY-3.26,CNY
RFUD,2025-07-30,CRH6,12.55,12.266,12.595,12.321,1405517504.0,13867168.0,1117.0,114112,12.317,0.0,12.415,-1.57,1.0,260,CNY-3.26,CNY
RFUD,2025-07-31,CRH6,12.321,12.174,12.337,12.2,1404328016.0,13987942.0,1144.0,115024,12.209,0.0,12.227,-0.98,1.0,300,CNY-3.26,CNY
RFUD,2025-08-01,CRH6,12.233,12.141,12.233,12.146,1399826500.0,7398943.0,607.0,115250,12.146,0.0,12.189,-0.44,1.0,173,CNY-3.26,CNY
RFUD,2025-08-04,CRH6,12.165,12.057,12.185,12.108,1404915456.0,16555398.0,1367.0,116032,12.108,0.0,12.111,-0.31,1.0,259,CNY-3.26,CNY
RFUD,2025-08-05,CRH6,12.103,12.095,12.24,12.095,1435047560.0,21859769.0,1805.0,118648,12.095,0.0,12.111,-0.11,18.0,296,CNY-3.26,CNY
RFUD,2025-08-06,CRH6,12.119,12.09,12.141,12.1,1452871200.0,13636642.0,1126.0,120072,12.1,0.0,12.111,0.04,1.0,206,CNY-3.26,CNY
RFUD,2025-08-07,CRH6,12.106,12.019,12.106,12.056,1451060160.0,19020358.0,1579.0,120360,12.056,0.0,12.046,-0.36,5.0,425,CNY-3.26,CNY
RFUD,2025-08-08,CRH6,12.026,12.005,12.131,12.05,1458025900.0,8708094.0,721.0,120998,12.05,0.0,12.078,-0.05,5.0,154,CNY-3.26,CNY
RFUD,2025-08-11,CRH6,12.064,12.001,12.09,12.008,1466272864.0,20359772.0,1692.0,122108,12.008,0.0,12.033,-0.35,2.0,260,CNY-3.26,CNY
RFUD,2025-08-12,CRH6,12.007,12.001,12.071,12.054,1480568712.0,13607235.0,1129.0,122828,12.054,0.0,12.052,0.38,3.0,112,CNY-3.26,CNY
RFUD,2025-08-13,CRH6,12.034,12.012,12.089,12.05,1510946740.0,26648429.0,2206.0,125182,12.07,0.0,12.08,-0.03,239.0,156,CNY-3.26,CNY
RFUD,2025-08-14,CRH6,12.07,12.07,12.115,12.096,1521241344.0,16259996.0,1344.0,125764,12.096,0.0,12.098,0.38,1.0,146,CNY-3.26,CNY
RFUD,2025-08-15,CRH6,12.097,12.097,12.229,12.121,1531615846.0,9294323.0,766.0,126298,12.127,0.0,12.134,0.21,2.0,161,CNY-3.26,CNY
RFUD,2025-08-18,CRH6,12.121,12.109,12.182,12.155,1548082314.0,9820891.0,808.0,127278,12.163,0.0,12.155,0.28,1.0,158,CNY-3.26,CNY
RFUD,2025-08-19,CRH6,12.175,12.114,12.175,12.165,1560550530.0,21283500.0,1751.0,128282,12.165,0.0,12.155,0.08,1.0,155,CNY-3.26,CNY
RFUD,2025-08-20,CRH6,12.159,12.055,12.185,12.102,1559631360.0,6104249.0,503.0,128640,12.124,0.0,12.136,-0.52,5.0,137,CNY-3.26,CNY
RFUD,2025-08-21,CRH6,12.142,12.077,12.238,12.166,1598198756.0,29242251.0,2407.0,131366,12.166,0.0,12.149,0.53,1.0,186,CNY-3.26,CNY
RFUD,2025-08-22,CRH6,12.152,12.125,12.275,12.212,1615232392.0,15139221.0,1242.0,132266,12.212,0.0,12.189,0.38,1.0,204,CNY-3.26,CNY
RFUD,2025-08-25,CRH6,12.211,12.115,12.279,12.161,1645494276.0,37930595.0,3101.0,135298,12.162,0.0,12.232,-0.42,3.0,547,CNY-3.26,CNY
RFUD,2025-08-26,CRH6,12.16,12.143,12.224,12.211,1665482712.0,12771828.0,1049.0,136392,12.211,0.0,12.175,0.41,1.0,243,CNY-3.26,CNY
RFUD,2025-08-27,CRH6,12.223,12.15,12.244,12.169,1702126706.0,30247011.0,2485.0,139874,12.169,0.0,12.172,-0.34,1.0,472,CNY-3.26,CNY
RFUD,2025-08-28,CRH6,12.176,12.127,12.184,12.15,1707561000.0,12272183.0,1010.0,140540,12.15,0.0,12.151,-0.16,72.0,157,CNY-3.26,CNY
RFUD,2025-08-29,CRH6,12.171,12.149,12.202,12.175,1716236700.0,11309335.0,929.0,140964,12.175,0.0,12.174,0.21,10.0,254,CNY-3.26,CNY
RFUD,2025-09-01,CRH6,12.17,12.135,12.197,12.143,1727199500.0,11625415.0,956.0,142250,12.142,0.0,12.16,-0.26,1.0,174,CNY-3.26,CNY
RFUD,2025-09-02,CRH6,12.147,12.13,12.168,12.168,1753700832.0,18071390.0,1487.0,144124,12.168,0.0,12.153,0.21,2.0,248,CNY-3.26,CNY
RFUD,2025-09-03,CRH6,12.164,12.13,12.19,12.183,1776159570.0,27619715.0,2271.0,145790,12.183,0.0,12.162,0.12,1.0,496,CNY-3.26,CNY
RFUD,2025-09-04,CRH6,12.179,12.169,12.251,12.234,1789613988.0,11574013.0,948.0,146282,12.234,0.0,12.209,0.42,2.0,404,CNY-3.26,CNY
RFUD,2025-09-05,CRH6,12.247,12.243,12.299,12.299,1885289112.0,66089282.0,5379.0,153288,12.299,0.0,12.287,0.53,5.0,597,CNY-3.26,CNY
RFUD,2025-09-08,CRH6,12.307,12.28,12.476,12.465,1951969140.0,44617174.0,3600.0,156596,12.465,0.0,12.394,1.35,1.0,951,CNY-3.26,CNY
RFUD,2025-09-09,CRH6,12.465,12.461,12.671,12.67,2077487958.0,92676382.0,7354.0,163982,12.669,0.0,12.602,1.65,10.0,962,CNY-3.26,CNY
RFUD,2025-09-10,CRH6,12.671,12.657,12.854,12.793,2217279096.0,141311076.0,11035.0,173252,12.798,0.0,12.806,0.97,15.0,1042,CNY-3.26,CNY
RFUD,2025-09-11,CRH6,12.8,12.7,12.95,12.812,2275674208.0,167302522.0,13071.0,177676,12.808,0.0,12.8,0.15,1.0,1237,CNY-3.26,CNY
RFUD,2025-09-12,CRH6,12.798,12.605,12.832,12.63,2344481640.0,175236133.0,13793.0,185628,12.63,0.0,12.705,-1.42,5.0,1026,CNY-3.26,CNY
RFUD,2025-09-15,CRH6,12.658,12.41,12.66,12.442,2960433152.0,426322406.0,34116.0,237824,12.448,0.0,12.496,-1.49,2.0,1680,CNY-3.26,CNY
RFUD,2025-09-16,CRH6,12.439,12.394,12.554,12.502,3474130772.0,332143567.0,26577.0,277886,12.502,0.0,12.497,0.48,10.0,2179,CNY-3.26,CNY
RFUD,2025-09-17,CRH6,12.501,12.501,12.587,12.536,3796226736.0,270841877.0,21597.0,302826,12.536,0.0,12.541,0.27,5.0,1870,CNY-3.26,CNY
RFUD,2025-09-18,CRH6,12.536,12.48,12.582,12.55,4431813080.0,677866716.0,54074.0,353020,12.554,0.0,12.536,0.11,2.0,4036,CNY-3.26,CNY
RFUD,2025-09-19,CRH6,12.558,12.534,12.605,12.571,5293195544.0,572334439.0,45522.0,421064,12.571,0.0,12.573,0.17,30.0,2231,CNY-3.26,CNY
RFUD,2025-09-22,CRH6,12.575,12.547,12.632,12.563,5909796970.0,648486647.0,51511.0,470338,12.565,0.0,12.59,-0.06,2.0,3540,CNY-3.26,CNY
RFUD,2025-09-23,CRH6,12.575,12.498,12.591,12.57,7287529664.0,1147499431.0,91452.0,579848,12.568,0.0,12.547,0.06,1.0,5285,CNY-3.26,CNY
RFUD,2025-09-24,CRH6,12.573,12.505,12.639,12.521,7975025572.0,900615037.0,71789.0,636932,12.521,0.0,12.545,-0.39,17.0,5432,CNY-3.26,CNY
RFUD,2025-09-25,CRH6,12.52,12.5,12.576,12.544,9316683818.0,1656252578.0,132086.0,742898,12.541,0.0,12.539,0.18,8.0,7692,CNY-3.26,CNY
RFUD,2025-09-26,CRH6,12.543,12.399,12.56,12.415,9895315122.0,795530713.0,63726.0,797302,12.411,0.0,12.483,-1.03,5.0,5178,CNY-3.26,CNY
RFUD,2025-09-29,CRH6,12.411,12.325,12.454,12.335,10091559540.0,777103596.0,62691.0,818124,12.335,0.0,12.396,-0.64,1.0,5580,CNY-3.26,CNY
RFUD,2025-09-30,CRH6,12.336,12.191,12.367,12.212,11245247620.0,1637767495.0,133498.0,921364,12.205,0.0,12.267,-1.0,50.0,9277,CNY-3.26,CNY
RFUD,2025-10-01,CRH6,12.217,12.03,12.234,12.063,14939155920.0,2622259242.0,216765.0,1238120,12.066,0.0,12.097,-1.22,1.0,8596,CNY-3.26,CNY
RFUD,2025-10-02,CRH6,12.064,11.975,12.108,12.029,15826738218.0,1179935402.0,97865.0,1315934,12.027,0.0,12.057,-0.28,1.0,6997,CNY-3.26,CNY
RFUD,2025-10-03,CRH6,12.022,11.977,12.236,12.213,16756242050.0,770433677.0,63459.0,1372450,12.209,0.0,12.142,1.53,1.0,4910,CNY-3.26,CNY
RFUD,2025-10-06,CRH6,12.196,12.183,12.309,12.186,16812863000.0,497779395.0,40647.0,1379800,12.185,0.0,12.247,-0.22,10.0,4823,CNY-3.26,CNY
RFUD,2025-10-07,CRH6,12.182,12.018,12.188,12.098,16617946400.0,794020340.0,65686.0,1373384,12.1,0.0,12.086,-0.72,8.0,6156,CNY-3.26,CNY
RFUD,2025-10-08,CRH6,12.1,11.961,12.122,11.995,16074958500.0,1464316768.0,121640.0,1340250,11.994,0.0,12.038,-0.85,7.0,12454,CNY-3.26,CNY
RFUD,2025-10-09,CRH6,12.0,11.969,12.094,12.027,16126612698.0,812061078.0,67369.0,1339086,12.043,0.0,12.055,0.27,14.0,6529,CNY-3.26,CNY
RFUD,2025-10-10,CRH6,12.047,12.01,12.126,12.071,16382712916.0,573024552.0,47500.0,1357196,12.071,0.0,12.064,0.37,12.0,5049,CNY-3.26,CNY
RFUD,2025-10-13,CRH6,12.071,11.86,12.107,11.873,16488142272.0,1122126123.0,93773.0,1388826,11.872,0.0,11.963,-1.64,5.0,6487,CNY-3.26,CNY
RFUD,2025-10-14,CRH6,11.866,11.743,11.883,11.76,16491490740.0,1021802040.0,86486.0,1401980,11.763,0.0,11.814,-0.95,10.0,7354,CNY-3.26,CNY
RFUD,2025-10-15,CRH6,11.759,11.609,11.795,11.655,17812207620.0,2506433714.0,214607.0,1529470,11.646,0.0,11.678,-0.89,10.0,17945,CNY-3.26,CNY
RFUD,2025-10-16,CRH6,11.651,11.568,11.921,11.853,18849307740.0,1897657352.0,161556.0,1589988,11.855,0.0,11.747,1.7,5.0,15894,CNY-3.26,CNY
RFUD,2025-10-17,CRH6,11.851,11.789,12.105,12.042,19608060852.0,1966524647.0,163899.0,1628306,12.042,0.0,11.998,1.59,8.0,15887,CNY-3.26,CNY
RFUD,2025-10-20,CRH6,12.035,11.897,12.065,11.914,19717897254.0,1205138817.0,100522.0,1655158,11.913,0.0,11.988,-1.06,6.0,8511,CNY-3.26,CNY
RFUD,2025-10-21,CRH6,11.91,11.897,12.088,12.067,22663996200.0,2176683544.0,181262.0,1879270,12.06,0.0,12.008,1.28,3.0,13198,CNY-3.26,CNY
RFUD,2025-10-22,CRH6,12.049,11.967,12.157,11.983,23604381472.0,1575258830.0,130684.0,1969658,11.984,0.0,12.053,-0.7,1.0,9829,CNY-3.26,CNY
RFUD,2025-10-23,CRH6,11.987,11.943,12.1,11.999,26853212610.0,3291957340.0,274269.0,2234974,12.015,0.0,12.003,0.13,1.0,16583,CNY-3.26,CNY
RFUD,2025-10-24,CRH6,11.998,11.708,12.041,11.728,28672577400.0,2955086037.0,248671.0,2444380,11.73,0.0,11.881,-2.26,7.0,18652,CNY-3.26,CNY
RFUD,2025-10-27,CRH6,11.729,11.596,11.783,11.781,30945454760.0,2426687242.0,208367.0,2631640,11.759,0.0,11.645,0.45,3.0,15874,CNY-3.26,CNY
RFUD,2025-10-28,CRH6,11.77,11.696,11.848,11.714,32309507944.0,1769179964.0,150572.0,2758196,11.714,0.0,11.745,-0.57,4.0,9201,CNY-3.26,CNY
RFUD,2025-10-29,CRH6,11.706,11.687,11.814,11.787,34711887840.0,1798670033.0,153048.0,2944680,11.788,0.0,11.752,0.62,2.0,9237,CNY-3.26,CNY
RFUD,2025-10-30,CRH6,11.793,11.777,11.924,11.865,35836119150.0,1146012399.0,96625.0,3021850,11.859,0.0,11.861,0.66,1.0,8072,CNY-3.26,CNY
RFUD,2025-10-31,CRH6,11.855,11.296,12.13,11.831,36795250416.0,2628077096.0,221204.0,3108232,11.838,0.0,11.88,-0.29,15.0,13160,CNY-3.26,CNY
RFUD,2025-11-01,CRH6,11.833,11.762,11.891,11.87,37018214616.0,491218833.0,41474.0,3119162,11.868,0.0,11.844,0.33,2.0,4428,CNY-3.26,CNY
RFUD,2025-11-03,CRH6,11.871,11.713,11.901,11.729,36576581546.0,375365063.0,31837.0,3118474,11.729,0.0,11.79,-1.19,6.0,4165,CNY-3.26,CNY
RFUD,2025-11-05,CRH6,11.729,11.719,11.974,11.964,37353988980.0,585062406.0,49167.0,3122460,11.963,0.0,11.897,2.0,4.0,5371,CNY-3.26,CNY
RFUD,2025-11-06,CRH6,11.965,11.866,12.001,11.906,36890356840.0,738132849.0,61866.0,3098728,11.905,0.0,11.929,-0.48,12.0,5075,CNY-3.26,CNY
RFUD,2025-11-07,CRH6,11.91,11.828,11.957,11.858,36849731072.0,360305197.0,30297.0,3107584,11.858,0.0,11.892,-0.4,4.0,3372,CNY-3.26,CNY
RFUD,2025-11-10,CRH6,11.855,11.838,11.961,11.91,37393382136.0,2149140105.0,180502.0,3138872,11.913,0.0,11.907,0.44,1.0,9176,CNY-3.26,CNY
RFUD,2025-11-11,CRH6,11.91,11.857,11.997,11.889,37615702212.0,1339503829.0,112265.0,3163908,11.889,0.0,11.931,-0.18,2.0,7411,CNY-3.26,CNY
RFUD,2025-11-12,CRH6,11.888,11.873,11.932,11.912,37481800422.0,805485085.0,67682.0,3146294,11.913,0.0,11.901,0.19,3.0,6068,CNY-3.26,CNY
RFUD,2025-11-13,CRH6,11.909,11.809,11.911,11.884,37482326144.0,1053383530.0,88902.0,3154016,11.884,0.0,11.853,-0.24,5.0,6822,CNY-3.26,CNY
RFUD,2025-11-14,CRH6,11.877,11.865,11.985,11.899,37538550000.0,767688915.0,64408.0,3154500,11.9,0.0,11.919,0.13,2.0,6317,CNY-3.26,CNY
RFUD,2025-11-17,CRH6,11.896,11.854,11.946,11.86,38444504760.0,1899251876.0,159675.0,3240980,11.862,0.0,11.89,-0.33,1.0,7351,CNY-3.26,CNY
RFUD,2025-11-18,CRH6,11.861,11.841,11.902,11.881,38377933204.0,2182355172.0,183737.0,3229922,11.882,0.0,11.88,0.18,2.0,8762,CNY-3.26,CNY
RFUD,2025-11-19,CRH6,11.881,11.748,11.887,11.77,39094151246.0,1658850134.0,140304.0,3321226,11.771,0.0,11.823,-0.93,156.0,11352,CNY-3.26,CNY
RFUD,2025-11-20,CRH6,11.77,11.662,11.819,11.681,40177832016.0,1940536609.0,165206.0,3440472,11.678,0.0,11.746,-0.76,31.0,13020,CNY-3.26,CNY
RFUD,2025-11-21,CRH6,11.687,11.487,11.695,11.557,44203944350.0,4357080236.0,377474.0,3826850,11.551,0.0,11.542,-1.06,1.0,24023,CNY-3.26,CNY
RFUD,2025-11-24,CRH6,11.56,11.463,11.581,11.484,46489048896.0,2958293706.0,257097.0,4049216,11.481,0.0,11.506,-0.63,3.0,13382,CNY-3.26,CNY
RFUD,2025-11-25,CRH6,11.479,11.461,11.626,11.54,47000793268.0,2093391316.0,181325.0,4073212,11.539,0.0,11.546,0.49,20.0,12496,CNY-3.26,CNY
RFUD,2025-11-26,CRH6,11.537,11.488,11.573,11.523,48613870080.0,3379138398.0,293457.0,4219954,11.52,0.0,11.519,-0.15,2.0,13100,CNY-3.26,CNY
RFUD,2025-11-27,CRH6,11.522,11.427,11.535,11.453,95902231656.0,26214941756.0,2277106.0,8374278,11.452,0.0,11.469,-0.61,1.0,12503,CNY-3.26,CNY
RFUD,2025-11-28,CRH6,11.444,11.325,11.504,11.343,96166725324.0,2718998050.0,237846.0,8478068,11.343,0.0,11.43,-0.96,1.0,12560,CNY-3.26,CNY
RFUD,2025-12-01,CRH6,11.342,11.328,11.405,11.343,119858558508.0,20300688991.0,1788358.0,10567674,11.342,0.0,11.351,0.0,20.0,57454,CNY-3.26,CNY
RFUD,2025-12-02,CRH6,11.347,11.261,11.406,11.354,171807486090.0,33173714945.0,2928528.0,15130558,11.355,0.0,11.302,0.1,10.0,52036,CNY-3.26,CNY
RFUD,2025-12-03,CRH6,11.355,11.242,11.44,11.266,184425780600.0,19791766580.0,1745865.0,16386120,11.255,0.0,11.335,-0.78,1.0,63899,CNY-3.26,CNY
RFUD,2025-12-04,CRH6,11.255,11.089,11.263,11.112,201187663670.0,17151837586.0,1528159.0,18116854,11.105,0.0,11.209,-1.37,13.0,44205,CNY-3.26,CNY
RFUD,2025-12-05,CRH6,11.105,10.96,11.245,11.163,226117661022.0,31598285020.0,2849471.0,20255994,11.163,0.0,11.089,0.46,178.0,98183,CNY-3.26,CNY
RFUD,2025-12-08,CRH6,11.161,11.116,11.296,11.159,244886915378.0,18781448513.0,1678521.0,21964922,11.149,0.0,11.195,-0.04,29.0,59717,CNY-3.26,CNY
RFUD,2025-12-09,CRH6,11.151,11.151,11.365,11.336,256421186120.0,9927471910.0,885400.0,22622072,11.335,0.0,11.245,1.59,5.0,40086,CNY-3.26,CNY
RFUD,2025-12-10,CRH6,11.336,11.285,11.566,11.546,270632299648.0,16911093431.0,1484579.0,23463872,11.534,0.0,11.397,1.85,36.0,47773,CNY-3.26,CNY
RFUD,2025-12-11,CRH6,11.547,11.476,11.692,11.629,289065692088.0,28343703698.0,2444216.0,24821028,11.646,0.0,11.6,0.72,18.0,83463,CNY-3.26,CNY
RFUD,2025-12-12,CRH6,11.625,11.556,11.685,11.602,295228646640.0,11389688886.0,978365.0,25428824,11.61,0.0,11.639,-0.23,1.0,40682,CNY-3.26,CNY
RFUD,2025-12-15,CRH6,11.609,11.555,11.673,11.64,310357585706.0,20219235341.0,1741594.0,26646998,11.647,0.0,11.61,0.33,1.0,69212,CNY-3.26,CNY
RFUD,2025-12-16,CRH6,11.643,11.605,11.669,11.63,335822018480.0,25925370272.0,2228080.0,28875496,11.63,0.0,11.635,-0.09,24.0,95166,CNY-3.26,CNY
RFUD,2025-12-17,CRH6,11.63,11.626,11.82,11.776,362442845424.0,51468366322.0,4384759.0,30770256,11.779,0.0,11.738,1.26,16.0,161121,CNY-3.26,CNY
RFUD,2025-12-18,CRH6,11.778,11.661,11.799,11.751,371720076028.0,87475873232.0,7462047.0,31627676,11.753,0.0,11.723,-0.21,3.0,191498,CNY-3.26,CNY
RFUD,2025-12-19,CRH6,11.752,11.645,11.915,11.675,375412598172.0,101705781324.0,8626066.0,32160764,11.673,0.0,11.791,-0.65,5.0,204450,CNY-3.26,CNY
RFUD,2025-12-22,CRH6,11.671,11.438,11.699,11.46,397525600836.0,92010657109.0,7962093.0,34669946,11.466,0.0,11.556,-1.84,255.0,191984,CNY-3.26,CNY
RFUD,2025-12-23,CRH6,11.46,11.402,11.535,11.448,405120119580.0,66862723958.0,5829331.0,35378580,11.451,0.0,11.47,-0.1,18.0,162967,CNY-3.26,CNY
RFUD,2025-12-24,CRH6,11.454,11.431,11.609,11.482,400249631420.0,101780081186.0,8833933.0,34849772,11.485,0.0,11.521,0.3,67.0,211248,CNY-3.26,CNY
RFUD,2025-12-25,CRH6,11.486,11.319,11.493,11.36,406510800136.0,74167347366.0,6511748.0,35797006,11.356,0.0,11.39,-1.06,198.0,222079,CNY-3.26,CNY
RFUD,2025-12-26,CRH6,11.354,11.27,11.454,11.341,408836979864.0,81716331646.0,7191470.0,35995508,11.358,0.0,11.363,-0.17,2.0,184447,CNY-3.26,CNY
RFUD,2025-12-29,CRH6,11.345,11.3,11.451,11.415,416599037736.0,69916173161.0,6145730.0,36473388,11.422,0.0,11.376,0.65,2.0,139491,CNY-3.26,CNY
RFUD,2025-12-30,CRH6,11.413,11.38,11.535,11.485,420471788660.0,77852468955.0,6802703.0,36578668,11.495,0.0,11.445,0.61,5.0,135030,CNY-3.26,CNY
RFUD,2026-01-05,CRH6,11.489,11.478,11.715,11.675,428856681600.0,27475404777.0,2360037.0,36739200,11.673,0.0,11.642,1.65,5.0,71442,CNY-3.26,CNY
RFUD,2026-01-06,CRH6,11.675,11.572,11.744,11.58,425453559524.0,24782560946.0,2126922.0,36737204,11.581,0.0,11.652,-0.81,48.0,91855,CNY-3.26,CNY
RFUD,2026-01-08,CRH6,11.582,11.557,11.688,11.576,427038686304.0,30933747756.0,2661456.0,36890004,11.576,0.0,11.623,-0.03,1.0,90171,CNY-3.26,CNY
RFUD,2026-01-09,CRH6,11.58,11.471,11.607,11.482,429128450146.0,25212288003.0,2188742.0,37390298,11.477,0.0,11.519,-0.81,5.0,80531,CNY-3.26,CNY
RFUD,2026-01-12,CRH6,11.484,11.446,11.609,11.545,425528914240.0,40967076925.0,3547981.0,36874256,11.54,0.0,11.547,0.55,2.0,118055,CNY-3.26,CNY
RFUD,2026-01-13,CRH6,11.538,11.502,11.58,11.536,432383307776.0,51531521838.0,4465279.0,37481216,11.536,0.0,11.538,-0.08,78.0,124110,CNY-3.26,CNY
RFUD,2026-01-14,CRH6,11.545,11.432,11.577,11.46,442124934636.0,66831250465.0,5817092.0,38583204,11.459,0.0,11.49,-0.66,240.0,144967,CNY-3.26,CNY
RFUD,2026-01-15,CRH6,11.456,11.383,11.54,11.422,428902703150.0,100263349102.0,8734290.0,37540718,11.425,0.0,11.481,-0.33,2.0,199759,CNY-3.26,CNY
RFUD,2026-01-16,CRH6,11.422,11.347,11.454,11.431,433174208580.0,72060800708.0,6317192.0,37898006,11.43,0.0,11.404,0.08,34.0,143799,CNY-3.26,CNY
RFUD,2026-01-19,CRH6,11.427,11.372,11.465,11.4,439642491086.0,39566239864.0,3467824.0,38568514,11.399,0.0,11.409,-0.27,81.0,108680,CNY-3.26,CNY
RFUD,2026-01-20,CRH6,11.402,11.37,11.456,11.405,431475269988.0,54559563593.0,4775318.0,37828798,11.406,0.0,11.425,0.04,400.0,130750,CNY-3.26,CNY
RFUD,2026-01-21,CRH6,11.407,11.207,11.427,11.217,422841926320.0,86759041305.0,7655563.0,37703248,11.215,0.0,11.333,-1.65,268.0,166272,CNY-3.26,CNY
RFUD,2026-01-22,CRH6,11.217,11.041,11.225,11.055,429131110650.0,79452006267.0,7154767.0,38817830,11.055,0.0,11.105,-1.44,9.0,171951,CNY-3.26,CNY
RFUD,2026-01-23,CRH6,11.062,11.004,11.123,11.076,431419250010.0,62226956753.0,5613415.0,38961370,11.073,0.0,11.085,0.19,144.0,157693,CNY-3.26,CNY
RFUD,2026-01-26,CRH6,11.076,11.029,11.263,11.229,405343695744.0,112476139103.0,10082137.0,36088292,11.232,0.0,11.156,1.38,52.0,234190,CNY-3.26,CNY
RFUD,2026-01-27,CRH6,11.237,11.128,11.278,11.136,393890070084.0,65212039774.0,5830018.0,35386764,11.131,0.0,11.186,-0.83,48.0,190569,CNY-3.26,CNY
RFUD,2026-01-28,CRH6,11.139,11.081,11.225,11.174,395264584052.0,77708297816.0,6960258.0,35373598,11.174,0.0,11.165,0.34,31.0,184084,CNY-3.26,CNY
RFUD,2026-01-29,CRH6,11.174,10.948,11.185,10.979,382587738170.0,102461025116.0,9245937.0,34847230,10.979,0.0,11.082,-1.75,1.0,216247,CNY-3.26,CNY
RFUD,2026-01-30,CRH6,10.977,10.967,11.18,11.146,387296592368.0,99019695976.0,8926644.0,34753822,11.144,0.0,11.093,1.52,42.0,211064,CNY-3.26,CNY
RFUD,2026-02-02,CRH6,11.149,11.118,11.34,11.211,368531735224.0,124145112675.0,11030426.0,32869402,11.212,0.0,11.255,0.58,100.0,199959,CNY-3.26,CNY
RFUD,2026-02-03,CRH6,11.205,11.2,11.295,11.282,376025318280.0,53861581520.0,4784835.0,33320808,11.285,0.0,11.257,0.63,14.0,107682,CNY-3.26,CNY
RFUD,2026-02-04,CRH6,11.285,11.134,11.348,11.155,374416958016.0,130019361421.0,11597578.0,33561936,11.156,0.0,11.211,-1.13,11.0,248012,CNY-3.26,CNY
RFUD,2026-02-05,CRH6,11.154,11.101,11.239,11.227,383311740012.0,90754620131.0,8119349.0,34141956,11.227,0.0,11.176,0.65,50.0,211651,CNY-3.26,CNY
RFUD,2026-02-06,CRH6,11.229,10.671,11.37,11.24,398974128168.0,119425314328.0,10646670.0,35502236,11.238,0.0,11.218,0.12,2.0,270039,CNY-3.26,CNY
RFUD,2026-02-09,CRH6,11.24,11.203,11.345,11.284,374314437988.0,83268359394.0,7369923.0,33163324,11.287,0.0,11.298,0.39,84.0,182508,CNY-3.26,CNY
RFUD,2026-02-10,CRH6,11.289,11.237,11.307,11.267,379731096450.0,58003904052.0,5144431.0,33708930,11.265,0.0,11.275,-0.15,407.0,161237,CNY-3.26,CNY
RFUD,2026-02-11,CRH6,11.268,11.205,11.31,11.233,394871692692.0,59304062525.0,5271302.0,35165348,11.229,0.0,11.25,-0.3,29.0,139388,CNY-3.26,CNY
RFUD,2026-02-12,CRH6,11.229,11.222,11.292,11.258,380558204364.0,45253264250.0,4016493.0,33803358,11.258,0.0,11.267,0.22,10.0,131805,CNY-3.26,CNY
RFUD,2026-02-13,CRH6,11.26,11.133,11.265,11.139,392843902770.0,59064134307.0,5275508.0,35267430,11.139,0.0,11.196,-1.06,70.0,163274,CNY-3.26,CNY
RFUD,2026-02-16,CRH6,11.143,11.107,11.199,11.184,384724544192.0,43210788011.0,3872902.0,34402624,11.183,0.0,11.157,0.4,7.0,120246,CNY-3.26,CNY
RFUD,2026-02-17,CRH6,11.186,11.035,11.198,11.05,409579146232.0,58875757468.0,5294050.0,37062632,11.051,0.0,11.121,-1.2,100.0,155630,CNY-3.26,CNY
RFUD,2026-02-18,CRH6,11.054,11.013,11.181,11.149,409810780134.0,81886066324.0,7378155.0,36751034,11.151,0.0,11.098,0.9,1.0,208231,CNY-3.26,CNY
RFUD,2026-02-19,CRH6,11.152,11.05,11.165,11.073,404824805136.0,70228094481.0,6322630.0,36559632,11.073,0.0,11.107,-0.68,11.0,157002,CNY-3.26,CNY
RFUD,2026-02-20,CRH6,11.068,11.061,11.18,11.142,394733710338.0,46815866768.0,4205746.0,35424366,11.143,0.0,11.132,0.62,72.0,140768,CNY-3.26,CNY
RFUD,2026-02-24,CRH6,11.147,11.076,11.193,11.086,398092238460.0,44640116414.0,4008745.0,35925660,11.081,0.0,11.136,-0.5,30.0,137793,CNY-3.26,CNY
RFUD,2026-02-25,CRH6,11.086,11.075,11.369,11.338,419356370320.0,128779774105.0,11487502.0,36996592,11.335,0.0,11.211,2.27,1.0,266974,CNY-3.26,CNY
RFUD,2026-02-26,CRH6,11.34,11.243,11.436,11.25,412621132500.0,76295709230.0,6746638.0,36677434,11.25,0.0,11.309,-0.78,11.0,209462,CNY-3.26,CNY
RFUD,2026-02-27,CRH6,11.246,11.214,11.327,11.223,405080827056.0,60753870288.0,5388401.0,36090594,11.224,0.0,11.275,-0.24,48.0,188744,CNY-3.26,CNY
RFUD,2026-03-02,CRH6,11.226,11.131,11.3,11.26,403863525260.0,69293023881.0,6167420.0,35873470,11.258,0.0,11.235,0.33,198.0,184347,CNY-3.26,CNY
RFUD,2026-03-03,CRH6,11.26,11.197,11.285,11.206,368934641680.0,83157834466.0,7396586.0,32911208,11.21,0.0,11.243,-0.48,64.0,159787,CNY-3.26,CNY
RFUD,2026-03-04,CRH6,11.215,11.181,11.4,11.312,399913480516.0,153841034786.0,13621684.0,35356156,11.311,0.0,11.295,0.95,1.0,264116,CNY-3.26,CNY
RFUD,2026-03-05,CRH6,11.312,11.303,11.461,11.458,376989824344.0,102261699353.0,8970622.0,32899016,11.459,0.0,11.401,1.29,6.0,255498,CNY-3.26,CNY
RFUD,2026-03-06,CRH6,11.459,11.39,11.524,11.4,331429459670.0,99331865688.0,8672238.0,29060014,11.405,0.0,11.455,-0.51,1.0,269833,CNY-3.26,CNY
RFUD,2026-03-09,CRH6,11.401,11.211,11.426,11.271,330868637420.0,54000284660.0,4783031.0,29350540,11.273,0.0,11.29,-1.13,1.0,147735,CNY-3.26,CNY
RFUD,2026-03-10,CRH6,11.274,11.248,11.543,11.514,289360663360.0,119169862075.0,10405440.0,25139936,11.51,0.0,11.457,2.16,11.0,227717,CNY-3.26,CNY
RFUD,2026-03-11,CRH6,11.515,11.476,11.569,11.53,258542804136.0,71266949610.0,6185582.0,22419598,11.532,0.0,11.522,0.14,5.0,157398,CNY-3.26,CNY
RFUD,2026-03-12,CRH6,11.534,11.47,11.615,11.606,251426526010.0,70378552572.0,6097250.0,21665362,11.605,0.0,11.543,0.66,16.0,171173,CNY-3.26,CNY
RFUD,2026-03-13,CRH6,11.604,11.595,11.699,11.655,234906918600.0,119617190209.0,10268837.0,20163684,11.65,0.0,11.649,0.42,55.0,246460,CNY-3.26,CNY
RFUD,2026-03-16,CRH6,11.655,11.619,11.839,11.82,227502497662.0,89483486314.0,7615389.0,19245622,11.821,0.0,11.751,1.42,1.0,242483,CNY-3.26,CNY
RFUD,2026-03-17,CRH6,11.821,11.795,12.02,12.015,237185612664.0,110958314004.0,9315612.0,19745722,12.012,0.0,11.912,1.65,5.0,209203,CNY-3.26,CNY
RFUD,2026-03-18,CRH6,12.017,11.992,12.181,12.155,225642589440.0,99543577831.0,8225641.0,18562240,12.156,0.0,12.102,1.17,2.0,216653,CNY-3.26,CNY
RFUD,2026-03-19,CRH6,12.157,12.109,12.632,12.351,0.0,51059274719.0,4147547.0,0,12.3505,0.0,12.329,1.61,150.0,52266,CNY-3.26,CNY
RFUD,2024-12-06,CRM6,,,,,0.0,,,0,15.461,0.0,,,,0,CNY-6.26,CNY
RFUD,2024-12-09,CRM6,,,,,0.0,,,0,16.361,0.0,,,,0,CNY-6.26,CNY
RFUD,2024-12-10,CRM6,,,,,0.0,,,0,16.099,0.0,,,,0,CNY-6.26,CNY
RFUD,2024-12-11,CRM6,,,,,0.0,,,0,16.085,0.0,,,,0,CNY-6.26,CNY
RFUD,2024-12-12,CRM6,,,,,0.0,,,0,16.172,0.0,,,,0,CNY-6.26,CNY
RFUD,2024-12-13,CRM6,,,,,0.0,,,0,16.047,0.0,,,,0,CNY-6.26,CNY
RFUD,2024-12-16,CRM6,,,,,0.0,,,0,15.778,0.0,,,,0,CNY-6.26,CNY
RFUD,2024-12-17,CRM6,,,,,0.0,,,0,15.925,0.0,,,,0,CNY-6.26,CNY
RFUD,2024-12-18,CRM6,,,,,0.0,,,0,16.02,0.0,,,,0,CNY-6.26,CNY
RFUD,2024-12-19,CRM6,16.079,16.079,16.079,16.079,64620.0,32158.0,2.0,4,16.155,0.0,16.079,,2.0,1,CNY-6.26,CNY
RFUD,2024-12-20,CRM6,16.03,16.03,16.11,16.11,64596.0,32140.0,2.0,4,16.149,0.0,16.07,0.19,1.0,2,CNY-6.26,CNY
RFUD,2024-12-23,CRM6,15.792,15.792,15.792,15.792,95496.0,15792.0,1.0,6,15.916,0.0,15.792,-1.97,1.0,1,CNY-6.26,CNY
RFUD,2024-12-24,CRM6,,,,,95826.0,,,6,15.971,0.0,,,,0,CNY-6.26,CNY
RFUD,2024-12-25,CRM6,,,,,95784.0,,,6,15.964,0.0,,,,0,CNY-6.26,CNY
RFUD,2024-12-26,CRM6,15.941,15.941,15.941,15.941,160680.0,31882.0,2.0,10,16.068,0.0,15.941,,2.0,1,CNY-6.26,CNY
RFUD,2024-12-27,CRM6,15.982,15.814,16.154,16.031,637760.0,320235.0,20.0,40,15.944,0.0,16.012,0.56,3.0,10,CNY-6.26,CNY
RFUD,2024-12-28,CRM6,16.167,16.167,16.167,16.167,711348.0,32334.0,2.0,44,16.167,0.0,16.167,0.85,2.0,1,CNY-6.26,CNY
RFUD,2024-12-30,CRM6,16.499,16.499,16.5,16.5,884790.0,82496.0,5.0,54,16.385,0.0,16.499,2.06,1.0,2,CNY-6.26,CNY
RFUD,2025-01-03,CRM6,16.12,16.116,16.182,16.182,944414.0,48418.0,3.0,58,16.283,0.0,16.139,-1.93,1.0,3,CNY-6.26,CNY
RFUD,2025-01-06,CRM6,16.061,16.053,16.16,16.058,1578388.0,321305.0,20.0,98,16.106,0.0,16.065,-0.77,2.0,5,CNY-6.26,CNY
RFUD,2025-01-08,CRM6,16.019,16.019,16.019,16.019,1561140.0,32038.0,2.0,98,15.93,0.0,16.019,-0.24,2.0,1,CNY-6.26,CNY
RFUD,2025-01-09,CRM6,,,,,1571626.0,,,98,16.037,0.0,,,,0,CNY-6.26,CNY
RFUD,2025-01-10,CRM6,16.206,16.046,16.24,16.046,1727694.0,145350.0,9.0,106,16.299,0.0,16.15,,2.0,5,CNY-6.26,CNY
RFUD,2025-01-13,CRM6,,,,,1741262.0,,,106,16.427,0.0,,,,0,CNY-6.26,CNY
RFUD,2025-01-14,CRM6,16.244,16.126,16.244,16.244,1840048.0,129612.0,8.0,112,16.429,0.0,16.202,,1.0,5,CNY-6.26,CNY
RFUD,2025-01-15,CRM6,16.42,16.42,16.42,16.42,1871880.0,16420.0,1.0,114,16.42,0.0,16.42,1.08,1.0,1,CNY-6.26,CNY
RFUD,2025-01-16,CRM6,16.399,16.3,16.435,16.4,2361600.0,245638.0,15.0,144,16.4,0.0,16.376,-0.12,2.0,5,CNY-6.26,CNY
RFUD,2025-01-17,CRM6,16.301,16.301,16.388,16.388,2414768.0,32689.0,2.0,148,16.316,0.0,16.345,-0.07,1.0,2,CNY-6.26,CNY
RFUD,2025-01-20,CRM6,16.165,16.165,16.165,16.165,2424750.0,16165.0,1.0,150,16.165,0.0,16.165,-1.36,1.0,1,CNY-6.26,CNY
RFUD,2025-01-21,CRM6,16.163,16.163,16.163,16.163,2586080.0,80815.0,5.0,160,16.163,0.0,16.163,-0.01,2.0,3,CNY-6.26,CNY
RFUD,2025-01-22,CRM6,16.181,16.181,16.182,16.182,2649024.0,32363.0,2.0,162,16.352,0.0,16.182,0.12,1.0,2,CNY-6.26,CNY
RFUD,2025-01-23,CRM6,16.206,16.206,16.212,16.212,2723616.0,48624.0,3.0,168,16.212,0.0,16.208,0.18,1.0,2,CNY-6.26,CNY
RFUD,2025-01-24,CRM6,16.272,16.272,16.38,16.38,2863168.0,114336.0,7.0,176,16.268,0.0,16.334,1.04,4.0,2,CNY-6.26,CNY
RFUD,2025-01-27,CRM6,16.177,16.139,16.177,16.151,3004086.0,96896.0,6.0,186,16.151,0.0,16.149,-1.4,2.0,3,CNY-6.26,CNY
RFUD,2025-01-28,CRM6,16.26,16.26,16.26,16.26,3024360.0,16260.0,1.0,186,16.26,0.0,16.26,0.68,1.0,1,CNY-6.26,CNY
RFUD,2025-01-29,CRM6,,,,,3033288.0,,,186,16.308,0.0,,,,0,CNY-6.26,CNY
RFUD,2025-01-30,CRM6,,,,,2993112.0,,,186,16.092,0.0,,,,0,CNY-6.26,CNY
RFUD,2025-01-31,CRM6,,,,,3013200.0,,,186,16.2,0.0,,,,0,CNY-6.26,CNY
RFUD,2025-02-03,CRM6,,,,,3013200.0,,,186,16.2,0.0,,,,0,CNY-6.26,CNY
RFUD,2025-02-04,CRM6,16.153,15.962,16.153,15.962,2968932.0,32115.0,2.0,186,15.962,0.0,16.058,,1.0,2,CNY-6.26,CNY
RFUD,2025-02-05,CRM6,15.895,15.895,15.895,15.895,2956470.0,63580.0,4.0,186,15.895,0.0,15.895,-0.42,1.0,4,CNY-6.26,CNY
RFUD,2025-02-06,CRM6,15.838,15.838,15.931,15.931,2963166.0,63631.0,4.0,186,15.931,0.0,15.908,0.23,1.0,3,CNY-6.26,CNY
RFUD,2025-02-07,CRM6,16.0,16.0,16.244,16.179,3222600.0,129543.0,8.0,200,16.113,0.0,16.193,1.56,2.0,5,CNY-6.26,CNY
RFUD,2025-02-10,CRM6,16.177,16.08,16.177,16.08,3183840.0,48337.0,3.0,198,16.08,0.0,16.112,-0.61,2.0,2,CNY-6.26,CNY
RFUD,2025-02-11,CRM6,16.0,16.0,16.0,16.0,3232000.0,32000.0,2.0,202,16.0,0.0,16.0,-0.5,1.0,2,CNY-6.26,CNY
RFUD,2025-02-12,CRM6,15.8,15.8,15.879,15.879,3302832.0,47479.0,3.0,208,15.879,0.0,15.826,-0.76,1.0,2,CNY-6.26,CNY
RFUD,2025-02-13,CRM6,15.8,15.483,15.8,15.76,3778800.0,375961.0,24.0,240,15.745,0.0,15.665,-0.75,1.0,17,CNY-6.26,CNY
RFUD,2025-02-14,CRM6,15.402,15.402,15.947,15.947,4258788.0,316468.0,20.0,268,15.891,0.0,15.823,1.19,1.0,14,CNY-6.26,CNY
RFUD,2025-02-17,CRM6,15.914,15.66,15.914,15.66,4259520.0,31574.0,2.0,272,15.66,0.0,15.787,-1.8,1.0,2,CNY-6.26,CNY
RFUD,2025-02-18,CRM6,15.615,15.615,15.615,15.615,4272482.0,15615.0,1.0,274,15.593,0.0,15.615,-0.29,1.0,1,CNY-6.26,CNY
RFUD,2025-02-19,CRM6,15.541,15.451,15.541,15.529,4286004.0,108624.0,7.0,276,15.529,0.0,15.518,-0.55,1.0,4,CNY-6.26,CNY
RFUD,2025-02-20,CRM6,15.402,15.0,15.402,15.003,5671134.0,1364146.0,90.0,378,15.003,0.0,15.157,-3.39,1.0,24,CNY-6.26,CNY
RFUD,2025-02-21,CRM6,15.001,14.901,15.207,15.15,5847900.0,466803.0,31.0,386,15.15,0.0,15.058,0.98,5.0,16,CNY-6.26,CNY
RFUD,2025-02-24,CRM6,15.398,14.901,15.876,15.121,7772194.0,1641800.0,106.0,514,15.121,0.0,15.489,-0.19,1.0,43,CNY-6.26,CNY
RFUD,2025-02-25,CRM6,15.068,14.8,15.068,14.8,7696000.0,1079119.0,72.0,520,14.8,0.0,14.988,-2.12,1.0,16,CNY-6.26,CNY
RFUD,2025-02-26,CRM6,14.8,14.8,15.003,15.003,7873168.0,89492.0,6.0,526,14.968,0.0,14.915,1.37,1.0,5,CNY-6.26,CNY
RFUD,2025-02-27,CRM6,15.247,14.948,15.313,15.121,8104856.0,151972.0,10.0,536,15.121,0.0,15.197,0.79,1.0,8,CNY-6.26,CNY
RFUD,2025-02-28,CRM6,15.3,15.3,15.3,15.3,8262000.0,30600.0,2.0,540,15.3,0.0,15.3,1.18,1.0,2,CNY-6.26,CNY
RFUD,2025-03-03,CRM6,15.28,15.28,15.28,15.28,8251200.0,15280.0,1.0,540,15.28,0.0,15.28,-0.13,1.0,1,CNY-6.26,CNY
RFUD,2025-03-04,CRM6,15.201,15.201,15.33,15.33,8247540.0,45732.0,3.0,538,15.33,0.0,15.244,0.33,1.0,2,CNY-6.26,CNY
RFUD,2025-03-05,CRM6,15.33,15.231,15.469,15.231,8194278.0,122585.0,8.0,538,15.231,0.0,15.323,-0.65,2.0,6,CNY-6.26,CNY
RFUD,2025-03-06,CRM6,,,,,8248616.0,,,538,15.332,0.0,,,,0,CNY-6.26,CNY
RFUD,2025-03-07,CRM6,,,,,8333620.0,,,538,15.49,0.0,,,,0,CNY-6.26,CNY
RFUD,2025-03-10,CRM6,15.126,15.082,15.126,15.082,7989838.0,60405.0,4.0,538,14.851,0.0,15.101,,2.0,3,CNY-6.26,CNY
RFUD,2025-03-11,CRM6,14.997,14.7,15.064,14.7,8071492.0,401853.0,27.0,548,14.729,0.0,14.883,-2.53,1.0,12,CNY-6.26,CNY
RFUD,2025-03-12,CRM6,14.847,14.847,14.847,14.847,8136156.0,29694.0,2.0,548,14.847,0.0,14.847,1.0,2.0,1,CNY-6.26,CNY
RFUD,2025-03-13,CRM6,14.762,14.762,14.762,14.762,8089576.0,14762.0,1.0,548,14.762,0.0,14.762,-0.57,1.0,1,CNY-6.26,CNY
RFUD,2025-03-14,CRM6,14.7,14.55,14.7,14.65,8028200.0,87700.0,6.0,548,14.65,0.0,14.617,-0.76,1.0,6,CNY-6.26,CNY
RFUD,2025-03-17,CRM6,14.535,14.33,14.737,14.33,8254080.0,289882.0,20.0,576,14.33,0.0,14.494,-2.18,1.0,12,CNY-6.26,CNY
RFUD,2025-03-18,CRM6,14.294,14.0,15.144,14.19,38233728.0,30442336.0,2063.0,2664,14.352,0.0,14.756,-0.98,4.0,144,CNY-6.26,CNY
RFUD,2025-03-19,CRM6,14.373,14.373,14.683,14.58,40789244.0,1603579.0,110.0,2798,14.578,0.0,14.578,2.75,7.0,50,CNY-6.26,CNY
RFUD,2025-03-20,CRM6,14.563,14.477,14.676,14.5,41412000.0,3089188.0,212.0,2856,14.5,0.0,14.572,-0.55,1.0,53,CNY-6.26,CNY
RFUD,2025-03-21,CRM6,14.587,14.35,14.6,14.35,41385400.0,492838.0,34.0,2884,14.35,0.0,14.495,-1.03,1.0,10,CNY-6.26,CNY
RFUD,2025-03-24,CRM6,14.38,14.38,14.458,14.458,41639040.0,201980.0,14.0,2880,14.458,0.0,14.427,0.75,3.0,7,CNY-6.26,CNY
RFUD,2025-03-25,CRM6,14.569,14.281,14.601,14.281,41214966.0,621446.0,43.0,2886,14.281,0.0,14.452,-1.22,2.0,21,CNY-6.26,CNY
RFUD,2025-03-26,CRM6,14.272,13.9,14.294,13.902,50876166.0,21006881.0,1500.0,3662,13.893,0.0,14.005,-2.65,1.0,134,CNY-6.26,CNY
RFUD,2025-03-27,CRM6,13.941,13.8,14.124,13.8,50701200.0,861538.0,62.0,3674,13.8,0.0,13.896,-0.73,1.0,29,CNY-6.26,CNY
RFUD,2025-03-28,CRM6,13.839,13.78,14.139,14.125,51863328.0,1701783.0,121.0,3672,14.124,0.0,14.064,2.35,32.0,19,CNY-6.26,CNY
RFUD,2025-03-31,CRM6,14.1,14.005,14.405,14.139,65838272.0,8423433.0,593.0,4688,14.044,0.0,14.205,0.1,3.0,38,CNY-6.26,CNY
RFUD,2025-04-01,CRM6,14.044,13.864,14.117,13.864,65410352.0,571411.0,41.0,4718,13.864,0.0,13.937,-1.94,1.0,18,CNY-6.26,CNY
RFUD,2025-04-02,CRM6,13.91,13.815,14.18,13.815,66009100.0,2694461.0,194.0,4766,13.85,0.0,13.889,-0.35,1.0,23,CNY-6.26,CNY
RFUD,2025-04-03,CRM6,13.851,13.7,14.012,13.79,64280400.0,2824934.0,205.0,4658,13.8,0.0,13.78,-0.18,1.0,36,CNY-6.26,CNY
RFUD,2025-04-04,CRM6,13.889,13.79,14.044,14.044,65922536.0,1098356.0,79.0,4694,14.044,0.0,13.903,1.84,5.0,37,CNY-6.26,CNY
RFUD,2025-04-07,CRM6,14.071,13.749,14.849,13.907,69838920.0,16604071.0,1173.0,5028,13.89,0.0,14.155,-0.98,5.0,183,CNY-6.26,CNY
RFUD,2025-04-08,CRM6,13.751,13.751,13.848,13.848,69600048.0,82603.0,6.0,5026,13.848,0.0,13.767,-0.42,1.0,3,CNY-6.26,CNY
RFUD,2025-04-09,CRM6,13.85,13.767,14.08,13.81,70790060.0,1932449.0,138.0,5126,13.81,0.0,14.003,-0.27,2.0,22,CNY-6.26,CNY
RFUD,2025-04-10,CRM6,13.81,13.645,14.0,13.759,69970176.0,843998.0,61.0,5088,13.752,0.0,13.836,-0.37,1.0,25,CNY-6.26,CNY
RFUD,2025-04-11,CRM6,13.68,13.39,13.721,13.48,68306504.0,1484821.0,110.0,5068,13.478,0.0,13.498,-2.03,1.0,68,CNY-6.26,CNY
RFUD,2025-04-14,CRM6,13.4,13.3,13.489,13.424,68094020.0,617522.0,46.0,5090,13.378,0.0,13.424,-0.41,3.0,18,CNY-6.26,CNY
RFUD,2025-04-15,CRM6,13.433,13.161,13.433,13.35,68031600.0,545041.0,41.0,5096,13.35,0.0,13.294,-0.55,5.0,15,CNY-6.26,CNY
RFUD,2025-04-16,CRM6,13.35,13.292,13.506,13.49,68255448.0,870635.0,65.0,5074,13.452,0.0,13.394,1.05,1.0,18,CNY-6.26,CNY
RFUD,2025-04-17,CRM6,13.463,13.232,13.463,13.232,67350880.0,1288519.0,96.0,5090,13.232,0.0,13.422,-1.91,1.0,16,CNY-6.26,CNY
RFUD,2025-04-18,CRM6,13.087,12.985,13.35,13.047,66122196.0,2837950.0,217.0,5068,13.047,0.0,13.078,-1.4,1.0,96,CNY-6.26,CNY
RFUD,2025-04-21,CRM6,13.045,12.998,13.101,13.101,66291060.0,247811.0,19.0,5060,13.101,0.0,13.043,0.41,4.0,7,CNY-6.26,CNY
RFUD,2025-04-22,CRM6,13.1,12.986,13.185,13.099,66333336.0,170550.0,13.0,5064,13.099,0.0,13.119,-0.01,1.0,7,CNY-6.26,CNY
RFUD,2025-04-23,CRM6,13.27,13.27,13.395,13.395,67323270.0,574555.0,43.0,5026,13.395,0.0,13.362,2.26,2.0,17,CNY-6.26,CNY
RFUD,2025-04-24,CRM6,13.395,13.395,13.951,13.491,69154866.0,4379333.0,321.0,5126,13.491,0.0,13.643,0.72,2.0,54,CNY-6.26,CNY
RFUD,2025-04-25,CRM6,13.535,13.314,13.535,13.415,66645720.0,2114028.0,158.0,4968,13.415,0.0,13.38,-0.56,1.0,24,CNY-6.26,CNY
RFUD,2025-04-28,CRM6,13.292,13.283,13.444,13.283,65139832.0,976156.0,73.0,4904,13.283,0.0,13.372,-0.98,1.0,20,CNY-6.26,CNY
RFUD,2025-04-29,CRM6,13.277,13.265,13.29,13.27,66414602.0,1275274.0,96.0,5006,13.267,0.0,13.284,-0.1,10.0,6,CNY-6.26,CNY
RFUD,2025-04-30,CRM6,13.293,12.873,13.293,13.106,65168004.0,1606176.0,123.0,4972,13.107,0.0,13.058,-1.24,1.0,41,CNY-6.26,CNY
RFUD,2025-05-02,CRM6,13.158,13.112,13.617,13.37,66475640.0,3463632.0,260.0,4972,13.37,0.0,13.322,2.01,1.0,70,CNY-6.26,CNY
RFUD,2025-05-05,CRM6,13.384,13.238,13.384,13.238,66343844.0,505448.0,38.0,5012,13.237,0.0,13.301,-0.99,5.0,9,CNY-6.26,CNY
RFUD,2025-05-06,CRM6,13.3,13.29,13.347,13.347,67491840.0,466869.0,35.0,5070,13.312,0.0,13.339,0.82,29.0,4,CNY-6.26,CNY
RFUD,2025-05-07,CRM6,13.294,13.23,13.314,13.301,68127722.0,2020731.0,152.0,5122,13.301,0.0,13.294,-0.34,2.0,48,CNY-6.26,CNY
RFUD,2025-05-08,CRM6,13.303,13.274,13.586,13.31,68945800.0,1030277.0,77.0,5180,13.31,0.0,13.38,0.07,2.0,28,CNY-6.26,CNY
RFUD,2025-05-12,CRM6,13.31,13.119,13.31,13.2,77606910.0,5888776.0,446.0,5886,13.185,0.0,13.204,-0.83,19.0,20,CNY-6.26,CNY
RFUD,2025-05-13,CRM6,13.292,13.15,13.292,13.15,77453500.0,39665.0,3.0,5890,13.15,0.0,13.222,-0.38,1.0,3,CNY-6.26,CNY
RFUD,2025-05-14,CRM6,13.191,13.15,13.191,13.154,80581404.0,1749702.0,133.0,6126,13.154,0.0,13.156,0.03,5.0,11,CNY-6.26,CNY
RFUD,2025-05-15,CRM6,13.186,13.186,13.271,13.209,80997048.0,92479.0,7.0,6138,13.196,0.0,13.211,0.42,4.0,3,CNY-6.26,CNY
RFUD,2025-05-16,CRM6,13.16,13.048,13.276,13.276,81939472.0,342975.0,26.0,6172,13.276,0.0,13.191,0.51,5.0,13,CNY-6.26,CNY
RFUD,2025-05-19,CRM6,13.145,13.0,13.207,13.207,81218552.0,761581.0,58.0,6166,13.172,0.0,13.131,-0.52,3.0,14,CNY-6.26,CNY
RFUD,2025-05-20,CRM6,13.194,13.194,13.23,13.212,81438768.0,79242.0,6.0,6164,13.212,0.0,13.207,0.04,1.0,5,CNY-6.26,CNY
RFUD,2025-05-21,CRM6,13.25,13.086,13.25,13.127,83487720.0,1563261.0,119.0,6360,13.127,0.0,13.137,-0.64,1.0,14,CNY-6.26,CNY
RFUD,2025-05-22,CRM6,13.14,13.069,13.199,13.13,84032000.0,761937.0,58.0,6400,13.13,0.0,13.137,0.02,2.0,24,CNY-6.26,CNY
RFUD,2025-05-23,CRM6,13.149,13.075,13.149,13.111,84076824.0,839609.0,64.0,6422,13.092,0.0,13.119,-0.14,5.0,16,CNY-6.26,CNY
RFUD,2025-05-26,CRM6,13.117,12.986,13.142,13.098,83250888.0,1721380.0,132.0,6356,13.098,0.0,13.041,-0.1,2.0,35,CNY-6.26,CNY
RFUD,2025-05-27,CRM6,13.036,13.036,13.119,13.119,83384364.0,301313.0,23.0,6356,13.119,0.0,13.101,0.16,1.0,7,CNY-6.26,CNY
RFUD,2025-05-28,CRM6,13.149,13.07,13.171,13.137,85600692.0,1168177.0,89.0,6516,13.137,0.0,13.126,0.14,1.0,25,CNY-6.26,CNY
RFUD,2025-05-29,CRM6,13.071,12.905,13.125,12.941,87481160.0,3313607.0,255.0,6760,12.941,0.0,12.995,-1.49,1.0,84,CNY-6.26,CNY
RFUD,2025-05-30,CRM6,12.922,12.858,13.019,12.964,87794496.0,284778.0,22.0,6768,12.972,0.0,12.944,0.18,1.0,12,CNY-6.26,CNY
RFUD,2025-06-02,CRM6,13.016,13.015,13.06,13.015,88423910.0,769266.0,59.0,6794,13.015,0.0,13.038,0.39,5.0,26,CNY-6.26,CNY
RFUD,2025-06-03,CRM6,12.947,12.875,13.021,13.019,91940178.0,2621053.0,202.0,7062,13.019,0.0,12.976,0.03,2.0,87,CNY-6.26,CNY
RFUD,2025-06-04,CRM6,13.012,12.89,13.191,13.191,92598960.0,834444.0,64.0,7060,13.116,0.0,13.038,1.32,1.0,27,CNY-6.26,CNY
RFUD,2025-06-05,CRM6,13.128,13.075,13.166,13.125,93102812.0,472895.0,36.0,7106,13.102,0.0,13.136,-0.5,5.0,13,CNY-6.26,CNY
RFUD,2025-06-06,CRM6,13.145,12.971,13.154,12.971,92837588.0,523237.0,40.0,7108,13.061,0.0,13.081,-1.17,1.0,17,CNY-6.26,CNY
RFUD,2025-06-09,CRM6,13.145,13.025,13.145,13.031,101219790.0,5195747.0,398.0,7770,13.027,0.0,13.055,0.46,1.0,22,CNY-6.26,CNY
RFUD,2025-06-10,CRM6,13.07,12.899,13.07,12.915,100474156.0,441081.0,34.0,7802,12.878,0.0,12.973,-0.89,2.0,14,CNY-6.26,CNY
RFUD,2025-06-11,CRM6,12.905,12.795,13.045,12.952,101595488.0,1521828.0,118.0,7844,12.952,0.0,12.897,0.29,1.0,35,CNY-6.26,CNY
RFUD,2025-06-13,CRM6,12.969,12.835,12.991,12.9,100852200.0,1395603.0,108.0,7818,12.9,0.0,12.922,-0.4,1.0,40,CNY-6.26,CNY
RFUD,2025-06-16,CRM6,12.845,12.766,12.981,12.91,101214400.0,1289720.0,100.0,7840,12.91,0.0,12.897,0.08,1.0,38,CNY-6.26,CNY
RFUD,2025-06-17,CRM6,12.908,12.86,13.019,12.86,101979800.0,1422110.0,110.0,7930,12.86,0.0,12.928,-0.39,2.0,28,CNY-6.26,CNY
RFUD,2025-06-18,CRM6,12.93,12.819,12.93,12.848,102244384.0,963618.0,75.0,7958,12.848,0.0,12.848,-0.09,10.0,32,CNY-6.26,CNY
RFUD,2025-06-19,CRM6,12.85,12.821,12.902,12.871,104000660.0,1828369.0,142.0,8084,12.865,0.0,12.876,0.18,1.0,49,CNY-6.26,CNY
RFUD,2025-06-20,CRM6,12.864,12.81,12.905,12.81,104862660.0,2199560.0,171.0,8186,12.81,0.0,12.863,-0.47,2.0,34,CNY-6.26,CNY
RFUD,2025-06-23,CRM6,12.846,12.752,12.881,12.758,107873332.0,3106564.0,243.0,8458,12.754,0.0,12.784,-0.41,5.0,52,CNY-6.26,CNY
RFUD,2025-06-24,CRM6,12.781,12.752,12.872,12.8,110540800.0,2322713.0,181.0,8636,12.8,0.0,12.833,0.33,5.0,27,CNY-6.26,CNY
RFUD,2025-06-25,CRM6,12.81,12.755,12.839,12.755,110891970.0,666316.0,52.0,8694,12.755,0.0,12.814,-0.35,1.0,14,CNY-6.26,CNY
RFUD,2025-06-26,CRM6,12.764,12.759,12.822,12.803,110797162.0,498153.0,39.0,8654,12.803,0.0,12.773,0.38,4.0,11,CNY-6.26,CNY
RFUD,2025-06-27,CRM6,12.816,12.802,12.817,12.815,110942520.0,76854.0,6.0,8664,12.805,0.0,12.809,0.09,1.0,4,CNY-6.26,CNY
RFUD,2025-06-30,CRM6,12.798,12.747,12.845,12.754,111385392.0,1404826.0,110.0,8732,12.756,0.0,12.771,-0.48,5.0,27,CNY-6.26,CNY
RFUD,2025-07-01,CRM6,12.775,12.754,12.791,12.79,111170680.0,740405.0,58.0,8692,12.79,0.0,12.766,0.28,3.0,12,CNY-6.26,CNY
RFUD,2025-07-02,CRM6,12.782,12.718,12.787,12.72,113640480.0,2155328.0,169.0,8934,12.72,0.0,12.753,-0.55,1.0,37,CNY-6.26,CNY
RFUD,2025-07-03,CRM6,12.72,12.72,12.787,12.729,114306420.0,497349.0,39.0,8980,12.729,0.0,12.753,0.07,10.0,14,CNY-6.26,CNY
RFUD,2025-07-04,CRM6,12.76,12.717,12.76,12.717,114237480.0,484040.0,38.0,8988,12.71,0.0,12.738,-0.09,1.0,12,CNY-6.26,CNY
RFUD,2025-07-07,CRM6,12.717,12.542,12.739,12.546,122474052.0,6828358.0,539.0,9762,12.546,0.0,12.669,-1.34,1.0,82,CNY-6.26,CNY
RFUD,2025-07-08,CRM6,12.546,12.469,12.557,12.471,128102112.0,6485636.0,519.0,10272,12.471,0.0,12.496,-0.6,1.0,96,CNY-6.26,CNY
RFUD,2025-07-09,CRM6,12.454,12.28,12.523,12.422,128408024.0,2916740.0,235.0,10328,12.433,0.0,12.412,-0.39,2.0,81,CNY-6.26,CNY
RFUD,2025-07-10,CRM6,12.451,12.378,12.49,12.398,130005428.0,2074157.0,167.0,10486,12.398,0.0,12.42,-0.19,2.0,70,CNY-6.26,CNY
RFUD,2025-07-11,CRM6,12.384,12.21,12.521,12.48,130687240.0,7541901.0,607.0,10460,12.494,0.0,12.425,0.66,1.0,96,CNY-6.26,CNY
RFUD,2025-07-14,CRM6,12.506,12.419,12.509,12.437,130140768.0,734855.0,59.0,10464,12.437,0.0,12.455,-0.34,9.0,25,CNY-6.26,CNY
RFUD,2025-07-15,CRM6,12.401,12.363,12.418,12.363,132390396.0,2018770.0,163.0,10706,12.366,0.0,12.385,-0.6,1.0,20,CNY-6.26,CNY
RFUD,2025-07-16,CRM6,12.367,12.362,12.376,12.376,133413280.0,482334.0,39.0,10780,12.376,0.0,12.368,0.1,8.0,10,CNY-6.26,CNY
RFUD,2025-07-17,CRM6,12.411,12.378,12.412,12.406,134208108.0,334719.0,27.0,10818,12.406,0.0,12.397,0.24,3.0,13,CNY-6.26,CNY
RFUD,2025-07-18,CRM6,12.395,12.394,12.46,12.439,134565102.0,323002.0,26.0,10818,12.439,0.0,12.423,0.27,2.0,10,CNY-6.26,CNY
RFUD,2025-07-21,CRM6,12.43,12.317,12.43,12.351,134107158.0,3392736.0,274.0,10858,12.351,0.0,12.382,-0.71,3.0,116,CNY-6.26,CNY
RFUD,2025-07-22,CRM6,12.326,12.322,12.431,12.431,135249280.0,655291.0,53.0,10880,12.431,0.0,12.364,0.65,1.0,24,CNY-6.26,CNY
RFUD,2025-07-23,CRM6,12.428,12.417,12.48,12.447,135711184.0,460897.0,37.0,10904,12.446,0.0,12.457,0.13,1.0,11,CNY-6.26,CNY
RFUD,2025-07-24,CRM6,12.463,12.463,12.637,12.56,137255680.0,564855.0,45.0,10928,12.56,0.0,12.552,0.91,5.0,26,CNY-6.26,CNY
RFUD,2025-07-25,CRM6,12.572,12.533,12.643,12.57,138244860.0,1559341.0,124.0,10998,12.57,0.0,12.575,0.08,1.0,38,CNY-6.26,CNY
RFUD,2025-07-28,CRM6,12.586,12.529,12.791,12.753,156214976.0,15031695.0,1192.0,12256,12.746,0.0,12.61,1.46,1.0,357,CNY-6.26,CNY
RFUD,2025-07-29,CRM6,12.775,12.756,12.94,12.882,159479160.0,5283057.0,412.0,12380,12.882,0.0,12.823,1.01,4.0,121,CNY-6.26,CNY
RFUD,2025-07-30,CRM6,12.89,12.653,12.923,12.677,158665650.0,2493022.0,195.0,12518,12.675,0.0,12.785,-1.59,1.0,64,CNY-6.26,CNY
RFUD,2025-07-31,CRM6,12.676,12.565,12.807,12.59,158583640.0,3354884.0,266.0,12596,12.59,0.0,12.612,-0.69,2.0,106,CNY-6.26,CNY
RFUD,2025-08-01,CRM6,12.602,12.531,12.631,12.531,157539732.0,1962057.0,156.0,12572,12.531,0.0,12.577,-0.47,30.0,47,CNY-6.26,CNY
RFUD,2025-08-04,CRM6,12.548,12.408,12.548,12.508,157300608.0,2649477.0,212.0,12576,12.508,0.0,12.498,-0.18,2.0,64,CNY-6.26,CNY
RFUD,2025-08-05,CRM6,12.514,12.506,12.556,12.536,157627664.0,563591.0,45.0,12574,12.536,0.0,12.524,0.22,5.0,21,CNY-6.26,CNY
RFUD,2025-08-06,CRM6,12.512,12.505,12.568,12.505,156962760.0,1767179.0,141.0,12552,12.505,0.0,12.533,-0.25,1.0,47,CNY-6.26,CNY
RFUD,2025-08-07,CRM6,12.49,12.373,12.49,12.429,156521152.0,2808797.0,226.0,12574,12.448,0.0,12.428,-0.61,1.0,105,CNY-6.26,CNY
RFUD,2025-08-08,CRM6,12.445,12.429,12.5,12.45,158015400.0,1744166.0,140.0,12692,12.45,0.0,12.458,0.17,20.0,18,CNY-6.26,CNY
RFUD,2025-08-11,CRM6,12.459,12.4,12.459,12.425,158195100.0,671554.0,54.0,12732,12.425,0.0,12.436,-0.2,5.0,17,CNY-6.26,CNY
RFUD,2025-08-12,CRM6,12.434,12.413,12.459,12.413,159680832.0,1195066.0,96.0,12864,12.413,0.0,12.449,-0.1,5.0,18,CNY-6.26,CNY
RFUD,2025-08-13,CRM6,12.46,12.451,12.56,12.453,164429412.0,2932871.0,235.0,13204,12.453,0.0,12.48,0.32,10.0,30,CNY-6.26,CNY
RFUD,2025-08-14,CRM6,12.478,12.447,12.51,12.447,166217238.0,1172047.0,94.0,13354,12.447,0.0,12.469,-0.05,1.0,25,CNY-6.26,CNY
RFUD,2025-08-15,CRM6,12.515,12.474,12.614,12.474,167650462.0,1339855.0,107.0,13426,12.487,0.0,12.522,0.22,1.0,45,CNY-6.26,CNY
RFUD,2025-08-18,CRM6,12.488,12.47,12.688,12.499,200216016.0,19591019.0,1565.0,16016,12.501,0.0,12.518,0.2,2.0,139,CNY-6.26,CNY
RFUD,2025-08-19,CRM6,12.52,12.48,12.52,12.48,200079360.0,1212548.0,97.0,16032,12.48,0.0,12.5,-0.15,1.0,36,CNY-6.26,CNY
RFUD,2025-08-20,CRM6,12.494,12.45,12.512,12.459,200440392.0,774448.0,62.0,16088,12.459,0.0,12.491,-0.17,1.0,28,CNY-6.26,CNY
RFUD,2025-08-21,CRM6,12.482,12.472,12.519,12.478,204944490.0,2383633.0,191.0,16410,12.489,0.0,12.48,0.15,20.0,27,CNY-6.26,CNY
RFUD,2025-08-22,CRM6,12.481,12.481,12.547,12.53,206394160.0,613148.0,49.0,16472,12.53,0.0,12.513,0.42,2.0,21,CNY-6.26,CNY
RFUD,2025-08-25,CRM6,12.543,12.491,12.586,12.493,212930692.0,7276271.0,580.0,17044,12.493,0.0,12.545,-0.29,45.0,158,CNY-6.26,CNY
RFUD,2025-08-26,CRM6,12.481,12.481,12.545,12.545,214820580.0,976170.0,78.0,17124,12.545,0.0,12.515,0.42,2.0,27,CNY-6.26,CNY
RFUD,2025-08-27,CRM6,12.532,12.506,12.571,12.571,215793786.0,1328134.0,106.0,17166,12.571,0.0,12.53,0.21,1.0,41,CNY-6.26,CNY
RFUD,2025-08-28,CRM6,12.577,12.521,12.577,12.526,215257518.0,363836.0,29.0,17178,12.531,0.0,12.546,-0.36,1.0,18,CNY-6.26,CNY
RFUD,2025-08-29,CRM6,12.577,12.552,12.608,12.566,216110068.0,679160.0,54.0,17198,12.566,0.0,12.577,0.32,5.0,18,CNY-6.26,CNY
RFUD,2025-09-01,CRM6,12.581,12.534,12.587,12.548,221095760.0,2949986.0,235.0,17620,12.548,0.0,12.553,-0.14,25.0,23,CNY-6.26,CNY
RFUD,2025-09-02,CRM6,12.524,12.524,12.581,12.566,222770048.0,2675789.0,213.0,17728,12.566,0.0,12.562,0.14,1.0,70,CNY-6.26,CNY
RFUD,2025-09-03,CRM6,12.575,12.55,12.626,12.598,223553808.0,2731657.0,217.0,17748,12.596,0.0,12.588,0.26,20.0,55,CNY-6.26,CNY
RFUD,2025-09-04,CRM6,12.596,12.595,12.856,12.685,233581590.0,9563944.0,752.0,18414,12.685,0.0,12.718,0.69,27.0,104,CNY-6.26,CNY
RFUD,2025-09-05,CRM6,12.693,12.687,12.751,12.745,236132396.0,2737645.0,215.0,18526,12.746,0.0,12.733,0.47,7.0,57,CNY-6.26,CNY
RFUD,2025-09-08,CRM6,12.758,12.732,12.889,12.885,244222290.0,14300168.0,1118.0,18954,12.885,0.0,12.791,1.1,1.0,288,CNY-6.26,CNY
RFUD,2025-09-09,CRM6,12.894,12.879,13.104,13.067,246823980.0,8275722.0,636.0,18892,13.065,0.0,13.012,1.41,5.0,232,CNY-6.26,CNY
RFUD,2025-09-10,CRM6,13.067,13.048,13.311,13.152,251583306.0,7863526.0,598.0,19142,13.143,0.0,13.15,0.65,1.0,257,CNY-6.26,CNY
RFUD,2025-09-11,CRM6,13.129,12.946,13.273,13.146,244094928.0,18480639.0,1413.0,18568,13.146,0.0,13.079,-0.05,1.0,264,CNY-6.26,CNY
RFUD,2025-09-12,CRM6,13.144,12.972,13.22,12.988,250720352.0,16109698.0,1226.0,19304,12.988,0.0,13.14,-1.2,2.0,212,CNY-6.26,CNY
RFUD,2025-09-15,CRM6,13.021,12.778,13.021,12.831,245797464.0,4206781.0,327.0,19164,12.826,0.0,12.865,-1.21,4.0,101,CNY-6.26,CNY
RFUD,2025-09-16,CRM6,12.813,12.775,12.932,12.815,246103200.0,3791975.0,295.0,19152,12.85,0.0,12.854,-0.12,2.0,76,CNY-6.26,CNY
RFUD,2025-09-17,CRM6,12.861,12.861,12.943,12.888,248789952.0,5337206.0,414.0,19304,12.888,0.0,12.892,0.57,48.0,180,CNY-6.26,CNY
RFUD,2025-09-18,CRM6,12.889,12.834,12.939,12.899,251562592.0,3943639.0,306.0,19504,12.898,0.0,12.888,0.08,1.0,149,CNY-6.26,CNY
RFUD,2025-09-19,CRM6,13.024,12.873,13.024,12.923,253394184.0,2131062.0,165.0,19608,12.923,0.0,12.916,0.19,2.0,77,CNY-6.26,CNY
RFUD,2025-09-22,CRM6,12.947,12.882,13.072,12.947,261802882.0,10949290.0,845.0,20218,12.949,0.0,12.959,0.19,1.0,299,CNY-6.26,CNY
RFUD,2025-09-23,CRM6,12.973,12.89,12.984,12.957,265773984.0,5755254.0,444.0,20512,12.957,0.0,12.962,0.08,1.0,123,CNY-6.26,CNY
RFUD,2025-09-24,CRM6,12.974,12.905,13.034,12.933,270260560.0,5692985.0,440.0,20918,12.92,0.0,12.939,-0.18,1.0,159,CNY-6.26,CNY
RFUD,2025-09-25,CRM6,12.916,12.876,12.966,12.935,272406288.0,2404752.0,186.0,21058,12.936,0.0,12.929,0.01,5.0,96,CNY-6.26,CNY
RFUD,2025-09-26,CRM6,12.932,12.815,12.932,12.834,273287196.0,9829370.0,763.0,21294,12.834,0.0,12.883,-0.78,1.0,350,CNY-6.26,CNY
RFUD,2025-09-29,CRM6,12.826,12.71,12.878,12.719,282743370.0,18235314.0,1427.0,22230,12.719,0.0,12.779,-0.9,1.0,513,CNY-6.26,CNY
RFUD,2025-09-30,CRM6,12.732,12.6,12.755,12.607,286589752.0,12419791.0,978.0,22738,12.604,0.0,12.699,-0.88,17.0,205,CNY-6.26,CNY
RFUD,2025-10-01,CRM6,12.605,12.42,12.619,12.465,290350960.0,10374973.0,831.0,23312,12.455,0.0,12.485,-1.13,3.0,225,CNY-6.26,CNY
RFUD,2025-10-02,CRM6,12.458,12.378,12.495,12.425,295292550.0,11291194.0,909.0,23766,12.425,0.0,12.422,-0.32,1.0,241,CNY-6.26,CNY
RFUD,2025-10-03,CRM6,12.42,12.39,12.616,12.59,305181600.0,10433161.0,837.0,24240,12.59,0.0,12.465,1.33,1.0,168,CNY-6.26,CNY
RFUD,2025-10-06,CRM6,12.605,12.575,12.683,12.575,306754550.0,7429728.0,588.0,24394,12.575,0.0,12.636,-0.12,1.0,192,CNY-6.26,CNY
RFUD,2025-10-07,CRM6,12.569,12.38,12.57,12.467,331327910.0,35171354.0,2827.0,26602,12.455,0.0,12.44,-0.86,1.0,727,CNY-6.26,CNY
RFUD,2025-10-08,CRM6,12.452,12.241,12.453,12.282,369592356.0,72012051.0,5829.0,30102,12.278,0.0,12.354,-1.48,7.0,853,CNY-6.26,CNY
RFUD,2025-10-09,CRM6,12.287,12.258,12.382,12.289,387942000.0,16969658.0,1376.0,31540,12.3,0.0,12.334,0.06,14.0,346,CNY-6.26,CNY
RFUD,2025-10-10,CRM6,12.33,12.295,12.407,12.347,405944666.0,26572719.0,2151.0,32878,12.347,0.0,12.355,0.47,5.0,524,CNY-6.26,CNY
RFUD,2025-10-13,CRM6,12.372,12.15,12.374,12.15,1129925700.0,382632779.0,31332.0,92998,12.15,0.0,12.212,-1.6,1.0,566,CNY-6.26,CNY
RFUD,2025-10-14,CRM6,12.167,12.023,12.182,12.032,1177122304.0,64126563.0,5299.0,97792,12.037,0.0,12.102,-0.97,1.0,753,CNY-6.26,CNY
RFUD,2025-10-15,CRM6,12.037,11.873,12.05,11.923,1612012590.0,236051224.0,19790.0,135270,11.917,0.0,11.928,-0.91,5.0,790,CNY-6.26,CNY
RFUD,2025-10-16,CRM6,11.91,11.85,12.166,12.113,1657155304.0,21393734.0,1783.0,136808,12.113,0.0,11.999,1.59,1.0,536,CNY-6.26,CNY
RFUD,2025-10-17,CRM6,12.127,12.062,12.361,12.296,1695323296.0,14425580.0,1179.0,137876,12.296,0.0,12.235,1.51,4.0,261,CNY-6.26,CNY
RFUD,2025-10-20,CRM6,12.31,12.15,12.32,12.163,1742179468.0,53601043.0,4391.0,143236,12.163,0.0,12.207,-1.08,3.0,753,CNY-6.26,CNY
RFUD,2025-10-21,CRM6,12.172,12.157,12.341,12.326,1911078260.0,117977088.0,9626.0,155246,12.31,0.0,12.256,1.34,3.0,1472,CNY-6.26,CNY
RFUD,2025-10-22,CRM6,12.281,12.25,12.39,12.25,1902465684.0,4643574.0,377.0,155316,12.249,0.0,12.317,-0.62,2.0,127,CNY-6.26,CNY
RFUD,2025-10-23,CRM6,12.226,12.212,12.407,12.302,1912591940.0,13798318.0,1120.0,155470,12.302,0.0,12.32,0.42,1.0,361,CNY-6.26,CNY
RFUD,2025-10-24,CRM6,12.288,11.994,12.317,12.002,1874832736.0,16772029.0,1382.0,156184,12.004,0.0,12.136,-2.44,1.0,379,CNY-6.26,CNY
RFUD,2025-10-27,CRM6,12.02,11.872,12.067,12.066,1875567120.0,14269449.0,1194.0,155778,12.04,0.0,11.951,0.53,3.0,327,CNY-6.26,CNY
RFUD,2025-10-28,CRM6,12.036,11.978,12.119,11.978,1871634368.0,9363120.0,777.0,156256,11.978,0.0,12.05,-0.73,1.0,259,CNY-6.26,CNY
RFUD,2025-10-29,CRM6,11.987,11.983,12.091,12.081,1889060186.0,8288440.0,691.0,156418,12.077,0.0,11.995,0.86,1.0,175,CNY-6.26,CNY
RFUD,2025-10-30,CRM6,12.084,12.077,12.196,12.125,1902242750.0,10706470.0,883.0,156886,12.125,0.0,12.125,0.36,2.0,202,CNY-6.26,CNY
RFUD,2025-10-31,CRM6,12.126,12.056,12.2,12.116,1903533030.0,7519962.0,619.0,157122,12.115,0.0,12.149,-0.07,7.0,221,CNY-6.26,CNY
RFUD,2025-11-01,CRM6,12.112,12.05,12.153,12.145,1906528508.0,4587559.0,379.0,157084,12.137,0.0,12.104,0.24,5.0,138,CNY-6.26,CNY
RFUD,2025-11-03,CRM6,12.148,11.988,12.162,11.989,1883020930.0,23501171.0,1952.0,157010,11.993,0.0,12.039,-1.28,3.0,328,CNY-6.26,CNY
RFUD,2025-11-05,CRM6,12.002,11.984,12.233,12.228,1924662744.0,12310773.0,1014.0,157398,12.228,0.0,12.134,1.99,1.0,245,CNY-6.26,CNY
RFUD,2025-11-06,CRM6,12.229,12.144,12.267,12.177,1945811538.0,23803711.0,1954.0,159794,12.177,0.0,12.182,-0.42,9.0,308,CNY-6.26,CNY
RFUD,2025-11-07,CRM6,12.184,12.114,12.221,12.141,1992926680.0,41961694.0,3449.0,164162,12.14,0.0,12.165,-0.3,5.0,537,CNY-6.26,CNY
RFUD,2025-11-10,CRM6,12.123,12.12,12.222,12.185,2009720790.0,36035589.0,2962.0,164934,12.185,0.0,12.166,0.36,7.0,430,CNY-6.26,CNY
RFUD,2025-11-11,CRM6,12.187,12.139,12.252,12.172,2025846444.0,23413588.0,1921.0,166476,12.169,0.0,12.187,-0.11,1.0,482,CNY-6.26,CNY
RFUD,2025-11-12,CRM6,12.163,12.155,12.204,12.183,2030662440.0,15129479.0,1243.0,166680,12.183,0.0,12.177,0.09,1.0,150,CNY-6.26,CNY
RFUD,2025-11-13,CRM6,12.174,12.097,12.185,12.162,2027551344.0,29946996.0,2468.0,166712,12.162,0.0,12.133,-0.17,2.0,556,CNY-6.26,CNY
RFUD,2025-11-14,CRM6,12.169,12.142,12.25,12.177,2032657902.0,10686764.0,875.0,166926,12.177,0.0,12.213,0.12,1.0,273,CNY-6.26,CNY
RFUD,2025-11-17,CRM6,12.185,12.127,12.227,12.14,2024199320.0,30045510.0,2469.0,166738,12.14,0.0,12.169,-0.3,5.0,345,CNY-6.26,CNY
RFUD,2025-11-18,CRM6,12.149,12.128,12.183,12.163,2030102004.0,14690409.0,1209.0,166908,12.163,0.0,12.151,0.19,7.0,276,CNY-6.26,CNY
RFUD,2025-11-19,CRM6,12.168,12.054,12.17,12.084,2026245120.0,21202152.0,1752.0,167680,12.084,0.0,12.102,-0.65,1.0,476,CNY-6.26,CNY
RFUD,2025-11-20,CRM6,12.061,11.958,12.121,11.986,2023572408.0,33472367.0,2783.0,168828,11.986,0.0,12.027,-0.81,10.0,669,CNY-6.26,CNY
RFUD,2025-11-21,CRM6,11.984,11.798,12.007,11.843,2028255866.0,51660123.0,4350.0,171262,11.843,0.0,11.872,-1.19,1.0,998,CNY-6.26,CNY
RFUD,2025-11-24,CRM6,11.861,11.771,11.887,11.787,2032385262.0,33479039.0,2833.0,172426,11.787,0.0,11.816,-0.47,1.0,570,CNY-6.26,CNY
RFUD,2025-11-25,CRM6,11.777,11.774,11.937,11.841,2065591404.0,33671746.0,2838.0,174444,11.841,0.0,11.864,0.46,20.0,667,CNY-6.26,CNY
RFUD,2025-11-26,CRM6,11.824,11.806,11.885,11.829,2062457124.0,15456369.0,1305.0,174356,11.829,0.0,11.844,-0.1,1.0,310,CNY-6.26,CNY
RFUD,2025-11-27,CRM6,11.823,11.754,11.843,11.754,2104178978.0,79340602.0,6729.0,178942,11.759,0.0,11.789,-0.63,22.0,970,CNY-6.26,CNY
RFUD,2025-11-28,CRM6,11.775,11.642,11.815,11.658,2114201616.0,38705109.0,3299.0,181352,11.658,0.0,11.732,-0.82,1.0,759,CNY-6.26,CNY
RFUD,2025-12-01,CRM6,11.656,11.641,11.715,11.674,2114797410.0,11636141.0,997.0,181170,11.673,0.0,11.671,0.14,5.0,312,CNY-6.26,CNY
RFUD,2025-12-02,CRM6,11.67,11.58,11.715,11.673,2116891320.0,46985860.0,4045.0,181396,11.67,0.0,11.615,-0.01,2.0,632,CNY-6.26,CNY
RFUD,2025-12-03,CRM6,11.681,11.547,11.74,11.56,2096759896.0,39659795.0,3411.0,181412,11.558,0.0,11.626,-0.97,5.0,854,CNY-6.26,CNY
RFUD,2025-12-04,CRM6,11.55,11.358,11.564,11.376,2114874372.0,84353276.0,7346.0,185874,11.378,0.0,11.481,-1.59,5.0,1467,CNY-6.26,CNY
RFUD,2025-12-05,CRM6,11.382,11.253,11.52,11.444,2153412398.0,66172684.0,5809.0,188186,11.443,0.0,11.391,0.6,3.0,1448,CNY-6.26,CNY
RFUD,2025-12-08,CRM6,11.445,11.411,11.591,11.44,2195770720.0,46174147.0,4018.0,191938,11.44,0.0,11.492,-0.03,1.0,762,CNY-6.26,CNY
RFUD,2025-12-09,CRM6,11.45,11.44,11.63,11.625,2250979024.0,41825190.0,3622.0,193816,11.614,0.0,11.548,1.62,3.0,880,CNY-6.26,CNY
RFUD,2025-12-10,CRM6,11.622,11.576,12.0,11.794,2327738800.0,93910039.0,8053.0,197266,11.8,0.0,11.662,1.45,4.0,2064,CNY-6.26,CNY
RFUD,2025-12-11,CRM6,11.824,11.76,11.961,11.9,2877914064.0,373222924.0,31402.0,241456,11.919,0.0,11.892,0.9,2.0,2571,CNY-6.26,CNY
RFUD,2025-12-12,CRM6,11.891,11.837,11.958,11.869,2914678956.0,115372122.0,9688.0,245364,11.879,0.0,11.909,-0.26,1.0,1690,CNY-6.26,CNY
RFUD,2025-12-15,CRM6,11.858,11.835,11.947,11.915,3118058668.0,214352210.0,18019.0,261626,11.918,0.0,11.896,0.39,9.0,2761,CNY-6.26,CNY
RFUD,2025-12-16,CRM6,11.925,11.884,11.942,11.909,3192081408.0,86997639.0,7302.0,268152,11.904,0.0,11.914,-0.05,1.0,861,CNY-6.26,CNY
RFUD,2025-12-17,CRM6,11.909,11.905,12.09,12.051,3458123844.0,290595325.0,24209.0,286886,12.054,0.0,12.007,1.19,10.0,1971,CNY-6.26,CNY
RFUD,2025-12-18,CRM6,12.057,11.953,12.082,12.031,5492799774.0,2031610043.0,169230.0,456478,12.033,0.0,12.004,-0.17,1.0,8730,CNY-6.26,CNY
RFUD,2025-12-19,CRM6,12.034,11.93,12.186,11.952,6537433248.0,1518929233.0,125763.0,546974,11.952,0.0,12.079,-0.66,2.0,8699,CNY-6.26,CNY
RFUD,2025-12-22,CRM6,11.962,11.725,11.98,11.755,6501960180.0,904812953.0,76419.0,553170,11.754,0.0,11.841,-1.65,1.0,5490,CNY-6.26,CNY
RFUD,2025-12-23,CRM6,11.766,11.684,11.818,11.732,6876613396.0,1065761349.0,90702.0,585842,11.738,0.0,11.75,-0.2,1.0,5311,CNY-6.26,CNY
RFUD,2025-12-24,CRM6,11.74,11.716,11.896,11.776,7568206402.0,1614999457.0,136601.0,642626,11.777,0.0,11.822,0.38,2.0,7724,CNY-6.26,CNY
RFUD,2025-12-25,CRM6,11.781,11.619,11.784,11.647,8061680696.0,958623162.0,82062.0,692168,11.647,0.0,11.681,-1.09,26.0,5663,CNY-6.26,CNY
RFUD,2025-12-26,CRM6,11.638,11.57,11.741,11.63,8258043144.0,1019522462.0,87494.0,709332,11.642,0.0,11.653,-0.15,5.0,5177,CNY-6.26,CNY
RFUD,2025-12-29,CRM6,11.64,11.595,11.745,11.724,8788402480.0,638288961.0,54739.0,749480,11.726,0.0,11.661,0.81,4.0,3856,CNY-6.26,CNY
RFUD,2025-12-30,CRM6,11.737,11.673,11.845,11.807,9021602124.0,536148973.0,45599.0,764154,11.806,0.0,11.762,0.71,4.0,3576,CNY-6.26,CNY
RFUD,2026-01-05,CRM6,11.796,11.784,12.014,11.976,9225783456.0,700904382.0,58774.0,770356,11.976,0.0,11.927,1.43,5.0,3658,CNY-6.26,CNY
RFUD,2026-01-06,CRM6,11.977,11.879,12.043,11.886,9166934868.0,184751397.0,15441.0,771238,11.886,0.0,11.965,-0.75,1.0,1925,CNY-6.26,CNY
RFUD,2026-01-08,CRM6,11.884,11.865,11.994,11.884,9178440516.0,211599237.0,17757.0,772206,11.886,0.0,11.917,-0.02,6.0,2288,CNY-6.26,CNY
RFUD,2026-01-09,CRM6,11.889,11.789,11.914,11.794,9169576392.0,381998008.0,32293.0,777544,11.793,0.0,11.824,-0.76,9.0,2235,CNY-6.26,CNY
RFUD,2026-01-12,CRM6,11.8,11.765,11.947,11.853,9258614116.0,428335234.0,36154.0,781054,11.854,0.0,11.849,0.5,1.0,4697,CNY-6.26,CNY
RFUD,2026-01-13,CRM6,11.848,11.815,11.891,11.85,10095941456.0,827499398.0,69785.0,852122,11.848,0.0,11.858,-0.03,3.0,4164,CNY-6.26,CNY
RFUD,2026-01-14,CRM6,11.855,11.748,11.889,11.773,10216935596.0,377040696.0,31920.0,867754,11.774,0.0,11.81,-0.65,30.0,2382,CNY-6.26,CNY
RFUD,2026-01-15,CRM6,11.772,11.702,11.85,11.733,11276952960.0,2028251486.0,171885.0,960640,11.739,0.0,11.799,-0.34,2.0,8525,CNY-6.26,CNY
RFUD,2026-01-16,CRM6,11.739,11.66,11.765,11.749,12878023500.0,1203795595.0,102750.0,1096002,11.75,0.0,11.716,0.14,6.0,3616,CNY-6.26,CNY
RFUD,2026-01-19,CRM6,11.747,11.694,11.781,11.718,12926664828.0,276327996.0,23552.0,1103146,11.718,0.0,11.732,-0.26,1.0,1801,CNY-6.26,CNY
RFUD,2026-01-20,CRM6,11.718,11.691,11.78,11.729,13348822210.0,714605499.0,60857.0,1137910,11.731,0.0,11.742,0.09,6.0,3699,CNY-6.26,CNY
RFUD,2026-01-21,CRM6,11.744,11.54,11.752,11.548,13294773576.0,617246599.0,52970.0,1151262,11.548,0.0,11.65,-1.54,28.0,4070,CNY-6.26,CNY
RFUD,2026-01-22,CRM6,11.549,11.357,11.562,11.373,13593123330.0,1501952947.0,131584.0,1195210,11.373,0.0,11.414,-1.52,3.0,10955,CNY-6.26,CNY
RFUD,2026-01-23,CRM6,11.374,11.325,11.445,11.401,14506614000.0,1787357461.0,156627.0,1272510,11.4,0.0,11.412,0.25,29.0,8415,CNY-6.26,CNY
RFUD,2026-01-26,CRM6,11.396,11.352,11.576,11.55,13797163890.0,1722438469.0,150226.0,1194870,11.547,0.0,11.467,1.31,1.0,8757,CNY-6.26,CNY
RFUD,2026-01-27,CRM6,11.552,11.452,11.589,11.458,13716062592.0,486882100.0,42329.0,1197282,11.456,0.0,11.501,-0.8,17.0,3535,CNY-6.26,CNY
RFUD,2026-01-28,CRM6,11.456,11.409,11.539,11.495,14126723688.0,1359703037.0,118457.0,1229052,11.494,0.0,11.479,0.32,8.0,8032,CNY-6.26,CNY
RFUD,2026-01-29,CRM6,11.502,11.278,11.505,11.302,13970650844.0,800921691.0,70189.0,1236122,11.302,0.0,11.41,-1.68,1.0,5695,CNY-6.26,CNY
RFUD,2026-01-30,CRM6,11.301,11.287,11.488,11.458,15204515958.0,1758339102.0,154394.0,1327094,11.457,0.0,11.389,1.38,1.0,11989,CNY-6.26,CNY
RFUD,2026-02-02,CRM6,11.458,11.433,11.643,11.523,15567370700.0,982058253.0,85067.0,1350748,11.525,0.0,11.547,0.57,1.0,5625,CNY-6.26,CNY
RFUD,2026-02-03,CRM6,11.522,11.517,11.612,11.6,15760726196.0,429181918.0,37109.0,1358332,11.603,0.0,11.566,0.67,1.0,3042,CNY-6.26,CNY
RFUD,2026-02-04,CRM6,11.601,11.446,11.666,11.461,18319370740.0,2579819333.0,223719.0,1598270,11.462,0.0,11.531,-1.2,1.0,9807,CNY-6.26,CNY
RFUD,2026-02-05,CRM6,11.464,11.411,11.552,11.522,19159127260.0,2215165388.0,192732.0,1662830,11.522,0.0,11.492,0.53,9.0,10540,CNY-6.26,CNY
RFUD,2026-02-06,CRM6,11.51,10.98,11.652,11.527,19548444608.0,1624975254.0,141397.0,1695736,11.528,0.0,11.491,0.04,5.0,10031,CNY-6.26,CNY
RFUD,2026-02-09,CRM6,11.534,11.499,11.635,11.578,19809248220.0,661640521.0,57145.0,1711530,11.574,0.0,11.58,0.44,50.0,3917,CNY-6.26,CNY
RFUD,2026-02-10,CRM6,11.579,11.535,11.6,11.556,20666062100.0,979812547.0,84738.0,1788650,11.554,0.0,11.571,-0.19,77.0,5319,CNY-6.26,CNY
RFUD,2026-02-11,CRM6,11.559,11.487,11.601,11.52,22985352192.0,1735887972.0,150558.0,1995776,11.517,0.0,11.527,-0.31,29.0,6826,CNY-6.26,CNY
RFUD,2026-02-12,CRM6,11.516,11.512,11.572,11.546,23107148352.0,570899348.0,49444.0,2001312,11.546,0.0,11.547,0.23,4.0,4609,CNY-6.26,CNY
RFUD,2026-02-13,CRM6,11.547,11.417,11.553,11.427,23152373752.0,936481728.0,81640.0,2025934,11.428,0.0,11.47,-1.03,1.0,6784,CNY-6.26,CNY
RFUD,2026-02-16,CRM6,11.43,11.398,11.472,11.457,23864224410.0,793839903.0,69464.0,2083302,11.455,0.0,11.429,0.26,1.0,4922,CNY-6.26,CNY
RFUD,2026-02-17,CRM6,11.459,11.315,11.477,11.33,23585589810.0,716937217.0,62886.0,2081510,11.331,0.0,11.4,-1.11,16.0,6255,CNY-6.26,CNY
RFUD,2026-02-18,CRM6,11.333,11.286,11.454,11.424,23941149172.0,1022810823.0,90026.0,2095322,11.426,0.0,11.362,0.83,4.0,6861,CNY-6.26,CNY
RFUD,2026-02-19,CRM6,11.421,11.28,11.437,11.31,27136601422.0,3057024742.0,269327.0,2399558,11.309,0.0,11.348,-1.0,1.0,12135,CNY-6.26,CNY
RFUD,2026-02-20,CRM6,11.312,11.306,11.392,11.356,29298606888.0,1933868696.0,170553.0,2579784,11.357,0.0,11.348,0.41,1.0,8173,CNY-6.26,CNY
RFUD,2026-02-24,CRM6,11.361,11.287,11.404,11.298,30235752792.0,1905741112.0,167949.0,2677626,11.292,0.0,11.347,-0.51,3.0,10177,CNY-6.26,CNY
RFUD,2026-02-25,CRM6,11.294,11.287,11.558,11.528,49314240000.0,19767135460.0,1732978.0,4280750,11.52,0.0,11.41,2.04,1.0,35828,CNY-6.26,CNY
RFUD,2026-02-26,CRM6,11.528,11.438,11.617,11.448,54588085002.0,9029750363.0,785654.0,4767102,11.451,0.0,11.493,-0.69,5.0,27617,CNY-6.26,CNY
RFUD,2026-02-27,CRM6,11.446,11.424,11.528,11.435,56125910926.0,7076429284.0,616014.0,4907398,11.437,0.0,11.488,-0.11,2.0,24123,CNY-6.26,CNY
RFUD,2026-03-02,CRM6,11.44,11.345,11.544,11.498,55705295640.0,14592576898.0,1270542.0,4844360,11.499,0.0,11.485,0.55,1.0,47240,CNY-6.26,CNY
RFUD,2026-03-03,CRM6,11.497,11.445,11.53,11.465,62931453790.0,11568202566.0,1007410.0,5489006,11.465,0.0,11.482,-0.29,692.0,30604,CNY-6.26,CNY
RFUD,2026-03-04,CRM6,11.469,11.446,11.661,11.562,82448196380.0,20837262431.0,1804978.0,7131580,11.561,0.0,11.552,0.85,1.0,42316,CNY-6.26,CNY
RFUD,2026-03-05,CRM6,11.56,11.557,11.695,11.693,109239805808.0,24533557485.0,2108711.0,9343124,11.692,0.0,11.641,1.13,6.0,72534,CNY-6.26,CNY
RFUD,2026-03-06,CRM6,11.686,11.625,11.756,11.632,137302214920.0,22959092655.0,1965387.0,11800792,11.635,0.0,11.684,-0.52,1.0,69685,CNY-6.26,CNY
RFUD,2026-03-09,CRM6,11.644,11.455,11.658,11.51,136990592262.0,7345582983.0,636407.0,11900842,11.511,0.0,11.542,-1.05,1.0,30028,CNY-6.26,CNY
RFUD,2026-03-10,CRM6,11.512,11.493,11.767,11.738,156563499948.0,19143479886.0,1641222.0,13342722,11.734,0.0,11.698,1.98,11.0,51943,CNY-6.26,CNY
RFUD,2026-03-11,CRM6,11.74,11.695,11.783,11.744,184672027712.0,22400925489.0,1910369.0,15724798,11.744,0.0,11.729,0.05,69.0,46048,CNY-6.26,CNY
RFUD,2026-03-12,CRM6,11.749,11.685,11.795,11.772,198602928188.0,15599749287.0,1329288.0,16869356,11.773,0.0,11.736,0.24,16.0,51037,CNY-6.26,CNY
RFUD,2026-03-13,CRM6,11.774,11.757,11.874,11.81,220181237654.0,29025709319.0,2455618.0,18645206,11.809,0.0,11.82,0.32,15.0,90475,CNY-6.26,CNY
RFUD,2026-03-16,CRM6,11.81,11.78,11.92,11.891,272600237938.0,63845236642.0,5387239.0,22921066,11.893,0.0,11.852,0.69,2.0,146553,CNY-6.26,CNY
RFUD,2026-03-17,CRM6,11.891,11.871,12.075,12.066,326540962360.0,64079064960.0,5349902.0,27065144,12.065,0.0,11.978,1.47,2.0,144356,CNY-6.26,CNY
RFUD,2026-03-18,CRM6,12.069,12.016,12.196,12.184,373745833440.0,91285482006.0,7526916.0,30685208,12.18,0.0,12.128,0.98,2.0,219938,CNY-6.26,CNY
RFUD,2026-03-19,CRM6,12.184,11.905,12.399,12.234,392480429752.0,207770387856.0,16961563.0,32060156,12.242,0.0,12.255,0.41,30.0,327944,CNY-6.26,CNY
RFUD,2026-03-20,CRM6,12.234,12.0,12.297,12.052,377927349280.0,217458048434.0,17876630.0,31373680,12.046,0.0,12.164,-1.49,96.0,389654,CNY-6.26,CNY
RFUD,2026-03-23,CRM6,12.048,11.805,12.113,11.813,501610239348.0,209477691604.0,17552007.0,42017946,11.938,0.0,11.935,-1.98,48.0,333696,CNY-6.26,CNY
RFUD,2026-03-24,CRM6,11.814,11.638,11.839,11.685,514849072320.0,139984484968.0,11934488.0,44155152,11.66,0.0,11.73,-1.08,1.0,268063,CNY-6.26,CNY
RFUD,2026-03-25,CRM6,11.694,11.657,11.856,11.808,567014913712.0,109172754813.0,9315089.0,48035828,11.804,0.0,11.72,1.05,6.0,261108,CNY-6.26,CNY
RFUD,2026-03-26,CRM6,11.815,11.665,11.954,11.695,555748158330.0,173914242846.0,14712137.0,47560818,11.685,0.0,11.821,-0.96,8.0,356560,CNY-6.26,CNY
RFUD,2026-03-27,CRM6,11.697,11.633,11.859,11.83,553528623930.0,114974199723.0,9786675.0,46730994,11.845,0.0,11.748,1.15,1.0,240674,CNY-6.26,CNY
RFUD,2026-03-30,CRM6,11.83,11.752,11.921,11.838,532701045936.0,94671144608.0,8003061.0,44794908,11.892,0.0,11.829,0.07,18.0,261288,CNY-6.26,CNY
RFUD,2026-03-31,CRM6,11.837,11.826,12.05,11.972,513903961752.0,138066883334.0,11560605.0,43105516,11.922,0.0,11.943,1.13,63.0,288789,CNY-6.26,CNY
RFUD,2026-04-01,CRM6,11.962,11.728,11.971,11.772,547672929024.0,113594027851.0,9622088.0,46539168,11.768,0.0,11.806,-1.67,1.0,270698,CNY-6.26,CNY
RFUD,2026-04-02,CRM6,11.78,11.665,11.811,11.719,554761519542.0,113121053386.0,9649633.0,47306346,11.727,0.0,11.723,-0.45,1.0,229741,CNY-6.26,CNY
RFUD,2026-04-03,CRM6,11.718,11.6,11.741,11.617,535468366960.0,96264632089.0,8245187.0,46041992,11.63,0.0,11.676,-0.87,10.0,206432,CNY-6.26,CNY
RFUD,2026-04-06,CRM6,11.607,11.525,11.654,11.618,540546402396.0,85147750123.0,7341324.0,46510618,11.622,0.0,11.599,0.01,15.0,181156,CNY-6.26,CNY
RFUD,2026-04-07,CRM6,11.617,11.52,11.668,11.571,538253689194.0,96188232793.0,8290807.0,46565766,11.559,0.0,11.602,-0.41,1.0,181685,CNY-6.26,CNY
RFUD,2026-04-08,CRM6,11.621,11.579,11.684,11.611,557622137400.0,101595942875.0,8741646.0,47922150,11.636,0.0,11.625,0.35,18.0,187630,CNY-6.26,CNY
RFUD,2026-04-09,CRM6,11.613,11.452,11.617,11.454,558445330710.0,75567475409.0,6557780.0,48623886,11.485,0.0,11.523,-1.35,1.0,185247,CNY-6.26,CNY
RFUD,2026-04-10,CRM6,11.451,11.371,11.476,11.407,552811532174.0,97499235048.0,8539177.0,48462482,11.407,0.0,11.418,-0.41,83.0,209518,CNY-6.26,CNY
RFUD,2026-04-13,CRM6,11.375,11.266,11.376,11.31,535216565520.0,72741849691.0,6428050.0,47197228,11.34,0.0,11.316,-0.85,1.0,173175,CNY-6.26,CNY
RFUD,2026-04-14,CRM6,11.32,11.19,11.339,11.194,533106234348.0,92861476224.0,8249432.0,47552068,11.211,0.0,11.257,-1.03,14.0,198002,CNY-6.26,CNY
RFUD,2026-04-15,CRM6,11.19,11.15,11.338,11.268,506962862752.0,122456320506.0,10891322.0,44971424,11.273,0.0,11.243,0.66,1.0,296017,CNY-6.26,CNY
RFUD,2026-04-16,CRM6,11.275,11.228,11.428,11.33,478780557048.0,138381203232.0,12185852.0,42317532,11.314,0.0,11.359,0.55,5.0,274807,CNY-6.26,CNY
RFUD,2026-04-17,CRM6,11.329,11.26,11.381,11.301,478154916464.0,75460944541.0,6670257.0,42359578,11.288,0.0,11.313,-0.26,1.0,173015,CNY-6.26,CNY
RFUD,2026-04-20,CRM6,11.282,11.136,11.293,11.155,472427847940.0,69050282228.0,6163539.0,42245180,11.183,0.0,11.203,-1.29,10.0,184223,CNY-6.26,CNY
RFUD,2026-04-21,CRM6,11.16,11.063,11.188,11.1,492693818032.0,104950819935.0,9439366.0,44382832,11.101,0.0,11.118,-0.49,5.0,242885,CNY-6.26,CNY
RFUD,2026-04-22,CRM6,11.101,11.088,11.22,11.125,484207612414.0,72082762545.0,6465905.0,43571278,11.113,0.0,11.148,0.23,102.0,183973,CNY-6.26,CNY
RFUD,2026-04-23,CRM6,11.122,11.075,11.293,11.27,468414190572.0,154228615626.0,13785567.0,41622018,11.254,0.0,11.188,1.3,5.0,305338,CNY-6.26,CNY
RFUD,2026-04-24,CRM6,11.272,11.132,11.323,11.14,449730801096.0,98698537164.0,8810892.0,40349076,11.146,0.0,11.202,-1.15,143.0,210824,CNY-6.26,CNY
RFUD,2026-04-27,CRM6,11.138,11.091,11.158,11.113,458543870568.0,59947062540.0,5388276.0,41250798,11.116,0.0,11.125,-0.24,1.0,151362,CNY-6.26,CNY
RFUD,2026-04-28,CRM6,11.112,11.05,11.203,11.172,480215155368.0,94296552366.0,8466842.0,42964584,11.177,0.0,11.137,0.53,100.0,202577,CNY-6.26,CNY
RFUD,2026-04-29,CRM6,11.172,11.042,11.218,11.084,493328528638.0,92054189824.0,8284353.0,44536294,11.077,0.0,11.112,-0.79,1.0,224179,CNY-6.26,CNY
RFUD,2026-04-30,CRM6,11.08,11.068,11.165,11.137,500142209634.0,93422359390.0,8404878.0,44924298,11.133,0.0,11.115,0.48,8.0,198602,CNY-6.26,CNY
RFUD,2026-05-04,CRM6,11.147,11.113,11.244,11.201,513380983698.0,85818424115.0,7670208.0,45890854,11.187,0.0,11.189,0.58,1.0,235900,CNY-6.26,CNY
RFUD,2026-05-05,CRM6,11.202,11.145,11.237,11.224,505372608840.0,72365572854.0,6468174.0,45042122,11.22,0.0,11.189,0.21,1.0,229185,CNY-6.26,CNY
RFUD,2026-05-06,CRM6,11.227,11.03,11.263,11.074,504905993792.0,166628011793.0,14952883.0,45552688,11.084,0.0,11.139,-1.34,1.0,307240,CNY-6.26,CNY
RFUD,2026-05-07,CRM6,11.079,11.06,11.159,11.105,496765863216.0,76788351797.0,6906578.0,44717424,11.109,0.0,11.117,0.28,1.0,168646,CNY-6.26,CNY
RFUD,2026-05-08,CRM6,11.107,11.006,11.12,11.035,484208310656.0,76876214735.0,6955569.0,43795976,11.056,0.0,11.052,-0.63,7.0,158396,CNY-6.26,CNY
RFUD,2026-05-11,CRM6,11.039,10.918,11.066,10.942,486731395706.0,30257464778.0,2756016.0,44495054,10.939,0.0,10.979,-0.84,324.0,92481,CNY-6.26,CNY
RFUD,2026-05-12,CRM6,10.943,10.922,11.037,10.975,484814610700.0,68630958712.0,6246838.0,44174452,10.975,0.0,10.986,0.3,1.0,158298,CNY-6.26,CNY
RFUD,2026-05-13,CRM6,10.975,10.88,10.979,10.937,450436013948.0,123817887386.0,11329437.0,41184604,10.937,0.0,10.929,-0.35,9.0,219119,CNY-6.26,CNY
RFUD,2026-05-14,CRM6,10.941,10.875,10.956,10.89,444367799200.0,75618618964.0,6933809.0,40767688,10.9,0.0,10.906,-0.43,5.0,149283,CNY-6.26,CNY
RFUD,2026-05-15,CRM6,10.88,10.794,10.896,10.805,445051273472.0,49025015262.0,4522122.0,41147492,10.816,0.0,10.841,-0.78,214.0,111840,CNY-6.26,CNY
RFUD,2026-05-18,CRM6,10.8,10.681,10.81,10.685,430081579990.0,65657517847.0,6114752.0,40093370,10.727,0.0,10.738,-1.11,36.0,141887,CNY-6.26,CNY
RFUD,2026-05-19,CRM6,10.685,10.42,10.694,10.427,407827940004.0,114515177998.0,10858734.0,38963212,10.467,0.0,10.546,-2.42,33.0,245312,CNY-6.26,CNY
RFUD,2026-05-20,CRM6,10.424,10.367,10.605,10.573,396497723328.0,113372341463.0,10762512.0,37461992,10.584,0.0,10.534,1.4,38.0,286750,CNY-6.26,CNY
RFUD,2026-05-21,CRM6,10.574,10.455,10.615,10.545,408520871310.0,112547455012.0,10708830.0,38740718,10.545,0.0,10.51,-0.27,7.0,245448,CNY-6.26,CNY
RFUD,2026-05-22,CRM6,10.548,10.54,10.69,10.649,415138879680.0,137274507738.0,12947007.0,39016812,10.64,0.0,10.603,0.99,1.0,299318,CNY-6.26,CNY
RFUD,2026-05-25,CRM6,10.681,10.6,10.754,10.735,409060854620.0,133096208768.0,12480603.0,38176468,10.715,0.0,10.666,0.81,193.0,251149,CNY-6.26,CNY
RFUD,2026-05-26,CRM6,10.735,10.551,10.748,10.565,398684104602.0,93278407379.0,8772489.0,37743454,10.563,0.0,10.632,-1.58,2.0,218186,CNY-6.26,CNY
RFUD,2026-05-27,CRM6,10.567,10.5,10.592,10.57,392800948652.0,84862337829.0,8043234.0,37151324,10.573,0.0,10.55,0.05,60.0,217697,CNY-6.26,CNY
RFUD,2026-05-28,CRM6,10.549,10.495,10.598,10.587,401471599000.0,105305265332.0,9996548.0,38054180,10.55,0.0,10.534,0.16,1.0,206874,CNY-6.26,CNY
RFUD,2026-05-29,CRM6,10.589,10.517,10.617,10.541,413372829360.0,94426643146.0,8950118.0,39171120,10.553,0.0,10.55,-0.43,189.0,168688,CNY-6.26,CNY
RFUD,2026-06-01,CRM6,10.542,10.53,10.737,10.709,410159966460.0,106402838926.0,9991301.0,38350628,10.695,0.0,10.65,1.59,1.0,263489,CNY-6.26,CNY
RFUD,2026-06-02,CRM6,10.694,10.694,10.885,10.885,420284868252.0,142080903630.0,13141505.0,38703828,10.859,0.0,10.813,1.64,2500.0,313879,CNY-6.26,CNY
RFUD,2026-06-03,CRM6,10.885,10.75,11.028,10.93,362944764000.0,259432853412.0,23813512.0,33236700,10.92,0.0,10.895,0.41,2.0,511018,CNY-6.26,CNY
RFUD,2026-06-04,CRM6,10.921,10.841,11.052,10.852,372031186494.0,121759359399.0,11102230.0,34197186,10.879,0.0,10.967,-0.71,4.0,270287,CNY-6.26,CNY
RFUD,2026-06-05,CRM6,10.861,10.855,10.941,10.908,373502248976.0,75619155366.0,6938381.0,34216036,10.916,0.0,10.899,0.52,4.0,172680,CNY-6.26,CNY
RFUD,2026-06-08,CRM6,10.908,10.701,10.936,10.704,379964545534.0,82352308532.0,7618980.0,35335678,10.753,0.0,10.808,-1.87,50.0,215387,CNY-6.26,CNY
RFUD,2026-06-09,CRM6,10.713,10.563,10.757,10.607,361138215396.0,100977169060.0,9494628.0,34008684,10.619,0.0,10.634,-0.91,1788.0,268356,CNY-6.26,CNY
RFUD,2026-06-10,CRM6,10.608,10.52,10.675,10.646,350667068010.0,97589075957.0,9191216.0,32972926,10.635,0.0,10.618,0.37,12.0,245155,CNY-6.26,CNY
RFUD,2026-06-11,CRM6,10.646,10.585,10.688,10.654,329323489532.0,68495994465.0,6443198.0,31003906,10.622,0.0,10.632,0.08,4.0,151201,CNY-6.26,CNY
RFUD,2026-06-15,CRM6,10.688,10.645,10.769,10.645,294258334950.0,101267869422.0,9459598.0,27591030,10.665,0.0,10.707,-0.08,10.0,235960,CNY-6.26,CNY
RFUD,2026-06-16,CRM6,10.648,10.619,10.76,10.749,284728949308.0,96709662293.0,9054365.0,26543204,10.727,0.0,10.682,0.98,70.0,222452,CNY-6.26,CNY
RFUD,2026-06-17,CRM6,10.75,10.723,10.837,10.777,221351325520.0,145122680677.0,13464779.0,20514488,10.79,0.0,10.779,0.26,4.0,221195,CNY-6.26,CNY
RFUD,2026-06-18,CRM6,10.785,10.777,10.878,10.809,0.0,54172453973.0,4995554.0,0,10.8104,0.0,10.845,0.3,200.0,51520,CNY-6.26,CNY
RFUD,2025-09-10,CRH7,,,,,0.0,,,0,14.493,0.0,,,,0,CNY-3.27,CNY
RFUD,2025-09-11,CRH7,,,,,0.0,,,0,14.277,0.0,,,,0,CNY-3.27,CNY
RFUD,2025-09-12,CRH7,,,,,0.0,,,0,14.141,0.0,,,,0,CNY-3.27,CNY
RFUD,2025-09-15,CRH7,,,,,0.0,,,0,13.913,0.0,,,,0,CNY-3.27,CNY
RFUD,2025-09-16,CRH7,,,,,0.0,,,0,14.18,0.0,,,,0,CNY-3.27,CNY
RFUD,2025-09-17,CRH7,,,,,0.0,,,0,14.23,0.0,,,,0,CNY-3.27,CNY
RFUD,2025-09-18,CRH7,,,,,0.0,,,0,14.293,0.0,,,,0,CNY-3.27,CNY
RFUD,2025-09-19,CRH7,14.42,14.419,14.42,14.419,57516.0,28839.0,2.0,4,14.379,0.0,14.42,,1.0,2,CNY-3.27,CNY
RFUD,2025-09-22,CRH7,14.362,14.355,14.362,14.355,373100.0,172290.0,12.0,26,14.35,0.0,14.358,-0.44,2.0,8,CNY-3.27,CNY
RFUD,2025-09-23,CRH7,14.37,14.37,14.37,14.37,402136.0,14370.0,1.0,28,14.362,0.0,14.37,0.1,1.0,1,CNY-3.27,CNY
RFUD,2025-09-24,CRH7,14.359,14.265,14.381,14.265,713250.0,185974.0,13.0,50,14.265,0.0,14.306,-0.73,5.0,6,CNY-3.27,CNY
RFUD,2025-09-25,CRH7,14.277,14.277,14.277,14.277,713850.0,14277.0,1.0,50,14.277,0.0,14.277,0.08,1.0,1,CNY-3.27,CNY
RFUD,2025-09-26,CRH7,14.221,14.15,14.221,14.15,1471496.0,425358.0,30.0,104,14.149,0.0,14.179,-0.89,1.0,12,CNY-3.27,CNY
RFUD,2025-09-29,CRH7,14.088,14.088,14.088,14.088,1464944.0,14088.0,1.0,104,14.086,0.0,14.088,-0.44,1.0,1,CNY-3.27,CNY
RFUD,2025-09-30,CRH7,14.008,13.939,14.008,13.939,1477534.0,27947.0,2.0,106,13.939,0.0,13.974,-1.06,1.0,2,CNY-3.27,CNY
RFUD,2025-10-01,CRH7,13.959,13.776,13.959,13.776,1460256.0,41511.0,3.0,106,13.776,0.0,13.837,-1.17,2.0,2,CNY-3.27,CNY
RFUD,2025-10-02,CRH7,13.735,13.735,13.739,13.739,1538768.0,54944.0,4.0,112,13.739,0.0,13.736,-0.27,1.0,2,CNY-3.27,CNY
RFUD,2025-10-03,CRH7,,,,,1552208.0,,,112,13.859,0.0,,,,0,CNY-3.27,CNY
RFUD,2025-10-06,CRH7,13.995,13.946,13.995,13.946,1561952.0,153455.0,11.0,112,13.946,0.0,13.95,,3.0,4,CNY-3.27,CNY
RFUD,2025-10-07,CRH7,13.947,13.783,13.947,13.802,2070300.0,430792.0,31.0,150,13.802,0.0,13.897,-1.03,5.0,8,CNY-3.27,CNY
RFUD,2025-10-08,CRH7,13.802,13.556,13.81,13.556,5151280.0,1638128.0,120.0,380,13.556,0.0,13.651,-1.78,2.0,66,CNY-3.27,CNY
RFUD,2025-10-09,CRH7,13.561,13.499,13.561,13.499,6180252.0,676407.0,50.0,458,13.494,0.0,13.528,-0.42,11.0,14,CNY-3.27,CNY
RFUD,2025-10-10,CRH7,13.45,13.39,13.45,13.39,6105840.0,67130.0,5.0,456,13.39,0.0,13.426,-0.81,2.0,3,CNY-3.27,CNY
RFUD,2025-10-13,CRH7,13.489,13.225,13.489,13.225,5871900.0,426381.0,32.0,444,13.225,0.0,13.324,-1.23,2.0,14,CNY-3.27,CNY
RFUD,2025-10-14,CRH7,13.195,13.08,13.21,13.17,6822060.0,1077859.0,82.0,518,13.17,0.0,13.145,-0.42,5.0,22,CNY-3.27,CNY
RFUD,2025-10-15,CRH7,13.181,13.073,13.181,13.079,7088818.0,590037.0,45.0,542,13.079,0.0,13.112,-0.69,3.0,13,CNY-3.27,CNY
RFUD,2025-10-16,CRH7,13.11,13.026,13.16,13.16,8777880.0,1283610.0,98.0,666,13.18,0.0,13.098,0.62,2.0,50,CNY-3.27,CNY
RFUD,2025-10-17,CRH7,13.314,13.314,13.345,13.345,8914460.0,66684.0,5.0,668,13.345,0.0,13.337,1.41,2.0,3,CNY-3.27,CNY
RFUD,2025-10-20,CRH7,13.319,13.319,13.319,13.319,8897092.0,26638.0,2.0,668,13.319,0.0,13.319,-0.19,2.0,1,CNY-3.27,CNY
RFUD,2025-10-21,CRH7,13.383,13.383,13.383,13.383,8806014.0,66915.0,5.0,658,13.383,0.0,13.383,0.48,5.0,1,CNY-3.27,CNY
RFUD,2025-10-22,CRH7,13.37,13.35,13.401,13.401,9268370.0,334420.0,25.0,694,13.355,0.0,13.377,0.13,5.0,6,CNY-3.27,CNY
RFUD,2025-10-23,CRH7,13.329,13.329,13.33,13.33,8984420.0,253265.0,19.0,674,13.33,0.0,13.33,-0.53,4.0,4,CNY-3.27,CNY
RFUD,2025-10-24,CRH7,13.312,13.058,13.312,13.058,8566048.0,449158.0,34.0,656,13.058,0.0,13.211,-2.04,1.0,12,CNY-3.27,CNY
RFUD,2025-10-27,CRH7,13.0,13.0,13.1,13.1,8470998.0,430459.0,33.0,646,13.113,0.0,13.044,0.32,2.0,13,CNY-3.27,CNY
RFUD,2025-10-28,CRH7,13.155,13.155,13.155,13.155,8366580.0,65775.0,5.0,636,13.155,0.0,13.155,0.42,5.0,1,CNY-3.27,CNY
RFUD,2025-10-29,CRH7,13.149,13.13,13.194,13.194,8364996.0,408024.0,31.0,634,13.194,0.0,13.162,0.3,1.0,14,CNY-3.27,CNY
RFUD,2025-10-30,CRH7,13.256,13.242,13.269,13.242,8580816.0,92830.0,7.0,648,13.242,0.0,13.261,0.36,1.0,5,CNY-3.27,CNY
RFUD,2025-10-31,CRH7,13.146,13.146,13.311,13.242,8607300.0,344848.0,26.0,650,13.242,0.0,13.263,0.0,1.0,13,CNY-3.27,CNY
RFUD,2025-11-01,CRH7,13.186,13.095,13.186,13.178,8961040.0,289765.0,22.0,680,13.178,0.0,13.171,-0.48,1.0,14,CNY-3.27,CNY
RFUD,2025-11-03,CRH7,13.097,13.097,13.097,13.097,8895080.0,13097.0,1.0,680,13.081,0.0,13.097,-0.61,1.0,1,CNY-3.27,CNY
RFUD,2025-11-05,CRH7,13.099,13.099,13.331,13.299,9282702.0,265088.0,20.0,698,13.299,0.0,13.254,1.54,3.0,12,CNY-3.27,CNY
RFUD,2025-11-06,CRH7,13.333,13.202,13.39,13.225,9574900.0,569983.0,43.0,724,13.225,0.0,13.255,-0.56,4.0,15,CNY-3.27,CNY
RFUD,2025-11-07,CRH7,13.207,13.094,13.207,13.094,9468308.0,144489.0,11.0,722,13.114,0.0,13.135,-0.99,3.0,5,CNY-3.27,CNY
RFUD,2025-11-10,CRH7,13.212,13.186,13.264,13.264,9523552.0,317336.0,24.0,718,13.264,0.0,13.222,1.3,1.0,14,CNY-3.27,CNY
RFUD,2025-11-11,CRH7,13.237,13.2,13.342,13.2,9345600.0,344748.0,26.0,708,13.2,0.0,13.26,-0.48,4.0,16,CNY-3.27,CNY
RFUD,2025-11-12,CRH7,13.206,13.206,13.232,13.232,9421184.0,66107.0,5.0,712,13.232,0.0,13.221,0.24,1.0,4,CNY-3.27,CNY
RFUD,2025-11-13,CRH7,13.21,13.154,13.211,13.196,9214996.0,171365.0,13.0,698,13.202,0.0,13.182,-0.27,1.0,11,CNY-3.27,CNY
RFUD,2025-11-14,CRH7,13.184,13.167,13.263,13.167,9427572.0,184873.0,14.0,716,13.167,0.0,13.205,-0.22,1.0,12,CNY-3.27,CNY
RFUD,2025-11-17,CRH7,13.141,13.12,13.158,13.12,9603840.0,157672.0,12.0,732,13.12,0.0,13.139,-0.36,4.0,5,CNY-3.27,CNY
RFUD,2025-11-18,CRH7,13.189,12.87,13.236,13.145,9622140.0,680699.0,52.0,732,13.145,0.0,13.09,0.19,1.0,30,CNY-3.27,CNY
RFUD,2025-11-19,CRH7,13.1,12.969,13.106,12.969,9415494.0,130313.0,10.0,726,12.969,0.0,13.031,-1.34,2.0,8,CNY-3.27,CNY
RFUD,2025-11-20,CRH7,12.974,12.91,12.974,12.92,8966480.0,1240999.0,96.0,694,12.92,0.0,12.927,-0.38,1.0,30,CNY-3.27,CNY
RFUD,2025-11-21,CRH7,12.923,12.71,12.923,12.776,7767808.0,1318741.0,103.0,608,12.776,0.0,12.803,-1.11,2.0,53,CNY-3.27,CNY
RFUD,2025-11-24,CRH7,12.786,12.678,12.786,12.761,7554512.0,191525.0,15.0,592,12.761,0.0,12.768,-0.12,1.0,7,CNY-3.27,CNY
RFUD,2025-11-25,CRH7,12.672,12.672,12.712,12.712,7582312.0,25384.0,2.0,596,12.722,0.0,12.692,-0.38,1.0,2,CNY-3.27,CNY
RFUD,2025-11-26,CRH7,12.959,12.8,12.96,12.8,8166400.0,759475.0,59.0,638,12.8,0.0,12.872,0.69,4.0,16,CNY-3.27,CNY
RFUD,2025-11-27,CRH7,12.781,12.716,12.781,12.722,8523740.0,407838.0,32.0,670,12.722,0.0,12.745,-0.61,1.0,19,CNY-3.27,CNY
RFUD,2025-11-28,CRH7,12.7,12.65,12.798,12.65,8981500.0,444607.0,35.0,710,12.65,0.0,12.703,-0.57,1.0,19,CNY-3.27,CNY
RFUD,2025-12-01,CRH7,12.783,12.64,12.783,12.64,8974400.0,152423.0,12.0,710,12.64,0.0,12.702,-0.08,1.0,4,CNY-3.27,CNY
RFUD,2025-12-02,CRH7,12.64,12.632,12.685,12.649,9598746.0,417772.0,33.0,766,12.531,0.0,12.66,0.07,1.0,15,CNY-3.27,CNY
RFUD,2025-12-03,CRH7,12.55,12.55,12.55,12.55,9663500.0,25100.0,2.0,770,12.55,0.0,12.55,-0.78,2.0,1,CNY-3.27,CNY
RFUD,2025-12-04,CRH7,12.501,12.38,12.501,12.38,10052560.0,436072.0,35.0,812,12.38,0.0,12.459,-1.35,5.0,12,CNY-3.27,CNY
RFUD,2025-12-05,CRH7,12.449,12.282,12.562,12.495,12070170.0,2716340.0,219.0,966,12.495,0.0,12.403,0.93,3.0,71,CNY-3.27,CNY
RFUD,2025-12-08,CRH7,12.508,12.398,12.539,12.398,12151020.0,324542.0,26.0,980,12.399,0.0,12.482,-0.78,2.0,11,CNY-3.27,CNY
RFUD,2025-12-09,CRH7,12.53,12.51,12.605,12.605,12831890.0,301438.0,24.0,1018,12.605,0.0,12.56,1.67,1.0,13,CNY-3.27,CNY
RFUD,2025-12-10,CRH7,12.64,12.606,12.808,12.808,19416928.0,3873204.0,306.0,1516,12.808,0.0,12.658,1.61,3.0,65,CNY-3.27,CNY
RFUD,2025-12-11,CRH7,12.81,12.81,12.979,12.915,20045632.0,759980.0,59.0,1552,12.916,0.0,12.881,0.83,1.0,33,CNY-3.27,CNY
RFUD,2025-12-12,CRH7,12.916,12.826,12.969,12.826,20188124.0,322049.0,25.0,1574,12.826,0.0,12.882,-0.69,5.0,13,CNY-3.27,CNY
RFUD,2025-12-15,CRH7,12.827,12.801,12.86,12.801,20507202.0,423383.0,33.0,1602,12.801,0.0,12.83,-0.19,1.0,16,CNY-3.27,CNY
RFUD,2025-12-16,CRH7,12.85,12.81,12.97,12.88,20118560.0,681924.0,53.0,1562,12.88,0.0,12.866,0.62,1.0,26,CNY-3.27,CNY
RFUD,2025-12-17,CRH7,12.974,12.917,13.35,13.076,23798320.0,3623319.0,276.0,1820,13.076,0.0,13.128,1.52,2.0,88,CNY-3.27,CNY
RFUD,2025-12-18,CRH7,13.064,12.718,13.075,12.898,23421400.0,7481761.0,582.0,1810,12.94,0.0,12.855,-1.36,1.0,164,CNY-3.27,CNY
RFUD,2025-12-19,CRH7,12.94,12.85,13.216,12.881,28363962.0,9821819.0,749.0,2202,12.881,0.0,13.113,-0.13,1.0,204,CNY-3.27,CNY
RFUD,2025-12-22,CRH7,12.889,12.637,12.889,12.648,28888032.0,1970032.0,155.0,2284,12.648,0.0,12.71,-1.81,4.0,47,CNY-3.27,CNY
RFUD,2025-12-23,CRH7,12.599,12.595,12.808,12.609,29656368.0,1317671.0,104.0,2352,12.609,0.0,12.67,-0.31,1.0,36,CNY-3.27,CNY
RFUD,2025-12-24,CRH7,12.639,12.603,12.978,12.666,34102256.0,5179835.0,405.0,2692,12.668,0.0,12.79,0.45,1.0,97,CNY-3.27,CNY
RFUD,2025-12-25,CRH7,12.646,12.393,12.659,12.54,33732600.0,5447354.0,435.0,2690,12.54,0.0,12.523,-1.0,1.0,123,CNY-3.27,CNY
RFUD,2025-12-26,CRH7,12.524,12.475,12.763,12.527,34073440.0,3746120.0,298.0,2720,12.527,0.0,12.571,-0.1,1.0,78,CNY-3.27,CNY
RFUD,2025-12-29,CRH7,12.518,12.503,12.693,12.544,34250580.0,1298837.0,103.0,2730,12.546,0.0,12.61,0.14,1.0,38,CNY-3.27,CNY
RFUD,2025-12-30,CRH7,12.619,12.589,12.65,12.65,34838100.0,744582.0,59.0,2754,12.65,0.0,12.62,0.84,2.0,17,CNY-3.27,CNY
RFUD,2026-01-05,CRH7,12.649,12.5,13.009,12.837,35250402.0,5528307.0,431.0,2746,12.837,0.0,12.827,1.48,4.0,97,CNY-3.27,CNY
RFUD,2026-01-06,CRH7,12.855,12.766,12.948,12.766,34419832.0,2094844.0,163.0,2696,12.767,0.0,12.852,-0.55,1.0,66,CNY-3.27,CNY
RFUD,2026-01-08,CRH7,12.81,12.788,12.898,12.788,33637700.0,1272806.0,99.0,2630,12.79,0.0,12.857,0.17,1.0,36,CNY-3.27,CNY
RFUD,2026-01-09,CRH7,12.827,12.687,12.845,12.742,34377916.0,1163989.0,91.0,2698,12.742,0.0,12.791,-0.36,1.0,40,CNY-3.27,CNY
RFUD,2026-01-12,CRH7,12.755,12.719,12.871,12.807,34502058.0,434431.0,34.0,2694,12.807,0.0,12.777,0.51,1.0,24,CNY-3.27,CNY
RFUD,2026-01-13,CRH7,12.823,12.73,12.823,12.767,35262454.0,894943.0,70.0,2762,12.767,0.0,12.785,-0.31,4.0,35,CNY-3.27,CNY
RFUD,2026-01-14,CRH7,12.764,12.679,12.799,12.695,35368270.0,624368.0,49.0,2786,12.695,0.0,12.742,-0.56,1.0,30,CNY-3.27,CNY
RFUD,2026-01-15,CRH7,12.69,12.661,12.898,12.715,36263180.0,1106229.0,87.0,2852,12.715,0.0,12.715,0.16,5.0,32,CNY-3.27,CNY
RFUD,2026-01-16,CRH7,12.671,12.587,12.767,12.66,37853400.0,1457466.0,115.0,2990,12.66,0.0,12.674,-0.43,1.0,45,CNY-3.27,CNY
RFUD,2026-01-19,CRH7,12.675,12.619,12.692,12.662,37998846.0,632575.0,50.0,3006,12.641,0.0,12.652,0.02,1.0,25,CNY-3.27,CNY
RFUD,2026-01-20,CRH7,12.642,12.638,12.712,12.649,38452960.0,608868.0,48.0,3040,12.649,0.0,12.685,-0.1,1.0,20,CNY-3.27,CNY
RFUD,2026-01-21,CRH7,12.648,12.499,12.666,12.499,40671746.0,2795444.0,223.0,3254,12.499,0.0,12.536,-1.19,10.0,64,CNY-3.27,CNY
RFUD,2026-01-22,CRH7,12.48,12.304,12.48,12.326,41735836.0,1953283.0,158.0,3386,12.326,0.0,12.363,-1.38,1.0,68,CNY-3.27,CNY
RFUD,2026-01-23,CRH7,12.336,12.262,12.391,12.345,42244590.0,579443.0,47.0,3422,12.345,0.0,12.329,0.15,4.0,21,CNY-3.27,CNY
RFUD,2026-01-26,CRH7,12.306,12.306,12.498,12.482,42713404.0,348238.0,28.0,3422,12.482,0.0,12.437,1.11,1.0,16,CNY-3.27,CNY
RFUD,2026-01-27,CRH7,12.462,12.36,12.569,12.403,41872528.0,636080.0,51.0,3376,12.403,0.0,12.472,-0.63,4.0,26,CNY-3.27,CNY
RFUD,2026-01-28,CRH7,12.362,12.362,12.49,12.451,42333400.0,447183.0,36.0,3400,12.451,0.0,12.422,0.39,1.0,11,CNY-3.27,CNY
RFUD,2026-01-29,CRH7,12.476,12.27,12.476,12.277,44246308.0,1564153.0,127.0,3604,12.277,0.0,12.316,-1.4,1.0,73,CNY-3.27,CNY
RFUD,2026-01-30,CRH7,12.276,12.276,12.399,12.384,45003456.0,863529.0,70.0,3634,12.384,0.0,12.336,0.87,1.0,33,CNY-3.27,CNY
RFUD,2026-02-02,CRH7,12.453,12.32,12.58,12.499,44571434.0,2546286.0,204.0,3566,12.499,0.0,12.482,0.93,1.0,102,CNY-3.27,CNY
RFUD,2026-02-03,CRH7,12.498,12.498,12.61,12.546,45090324.0,690890.0,55.0,3594,12.546,0.0,12.562,0.38,1.0,17,CNY-3.27,CNY
RFUD,2026-02-04,CRH7,12.607,12.346,12.626,12.374,48431836.0,6441335.0,518.0,3914,12.374,0.0,12.435,-1.37,4.0,134,CNY-3.27,CNY
RFUD,2026-02-05,CRH7,12.369,12.305,12.474,12.418,46791024.0,1799311.0,145.0,3768,12.418,0.0,12.409,0.36,3.0,50,CNY-3.27,CNY
RFUD,2026-02-06,CRH7,12.43,12.329,12.556,12.466,47039136.0,809397.0,65.0,3774,12.464,0.0,12.452,0.39,1.0,37,CNY-3.27,CNY
RFUD,2026-02-09,CRH7,12.435,12.363,12.532,12.471,46716366.0,609521.0,49.0,3746,12.471,0.0,12.439,0.04,2.0,21,CNY-3.27,CNY
RFUD,2026-02-10,CRH7,12.471,12.455,12.494,12.494,46402716.0,349277.0,28.0,3714,12.494,0.0,12.474,0.18,3.0,11,CNY-3.27,CNY
RFUD,2026-02-11,CRH7,12.539,12.475,12.539,12.477,46276440.0,74982.0,6.0,3714,12.46,0.0,12.497,-0.14,2.0,5,CNY-3.27,CNY
RFUD,2026-02-12,CRH7,12.487,12.418,12.497,12.479,47370284.0,1084153.0,87.0,3796,12.479,0.0,12.462,0.02,3.0,29,CNY-3.27,CNY
RFUD,2026-02-13,CRH7,12.438,12.42,12.481,12.437,48932352.0,1504198.0,121.0,3936,12.432,0.0,12.431,-0.34,1.0,37,CNY-3.27,CNY
RFUD,2026-02-16,CRH7,12.383,12.383,12.431,12.421,49633438.0,782219.0,63.0,3994,12.427,0.0,12.416,-0.13,1.0,29,CNY-3.27,CNY
RFUD,2026-02-17,CRH7,12.432,12.318,12.438,12.369,53508294.0,2703932.0,218.0,4326,12.369,0.0,12.403,-0.42,1.0,96,CNY-3.27,CNY
RFUD,2026-02-18,CRH7,12.358,12.223,12.406,12.356,63452048.0,8298527.0,674.0,5132,12.364,0.0,12.312,-0.1,1.0,211,CNY-3.27,CNY
RFUD,2026-02-19,CRH7,12.365,12.263,12.365,12.268,64799576.0,3295920.0,268.0,5282,12.268,0.0,12.298,-0.71,1.0,51,CNY-3.27,CNY
RFUD,2026-02-20,CRH7,12.28,12.197,12.296,12.21,67804350.0,7471187.0,611.0,5550,12.217,0.0,12.228,-0.47,6.0,112,CNY-3.27,CNY
RFUD,2026-02-24,CRH7,12.261,12.159,12.28,12.189,68845250.0,4475614.0,366.0,5650,12.185,0.0,12.228,-0.17,1.0,89,CNY-3.27,CNY
RFUD,2026-02-25,CRH7,12.155,12.155,12.478,12.433,68878820.0,3360101.0,273.0,5540,12.433,0.0,12.308,2.0,3.0,106,CNY-3.27,CNY
RFUD,2026-02-26,CRH7,12.518,12.31,12.518,12.373,69285536.0,1575748.0,127.0,5602,12.368,0.0,12.407,-0.48,1.0,70,CNY-3.27,CNY
RFUD,2026-02-27,CRH7,12.36,12.304,12.433,12.352,69819156.0,952775.0,77.0,5652,12.353,0.0,12.374,-0.17,4.0,33,CNY-3.27,CNY
RFUD,2026-03-02,CRH7,12.392,12.289,12.487,12.401,71330552.0,2079345.0,168.0,5752,12.401,0.0,12.377,0.4,9.0,60,CNY-3.27,CNY
RFUD,2026-03-03,CRH7,12.401,12.372,12.453,12.394,71255776.0,583010.0,47.0,5752,12.388,0.0,12.404,-0.06,2.0,19,CNY-3.27,CNY
RFUD,2026-03-04,CRH7,12.391,12.391,12.53,12.491,72845850.0,1685421.0,135.0,5830,12.495,0.0,12.485,0.78,1.0,48,CNY-3.27,CNY
RFUD,2026-03-05,CRH7,12.537,12.501,12.644,12.644,74549024.0,1472841.0,117.0,5896,12.644,0.0,12.588,1.23,1.0,48,CNY-3.27,CNY
RFUD,2026-03-06,CRH7,12.649,12.523,12.74,12.6,77641200.0,2942345.0,232.0,6162,12.6,0.0,12.683,-0.35,1.0,115,CNY-3.27,CNY
RFUD,2026-03-09,CRH7,12.554,12.443,12.624,12.497,77256454.0,364432.0,29.0,6182,12.497,0.0,12.567,-0.82,1.0,12,CNY-3.27,CNY
RFUD,2026-03-10,CRH7,12.525,12.525,12.711,12.673,77913604.0,1442109.0,114.0,6148,12.673,0.0,12.65,1.41,1.0,50,CNY-3.27,CNY
RFUD,2026-03-11,CRH7,12.699,12.622,12.837,12.695,78455100.0,1280560.0,101.0,6180,12.695,0.0,12.679,0.17,1.0,41,CNY-3.27,CNY
RFUD,2026-03-12,CRH7,12.664,12.622,12.71,12.689,77834326.0,1494571.0,118.0,6134,12.689,0.0,12.666,-0.05,5.0,36,CNY-3.27,CNY
RFUD,2026-03-13,CRH7,12.692,12.652,12.807,12.727,78024890.0,2446127.0,192.0,6122,12.745,0.0,12.74,0.3,29.0,52,CNY-3.27,CNY
RFUD,2026-03-16,CRH7,12.764,12.691,12.833,12.704,86768320.0,19506119.0,1530.0,6830,12.704,0.0,12.749,-0.18,1.0,497,CNY-3.27,CNY
RFUD,2026-03-17,CRH7,12.725,12.45,12.787,12.763,91970178.0,12328643.0,973.0,7206,12.763,0.0,12.671,0.46,3.0,325,CNY-3.27,CNY
RFUD,2026-03-18,CRH7,12.744,12.552,12.795,12.65,97152000.0,17460683.0,1378.0,7680,12.65,0.0,12.67,-0.89,2.0,471,CNY-3.27,CNY
RFUD,2026-03-19,CRH7,12.683,12.633,12.866,12.8,97561600.0,24463751.0,1919.0,7622,12.8,0.0,12.748,1.19,1.0,612,CNY-3.27,CNY
RFUD,2026-03-20,CRH7,12.789,12.665,12.855,12.675,99422700.0,11646172.0,912.0,7844,12.675,0.0,12.769,-0.98,2.0,330,CNY-3.27,CNY
RFUD,2026-03-23,CRH7,12.646,12.516,12.757,12.553,95785920.0,12454914.0,987.0,7578,12.64,0.0,12.617,-0.96,1.0,420,CNY-3.27,CNY
RFUD,2026-03-24,CRH7,12.514,12.347,12.523,12.386,95839440.0,11834738.0,953.0,7754,12.36,0.0,12.418,-1.33,1.0,295,CNY-3.27,CNY
RFUD,2026-03-25,CRH7,12.378,12.357,12.512,12.512,99953952.0,5505305.0,443.0,8004,12.488,0.0,12.427,1.02,2.0,143,CNY-3.27,CNY
RFUD,2026-03-26,CRH7,12.498,11.897,12.612,12.096,581743400.0,334034435.0,27893.0,48886,11.9,0.0,11.976,-3.33,12.0,1782,CNY-3.27,CNY
RFUD,2026-03-27,CRH7,12.114,11.963,12.17,12.144,836106080.0,160039916.0,13301.0,68872,12.14,0.0,12.035,0.4,1.0,602,CNY-3.27,CNY
RFUD,2026-03-30,CRH7,12.159,12.085,12.187,12.14,838752294.0,11221609.0,924.0,68914,12.171,0.0,12.145,-0.03,1.0,275,CNY-3.27,CNY
RFUD,2026-03-31,CRH7,12.156,12.153,12.333,12.297,843532278.0,10087718.0,822.0,68798,12.261,0.0,12.272,1.29,1.0,194,CNY-3.27,CNY
RFUD,2026-04-01,CRH7,12.294,12.105,12.3,12.128,834888006.0,5720286.0,470.0,68766,12.141,0.0,12.171,-1.37,1.0,98,CNY-3.27,CNY
RFUD,2026-04-02,CRH7,12.129,12.011,12.145,12.048,827313432.0,12556269.0,1042.0,68748,12.034,0.0,12.05,-0.66,1.0,186,CNY-3.27,CNY
RFUD,2026-04-03,CRH7,12.021,11.965,12.075,11.976,824120660.0,10290131.0,857.0,68734,11.99,0.0,12.007,-0.6,3.0,177,CNY-3.27,CNY
RFUD,2026-04-06,CRH7,11.962,11.904,12.001,11.969,823409360.0,16802784.0,1407.0,68732,11.98,0.0,11.942,-0.06,5.0,187,CNY-3.27,CNY
RFUD,2026-04-07,CRH7,11.975,11.909,12.01,11.964,820731720.0,16630327.0,1391.0,68738,11.94,0.0,11.956,-0.04,1.0,209,CNY-3.27,CNY
RFUD,2026-04-08,CRH7,12.03,11.995,12.058,12.016,827499072.0,3544370.0,295.0,68752,12.036,0.0,12.015,0.44,1.0,73,CNY-3.27,CNY
RFUD,2026-04-09,CRH7,12.002,11.92,12.016,11.947,823916046.0,10122348.0,845.0,68826,11.971,0.0,11.979,-0.57,5.0,207,CNY-3.27,CNY
RFUD,2026-04-10,CRH7,11.923,11.875,11.96,11.914,824169618.0,7941612.0,667.0,69078,11.931,0.0,11.906,-0.28,1.0,118,CNY-3.27,CNY
RFUD,2026-04-13,CRH7,11.901,11.811,11.901,11.845,817695298.0,5712956.0,482.0,68998,11.851,0.0,11.853,-0.58,1.0,125,CNY-3.27,CNY
RFUD,2026-04-14,CRH7,11.845,11.72,11.845,11.73,809944044.0,5512124.0,468.0,68996,11.739,0.0,11.778,-0.97,9.0,126,CNY-3.27,CNY
RFUD,2026-04-15,CRH7,11.727,11.68,11.836,11.783,810848256.0,10543630.0,897.0,68856,11.776,0.0,11.754,0.45,1.0,155,CNY-3.27,CNY
RFUD,2026-04-16,CRH7,11.808,11.795,11.941,11.838,816279808.0,4685719.0,394.0,68896,11.848,0.0,11.893,0.47,2.0,134,CNY-3.27,CNY
RFUD,2026-04-17,CRH7,11.858,11.836,11.919,11.85,817484100.0,12032450.0,1014.0,68986,11.85,0.0,11.866,0.1,5.0,156,CNY-3.27,CNY
RFUD,2026-04-20,CRH7,11.787,11.686,11.81,11.757,810718840.0,3466661.0,295.0,68968,11.755,0.0,11.751,-0.79,2.0,112,CNY-3.27,CNY
RFUD,2026-04-21,CRH7,11.732,11.676,11.756,11.688,807837040.0,3042221.0,260.0,69040,11.701,0.0,11.701,-0.59,1.0,87,CNY-3.27,CNY
RFUD,2026-04-22,CRH7,11.709,11.662,11.774,11.722,806998228.0,1544117.0,132.0,68986,11.698,0.0,11.698,0.29,2.0,44,CNY-3.27,CNY
RFUD,2026-04-23,CRH7,11.696,11.669,11.896,11.869,818197148.0,7484220.0,633.0,69052,11.849,0.0,11.825,1.25,1.0,214,CNY-3.27,CNY
RFUD,2026-04-24,CRH7,11.879,11.77,11.925,11.78,817411596.0,7936433.0,672.0,69378,11.782,0.0,11.808,-0.75,2.0,141,CNY-3.27,CNY
RFUD,2026-04-27,CRH7,11.766,11.729,11.786,11.786,816838440.0,5607490.0,477.0,69530,11.748,0.0,11.756,0.05,3.0,175,CNY-3.27,CNY
RFUD,2026-04-28,CRH7,11.728,11.71,11.844,11.83,825294936.0,4179720.0,354.0,69816,11.821,0.0,11.807,0.37,2.0,166,CNY-3.27,CNY
RFUD,2026-04-29,CRH7,11.864,11.735,11.866,11.77,821836510.0,6198383.0,526.0,69890,11.759,0.0,11.784,-0.51,60.0,160,CNY-3.27,CNY
RFUD,2026-04-30,CRH7,11.781,11.775,11.846,11.809,824715920.0,1263141.0,107.0,69832,11.81,0.0,11.805,0.33,1.0,38,CNY-3.27,CNY
RFUD,2026-05-04,CRH7,11.855,11.805,11.922,11.884,835889250.0,6571255.0,554.0,70450,11.865,0.0,11.861,0.64,2.0,110,CNY-3.27,CNY
RFUD,2026-05-05,CRH7,11.903,11.824,11.905,11.883,841100904.0,6041469.0,509.0,70764,11.886,0.0,11.869,-0.01,1.0,115,CNY-3.27,CNY
RFUD,2026-05-06,CRH7,11.891,11.705,11.908,11.729,832843576.0,21665019.0,1847.0,71086,11.716,0.0,11.73,-1.3,2.0,265,CNY-3.27,CNY
RFUD,2026-05-07,CRH7,11.733,11.71,11.772,11.757,832786560.0,2420230.0,206.0,70960,11.736,0.0,11.749,0.24,5.0,64,CNY-3.27,CNY
RFUD,2026-05-08,CRH7,11.768,11.679,11.772,11.695,835459464.0,9693986.0,828.0,71358,11.708,0.0,11.708,-0.53,1.0,162,CNY-3.27,CNY
RFUD,2026-05-11,CRH7,11.685,11.578,11.701,11.589,826400718.0,8080657.0,696.0,71346,11.583,0.0,11.61,-0.91,2.0,239,CNY-3.27,CNY
RFUD,2026-05-12,CRH7,11.579,11.579,11.677,11.647,831075812.0,6295704.0,541.0,71386,11.642,0.0,11.637,0.5,1.0,145,CNY-3.27,CNY
RFUD,2026-05-13,CRH7,11.621,11.56,11.621,11.579,828462750.0,9560949.0,825.0,71450,11.595,0.0,11.588,-0.58,1.0,216,CNY-3.27,CNY
RFUD,2026-05-14,CRH7,11.597,11.524,11.603,11.524,834230466.0,12088098.0,1046.0,72234,11.549,0.0,11.556,-0.48,2.0,175,CNY-3.27,CNY
RFUD,2026-05-15,CRH7,11.511,11.46,11.541,11.478,836817674.0,10332259.0,899.0,72938,11.473,0.0,11.493,-0.4,1.0,228,CNY-3.27,CNY
RFUD,2026-05-18,CRH7,11.47,11.353,11.474,11.401,848368960.0,18291815.0,1603.0,74288,11.42,0.0,11.411,-0.67,10.0,260,CNY-3.27,CNY
RFUD,2026-05-19,CRH7,11.4,11.14,11.4,11.165,834319200.0,25849297.0,2292.0,74360,11.22,0.0,11.278,-2.07,1.0,458,CNY-3.27,CNY
RFUD,2026-05-20,CRH7,11.111,11.099,11.452,11.328,844483710.0,15633004.0,1380.0,74634,11.315,0.0,11.328,1.46,1.0,325,CNY-3.27,CNY
RFUD,2026-05-21,CRH7,11.321,11.235,11.343,11.317,848322320.0,7549846.0,669.0,74960,11.317,0.0,11.285,-0.1,1.0,139,CNY-3.27,CNY
RFUD,2026-05-22,CRH7,11.343,11.333,11.452,11.417,856963314.0,4144359.0,364.0,75034,11.421,0.0,11.386,0.88,1.0,131,CNY-3.27,CNY
RFUD,2026-05-25,CRH7,11.484,11.406,11.543,11.517,867399204.0,9849459.0,858.0,75282,11.522,0.0,11.48,0.88,1.0,250,CNY-3.27,CNY
RFUD,2026-05-26,CRH7,11.5,11.254,11.503,11.305,892982700.0,46857770.0,4120.0,79060,11.295,0.0,11.372,-1.84,1.0,603,CNY-3.27,CNY
RFUD,2026-05-27,CRH7,11.334,11.24,11.334,11.278,928266976.0,28465901.0,2526.0,82264,11.284,0.0,11.269,-0.24,5.0,228,CNY-3.27,CNY
RFUD,2026-05-28,CRH7,11.268,11.228,11.314,11.311,989217720.0,37245447.0,3313.0,87790,11.268,0.0,11.242,0.29,2.0,179,CNY-3.27,CNY
RFUD,2026-05-29,CRH7,11.31,11.241,11.346,11.269,1009224552.0,16862897.0,1493.0,89502,11.276,0.0,11.295,-0.37,1.0,131,CNY-3.27,CNY
RFUD,2026-06-01,CRH7,11.285,11.285,11.4,11.348,1016736588.0,4628818.0,408.0,89604,11.347,0.0,11.345,0.7,18.0,152,CNY-3.27,CNY
RFUD,2026-06-02,CRH7,11.39,11.37,11.53,11.53,1035347520.0,11454968.0,1000.0,89952,11.51,0.0,11.455,1.6,1.0,243,CNY-3.27,CNY
RFUD,2026-06-03,CRH7,11.514,11.41,11.68,11.614,1045430300.0,21730454.0,1882.0,90100,11.603,0.0,11.55,0.73,5.0,572,CNY-3.27,CNY
RFUD,2026-06-04,CRH7,11.633,11.572,11.734,11.603,1048831734.0,23304341.0,1997.0,90362,11.607,0.0,11.67,-0.1,2.0,393,CNY-3.27,CNY
RFUD,2026-06-05,CRH7,11.614,11.592,11.656,11.623,1053024216.0,8330247.0,717.0,90536,11.631,0.0,11.618,0.17,3.0,111,CNY-3.27,CNY
RFUD,2026-06-08,CRH7,11.641,11.438,11.641,11.449,1043592816.0,17753894.0,1542.0,91056,11.461,0.0,11.513,-1.5,1.0,338,CNY-3.27,CNY
RFUD,2026-06-09,CRH7,11.469,11.299,11.474,11.31,1036868760.0,12444105.0,1096.0,91580,11.322,0.0,11.354,-1.21,1.0,277,CNY-3.27,CNY
RFUD,2026-06-10,CRH7,11.321,11.255,11.408,11.357,1097029472.0,43321914.0,3810.0,96544,11.363,0.0,11.371,0.42,1.0,257,CNY-3.27,CNY
RFUD,2026-06-11,CRH7,11.376,11.343,11.408,11.362,1097063604.0,2114093.0,186.0,96564,11.361,0.0,11.366,0.04,1.0,100,CNY-3.27,CNY
RFUD,2026-06-15,CRH7,11.449,11.449,11.533,11.458,1108540878.0,15152712.0,1320.0,96706,11.463,0.0,11.479,0.85,5.0,252,CNY-3.27,CNY
RFUD,2026-06-16,CRH7,11.452,11.4,11.549,11.534,1144238292.0,26924262.0,2349.0,99378,11.514,0.0,11.462,0.66,1.0,278,CNY-3.27,CNY
RFUD,2026-06-17,CRH7,11.534,11.5,11.581,11.562,1144868240.0,11977913.0,1037.0,98960,11.569,0.0,11.551,0.24,1.0,332,CNY-3.27,CNY
RFUD,2026-06-18,CRH7,11.593,11.526,11.65,11.591,1151308752.0,44610695.0,3848.0,99836,11.532,0.0,11.594,0.25,1.0,604,CNY-3.27,CNY
RFUD,2026-06-19,CRH7,11.59,11.408,11.598,11.555,1199985584.0,46319262.0,4019.0,104048,11.533,0.0,11.526,-0.31,1.0,592,CNY-3.27,CNY
RFUD,2026-06-22,CRH7,11.535,11.513,11.788,11.771,1200819312.0,48291993.0,4141.0,102564,11.708,0.0,11.664,1.87,3.0,693,CNY-3.27,CNY
RFUD,2026-06-23,CRH7,11.769,11.619,11.814,11.657,1191716824.0,41760975.0,3566.0,102346,11.644,0.0,11.711,-0.97,1.0,716,CNY-3.27,CNY
RFUD,2026-06-24,CRH7,11.658,11.64,11.72,11.7,1189063624.0,28331146.0,2421.0,101612,11.702,0.0,11.704,0.37,28.0,400,CNY-3.27,CNY
RFUD,2026-06-25,CRH7,11.703,11.703,11.95,11.925,1202310240.0,55409805.0,4685.0,100696,11.94,0.0,11.828,1.92,1.0,826,CNY-3.27,CNY
RFUD,2026-06-26,CRH7,11.956,11.956,12.36,12.208,1217611674.0,189445624.0,15592.0,99698,12.213,0.0,12.154,2.37,1.0,2368,CNY-3.27,CNY
RFUD,2026-06-29,CRH7,12.208,12.006,12.317,12.114,1247060716.0,93100538.0,7656.0,103114,12.094,0.0,12.155,-0.77,1.0,1286,CNY-3.27,CNY
RFUD,2026-06-30,CRH7,12.128,12.124,12.405,12.397,1259360512.0,95821148.0,7808.0,101956,12.352,0.0,12.272,2.34,5.0,1071,CNY-3.27,CNY
RFUD,2026-07-01,CRH7,12.385,12.152,12.441,12.192,1279289302.0,59246561.0,4828.0,104834,12.203,0.0,12.271,-1.65,2.0,813,CNY-3.27,CNY
RFUD,2026-07-02,CRH7,12.227,12.107,12.263,12.175,1277286752.0,62297820.0,5108.0,104902,12.176,0.0,12.196,-0.14,6.0,752,CNY-3.27,CNY
RFUD,2026-07-03,CRH7,12.197,12.026,12.237,12.2,1280616414.0,47841552.0,3946.0,104874,12.211,0.0,12.124,0.21,4.0,564,CNY-3.27,CNY
RFUD,2026-07-06,CRH7,12.163,11.877,12.271,11.896,1275774948.0,68046635.0,5635.0,107082,11.914,0.0,12.076,-2.49,1.0,768,CNY-3.27,CNY
RFUD,2026-07-07,CRH7,11.876,11.833,12.032,11.952,1257698396.0,59902621.0,5018.0,105106,11.966,0.0,11.938,0.47,5.0,933,CNY-3.27,CNY
RFUD,2026-07-08,CRH7,11.946,11.829,12.003,11.838,1251221250.0,30937909.0,2598.0,105366,11.875,0.0,11.908,-0.95,1.0,448,CNY-3.27,CNY
RFUD,2026-07-09,CRH7,11.721,11.721,11.956,11.943,1259460222.0,28589460.0,2409.0,105562,11.931,0.0,11.868,0.89,4.0,459,CNY-3.27,CNY
RFUD,2026-07-10,CRH7,11.945,11.945,12.062,11.986,1261893570.0,38356332.0,3198.0,105114,12.005,0.0,11.995,0.36,1.0,609,CNY-3.27,CNY
RFUD,2026-07-13,CRH7,11.971,11.933,12.028,11.935,1279200000.0,59160688.0,4942.0,106600,12.0,0.0,11.971,-0.43,1.0,691,CNY-3.27,CNY
RFUD,2026-07-14,CRH7,11.9,11.891,12.14,12.118,1555619078.0,381535857.0,31682.0,128362,12.119,0.0,12.044,1.53,4.0,2742,CNY-3.27,CNY
RFUD,2026-07-15,CRH7,12.125,12.036,12.19,12.088,1545929216.0,102648025.0,8463.0,128144,12.064,0.0,12.133,-0.25,15.0,1238,CNY-3.27,CNY
RFUD,2026-07-16,CRH7,12.091,12.045,12.22,12.204,1558642950.0,68928350.0,5678.0,127810,12.195,0.0,12.144,0.96,1.0,1089,CNY-3.27,CNY
RFUD,2026-07-17,CRH7,12.201,12.086,12.234,12.194,1555398180.0,53129324.0,4365.0,127890,12.162,0.0,12.167,-0.08,1.0,1002,CNY-3.27,CNY
RFUD,2025-12-05,CRM7,,,,,0.0,,,0,12.679,0.0,,,,0,CNY-6.27,CNY
RFUD,2025-12-08,CRM7,,,,,0.0,,,0,12.675,0.0,,,,0,CNY-6.27,CNY
RFUD,2025-12-09,CRM7,13.184,12.2,13.184,12.9,25758.0,1238968.0,98.0,2,12.879,0.0,12.643,,5.0,26,CNY-6.27,CNY
RFUD,2025-12-10,CRM7,12.4,12.351,13.1,13.083,52264.0,1184939.0,93.0,4,13.066,0.0,12.741,1.42,6.0,17,CNY-6.27,CNY
RFUD,2025-12-11,CRM7,13.66,12.59,13.66,13.002,104840.0,408202.0,31.0,8,13.105,0.0,13.168,-0.62,1.0,11,CNY-6.27,CNY
RFUD,2025-12-12,CRM7,13.412,13.001,13.412,13.001,104568.0,52826.0,4.0,8,13.071,0.0,13.207,-0.01,1.0,4,CNY-6.27,CNY
RFUD,2025-12-15,CRM7,13.187,13.187,13.3,13.3,288288.0,119130.0,9.0,22,13.104,0.0,13.237,2.3,1.0,6,CNY-6.27,CNY
RFUD,2025-12-16,CRM7,13.1,13.001,13.3,13.3,235746.0,104699.0,8.0,18,13.097,0.0,13.087,0.0,1.0,5,CNY-6.27,CNY
RFUD,2025-12-17,CRM7,13.199,13.199,13.3,13.297,531880.0,185281.0,14.0,40,13.297,0.0,13.234,-0.02,2.0,6,CNY-6.27,CNY
RFUD,2025-12-18,CRM7,13.171,13.088,13.246,13.246,1165648.0,513713.0,39.0,88,13.246,0.0,13.172,-0.38,1.0,16,CNY-6.27,CNY
RFUD,2025-12-19,CRM7,13.163,13.163,13.303,13.21,1444740.0,278322.0,21.0,110,13.134,0.0,13.253,-0.27,1.0,11,CNY-6.27,CNY
RFUD,2025-12-22,CRM7,13.053,13.053,13.078,13.078,915460.0,392029.0,30.0,70,13.078,0.0,13.068,-1.0,1.0,8,CNY-6.27,CNY
RFUD,2025-12-23,CRM7,13.086,13.086,13.086,13.086,889848.0,91602.0,7.0,68,13.086,0.0,13.086,0.06,6.0,2,CNY-6.27,CNY
RFUD,2025-12-24,CRM7,13.181,13.18,13.251,13.25,1033422.0,277766.0,21.0,78,13.249,0.0,13.227,1.25,2.0,8,CNY-6.27,CNY
RFUD,2025-12-25,CRM7,12.975,12.975,13.06,13.0,1482000.0,364208.0,28.0,114,13.0,0.0,13.007,-1.89,1.0,8,CNY-6.27,CNY
RFUD,2025-12-26,CRM7,13.099,13.0,13.099,13.0,1560000.0,169297.0,13.0,120,13.0,0.0,13.023,0.0,5.0,5,CNY-6.27,CNY
RFUD,2025-12-29,CRM7,12.959,12.954,13.045,13.019,2004926.0,246772.0,19.0,154,13.019,0.0,12.988,0.15,5.0,6,CNY-6.27,CNY
RFUD,2025-12-30,CRM7,13.024,13.024,13.139,13.133,1969950.0,248962.0,19.0,150,13.133,0.0,13.103,0.88,5.0,7,CNY-6.27,CNY
RFUD,2026-01-05,CRM7,13.124,13.124,13.256,13.256,2433952.0,237894.0,18.0,184,13.228,0.0,13.216,0.94,2.0,10,CNY-6.27,CNY
RFUD,2026-01-06,CRM7,13.228,13.191,13.3,13.191,2663168.0,264926.0,20.0,202,13.184,0.0,13.246,-0.49,1.0,11,CNY-6.27,CNY
RFUD,2026-01-08,CRM7,13.044,13.044,13.16,13.146,2786952.0,261882.0,20.0,212,13.146,0.0,13.094,-0.34,1.0,10,CNY-6.27,CNY
RFUD,2026-01-09,CRM7,13.067,13.049,13.1,13.049,2766388.0,196248.0,15.0,212,13.049,0.0,13.083,-0.74,1.0,14,CNY-6.27,CNY
RFUD,2026-01-12,CRM7,12.934,12.934,13.194,13.045,2791630.0,104647.0,8.0,214,13.045,0.0,13.081,-0.03,2.0,6,CNY-6.27,CNY
RFUD,2026-01-13,CRM7,13.045,13.024,13.064,13.024,2908200.0,65181.0,5.0,222,13.1,0.0,13.036,-0.16,2.0,4,CNY-6.27,CNY
RFUD,2026-01-14,CRM7,13.045,12.915,13.045,12.986,2960808.0,362658.0,28.0,228,12.986,0.0,12.952,-0.29,3.0,10,CNY-6.27,CNY
RFUD,2026-01-15,CRM7,12.993,12.971,12.993,12.971,2931446.0,64941.0,5.0,226,12.971,0.0,12.988,-0.12,1.0,3,CNY-6.27,CNY
RFUD,2026-01-16,CRM7,12.926,12.926,12.926,12.926,2947128.0,12926.0,1.0,228,12.926,0.0,12.926,-0.35,1.0,1,CNY-6.27,CNY
RFUD,2026-01-19,CRM7,12.942,12.93,12.969,12.969,3034044.0,142439.0,11.0,234,12.966,0.0,12.949,0.33,3.0,5,CNY-6.27,CNY
RFUD,2026-01-20,CRM7,,,,,3039192.0,,,234,12.988,0.0,,,,0,CNY-6.27,CNY
RFUD,2026-01-21,CRM7,13.202,12.755,13.202,12.82,2692200.0,506150.0,39.0,210,12.82,0.0,12.978,,2.0,12,CNY-6.27,CNY
RFUD,2026-01-22,CRM7,12.812,12.722,12.828,12.722,2646176.0,485425.0,38.0,208,12.722,0.0,12.774,-0.76,1.0,16,CNY-6.27,CNY
RFUD,2026-01-23,CRM7,12.606,12.605,12.75,12.75,2805000.0,431638.0,34.0,220,12.75,0.0,12.695,0.22,5.0,13,CNY-6.27,CNY
RFUD,2026-01-26,CRM7,12.727,12.727,12.91,12.849,3546600.0,719119.0,56.0,276,12.85,0.0,12.841,0.78,1.0,16,CNY-6.27,CNY
RFUD,2026-01-27,CRM7,12.85,12.777,12.851,12.777,3450600.0,153471.0,12.0,270,12.78,0.0,12.789,-0.56,4.0,5,CNY-6.27,CNY
RFUD,2026-01-28,CRM7,12.785,12.785,12.855,12.855,3496560.0,25640.0,2.0,272,12.855,0.0,12.82,0.61,1.0,2,CNY-6.27,CNY
RFUD,2026-01-29,CRM7,12.68,12.68,12.68,12.68,3195360.0,126800.0,10.0,252,12.68,0.0,12.68,-1.36,4.0,3,CNY-6.27,CNY
RFUD,2026-01-30,CRM7,12.65,12.608,12.741,12.741,2985840.0,354574.0,28.0,234,12.76,0.0,12.663,0.48,2.0,11,CNY-6.27,CNY
RFUD,2026-02-02,CRM7,13.071,12.746,13.071,12.897,2992104.0,64832.0,5.0,232,12.897,0.0,12.966,1.22,1.0,4,CNY-6.27,CNY
RFUD,2026-02-03,CRM7,12.868,12.868,12.868,12.868,2986536.0,64340.0,5.0,232,12.873,0.0,12.868,-0.22,4.0,2,CNY-6.27,CNY
RFUD,2026-02-04,CRM7,13.0,12.801,13.179,12.801,3405066.0,543097.0,42.0,266,12.801,0.0,12.931,-0.52,4.0,15,CNY-6.27,CNY
RFUD,2026-02-05,CRM7,12.708,12.708,12.812,12.812,3433616.0,140412.0,11.0,268,12.812,0.0,12.765,0.09,1.0,3,CNY-6.27,CNY
RFUD,2026-02-06,CRM7,12.929,12.929,12.993,12.993,3475960.0,38915.0,3.0,268,12.97,0.0,12.972,1.41,2.0,2,CNY-6.27,CNY
RFUD,2026-02-09,CRM7,12.97,12.97,13.08,13.08,3401640.0,64960.0,5.0,264,12.885,0.0,12.992,0.67,1.0,3,CNY-6.27,CNY
RFUD,2026-02-10,CRM7,12.908,12.9,12.95,12.9,3405600.0,38758.0,3.0,264,12.9,0.0,12.919,-1.38,1.0,3,CNY-6.27,CNY
RFUD,2026-02-11,CRM7,12.84,12.84,12.9,12.887,3916432.0,488962.0,38.0,304,12.883,0.0,12.867,-0.1,2.0,18,CNY-6.27,CNY
RFUD,2026-02-12,CRM7,12.85,12.842,12.899,12.872,4698342.0,540245.0,42.0,366,12.837,0.0,12.863,-0.12,2.0,18,CNY-6.27,CNY
RFUD,2026-02-13,CRM7,12.827,12.738,12.897,12.738,4840440.0,192196.0,15.0,380,12.738,0.0,12.813,-1.04,5.0,7,CNY-6.27,CNY
RFUD,2026-02-16,CRM7,12.764,12.727,12.764,12.758,5077684.0,305675.0,24.0,398,12.758,0.0,12.736,0.16,1.0,6,CNY-6.27,CNY
RFUD,2026-02-17,CRM7,12.758,12.636,12.84,12.772,5006624.0,344271.0,27.0,392,12.772,0.0,12.751,0.11,1.0,18,CNY-6.27,CNY
RFUD,2026-02-18,CRM7,12.645,12.637,12.844,12.829,5122000.0,535098.0,42.0,400,12.805,0.0,12.74,0.45,1.0,14,CNY-6.27,CNY
RFUD,2026-02-19,CRM7,12.681,12.637,12.799,12.644,5007024.0,342114.0,27.0,396,12.644,0.0,12.671,-1.44,1.0,21,CNY-6.27,CNY
RFUD,2026-02-20,CRM7,12.645,12.581,12.656,12.581,5913070.0,593500.0,47.0,470,12.581,0.0,12.628,-0.5,3.0,22,CNY-6.27,CNY
RFUD,2026-02-24,CRM7,12.706,12.591,12.706,12.6,6166160.0,721037.0,57.0,490,12.584,0.0,12.65,0.15,5.0,21,CNY-6.27,CNY
RFUD,2026-02-25,CRM7,12.536,12.536,13.095,12.966,8983136.0,3013618.0,236.0,694,12.944,0.0,12.77,2.9,1.0,100,CNY-6.27,CNY
RFUD,2026-02-26,CRM7,12.94,12.801,13.197,12.805,11831820.0,7024066.0,542.0,924,12.805,0.0,12.96,-1.24,1.0,116,CNY-6.27,CNY
RFUD,2026-02-27,CRM7,12.8,12.784,12.947,12.842,12713580.0,1811267.0,141.0,990,12.842,0.0,12.846,0.29,1.0,59,CNY-6.27,CNY
RFUD,2026-03-02,CRM7,12.842,12.412,12.899,12.893,11964704.0,1061537.0,83.0,928,12.893,0.0,12.79,0.4,1.0,36,CNY-6.27,CNY
RFUD,2026-03-03,CRM7,12.949,12.67,12.949,12.82,11999520.0,269559.0,21.0,936,12.82,0.0,12.836,-0.57,1.0,16,CNY-6.27,CNY
RFUD,2026-03-04,CRM7,12.844,12.601,12.995,12.982,12744396.0,632969.0,49.0,982,12.978,0.0,12.918,1.26,1.0,19,CNY-6.27,CNY
RFUD,2026-03-05,CRM7,12.914,12.914,13.757,13.204,27569952.0,23839015.0,1802.0,2088,13.204,0.0,13.229,1.71,3.0,266,CNY-6.27,CNY
RFUD,2026-03-06,CRM7,13.198,13.075,13.236,13.075,29758700.0,2962253.0,225.0,2276,13.075,0.0,13.166,-0.98,1.0,79,CNY-6.27,CNY
RFUD,2026-03-09,CRM7,13.057,12.882,13.084,12.897,29226868.0,247808.0,19.0,2266,12.898,0.0,13.043,-1.36,1.0,10,CNY-6.27,CNY
RFUD,2026-03-10,CRM7,12.996,12.996,13.185,13.118,29410556.0,393561.0,30.0,2242,13.118,0.0,13.119,1.71,1.0,14,CNY-6.27,CNY
RFUD,2026-03-11,CRM7,13.116,13.056,13.12,13.083,29426320.0,576732.0,44.0,2248,13.09,0.0,13.108,-0.27,1.0,19,CNY-6.27,CNY
RFUD,2026-03-12,CRM7,13.104,13.021,13.104,13.087,29445750.0,770174.0,59.0,2250,13.087,0.0,13.054,0.03,1.0,38,CNY-6.27,CNY
RFUD,2026-03-13,CRM7,13.118,13.059,13.25,13.173,30008094.0,2990358.0,227.0,2278,13.173,0.0,13.173,0.66,1.0,69,CNY-6.27,CNY
RFUD,2026-03-16,CRM7,13.001,12.83,13.186,12.924,54875304.0,25215117.0,1948.0,4246,12.924,0.0,12.944,-1.89,2.0,262,CNY-6.27,CNY
RFUD,2026-03-17,CRM7,12.944,12.902,13.02,13.017,55660692.0,4004552.0,309.0,4276,13.017,0.0,12.96,0.72,1.0,71,CNY-6.27,CNY
RFUD,2026-03-18,CRM7,13.02,12.753,13.09,12.889,50215544.0,7345873.0,571.0,3896,12.889,0.0,12.865,-0.98,1.0,130,CNY-6.27,CNY
RFUD,2026-03-19,CRM7,12.886,12.886,13.1,12.96,53051390.0,5740381.0,442.0,4090,12.971,0.0,12.987,0.55,2.0,147,CNY-6.27,CNY
RFUD,2026-03-20,CRM7,12.955,12.753,13.071,12.802,50051910.0,8258285.0,639.0,3910,12.801,0.0,12.924,-1.22,2.0,168,CNY-6.27,CNY
RFUD,2026-03-23,CRM7,12.863,12.772,12.984,12.804,50170968.0,3174110.0,247.0,3882,12.924,0.0,12.851,0.02,1.0,88,CNY-6.27,CNY
RFUD,2026-03-24,CRM7,12.772,12.625,12.811,12.64,48142094.0,2691957.0,212.0,3806,12.649,0.0,12.698,-1.28,1.0,70,CNY-6.27,CNY
RFUD,2026-03-25,CRM7,12.634,12.617,12.768,12.768,48253568.0,848931.0,67.0,3784,12.752,0.0,12.671,1.01,1.0,27,CNY-6.27,CNY
RFUD,2026-03-26,CRM7,12.8,12.21,12.821,12.337,49947304.0,16232513.0,1305.0,4076,12.254,0.0,12.439,-3.38,3.0,264,CNY-6.27,CNY
RFUD,2026-03-27,CRM7,12.333,12.259,12.403,12.396,52367400.0,3453690.0,280.0,4230,12.38,0.0,12.335,0.48,2.0,93,CNY-6.27,CNY
RFUD,2026-03-30,CRM7,12.418,12.375,12.52,12.406,52316496.0,1257685.0,101.0,4188,12.492,0.0,12.452,0.08,1.0,33,CNY-6.27,CNY
RFUD,2026-03-31,CRM7,12.454,12.453,12.601,12.48,52567488.0,1363793.0,109.0,4196,12.528,0.0,12.512,0.6,23.0,29,CNY-6.27,CNY
RFUD,2026-04-01,CRM7,12.467,12.366,12.467,12.366,50584680.0,1475692.0,119.0,4086,12.38,0.0,12.401,-0.91,1.0,48,CNY-6.27,CNY
RFUD,2026-04-02,CRM7,12.2,12.2,12.388,12.28,50519920.0,846480.0,69.0,4114,12.28,0.0,12.268,-0.7,2.0,22,CNY-6.27,CNY
RFUD,2026-04-03,CRM7,12.228,12.172,12.28,12.212,45432360.0,5198709.0,425.0,3720,12.213,0.0,12.232,-0.55,3.0,69,CNY-6.27,CNY
RFUD,2026-04-06,CRM7,12.176,12.144,12.241,12.22,45067360.0,487444.0,40.0,3688,12.22,0.0,12.186,0.07,2.0,22,CNY-6.27,CNY
RFUD,2026-04-07,CRM7,12.213,12.026,12.25,12.165,45798326.0,4408745.0,362.0,3766,12.161,0.0,12.179,-0.45,2.0,56,CNY-6.27,CNY
RFUD,2026-04-08,CRM7,12.298,12.237,12.298,12.238,46073080.0,772894.0,63.0,3758,12.26,0.0,12.268,0.6,3.0,23,CNY-6.27,CNY
RFUD,2026-04-09,CRM7,12.201,12.149,12.223,12.149,45269946.0,1024663.0,84.0,3714,12.189,0.0,12.198,-0.73,3.0,37,CNY-6.27,CNY
RFUD,2026-04-10,CRM7,12.144,12.09,12.153,12.147,44918408.0,1515943.0,125.0,3704,12.127,0.0,12.128,-0.02,3.0,44,CNY-6.27,CNY
RFUD,2026-04-13,CRM7,12.093,12.02,12.093,12.031,44635014.0,2218535.0,184.0,3702,12.057,0.0,12.057,-0.96,1.0,51,CNY-6.27,CNY
RFUD,2026-04-14,CRM7,12.025,11.945,12.025,11.945,45505600.0,1461517.0,122.0,3808,11.95,0.0,11.98,-0.72,2.0,51,CNY-6.27,CNY
RFUD,2026-04-15,CRM7,11.885,11.885,12.029,11.942,45975402.0,2498008.0,209.0,3838,11.979,0.0,11.952,-0.03,2.0,49,CNY-6.27,CNY
RFUD,2026-04-16,CRM7,12.01,11.973,12.108,12.023,46396350.0,1505258.0,125.0,3850,12.051,0.0,12.042,0.68,3.0,43,CNY-6.27,CNY
RFUD,2026-04-17,CRM7,12.056,12.026,12.071,12.071,46361700.0,493762.0,41.0,3850,12.042,0.0,12.043,0.4,2.0,18,CNY-6.27,CNY
RFUD,2026-04-20,CRM7,12.01,11.922,12.017,11.956,44069420.0,1900285.0,159.0,3694,11.93,0.0,11.951,-0.95,1.0,30,CNY-6.27,CNY
RFUD,2026-04-21,CRM7,11.936,11.835,12.194,11.881,44468880.0,4386653.0,367.0,3720,11.954,0.0,11.953,-0.63,2.0,73,CNY-6.27,CNY
RFUD,2026-04-22,CRM7,11.896,11.825,11.937,11.921,44179226.0,678043.0,57.0,3706,11.921,0.0,11.895,0.34,4.0,17,CNY-6.27,CNY
RFUD,2026-04-23,CRM7,11.895,11.872,12.184,12.03,44560900.0,1616806.0,134.0,3698,12.05,0.0,12.066,0.91,7.0,32,CNY-6.27,CNY
RFUD,2026-04-24,CRM7,12.118,11.964,12.118,12.026,46151950.0,1849379.0,154.0,3838,12.025,0.0,12.009,-0.03,1.0,48,CNY-6.27,CNY
RFUD,2026-04-27,CRM7,11.991,11.91,12.018,11.977,46207266.0,1256375.0,105.0,3858,11.977,0.0,11.965,-0.41,5.0,38,CNY-6.27,CNY
RFUD,2026-04-28,CRM7,11.967,11.942,12.039,12.039,46136598.0,1343827.0,112.0,3838,12.021,0.0,11.998,0.52,3.0,37,CNY-6.27,CNY
RFUD,2026-04-29,CRM7,12.095,11.95,12.095,11.992,46504976.0,1152687.0,96.0,3878,11.992,0.0,12.007,-0.39,4.0,29,CNY-6.27,CNY
RFUD,2026-04-30,CRM7,12.052,11.979,12.052,12.009,46138578.0,924718.0,77.0,3842,12.009,0.0,12.009,0.14,3.0,12,CNY-6.27,CNY
RFUD,2026-05-04,CRM7,11.971,11.968,12.1,12.1,46485492.0,289956.0,24.0,3844,12.093,0.0,12.082,0.76,1.0,8,CNY-6.27,CNY
RFUD,2026-05-05,CRM7,12.012,12.012,12.12,12.093,47097856.0,1483376.0,123.0,3904,12.064,0.0,12.06,-0.06,1.0,19,CNY-6.27,CNY
RFUD,2026-05-06,CRM7,12.121,11.793,12.121,11.927,50689750.0,4499256.0,377.0,4250,11.927,0.0,11.934,-1.37,1.0,89,CNY-6.27,CNY
RFUD,2026-05-07,CRM7,11.919,11.917,11.962,11.955,50582076.0,346369.0,29.0,4236,11.941,0.0,11.944,0.24,3.0,15,CNY-6.27,CNY
RFUD,2026-05-08,CRM7,11.955,11.891,11.956,11.905,50958180.0,595873.0,50.0,4270,11.934,0.0,11.917,-0.42,3.0,20,CNY-6.27,CNY
RFUD,2026-05-11,CRM7,11.862,11.818,11.865,11.849,50946408.0,1551434.0,131.0,4308,11.826,0.0,11.843,-0.47,1.0,41,CNY-6.27,CNY
RFUD,2026-05-12,CRM7,11.855,11.855,12.0,11.883,49533120.0,3565545.0,299.0,4160,11.907,0.0,11.925,0.29,1.0,97,CNY-6.27,CNY
RFUD,2026-05-13,CRM7,11.85,11.8,11.851,11.85,49507814.0,1443394.0,122.0,4174,11.861,0.0,11.831,-0.28,1.0,41,CNY-6.27,CNY
RFUD,2026-05-14,CRM7,11.854,11.76,11.854,11.769,49759332.0,1485845.0,126.0,4228,11.769,0.0,11.792,-0.68,1.0,35,CNY-6.27,CNY
RFUD,2026-05-15,CRM7,11.726,11.692,11.786,11.745,53819160.0,3238443.0,276.0,4596,11.71,0.0,11.733,-0.2,1.0,66,CNY-6.27,CNY
RFUD,2026-05-18,CRM7,11.834,11.574,11.834,11.644,61315820.0,6953070.0,596.0,5260,11.657,0.0,11.666,-0.86,3.0,98,CNY-6.27,CNY
RFUD,2026-05-19,CRM7,11.626,11.467,11.638,11.5,62995904.0,6844185.0,592.0,5476,11.504,0.0,11.561,-1.24,1.0,134,CNY-6.27,CNY
RFUD,2026-05-20,CRM7,11.472,11.393,11.666,11.608,64085580.0,2044995.0,177.0,5508,11.635,0.0,11.554,0.94,1.0,67,CNY-6.27,CNY
RFUD,2026-05-21,CRM7,11.567,11.482,11.662,11.634,65739688.0,4704548.0,406.0,5656,11.623,0.0,11.588,0.22,2.0,76,CNY-6.27,CNY
RFUD,2026-05-22,CRM7,11.64,11.631,11.782,11.722,66867354.0,2014623.0,172.0,5702,11.727,0.0,11.713,0.76,8.0,54,CNY-6.27,CNY
RFUD,2026-05-25,CRM7,11.751,11.701,11.848,11.848,66763424.0,657475.0,56.0,5656,11.804,0.0,11.741,1.08,1.0,20,CNY-6.27,CNY
RFUD,2026-05-26,CRM7,11.72,11.401,11.777,11.48,251104656.0,166059881.0,14482.0,21992,11.418,0.0,11.467,-3.11,9.0,1389,CNY-6.27,CNY
RFUD,2026-05-27,CRM7,11.482,11.333,11.482,11.42,263139640.0,11538948.0,1013.0,23042,11.42,0.0,11.391,-0.52,5.0,195,CNY-6.27,CNY
RFUD,2026-05-28,CRM7,11.888,11.368,11.888,11.446,262470624.0,3155867.0,277.0,23048,11.388,0.0,11.393,0.23,2.0,85,CNY-6.27,CNY
RFUD,2026-05-29,CRM7,11.452,11.372,11.465,11.447,264151328.0,1211347.0,106.0,23072,11.449,0.0,11.428,0.01,1.0,35,CNY-6.27,CNY
RFUD,2026-06-01,CRM7,11.446,11.36,11.508,11.493,264476940.0,18923796.0,1648.0,23010,11.494,0.0,11.483,0.4,1.0,187,CNY-6.27,CNY
RFUD,2026-06-02,CRM7,11.849,11.44,11.849,11.661,267583040.0,14122563.0,1222.0,23008,11.63,0.0,11.557,1.46,1.0,201,CNY-6.27,CNY
RFUD,2026-06-03,CRM7,11.632,11.45,11.812,11.765,271461916.0,37612295.0,3221.0,23188,11.707,0.0,11.677,0.89,5.0,494,CNY-6.27,CNY
RFUD,2026-06-04,CRM7,11.764,11.651,11.851,11.744,271008464.0,12042179.0,1022.0,23096,11.734,0.0,11.783,-0.18,1.0,154,CNY-6.27,CNY
RFUD,2026-06-05,CRM7,11.758,11.757,11.815,11.76,273178200.0,5177319.0,440.0,23190,11.78,0.0,11.767,0.14,2.0,57,CNY-6.27,CNY
RFUD,2026-06-08,CRM7,11.805,11.573,11.805,11.621,269676960.0,2570103.0,220.0,23208,11.62,0.0,11.682,-1.18,7.0,79,CNY-6.27,CNY
RFUD,2026-06-09,CRM7,11.56,11.026,11.56,11.49,265259280.0,10680487.0,939.0,23056,11.505,0.0,11.374,-1.13,1.0,160,CNY-6.27,CNY
RFUD,2026-06-10,CRM7,11.412,11.338,11.561,11.533,266158574.0,2122149.0,185.0,23078,11.533,0.0,11.471,0.37,10.0,60,CNY-6.27,CNY
RFUD,2026-06-11,CRM7,11.554,11.5,11.616,11.533,266227668.0,2782070.0,241.0,23092,11.529,0.0,11.544,0.0,1.0,71,CNY-6.27,CNY
RFUD,2026-06-15,CRM7,11.659,11.619,11.775,11.67,270327510.0,5496632.0,470.0,23230,11.637,0.0,11.695,1.19,5.0,162,CNY-6.27,CNY
RFUD,2026-06-16,CRM7,11.653,11.599,11.755,11.736,271067526.0,4688375.0,402.0,23186,11.691,0.0,11.663,0.57,1.0,101,CNY-6.27,CNY
RFUD,2026-06-17,CRM7,11.739,11.708,11.795,11.771,272267150.0,3409922.0,290.0,23150,11.761,0.0,11.758,0.3,1.0,139,CNY-6.27,CNY
RFUD,2026-06-18,CRM7,11.8,11.744,11.871,11.795,273537858.0,13121940.0,1112.0,23262,11.759,0.0,11.801,0.2,1.0,232,CNY-6.27,CNY
RFUD,2026-06-19,CRM7,11.784,11.624,11.813,11.776,274126972.0,6506326.0,554.0,23324,11.753,0.0,11.743,-0.16,1.0,302,CNY-6.27,CNY
RFUD,2026-06-22,CRM7,11.742,11.736,12.016,11.996,276966880.0,7464244.0,628.0,23216,11.93,0.0,11.897,1.87,1.0,206,CNY-6.27,CNY
RFUD,2026-06-23,CRM7,11.993,11.875,12.033,11.875,275545284.0,1983941.0,166.0,23196,11.879,0.0,11.951,-1.01,1.0,80,CNY-6.27,CNY
RFUD,2026-06-24,CRM7,11.867,11.867,11.952,11.93,276153486.0,3946507.0,331.0,23142,11.933,0.0,11.923,0.46,28.0,92,CNY-6.27,CNY
RFUD,2026-06-25,CRM7,11.949,11.949,12.174,12.16,282287720.0,7881043.0,652.0,23224,12.155,0.0,12.098,1.93,12.0,180,CNY-6.27,CNY
RFUD,2026-06-26,CRM7,12.192,12.183,12.592,12.444,288911510.0,42991342.0,3467.0,23230,12.437,0.0,12.408,2.34,1.0,722,CNY-6.27,CNY
RFUD,2026-06-29,CRM7,12.414,12.261,12.566,12.36,289587776.0,18219888.0,1467.0,23456,12.346,0.0,12.42,-0.68,5.0,355,CNY-6.27,CNY
RFUD,2026-06-30,CRM7,12.36,12.36,12.628,12.621,293856102.0,5858010.0,467.0,23346,12.587,0.0,12.544,2.11,1.0,184,CNY-6.27,CNY
RFUD,2026-07-01,CRM7,12.666,12.42,12.666,12.461,299507208.0,8420481.0,675.0,24024,12.467,0.0,12.475,-1.27,29.0,199,CNY-6.27,CNY
RFUD,2026-07-02,CRM7,12.467,12.368,12.515,12.437,300491664.0,6427140.0,516.0,24132,12.452,0.0,12.456,-0.19,2.0,141,CNY-6.27,CNY
RFUD,2026-07-03,CRM7,12.434,12.311,12.505,12.479,303148496.0,3478867.0,281.0,24248,12.502,0.0,12.38,0.34,2.0,104,CNY-6.27,CNY
RFUD,2026-07-06,CRM7,12.444,12.18,12.535,12.18,297239994.0,3021324.0,246.0,24338,12.213,0.0,12.282,-2.4,1.0,91,CNY-6.27,CNY
RFUD,2026-07-07,CRM7,12.0,12.0,12.318,12.242,302010852.0,5169669.0,423.0,24662,12.246,0.0,12.221,0.51,1.0,123,CNY-6.27,CNY
RFUD,2026-07-08,CRM7,12.22,12.118,12.287,12.138,300767852.0,2840871.0,233.0,24722,12.166,0.0,12.193,-0.85,1.0,90,CNY-6.27,CNY
RFUD,2026-07-09,CRM7,12.15,12.095,12.248,12.22,302276680.0,2697956.0,222.0,24716,12.23,0.0,12.153,0.68,1.0,94,CNY-6.27,CNY
RFUD,2026-07-10,CRM7,12.24,12.24,12.355,12.31,305261616.0,3611006.0,294.0,24816,12.301,0.0,12.282,0.74,1.0,120,CNY-6.27,CNY
RFUD,2026-07-13,CRM7,12.256,12.23,12.289,12.24,305602560.0,6373960.0,520.0,24870,12.288,0.0,12.258,-0.57,9.0,143,CNY-6.27,CNY
RFUD,2026-07-14,CRM7,12.216,12.15,12.35,12.339,600220416.0,178491745.0,14575.0,48656,12.336,0.0,12.246,0.81,4.0,1649,CNY-6.27,CNY
RFUD,2026-07-15,CRM7,12.331,12.255,12.395,12.303,625281076.0,22979162.0,1863.0,50956,12.271,0.0,12.334,-0.29,15.0,401,CNY-6.27,CNY
RFUD,2026-07-16,CRM7,12.316,12.25,12.42,12.42,644240120.0,16226481.0,1314.0,51980,12.394,0.0,12.352,0.95,1.0,274,CNY-6.27,CNY
RFUD,2026-07-17,CRM7,12.401,12.312,12.439,12.385,643512400.0,8767353.0,708.0,51980,12.38,0.0,12.383,-0.28,2.0,281,CNY-6.27,CNY
RFUD,2025-03-07,CRU6,16.828,15.5,16.828,15.5,0.0,99631.0,6.0,0,16.347,0.0,16.605,,1.0,6,CNY-9.26,CNY
RFUD,2025-03-10,CRU6,,,,,0.0,,,0,15.493,0.0,,,,0,CNY-9.26,CNY
RFUD,2025-03-11,CRU6,,,,,0.0,,,0,15.673,0.0,,,,0,CNY-9.26,CNY
RFUD,2025-03-12,CRU6,,,,,0.0,,,0,15.607,0.0,,,,0,CNY-9.26,CNY
RFUD,2025-03-13,CRU6,,,,,0.0,,,0,15.545,0.0,,,,0,CNY-9.26,CNY
RFUD,2025-03-14,CRU6,,,,,0.0,,,0,15.4,0.0,,,,0,CNY-9.26,CNY
RFUD,2025-03-17,CRU6,,,,,0.0,,,0,15.202,0.0,,,,0,CNY-9.26,CNY
RFUD,2025-03-18,CRU6,,,,,0.0,,,0,15.114,0.0,,,,0,CNY-9.26,CNY
RFUD,2025-03-19,CRU6,14.665,14.665,14.919,14.919,569962.0,296796.0,20.0,38,14.999,0.0,14.84,,1.0,8,CNY-9.26,CNY
RFUD,2025-03-20,CRU6,14.987,14.987,15.075,15.075,749250.0,120130.0,8.0,50,14.985,0.0,15.016,1.05,1.0,5,CNY-9.26,CNY
RFUD,2025-03-21,CRU6,15.011,15.011,15.011,15.011,775424.0,15011.0,1.0,52,14.912,0.0,15.011,-0.43,1.0,1,CNY-9.26,CNY
RFUD,2025-03-24,CRU6,14.829,14.829,14.9,14.9,897720.0,59529.0,4.0,60,14.962,0.0,14.882,-0.74,3.0,2,CNY-9.26,CNY
RFUD,2025-03-25,CRU6,,,,,889800.0,,,60,14.83,0.0,,,,0,CNY-9.26,CNY
RFUD,2025-03-26,CRU6,14.543,14.507,14.543,14.507,987292.0,116140.0,8.0,68,14.519,0.0,14.518,,1.0,5,CNY-9.26,CNY
RFUD,2025-03-27,CRU6,14.51,14.5,14.533,14.525,1038816.0,159651.0,11.0,72,14.428,0.0,14.514,0.12,2.0,6,CNY-9.26,CNY
RFUD,2025-03-28,CRU6,14.59,14.59,14.622,14.622,1052784.0,87624.0,6.0,72,14.622,0.0,14.604,0.67,2.0,3,CNY-9.26,CNY
RFUD,2025-03-31,CRU6,14.7,14.7,14.8,14.7,1055016.0,88400.0,6.0,72,14.653,0.0,14.733,0.53,2.0,3,CNY-9.26,CNY
RFUD,2025-04-01,CRU6,14.6,14.5,14.6,14.5,1044000.0,58200.0,4.0,72,14.5,0.0,14.55,-1.36,2.0,2,CNY-9.26,CNY
RFUD,2025-04-02,CRU6,,,,,1043712.0,,,72,14.496,0.0,,,,0,CNY-9.26,CNY
RFUD,2025-04-03,CRU6,,,,,1041264.0,,,72,14.462,0.0,,,,0,CNY-9.26,CNY
RFUD,2025-04-04,CRU6,14.6,14.6,14.6,14.6,1109600.0,29200.0,2.0,76,14.6,0.0,14.6,,2.0,1,CNY-9.26,CNY
RFUD,2025-04-07,CRU6,14.541,14.435,14.541,14.435,1125696.0,130436.0,9.0,78,14.432,0.0,14.493,-1.13,1.0,6,CNY-9.26,CNY
RFUD,2025-04-08,CRU6,14.462,14.254,14.462,14.254,1083304.0,28716.0,2.0,76,14.254,0.0,14.358,-1.25,1.0,2,CNY-9.26,CNY
RFUD,2025-04-09,CRU6,,,,,1088624.0,,,76,14.324,0.0,,,,0,CNY-9.26,CNY
RFUD,2025-04-10,CRU6,14.353,14.353,14.353,14.353,1232724.0,71765.0,5.0,86,14.334,0.0,14.353,,5.0,1,CNY-9.26,CNY
RFUD,2025-04-11,CRU6,14.099,14.051,14.099,14.058,1433916.0,140764.0,10.0,102,14.058,0.0,14.076,-2.05,2.0,6,CNY-9.26,CNY
RFUD,2025-04-14,CRU6,14.082,13.8,14.5,14.052,1730048.0,845967.0,60.0,124,13.952,0.0,14.099,-0.04,1.0,27,CNY-9.26,CNY
RFUD,2025-04-15,CRU6,,,,,1723228.0,,,124,13.897,0.0,,,,0,CNY-9.26,CNY
RFUD,2025-04-16,CRU6,,,,,1740960.0,,,124,14.04,0.0,,,,0,CNY-9.26,CNY
RFUD,2025-04-17,CRU6,13.842,13.727,13.842,13.75,2612500.0,592432.0,43.0,190,13.75,0.0,13.777,,1.0,10,CNY-9.26,CNY
RFUD,2025-04-18,CRU6,13.7,13.6,13.744,13.713,2647712.0,245681.0,18.0,194,13.648,0.0,13.649,-0.27,1.0,12,CNY-9.26,CNY
RFUD,2025-04-21,CRU6,,,,,2672738.0,,,194,13.777,0.0,,,,0,CNY-9.26,CNY
RFUD,2025-04-22,CRU6,,,,,2649846.0,,,194,13.659,0.0,,,,0,CNY-9.26,CNY
RFUD,2025-04-23,CRU6,13.879,13.879,13.879,13.879,2696212.0,13879.0,1.0,194,13.898,0.0,13.879,,1.0,1,CNY-9.26,CNY
RFUD,2025-04-24,CRU6,13.99,13.934,13.99,13.934,2898272.0,139620.0,10.0,208,13.934,0.0,13.962,0.4,5.0,2,CNY-9.26,CNY
RFUD,2025-04-25,CRU6,13.954,13.954,13.954,13.954,2901392.0,27908.0,2.0,208,13.949,0.0,13.954,0.14,2.0,1,CNY-9.26,CNY
RFUD,2025-04-28,CRU6,,,,,2876640.0,,,208,13.83,0.0,,,,0,CNY-9.26,CNY
RFUD,2025-04-29,CRU6,,,,,2864576.0,,,208,13.772,0.0,,,,0,CNY-9.26,CNY
RFUD,2025-04-30,CRU6,,,,,2853552.0,,,208,13.719,0.0,,,,0,CNY-9.26,CNY
RFUD,2025-05-02,CRU6,13.954,13.954,13.954,13.954,2930340.0,13954.0,1.0,210,13.954,0.0,13.954,,1.0,1,CNY-9.26,CNY
RFUD,2025-05-05,CRU6,14.0,14.0,14.0,14.0,2892120.0,70000.0,5.0,210,13.772,0.0,14.0,0.33,5.0,1,CNY-9.26,CNY
RFUD,2025-05-06,CRU6,13.681,13.681,13.793,13.775,2975400.0,247051.0,18.0,216,13.775,0.0,13.725,-1.61,1.0,6,CNY-9.26,CNY
RFUD,2025-05-07,CRU6,13.686,13.646,13.755,13.755,3079104.0,54748.0,4.0,224,13.746,0.0,13.687,-0.14,1.0,4,CNY-9.26,CNY
RFUD,2025-05-08,CRU6,13.976,13.976,13.977,13.977,3186190.0,41930.0,3.0,230,13.853,0.0,13.977,1.61,2.0,2,CNY-9.26,CNY
RFUD,2025-05-12,CRU6,13.921,13.565,13.921,13.652,3351584.0,124126.0,9.0,244,13.736,0.0,13.792,-2.33,3.0,3,CNY-9.26,CNY
RFUD,2025-05-13,CRU6,13.622,13.57,13.622,13.57,3365360.0,95042.0,7.0,248,13.57,0.0,13.577,-0.6,5.0,3,CNY-9.26,CNY
RFUD,2025-05-14,CRU6,13.565,13.565,13.595,13.595,3371560.0,149515.0,11.0,248,13.595,0.0,13.592,0.18,10.0,2,CNY-9.26,CNY
RFUD,2025-05-15,CRU6,13.769,13.555,13.769,13.555,3307420.0,108693.0,8.0,244,13.555,0.0,13.587,-0.29,4.0,3,CNY-9.26,CNY
RFUD,2025-05-16,CRU6,13.708,13.708,13.708,13.708,3340848.0,54832.0,4.0,244,13.692,0.0,13.708,1.13,4.0,1,CNY-9.26,CNY
RFUD,2025-05-19,CRU6,13.556,13.55,13.556,13.55,3468800.0,121989.0,9.0,256,13.55,0.0,13.554,-1.15,1.0,4,CNY-9.26,CNY
RFUD,2025-05-20,CRU6,,,,,3507712.0,,,256,13.702,0.0,,,,0,CNY-9.26,CNY
RFUD,2025-05-21,CRU6,13.643,13.5,13.643,13.5,4536336.0,594458.0,44.0,336,13.501,0.0,13.51,,10.0,10,CNY-9.26,CNY
RFUD,2025-05-22,CRU6,13.531,13.45,13.548,13.52,5408000.0,755343.0,56.0,400,13.52,0.0,13.488,0.15,5.0,7,CNY-9.26,CNY
RFUD,2025-05-23,CRU6,13.52,13.52,13.52,13.52,6246240.0,473200.0,35.0,462,13.52,0.0,13.52,0.0,1.0,6,CNY-9.26,CNY
RFUD,2025-05-26,CRU6,13.5,13.492,14.086,13.636,6190744.0,1421369.0,104.0,454,13.636,0.0,13.667,0.86,4.0,23,CNY-9.26,CNY
RFUD,2025-05-27,CRU6,13.652,13.566,13.652,13.614,6262440.0,163165.0,12.0,460,13.614,0.0,13.597,-0.16,1.0,6,CNY-9.26,CNY
RFUD,2025-05-28,CRU6,13.577,13.5,13.577,13.5,6993000.0,568513.0,42.0,518,13.5,0.0,13.536,-0.84,18.0,6,CNY-9.26,CNY
RFUD,2025-05-29,CRU6,13.45,13.083,13.662,13.376,9924992.0,4949264.0,370.0,742,13.376,0.0,13.376,-0.92,3.0,116,CNY-9.26,CNY
RFUD,2025-05-30,CRU6,13.308,13.308,13.388,13.336,10065900.0,93376.0,7.0,754,13.35,0.0,13.339,-0.3,5.0,3,CNY-9.26,CNY
RFUD,2025-06-02,CRU6,13.459,13.391,13.459,13.391,10284288.0,93891.0,7.0,768,13.391,0.0,13.413,0.41,3.0,3,CNY-9.26,CNY
RFUD,2025-06-03,CRU6,13.313,13.313,13.408,13.404,11125320.0,562222.0,42.0,830,13.404,0.0,13.386,0.1,10.0,7,CNY-9.26,CNY
RFUD,2025-06-04,CRU6,13.329,13.329,13.76,13.509,12644424.0,1506877.0,112.0,936,13.509,0.0,13.454,0.78,3.0,22,CNY-9.26,CNY
RFUD,2025-06-05,CRU6,13.594,13.539,13.602,13.587,12308010.0,652206.0,48.0,906,13.585,0.0,13.588,0.58,1.0,13,CNY-9.26,CNY
RFUD,2025-06-06,CRU6,13.61,13.556,13.707,13.556,12227512.0,1318964.0,97.0,902,13.556,0.0,13.598,-0.23,3.0,28,CNY-9.26,CNY
RFUD,2025-06-09,CRU6,13.566,13.473,13.566,13.5,12231000.0,135263.0,10.0,906,13.5,0.0,13.526,-0.41,1.0,4,CNY-9.26,CNY
RFUD,2025-06-10,CRU6,13.58,13.43,13.58,13.43,12463040.0,554130.0,41.0,928,13.43,0.0,13.515,-0.52,5.0,10,CNY-9.26,CNY
RFUD,2025-06-11,CRU6,13.453,13.41,13.598,13.5,12285000.0,377877.0,28.0,910,13.5,0.0,13.496,0.52,3.0,7,CNY-9.26,CNY
RFUD,2025-06-13,CRU6,13.485,13.089,13.569,13.43,11686544.0,2848411.0,213.0,872,13.402,0.0,13.373,-0.52,3.0,59,CNY-9.26,CNY
RFUD,2025-06-16,CRU6,13.319,13.264,13.502,13.264,11571000.0,2342628.0,175.0,870,13.3,0.0,13.386,-1.24,1.0,118,CNY-9.26,CNY
RFUD,2025-06-17,CRU6,13.3,13.267,13.378,13.377,11905530.0,253650.0,19.0,890,13.377,0.0,13.35,0.85,2.0,10,CNY-9.26,CNY
RFUD,2025-06-18,CRU6,13.267,13.267,13.358,13.35,12015000.0,213555.0,16.0,900,13.35,0.0,13.347,-0.2,5.0,6,CNY-9.26,CNY
RFUD,2025-06-19,CRU6,13.37,13.298,13.44,13.364,12094194.0,563302.0,42.0,906,13.349,0.0,13.412,0.1,1.0,20,CNY-9.26,CNY
RFUD,2025-06-20,CRU6,13.364,13.306,13.383,13.306,12135072.0,226935.0,17.0,912,13.306,0.0,13.349,-0.43,1.0,7,CNY-9.26,CNY
RFUD,2025-06-23,CRU6,13.317,13.254,13.414,13.268,12418848.0,1051488.0,79.0,936,13.268,0.0,13.31,-0.29,3.0,18,CNY-9.26,CNY
RFUD,2025-06-24,CRU6,13.271,13.15,13.39,13.358,14146902.0,1839837.0,138.0,1062,13.321,0.0,13.332,0.68,25.0,22,CNY-9.26,CNY
RFUD,2025-06-25,CRU6,13.296,13.249,13.321,13.298,14196924.0,53164.0,4.0,1068,13.293,0.0,13.291,-0.45,1.0,4,CNY-9.26,CNY
RFUD,2025-06-26,CRU6,13.309,13.253,13.345,13.335,14666300.0,452343.0,34.0,1100,13.333,0.0,13.304,0.28,1.0,22,CNY-9.26,CNY
RFUD,2025-06-27,CRU6,13.35,13.266,13.35,13.266,14486472.0,146037.0,11.0,1092,13.266,0.0,13.276,-0.52,1.0,4,CNY-9.26,CNY
RFUD,2025-06-30,CRU6,13.353,13.225,13.379,13.225,15314550.0,730040.0,55.0,1158,13.225,0.0,13.273,-0.31,1.0,12,CNY-9.26,CNY
RFUD,2025-07-01,CRU6,13.3,13.227,13.3,13.25,15449500.0,145875.0,11.0,1166,13.25,0.0,13.261,0.19,3.0,4,CNY-9.26,CNY
RFUD,2025-07-02,CRU6,13.227,13.203,13.23,13.203,15922818.0,515384.0,39.0,1206,13.203,0.0,13.215,-0.36,3.0,11,CNY-9.26,CNY
RFUD,2025-07-03,CRU6,13.26,13.203,13.26,13.231,16194744.0,621896.0,47.0,1224,13.231,0.0,13.232,0.21,43.0,4,CNY-9.26,CNY
RFUD,2025-07-04,CRU6,13.199,13.181,13.279,13.181,16111320.0,264159.0,20.0,1220,13.206,0.0,13.208,-0.38,1.0,7,CNY-9.26,CNY
RFUD,2025-07-07,CRU6,13.233,13.036,13.237,13.081,30321758.0,8314818.0,631.0,2318,13.081,0.0,13.177,-0.76,1.0,63,CNY-9.26,CNY
RFUD,2025-07-08,CRU6,13.045,12.886,13.058,12.886,34946832.0,3082669.0,238.0,2712,12.886,0.0,12.952,-1.49,3.0,71,CNY-9.26,CNY
RFUD,2025-07-09,CRU6,12.909,12.8,12.96,12.818,36890204.0,2170197.0,169.0,2878,12.818,0.0,12.841,-0.53,4.0,47,CNY-9.26,CNY
RFUD,2025-07-10,CRU6,12.823,12.742,12.823,12.774,40870400.0,2530173.0,198.0,3200,12.772,0.0,12.779,-0.34,50.0,55,CNY-9.26,CNY
RFUD,2025-07-11,CRU6,12.745,12.708,12.84,12.822,41014154.0,777549.0,61.0,3194,12.841,0.0,12.747,0.38,2.0,35,CNY-9.26,CNY
RFUD,2025-07-14,CRU6,12.889,12.771,13.579,12.806,46752904.0,7422748.0,570.0,3652,12.802,0.0,13.022,-0.12,1.0,65,CNY-9.26,CNY
RFUD,2025-07-15,CRU6,12.775,12.732,12.798,12.732,46522728.0,331949.0,26.0,3654,12.732,0.0,12.767,-0.58,1.0,9,CNY-9.26,CNY
RFUD,2025-07-16,CRU6,12.775,12.775,12.775,12.775,46683464.0,12775.0,1.0,3656,12.769,0.0,12.775,0.34,1.0,1,CNY-9.26,CNY
RFUD,2025-07-17,CRU6,12.718,12.718,12.796,12.77,47402240.0,943768.0,74.0,3712,12.77,0.0,12.754,-0.04,5.0,8,CNY-9.26,CNY
RFUD,2025-07-18,CRU6,12.8,12.79,12.818,12.818,47170240.0,345634.0,27.0,3680,12.818,0.0,12.801,0.38,1.0,8,CNY-9.26,CNY
RFUD,2025-07-21,CRU6,12.779,12.692,12.779,12.692,46579640.0,5131656.0,404.0,3670,12.692,0.0,12.702,-0.98,3.0,107,CNY-9.26,CNY
RFUD,2025-07-22,CRU6,12.667,12.538,12.771,12.771,46103310.0,1394633.0,110.0,3610,12.771,0.0,12.678,0.62,1.0,31,CNY-9.26,CNY
RFUD,2025-07-23,CRU6,12.816,12.778,12.845,12.778,46128580.0,166807.0,13.0,3610,12.778,0.0,12.831,0.06,1.0,5,CNY-9.26,CNY
RFUD,2025-07-24,CRU6,12.861,12.861,12.967,12.893,46348224.0,258398.0,20.0,3594,12.896,0.0,12.92,0.9,1.0,9,CNY-9.26,CNY
RFUD,2025-07-25,CRU6,12.969,12.93,13.071,12.939,46506360.0,247335.0,19.0,3594,12.94,0.0,13.018,0.36,1.0,7,CNY-9.26,CNY
RFUD,2025-07-28,CRU6,12.868,12.868,12.969,12.952,61910560.0,8257500.0,640.0,4780,12.952,0.0,12.902,0.1,1.0,247,CNY-9.26,CNY
RFUD,2025-07-29,CRU6,12.939,12.894,13.21,13.13,61947340.0,3730248.0,287.0,4718,13.13,0.0,12.997,1.37,7.0,151,CNY-9.26,CNY
RFUD,2025-07-30,CRU6,13.169,12.985,13.205,12.996,61289136.0,694951.0,53.0,4716,12.996,0.0,13.112,-1.02,1.0,27,CNY-9.26,CNY
RFUD,2025-07-31,CRU6,12.91,12.846,12.997,12.9,61094400.0,684357.0,53.0,4736,12.9,0.0,12.912,-0.74,4.0,24,CNY-9.26,CNY
RFUD,2025-08-01,CRU6,12.927,12.83,12.927,12.895,61070720.0,335075.0,26.0,4736,12.895,0.0,12.888,-0.04,1.0,17,CNY-9.26,CNY
RFUD,2025-08-04,CRU6,12.841,12.841,12.841,12.841,60814976.0,51364.0,4.0,4736,12.841,0.0,12.841,-0.42,1.0,3,CNY-9.26,CNY
RFUD,2025-08-05,CRU6,12.841,12.841,12.926,12.926,61320944.0,605124.0,47.0,4744,12.926,0.0,12.875,0.66,4.0,39,CNY-9.26,CNY
RFUD,2025-08-06,CRU6,12.932,12.9,12.94,12.9,61275000.0,219824.0,17.0,4750,12.9,0.0,12.931,-0.2,1.0,8,CNY-9.26,CNY
RFUD,2025-08-07,CRU6,12.888,12.735,12.888,12.802,60700440.0,870809.0,68.0,4740,12.806,0.0,12.806,-0.76,1.0,49,CNY-9.26,CNY
RFUD,2025-08-08,CRU6,12.802,12.76,12.855,12.76,60686560.0,383913.0,30.0,4756,12.76,0.0,12.797,-0.33,1.0,9,CNY-9.26,CNY
RFUD,2025-08-11,CRU6,12.788,12.741,12.788,12.788,61433552.0,613498.0,48.0,4804,12.788,0.0,12.781,0.22,10.0,13,CNY-9.26,CNY
RFUD,2025-08-12,CRU6,12.788,12.787,12.788,12.787,61710062.0,153455.0,12.0,4826,12.787,0.0,12.788,-0.01,1.0,4,CNY-9.26,CNY
RFUD,2025-08-13,CRU6,,,,,61845190.0,,,4826,12.815,0.0,,,,0,CNY-9.26,CNY
RFUD,2025-08-14,CRU6,12.815,12.805,12.815,12.805,61777626.0,51250.0,4.0,4826,12.801,0.0,12.813,,1.0,2,CNY-9.26,CNY
RFUD,2025-08-15,CRU6,12.815,12.736,13.015,12.829,61733148.0,1171076.0,91.0,4812,12.829,0.0,12.869,0.19,2.0,37,CNY-9.26,CNY
RFUD,2025-08-18,CRU6,12.797,12.778,12.831,12.8,64128000.0,1677421.0,131.0,5010,12.8,0.0,12.805,-0.23,1.0,36,CNY-9.26,CNY
RFUD,2025-08-19,CRU6,12.8,12.77,12.813,12.773,64069368.0,383501.0,30.0,5016,12.773,0.0,12.783,-0.21,2.0,17,CNY-9.26,CNY
RFUD,2025-08-20,CRU6,12.758,12.758,12.82,12.808,64244928.0,102387.0,8.0,5016,12.808,0.0,12.798,0.27,2.0,6,CNY-9.26,CNY
RFUD,2025-08-21,CRU6,12.8,12.774,12.837,12.837,64375344.0,332871.0,26.0,5016,12.834,0.0,12.803,0.23,5.0,8,CNY-9.26,CNY
RFUD,2025-08-22,CRU6,12.846,12.783,12.869,12.869,64602380.0,218365.0,17.0,5020,12.869,0.0,12.845,0.25,1.0,7,CNY-9.26,CNY
RFUD,2025-08-25,CRU6,12.904,12.82,12.904,12.82,64330760.0,102938.0,8.0,5018,12.82,0.0,12.867,-0.38,2.0,5,CNY-9.26,CNY
RFUD,2025-08-26,CRU6,12.856,12.82,12.857,12.82,64460616.0,89922.0,7.0,5016,12.851,0.0,12.846,0.0,1.0,5,CNY-9.26,CNY
RFUD,2025-08-27,CRU6,12.874,12.865,12.993,12.928,64976128.0,1562211.0,121.0,5026,12.928,0.0,12.911,0.84,1.0,44,CNY-9.26,CNY
RFUD,2025-08-28,CRU6,12.919,12.907,12.919,12.907,65102908.0,129138.0,10.0,5044,12.907,0.0,12.914,-0.16,1.0,5,CNY-9.26,CNY
RFUD,2025-08-29,CRU6,12.97,12.945,12.97,12.964,65571912.0,103607.0,8.0,5058,12.964,0.0,12.951,0.44,1.0,4,CNY-9.26,CNY
RFUD,2025-09-01,CRU6,12.968,12.877,12.996,12.877,65106112.0,90443.0,7.0,5056,12.877,0.0,12.92,-0.67,2.0,5,CNY-9.26,CNY
RFUD,2025-09-02,CRU6,12.863,12.863,12.909,12.909,65267904.0,103226.0,8.0,5056,12.909,0.0,12.903,0.25,2.0,3,CNY-9.26,CNY
RFUD,2025-09-03,CRU6,12.91,12.91,12.944,12.944,65367200.0,180842.0,14.0,5050,12.944,0.0,12.917,0.27,3.0,4,CNY-9.26,CNY
RFUD,2025-09-04,CRU6,12.985,12.985,13.031,13.031,66145356.0,442155.0,34.0,5076,13.031,0.0,13.005,0.67,2.0,9,CNY-9.26,CNY
RFUD,2025-09-05,CRU6,13.058,12.97,13.14,13.1,66312200.0,980602.0,75.0,5062,13.1,0.0,13.075,0.53,1.0,35,CNY-9.26,CNY
RFUD,2025-09-08,CRU6,13.149,13.149,13.266,13.266,66144276.0,1940458.0,147.0,4986,13.266,0.0,13.2,1.27,2.0,105,CNY-9.26,CNY
RFUD,2025-09-09,CRU6,13.3,13.3,13.487,13.382,66535304.0,2489647.0,186.0,4972,13.382,0.0,13.385,0.87,1.0,103,CNY-9.26,CNY
RFUD,2025-09-10,CRU6,13.38,13.38,13.536,13.43,90921100.0,16317255.0,1215.0,6770,13.43,0.0,13.43,0.36,1.0,300,CNY-9.26,CNY
RFUD,2025-09-11,CRU6,13.466,13.32,13.593,13.438,90733376.0,2226697.0,165.0,6752,13.438,0.0,13.495,0.06,1.0,71,CNY-9.26,CNY
RFUD,2025-09-12,CRU6,13.458,13.281,13.519,13.309,89383244.0,1049304.0,78.0,6716,13.309,0.0,13.453,-0.96,2.0,43,CNY-9.26,CNY
RFUD,2025-09-15,CRU6,13.299,13.112,13.299,13.15,87657900.0,1263900.0,96.0,6666,13.15,0.0,13.166,-1.2,2.0,33,CNY-9.26,CNY
RFUD,2025-09-16,CRU6,13.163,13.13,13.288,13.22,88351000.0,3369759.0,255.0,6668,13.25,0.0,13.215,0.53,8.0,116,CNY-9.26,CNY
RFUD,2025-09-17,CRU6,13.229,13.157,13.327,13.16,114649920.0,15990100.0,1213.0,8712,13.16,0.0,13.182,-0.45,50.0,509,CNY-9.26,CNY
RFUD,2025-09-18,CRU6,13.199,13.151,13.33,13.166,123446206.0,8893378.0,674.0,9374,13.169,0.0,13.195,0.05,1.0,204,CNY-9.26,CNY
RFUD,2025-09-19,CRU6,13.269,13.167,13.27,13.2,127116000.0,4091031.0,310.0,9630,13.2,0.0,13.197,0.26,33.0,101,CNY-9.26,CNY
RFUD,2025-09-22,CRU6,13.233,13.21,13.47,13.249,134291864.0,7884383.0,594.0,10136,13.249,0.0,13.276,0.37,4.0,199,CNY-9.26,CNY
RFUD,2025-09-23,CRU6,13.272,13.181,13.287,13.234,136257264.0,1823854.0,138.0,10296,13.234,0.0,13.216,-0.11,1.0,42,CNY-9.26,CNY
RFUD,2025-09-24,CRU6,13.258,13.16,13.399,13.18,150225640.0,13991666.0,1059.0,11398,13.18,0.0,13.212,-0.41,1.0,230,CNY-9.26,CNY
RFUD,2025-09-25,CRU6,13.192,13.155,13.227,13.214,153282400.0,2784449.0,211.0,11600,13.214,0.0,13.196,0.26,5.0,60,CNY-9.26,CNY
RFUD,2025-09-26,CRU6,13.201,13.087,13.201,13.087,153703666.0,2841362.0,216.0,11734,13.099,0.0,13.154,-0.96,2.0,119,CNY-9.26,CNY
RFUD,2025-09-29,CRU6,13.097,12.973,13.15,12.975,191095800.0,32789765.0,2520.0,14728,12.975,0.0,13.012,-0.86,6.0,517,CNY-9.26,CNY
RFUD,2025-09-30,CRU6,13.005,12.866,13.03,12.87,190616304.0,1971068.0,152.0,14804,12.876,0.0,12.968,-0.81,2.0,63,CNY-9.26,CNY
RFUD,2025-10-01,CRU6,12.91,12.662,12.91,12.735,193398076.0,4477459.0,351.0,15178,12.742,0.0,12.756,-1.05,5.0,106,CNY-9.26,CNY
RFUD,2025-10-02,CRU6,12.725,12.679,12.796,12.737,193077760.0,2824688.0,222.0,15160,12.736,0.0,12.724,0.02,5.0,81,CNY-9.26,CNY
RFUD,2025-10-03,CRU6,12.701,12.7,12.928,12.887,195134954.0,2842585.0,222.0,15142,12.887,0.0,12.804,1.18,1.0,103,CNY-9.26,CNY
RFUD,2025-10-06,CRU6,12.927,12.861,12.984,12.885,195336600.0,1924257.0,149.0,15160,12.885,0.0,12.915,-0.02,2.0,48,CNY-9.26,CNY
RFUD,2025-10-07,CRU6,12.86,12.62,12.874,12.701,247212264.0,36997345.0,2918.0,19464,12.701,0.0,12.678,-1.43,27.0,660,CNY-9.26,CNY
RFUD,2025-10-08,CRU6,12.704,12.5,12.731,12.552,261056496.0,14702839.0,1165.0,20798,12.552,0.0,12.619,-1.17,1.0,345,CNY-9.26,CNY
RFUD,2025-10-09,CRU6,12.552,12.533,12.648,12.579,262855044.0,3841685.0,305.0,20898,12.578,0.0,12.598,0.21,1.0,158,CNY-9.26,CNY
RFUD,2025-10-10,CRU6,12.572,12.568,12.653,12.589,263664016.0,4841889.0,384.0,20944,12.589,0.0,12.612,0.08,1.0,158,CNY-9.26,CNY
RFUD,2025-10-13,CRU6,12.637,12.395,12.647,12.395,275722000.0,12216100.0,980.0,22250,12.392,0.0,12.465,-1.54,2.0,277,CNY-9.26,CNY
RFUD,2025-10-14,CRU6,12.407,12.265,12.407,12.282,282527278.0,8356471.0,677.0,22994,12.287,0.0,12.343,-0.91,1.0,210,CNY-9.26,CNY
RFUD,2025-10-15,CRU6,12.279,12.15,12.298,12.204,283826430.0,5026002.0,411.0,23274,12.195,0.0,12.229,-0.64,1.0,158,CNY-9.26,CNY
RFUD,2025-10-16,CRU6,12.201,12.136,12.427,12.358,300398264.0,12275167.0,1001.0,24308,12.358,0.0,12.263,1.26,5.0,306,CNY-9.26,CNY
RFUD,2025-10-17,CRU6,12.369,12.308,12.62,12.549,305467758.0,2738289.0,219.0,24342,12.549,0.0,12.504,1.55,2.0,122,CNY-9.26,CNY
RFUD,2025-10-20,CRU6,12.552,12.41,12.582,12.41,305137080.0,2677056.0,214.0,24588,12.41,0.0,12.51,-1.11,1.0,74,CNY-9.26,CNY
RFUD,2025-10-21,CRU6,12.418,12.372,12.579,12.541,311267620.0,10999509.0,880.0,24820,12.541,0.0,12.499,1.06,6.0,293,CNY-9.26,CNY
RFUD,2025-10-22,CRU6,12.551,12.517,12.638,12.54,309948240.0,943768.0,75.0,24780,12.508,0.0,12.584,-0.01,1.0,30,CNY-9.26,CNY
RFUD,2025-10-23,CRU6,12.483,12.472,12.651,12.547,312269736.0,3205264.0,256.0,24888,12.547,0.0,12.521,0.06,2.0,100,CNY-9.26,CNY
RFUD,2025-10-24,CRU6,12.544,12.272,12.565,12.272,305524408.0,7264601.0,584.0,24892,12.274,0.0,12.439,-2.19,4.0,230,CNY-9.26,CNY
RFUD,2025-10-27,CRU6,12.271,12.169,12.304,12.3,306296340.0,2237099.0,183.0,24890,12.306,0.0,12.225,0.23,1.0,78,CNY-9.26,CNY
RFUD,2025-10-28,CRU6,12.319,12.239,12.4,12.286,306776356.0,2781247.0,226.0,24994,12.274,0.0,12.306,-0.11,5.0,62,CNY-9.26,CNY
RFUD,2025-10-29,CRU6,12.281,12.252,12.35,12.329,308423664.0,1217582.0,99.0,25008,12.333,0.0,12.299,0.35,5.0,34,CNY-9.26,CNY
RFUD,2025-10-30,CRU6,12.358,12.358,12.458,12.37,309527940.0,955029.0,77.0,24972,12.395,0.0,12.402,0.33,1.0,34,CNY-9.26,CNY
RFUD,2025-10-31,CRU6,12.39,12.277,12.461,12.374,310760636.0,2936090.0,237.0,25114,12.374,0.0,12.389,0.03,1.0,88,CNY-9.26,CNY
RFUD,2025-11-01,CRU6,12.37,12.304,12.469,12.392,309205184.0,3238941.0,262.0,24952,12.392,0.0,12.362,0.14,5.0,118,CNY-9.26,CNY
RFUD,2025-11-03,CRU6,12.352,12.262,12.376,12.262,305788920.0,418348.0,34.0,24942,12.26,0.0,12.304,-1.05,2.0,13,CNY-9.26,CNY
RFUD,2025-11-05,CRU6,12.267,12.264,12.492,12.49,311300760.0,1006420.0,81.0,24924,12.49,0.0,12.425,1.86,1.0,37,CNY-9.26,CNY
RFUD,2025-11-06,CRU6,12.497,12.398,12.5,12.398,309356688.0,559382.0,45.0,24924,12.412,0.0,12.431,-0.74,4.0,16,CNY-9.26,CNY
RFUD,2025-11-07,CRU6,12.442,12.37,12.469,12.384,309253248.0,4116115.0,331.0,24972,12.384,0.0,12.435,-0.11,1.0,158,CNY-9.26,CNY
RFUD,2025-11-10,CRU6,12.372,12.36,12.459,12.426,318478380.0,6146015.0,496.0,25630,12.426,0.0,12.391,0.34,2.0,170,CNY-9.26,CNY
RFUD,2025-11-11,CRU6,12.422,12.369,12.495,12.396,337319952.0,13347629.0,1076.0,27212,12.396,0.0,12.404,-0.24,6.0,312,CNY-9.26,CNY
RFUD,2025-11-12,CRU6,12.402,12.391,12.441,12.408,344085464.0,4738369.0,382.0,27722,12.412,0.0,12.404,0.1,2.0,70,CNY-9.26,CNY
RFUD,2025-11-13,CRU6,12.404,12.337,12.416,12.413,347141958.0,4145073.0,335.0,27966,12.413,0.0,12.373,0.04,2.0,120,CNY-9.26,CNY
RFUD,2025-11-14,CRU6,12.41,12.388,12.515,12.417,347129652.0,1270155.0,102.0,27956,12.417,0.0,12.453,0.03,1.0,53,CNY-9.26,CNY
RFUD,2025-11-17,CRU6,12.42,12.376,12.462,12.383,346238244.0,2248490.0,181.0,27954,12.386,0.0,12.419,-0.27,2.0,63,CNY-9.26,CNY
RFUD,2025-11-18,CRU6,12.405,12.362,12.426,12.389,373776130.0,17256420.0,1394.0,30170,12.389,0.0,12.379,0.05,11.0,169,CNY-9.26,CNY
RFUD,2025-11-19,CRU6,12.391,12.294,12.41,12.294,379362840.0,7467582.0,605.0,30840,12.301,0.0,12.343,-0.77,5.0,188,CNY-9.26,CNY
RFUD,2025-11-20,CRU6,12.342,12.192,12.365,12.206,396499704.0,17690363.0,1443.0,32484,12.206,0.0,12.257,-0.72,3.0,372,CNY-9.26,CNY
RFUD,2025-11-21,CRU6,12.217,12.03,12.252,12.129,402116230.0,18087105.0,1492.0,33230,12.101,0.0,12.111,-0.63,1.0,511,CNY-9.26,CNY
RFUD,2025-11-24,CRU6,12.139,12.03,12.146,12.036,400095844.0,7406505.0,613.0,33214,12.046,0.0,12.082,-0.77,1.0,251,CNY-9.26,CNY
RFUD,2025-11-25,CRU6,12.031,12.03,12.2,12.074,419571500.0,14422345.0,1189.0,34750,12.074,0.0,12.129,0.32,2.0,323,CNY-9.26,CNY
RFUD,2025-11-26,CRU6,12.075,12.05,12.125,12.078,424275984.0,3863479.0,320.0,35128,12.078,0.0,12.073,0.03,1.0,102,CNY-9.26,CNY
RFUD,2025-11-27,CRU6,12.072,11.983,12.097,11.995,481407330.0,37294058.0,3104.0,40134,11.995,0.0,12.015,-0.69,6.0,527,CNY-9.26,CNY
RFUD,2025-11-28,CRU6,12.006,11.881,12.033,11.927,546233072.0,42888732.0,3586.0,45848,11.914,0.0,11.96,-0.57,1.0,455,CNY-9.26,CNY
RFUD,2025-12-01,CRU6,11.918,11.892,11.973,11.929,547541100.0,2170992.0,182.0,45900,11.929,0.0,11.929,0.02,5.0,94,CNY-9.26,CNY
RFUD,2025-12-02,CRU6,11.907,11.845,11.959,11.932,551640224.0,7760560.0,652.0,46232,11.932,0.0,11.903,0.03,2.0,220,CNY-9.26,CNY
RFUD,2025-12-03,CRU6,11.943,11.8,11.98,11.8,549431600.0,23871588.0,2013.0,46562,11.8,0.0,11.858,-1.11,3.0,538,CNY-9.26,CNY
RFUD,2025-12-04,CRU6,11.8,11.6,11.802,11.613,563369856.0,23239826.0,1985.0,48512,11.613,0.0,11.708,-1.58,5.0,552,CNY-9.26,CNY
RFUD,2025-12-05,CRU6,11.66,11.516,11.751,11.694,586524264.0,29857261.0,2572.0,50156,11.694,0.0,11.609,0.7,1.0,597,CNY-9.26,CNY
RFUD,2025-12-08,CRU6,11.677,11.652,11.829,11.697,593646144.0,14419949.0,1229.0,50752,11.697,0.0,11.733,0.03,3.0,443,CNY-9.26,CNY
RFUD,2025-12-09,CRU6,11.733,11.691,11.86,11.852,618162330.0,20008063.0,1700.0,52170,11.849,0.0,11.769,1.32,3.0,516,CNY-9.26,CNY
RFUD,2025-12-10,CRU6,11.852,11.816,12.311,12.036,656852664.0,43486633.0,3649.0,54574,12.036,0.0,11.917,1.55,1.0,998,CNY-9.26,CNY
RFUD,2025-12-11,CRU6,12.05,12.002,12.192,12.149,664598896.0,10178219.0,840.0,54704,12.149,0.0,12.117,0.94,3.0,232,CNY-9.26,CNY
RFUD,2025-12-12,CRU6,12.118,12.086,12.187,12.13,664244298.0,14333487.0,1180.0,54774,12.127,0.0,12.145,-0.16,4.0,293,CNY-9.26,CNY
RFUD,2025-12-15,CRU6,12.131,12.084,12.186,12.145,685906650.0,22931055.0,1890.0,56430,12.155,0.0,12.133,0.12,2.0,283,CNY-9.26,CNY
RFUD,2025-12-16,CRU6,12.175,12.064,12.31,12.15,686013300.0,7171790.0,590.0,56462,12.15,0.0,12.156,0.04,1.0,174,CNY-9.26,CNY
RFUD,2025-12-17,CRU6,12.155,12.151,12.344,12.311,704115334.0,10427445.0,850.0,57194,12.311,0.0,12.268,1.32,20.0,222,CNY-9.26,CNY
RFUD,2025-12-18,CRU6,12.312,12.199,12.328,12.291,723886322.0,21144144.0,1726.0,58934,12.283,0.0,12.25,-0.16,7.0,216,CNY-9.26,CNY
RFUD,2025-12-19,CRU6,12.293,12.187,12.424,12.21,739120140.0,25295191.0,2055.0,60534,12.21,0.0,12.309,-0.66,2.0,492,CNY-9.26,CNY
RFUD,2025-12-22,CRU6,12.215,11.967,12.235,12.012,726104192.0,25652098.0,2123.0,60544,11.993,0.0,12.082,-1.62,1.0,541,CNY-9.26,CNY
RFUD,2025-12-23,CRU6,11.972,11.936,12.058,11.984,729825600.0,7459975.0,622.0,60900,11.984,0.0,11.994,-0.23,1.0,204,CNY-9.26,CNY
RFUD,2025-12-24,CRU6,12.004,11.891,12.145,12.023,763620192.0,28987198.0,2403.0,63508,12.024,0.0,12.063,0.33,2.0,508,CNY-9.26,CNY
RFUD,2025-12-25,CRU6,12.041,11.88,12.041,11.903,768695740.0,17776075.0,1489.0,64580,11.903,0.0,11.938,-1.0,2.0,289,CNY-9.26,CNY
RFUD,2025-12-26,CRU6,11.907,11.825,12.04,11.912,798937840.0,45494517.0,3822.0,67070,11.912,0.0,11.903,0.08,1.0,651,CNY-9.26,CNY
RFUD,2025-12-29,CRU6,11.89,11.858,12.026,11.977,794649996.0,18497640.0,1551.0,66348,11.977,0.0,11.928,0.55,1.0,437,CNY-9.26,CNY
RFUD,2025-12-30,CRU6,11.996,11.93,12.106,12.071,795116770.0,15455589.0,1286.0,65870,12.071,0.0,12.018,0.78,8.0,335,CNY-9.26,CNY
RFUD,2026-01-05,CRU6,12.054,12.051,12.269,12.228,803135040.0,5510449.0,451.0,65680,12.228,0.0,12.218,1.3,13.0,126,CNY-9.26,CNY
RFUD,2026-01-06,CRU6,12.241,12.15,12.295,12.155,801573630.0,8802260.0,720.0,65946,12.155,0.0,12.225,-0.6,4.0,178,CNY-9.26,CNY
RFUD,2026-01-08,CRU6,12.155,12.151,12.265,12.163,814312850.0,19923163.0,1633.0,66950,12.163,0.0,12.198,0.07,2.0,411,CNY-9.26,CNY
RFUD,2026-01-09,CRU6,12.179,12.079,12.185,12.086,812420920.0,3467810.0,286.0,67220,12.086,0.0,12.137,-0.63,2.0,83,CNY-9.26,CNY
RFUD,2026-01-12,CRU6,12.093,12.08,12.276,12.135,837279240.0,29493099.0,2426.0,68980,12.138,0.0,12.157,0.4,2.0,635,CNY-9.26,CNY
RFUD,2026-01-13,CRU6,12.143,11.995,12.169,12.137,841992238.0,32507174.0,2679.0,69374,12.137,0.0,12.134,0.02,1.0,520,CNY-9.26,CNY
RFUD,2026-01-14,CRU6,12.126,12.005,12.222,12.074,837232252.0,12572833.0,1040.0,69428,12.059,0.0,12.089,-0.52,6.0,204,CNY-9.26,CNY
RFUD,2026-01-15,CRU6,12.043,11.979,12.132,11.99,835310344.0,14375570.0,1193.0,69586,12.004,0.0,12.05,-0.7,51.0,176,CNY-9.26,CNY
RFUD,2026-01-16,CRU6,12.013,11.94,12.029,12.018,835777222.0,7673695.0,640.0,69538,12.019,0.0,11.99,0.23,1.0,166,CNY-9.26,CNY
RFUD,2026-01-19,CRU6,12.019,11.978,12.047,11.978,837004262.0,3914193.0,326.0,69826,11.987,0.0,12.007,-0.33,1.0,98,CNY-9.26,CNY
RFUD,2026-01-20,CRU6,11.997,11.97,12.04,12.009,880086550.0,29075784.0,2420.0,73310,12.005,0.0,12.015,0.26,2.0,236,CNY-9.26,CNY
RFUD,2026-01-21,CRU6,12.005,11.82,12.025,11.821,886598642.0,32127439.0,2696.0,75002,11.821,0.0,11.917,-1.57,1.0,570,CNY-9.26,CNY
RFUD,2026-01-22,CRU6,11.804,11.64,11.858,11.658,936756520.0,89854918.0,7662.0,80360,11.657,0.0,11.727,-1.38,1.0,1663,CNY-9.26,CNY
RFUD,2026-01-23,CRU6,11.655,11.632,11.729,11.69,952992180.0,11202675.0,958.0,81522,11.69,0.0,11.694,0.27,5.0,259,CNY-9.26,CNY
RFUD,2026-01-26,CRU6,11.68,11.637,11.853,11.853,967033198.0,9374363.0,797.0,81682,11.839,0.0,11.762,1.39,1.0,326,CNY-9.26,CNY
RFUD,2026-01-27,CRU6,11.836,11.75,11.88,11.75,963171000.0,5671205.0,480.0,81972,11.75,0.0,11.815,-0.87,1.0,170,CNY-9.26,CNY
RFUD,2026-01-28,CRU6,11.75,11.708,11.828,11.786,964684100.0,8247390.0,700.0,81850,11.786,0.0,11.784,0.31,2.0,195,CNY-9.26,CNY
RFUD,2026-01-29,CRU6,11.78,11.58,11.797,11.598,949574652.0,57438854.0,4899.0,81874,11.598,0.0,11.724,-1.59,1.0,626,CNY-9.26,CNY
RFUD,2026-01-30,CRU6,11.601,11.545,11.776,11.747,950989284.0,29131028.0,2507.0,81018,11.738,0.0,11.621,1.29,1.0,502,CNY-9.26,CNY
RFUD,2026-02-02,CRU6,11.743,11.705,11.919,11.795,950087250.0,23042676.0,1952.0,80550,11.795,0.0,11.816,0.41,21.0,442,CNY-9.26,CNY
RFUD,2026-02-03,CRU6,11.782,11.77,11.886,11.87,954428400.0,12277492.0,1038.0,80400,11.871,0.0,11.838,0.64,1.0,200,CNY-9.26,CNY
RFUD,2026-02-04,CRU6,11.874,11.689,11.92,11.733,944519856.0,22300987.0,1888.0,80508,11.732,0.0,11.828,-1.15,2.0,432,CNY-9.26,CNY
RFUD,2026-02-05,CRU6,11.727,11.684,11.83,11.753,1012677678.0,60183536.0,5113.0,86178,11.751,0.0,11.771,0.17,42.0,636,CNY-9.26,CNY
RFUD,2026-02-06,CRU6,11.75,11.701,11.825,11.777,1012468690.0,87388842.0,7438.0,85970,11.777,0.0,11.75,0.2,2.0,1135,CNY-9.26,CNY
RFUD,2026-02-09,CRU6,11.774,11.75,11.893,11.83,1024572640.0,34006585.0,2867.0,86608,11.83,0.0,11.861,0.45,1.0,362,CNY-9.26,CNY
RFUD,2026-02-10,CRU6,11.831,11.798,11.858,11.821,1024100514.0,20990274.0,1774.0,86634,11.821,0.0,11.832,-0.08,2.0,314,CNY-9.26,CNY
RFUD,2026-02-11,CRU6,11.825,11.761,11.85,11.778,1020116136.0,4270878.0,362.0,86612,11.778,0.0,11.798,-0.36,2.0,114,CNY-9.26,CNY
RFUD,2026-02-12,CRU6,11.791,11.788,11.831,11.803,1021360802.0,9708650.0,822.0,86534,11.803,0.0,11.811,0.21,2.0,176,CNY-9.26,CNY
RFUD,2026-02-13,CRU6,11.798,11.703,11.814,11.709,1005131800.0,23853989.0,2032.0,85850,11.708,0.0,11.739,-0.8,1.0,431,CNY-9.26,CNY
RFUD,2026-02-16,CRU6,11.704,11.675,11.754,11.732,1004094952.0,26496913.0,2264.0,85586,11.732,0.0,11.703,0.2,1.0,399,CNY-9.26,CNY
RFUD,2026-02-17,CRU6,11.727,11.607,11.75,11.616,1007100964.0,33176066.0,2842.0,86692,11.617,0.0,11.673,-0.99,1.0,572,CNY-9.26,CNY
RFUD,2026-02-18,CRU6,11.619,11.555,11.745,11.681,1015779760.0,34805071.0,2998.0,86960,11.681,0.0,11.609,0.56,1.0,814,CNY-9.26,CNY
RFUD,2026-02-19,CRU6,11.677,11.54,11.698,11.572,1007952036.0,24154237.0,2081.0,87178,11.562,0.0,11.607,-0.93,7.0,518,CNY-9.26,CNY
RFUD,2026-02-20,CRU6,11.561,11.561,11.645,11.598,1026538980.0,26835384.0,2314.0,88510,11.598,0.0,11.595,0.22,1.0,442,CNY-9.26,CNY
RFUD,2026-02-24,CRU6,11.604,11.522,11.642,11.522,1037084190.0,25503255.0,2203.0,89970,11.527,0.0,11.577,-0.66,10.0,441,CNY-9.26,CNY
RFUD,2026-02-25,CRU6,11.523,11.515,11.833,11.777,1078605684.0,101161362.0,8647.0,91578,11.778,0.0,11.701,2.21,1.0,1243,CNY-9.26,CNY
RFUD,2026-02-26,CRU6,11.797,11.621,11.851,11.696,1163670248.0,129959351.0,11039.0,99476,11.698,0.0,11.773,-0.69,1.0,1307,CNY-9.26,CNY
RFUD,2026-02-27,CRU6,11.696,11.666,11.777,11.695,1170592788.0,50257391.0,4282.0,100102,11.694,0.0,11.737,-0.01,9.0,637,CNY-9.26,CNY
RFUD,2026-03-02,CRU6,11.688,11.611,11.855,11.745,1183758664.0,55245515.0,4710.0,100694,11.756,0.0,11.733,0.43,10.0,903,CNY-9.26,CNY
RFUD,2026-03-03,CRU6,11.764,11.704,11.79,11.724,1190689440.0,37030992.0,3153.0,101560,11.724,0.0,11.743,-0.18,1.0,613,CNY-9.26,CNY
RFUD,2026-03-04,CRU6,11.738,11.703,11.906,11.845,1251282110.0,86621553.0,7331.0,105638,11.845,0.0,11.816,1.03,2.0,1010,CNY-9.26,CNY
RFUD,2026-03-05,CRU6,11.859,11.84,11.969,11.962,1409287416.0,134668757.0,11290.0,117794,11.964,0.0,11.929,0.99,2.0,1040,CNY-9.26,CNY
RFUD,2026-03-06,CRU6,11.963,11.917,12.072,11.918,1890734808.0,417550493.0,34766.0,158632,11.919,0.0,12.011,-0.37,6.0,2432,CNY-9.26,CNY
RFUD,2026-03-09,CRU6,11.929,11.753,11.957,11.806,1866079972.0,84141062.0,7106.0,158062,11.806,0.0,11.84,-0.94,1.0,1154,CNY-9.26,CNY
RFUD,2026-03-10,CRU6,11.819,11.794,12.055,12.03,1896470500.0,86389075.0,7214.0,157750,12.022,0.0,11.977,1.9,16.0,1256,CNY-9.26,CNY
RFUD,2026-03-11,CRU6,12.014,11.983,12.075,12.019,1906117248.0,68977146.0,5743.0,158592,12.019,0.0,12.01,-0.09,10.0,890,CNY-9.26,CNY
RFUD,2026-03-12,CRU6,12.012,11.979,12.086,12.069,2088866448.0,188447978.0,15668.0,173034,12.072,0.0,12.026,0.42,2.0,1352,CNY-9.26,CNY
RFUD,2026-03-13,CRU6,12.075,12.048,12.17,12.121,2217887280.0,175546346.0,14490.0,182994,12.12,0.0,12.116,0.43,5.0,2135,CNY-9.26,CNY
RFUD,2026-03-16,CRU6,12.12,12.075,12.17,12.109,2109207904.0,514055862.0,42398.0,174142,12.112,0.0,12.125,-0.1,2.0,3895,CNY-9.26,CNY
RFUD,2026-03-17,CRU6,12.112,12.088,12.279,12.276,2171560074.0,228653805.0,18763.0,176938,12.273,0.0,12.188,1.38,1.0,3401,CNY-9.26,CNY
RFUD,2026-03-18,CRU6,12.271,12.135,12.364,12.273,3940050282.0,1257287539.0,102542.0,321034,12.273,0.0,12.262,-0.02,499.0,6853,CNY-9.26,CNY
RFUD,2026-03-19,CRU6,12.269,12.266,12.529,12.396,4496341110.0,1346799255.0,108653.0,362462,12.405,0.0,12.398,1.0,1.0,10690,CNY-9.26,CNY
RFUD,2026-03-20,CRU6,12.397,12.253,12.49,12.281,7019704250.0,2936261155.0,237228.0,571870,12.275,0.0,12.373,-0.93,14.0,14783,CNY-9.26,CNY
RFUD,2026-03-23,CRU6,12.299,12.053,12.33,12.063,7939294220.0,1698296921.0,139524.0,652366,12.17,0.0,12.17,-1.78,3.0,9175,CNY-9.26,CNY
RFUD,2026-03-24,CRU6,12.035,11.859,12.083,11.904,9208840960.0,2044867269.0,171171.0,775808,11.87,0.0,11.938,-1.32,1.0,10328,CNY-9.26,CNY
RFUD,2026-03-25,CRU6,11.915,11.878,12.077,12.037,9626775120.0,535137749.0,44725.0,800630,12.024,0.0,11.967,1.12,1.0,5473,CNY-9.26,CNY
RFUD,2026-03-26,CRU6,12.04,11.797,12.172,11.817,13154131536.0,4016705954.0,336759.0,1114568,11.802,0.0,11.927,-1.83,3.0,16284,CNY-9.26,CNY
RFUD,2026-03-27,CRU6,11.858,11.73,11.963,11.95,22649998644.0,9755640652.0,823883.0,1895556,11.949,0.0,11.839,1.13,1.0,14535,CNY-9.26,CNY
RFUD,2026-03-30,CRU6,11.931,11.881,12.05,11.99,23166243710.0,1219048295.0,101885.0,1924906,12.035,0.0,11.964,0.34,4.0,9107,CNY-9.26,CNY
RFUD,2026-03-31,CRU6,11.992,11.976,12.187,12.13,23420298096.0,1064420867.0,87997.0,1939248,12.077,0.0,12.099,1.17,11.0,7451,CNY-9.26,CNY
RFUD,2026-04-01,CRU6,12.125,11.917,12.131,11.948,23219669606.0,730383384.0,60929.0,1942906,11.951,0.0,11.983,-1.5,1.0,6449,CNY-9.26,CNY
RFUD,2026-04-02,CRU6,11.945,11.818,11.962,11.868,22532679312.0,1247817076.0,104975.0,1898448,11.869,0.0,11.884,-0.67,3.0,7834,CNY-9.26,CNY
RFUD,2026-04-03,CRU6,11.89,11.778,11.89,11.787,22630421100.0,996976961.0,84273.0,1917020,11.805,0.0,11.833,-0.68,10.0,6615,CNY-9.26,CNY
RFUD,2026-04-06,CRU6,11.78,11.704,11.821,11.795,24408412560.0,3574225649.0,304018.0,2070264,11.79,0.0,11.755,0.07,2.0,14509,CNY-9.26,CNY
RFUD,2026-04-07,CRU6,11.795,11.692,11.832,11.748,25113275520.0,1789007238.0,151883.0,2140032,11.735,0.0,11.755,-0.4,1.0,6272,CNY-9.26,CNY
RFUD,2026-04-08,CRU6,11.755,11.755,11.849,11.794,25377163200.0,1174886925.0,99861.0,2149150,11.808,0.0,11.8,0.39,1.0,5059,CNY-9.26,CNY
RFUD,2026-04-09,CRU6,11.783,11.654,11.796,11.659,25440643060.0,814863424.0,69497.0,2176274,11.69,0.0,11.721,-1.15,1.0,8184,CNY-9.26,CNY
RFUD,2026-04-10,CRU6,11.677,11.601,11.677,11.633,26321388160.0,1568504417.0,134805.0,2263232,11.63,0.0,11.633,-0.22,1.0,11228,CNY-9.26,CNY
RFUD,2026-04-13,CRU6,11.607,11.495,11.607,11.526,25991357700.0,1069145196.0,92691.0,2250334,11.55,0.0,11.53,-0.92,2.0,7489,CNY-9.26,CNY
RFUD,2026-04-14,CRU6,11.533,11.37,11.552,11.37,27992821410.0,2404424481.0,210157.0,2459610,11.381,0.0,11.438,-1.35,5.0,14488,CNY-9.26,CNY
RFUD,2026-04-15,CRU6,11.372,11.323,11.505,11.448,28096467840.0,1003110405.0,87881.0,2454912,11.445,0.0,11.415,0.69,3.0,9036,CNY-9.26,CNY
RFUD,2026-04-16,CRU6,11.466,11.407,11.608,11.51,28713480980.0,1268823298.0,109993.0,2498780,11.491,0.0,11.536,0.54,4.0,10766,CNY-9.26,CNY
RFUD,2026-04-17,CRU6,11.577,11.442,11.577,11.487,28801021748.0,670010214.0,58327.0,2511644,11.467,0.0,11.487,-0.2,5.0,5823,CNY-9.26,CNY
RFUD,2026-04-20,CRU6,11.465,11.333,11.468,11.347,28959412740.0,772133588.0,67747.0,2547002,11.37,0.0,11.389,-1.22,2.0,6768,CNY-9.26,CNY
RFUD,2026-04-21,CRU6,11.351,11.258,11.37,11.295,29251414824.0,2000899858.0,176884.0,2589996,11.294,0.0,11.308,-0.46,4.0,10621,CNY-9.26,CNY
RFUD,2026-04-22,CRU6,11.294,11.282,11.401,11.322,29813463504.0,1109126968.0,97899.0,2637426,11.304,0.0,11.331,0.24,2.0,7992,CNY-9.26,CNY
RFUD,2026-04-23,CRU6,11.311,11.266,11.486,11.46,32133267156.0,3403071293.0,299221.0,2806644,11.449,0.0,11.374,1.22,1.0,21218,CNY-9.26,CNY
RFUD,2026-04-24,CRU6,11.468,11.333,11.519,11.339,33119556704.0,1856372986.0,162719.0,2919566,11.344,0.0,11.405,-1.06,14.0,12634,CNY-9.26,CNY
RFUD,2026-04-27,CRU6,11.35,11.292,11.35,11.316,35049004550.0,2346960320.0,207291.0,3097570,11.315,0.0,11.321,-0.2,1.0,15746,CNY-9.26,CNY
RFUD,2026-04-28,CRU6,11.305,11.248,11.397,11.372,38338651040.0,3440247185.0,303223.0,3371320,11.372,0.0,11.346,0.5,3.0,19777,CNY-9.26,CNY
RFUD,2026-04-29,CRU6,11.4,11.259,11.413,11.301,38105450422.0,1894285531.0,167255.0,3374254,11.293,0.0,11.322,-0.62,1.0,11076,CNY-9.26,CNY
RFUD,2026-04-30,CRU6,11.3,11.281,11.377,11.348,39297982302.0,2029730080.0,179190.0,3464514,11.343,0.0,11.328,0.42,4.0,12815,CNY-9.26,CNY
RFUD,2026-05-04,CRU6,11.334,11.331,11.436,11.407,42005026252.0,3290632179.0,288710.0,3689182,11.386,0.0,11.398,0.52,1.0,42204,CNY-9.26,CNY
RFUD,2026-05-05,CRU6,11.407,11.356,11.434,11.416,46323802974.0,4126871486.0,362306.0,4060286,11.409,0.0,11.391,0.08,2.0,48112,CNY-9.26,CNY
RFUD,2026-05-06,CRU6,11.416,11.233,11.45,11.275,48635438470.0,5335580148.0,470519.0,4309742,11.285,0.0,11.336,-1.24,1.0,59075,CNY-9.26,CNY
RFUD,2026-05-07,CRU6,11.297,11.256,11.358,11.309,48777465912.0,1713923081.0,151570.0,4312392,11.311,0.0,11.308,0.3,62.0,12657,CNY-9.26,CNY
RFUD,2026-05-08,CRU6,11.309,11.22,11.322,11.252,48867468048.0,1059133388.0,94030.0,4336836,11.268,0.0,11.263,-0.5,5.0,7702,CNY-9.26,CNY
RFUD,2026-05-11,CRU6,11.241,11.143,11.277,11.163,48735347922.0,957890642.0,85630.0,4367358,11.159,0.0,11.185,-0.79,40.0,9704,CNY-9.26,CNY
RFUD,2026-05-12,CRU6,11.164,11.14,11.251,11.193,48929014672.0,2337843196.0,208719.0,4368272,11.201,0.0,11.201,0.27,1.0,15968,CNY-9.26,CNY
RFUD,2026-05-13,CRU6,11.219,11.103,11.219,11.156,48972535200.0,2860937491.0,256646.0,4388220,11.16,0.0,11.146,-0.33,1.0,16470,CNY-9.26,CNY
RFUD,2026-05-14,CRU6,11.175,11.095,11.175,11.11,49213383680.0,1456114366.0,130886.0,4425664,11.12,0.0,11.125,-0.41,5.0,8458,CNY-9.26,CNY
RFUD,2026-05-15,CRU6,11.11,11.031,11.115,11.04,49007535952.0,2676392192.0,241728.0,4435874,11.048,0.0,11.063,-0.63,41.0,14922,CNY-9.26,CNY
RFUD,2026-05-18,CRU6,11.03,10.927,11.046,10.927,49846401216.0,4443549041.0,405136.0,4544712,10.968,0.0,10.969,-1.02,2.0,20727,CNY-9.26,CNY
RFUD,2026-05-19,CRU6,10.923,10.667,10.938,10.672,50226666392.0,4370271054.0,405181.0,4690574,10.708,0.0,10.785,-2.33,1.0,26057,CNY-9.26,CNY
RFUD,2026-05-20,CRU6,10.66,10.61,10.845,10.819,52256690612.0,3716071522.0,344755.0,4826962,10.826,0.0,10.78,1.38,1.0,20923,CNY-9.26,CNY
RFUD,2026-05-21,CRU6,10.815,10.706,10.86,10.802,54915235596.0,3652716189.0,339176.0,5083332,10.803,0.0,10.769,-0.16,35.0,19099,CNY-9.26,CNY
RFUD,2026-05-22,CRU6,10.81,10.8,10.948,10.91,55539729200.0,2938259113.0,270447.0,5095388,10.9,0.0,10.865,1.0,1.0,19081,CNY-9.26,CNY
RFUD,2026-05-25,CRU6,10.943,10.863,11.015,11.0,76836705128.0,15579586619.0,1428894.0,6996604,10.982,0.0,10.937,0.83,15.0,23630,CNY-9.26,CNY
RFUD,2026-05-26,CRU6,10.97,10.84,11.011,10.855,75829066710.0,6947653098.0,637387.0,6988210,10.851,0.0,10.887,-1.32,115.0,26162,CNY-9.26,CNY
RFUD,2026-05-27,CRU6,10.848,10.781,10.877,10.8,89510582496.0,21167473524.0,1957937.0,8289552,10.798,0.0,10.81,-0.51,155.0,65667,CNY-9.26,CNY
RFUD,2026-05-28,CRU6,10.783,10.733,10.839,10.833,95616196242.0,22738948245.0,2113767.0,8862378,10.789,0.0,10.757,0.31,2.0,38345,CNY-9.26,CNY
RFUD,2026-05-29,CRU6,10.841,10.776,10.871,10.814,95835221312.0,6646598428.0,614701.0,8858048,10.819,0.0,10.812,-0.18,6.0,25445,CNY-9.26,CNY
RFUD,2026-06-01,CRU6,10.815,10.807,10.959,10.91,107877988282.0,12466750661.0,1146160.0,9888898,10.909,0.0,10.884,0.89,1.0,44756,CNY-9.26,CNY
RFUD,2026-06-02,CRU6,10.941,10.907,11.105,11.104,143130972620.0,53540353275.0,4862393.0,12920290,11.078,0.0,11.013,1.78,11.0,105502,CNY-9.26,CNY
RFUD,2026-06-03,CRU6,11.105,10.974,11.259,11.174,161230757004.0,34378629699.0,3096804.0,14456268,11.153,0.0,11.103,0.63,14.0,97627,CNY-9.26,CNY
RFUD,2026-06-04,CRU6,11.175,11.107,11.307,11.12,164124699600.0,19362689806.0,1723240.0,14719704,11.15,0.0,11.236,-0.48,2.0,64985,CNY-9.26,CNY
RFUD,2026-06-05,CRU6,11.12,11.12,11.212,11.177,168653973362.0,8459618525.0,757722.0,15086678,11.179,0.0,11.168,0.51,4.0,29202,CNY-9.26,CNY
RFUD,2026-06-08,CRU6,11.182,10.971,11.203,10.972,168937878320.0,12242019919.0,1104450.0,15330116,11.02,0.0,11.079,-1.83,1.0,45173,CNY-9.26,CNY
RFUD,2026-06-09,CRU6,10.965,10.81,11.017,10.858,180333865240.0,21583085422.0,1981765.0,16590052,10.87,0.0,10.885,-1.04,26.0,83142,CNY-9.26,CNY
RFUD,2026-06-10,CRU6,10.855,10.775,10.928,10.905,184613978908.0,11033246177.0,1015127.0,16954172,10.889,0.0,10.868,0.43,2.0,45578,CNY-9.26,CNY
RFUD,2026-06-11,CRU6,10.911,10.84,10.943,10.93,195838340336.0,12259758299.0,1125341.0,17986622,10.888,0.0,10.893,0.23,48.0,36197,CNY-9.26,CNY
RFUD,2026-06-15,CRU6,10.963,10.933,11.049,10.941,215950771890.0,29020297337.0,2643466.0,19716130,10.953,0.0,10.984,0.1,56.0,93342,CNY-9.26,CNY
RFUD,2026-06-16,CRU6,10.959,10.885,11.043,11.04,259492405410.0,57460688376.0,5245436.0,23558094,11.015,0.0,10.955,0.91,9.0,136632,CNY-9.26,CNY
RFUD,2026-06-17,CRU6,11.04,10.995,11.103,11.064,358541452242.0,106784004614.0,9668254.0,32414922,11.061,0.0,11.047,0.22,6.0,189510,CNY-9.26,CNY
RFUD,2026-06-18,CRU6,11.067,11.03,11.135,11.092,407131684976.0,144431116513.0,13032269.0,36884552,11.038,0.0,11.085,0.25,81.0,171708,CNY-9.26,CNY
RFUD,2026-06-19,CRU6,11.087,10.975,11.104,11.074,409305445972.0,79862078051.0,7227863.0,37051276,11.047,0.0,11.047,-0.16,1.0,172998,CNY-9.26,CNY
RFUD,2026-06-22,CRU6,11.066,11.027,11.298,11.287,418974185296.0,107751208847.0,9660727.0,37298512,11.233,0.0,11.155,1.92,50.0,235006,CNY-9.26,CNY
RFUD,2026-06-23,CRU6,11.294,11.154,11.335,11.18,447083620048.0,109130064169.0,9725962.0,40036144,11.167,0.0,11.226,-0.95,70.0,243734,CNY-9.26,CNY
RFUD,2026-06-24,CRU6,11.178,11.17,11.234,11.206,454464759132.0,88025155602.0,7857149.0,40569966,11.202,0.0,11.205,0.23,5.0,217697,CNY-9.26,CNY
RFUD,2026-06-25,CRU6,11.208,11.201,11.459,11.439,498024165000.0,134192704314.0,11854772.0,43545000,11.437,0.0,11.327,2.08,5.0,256007,CNY-9.26,CNY
RFUD,2026-06-26,CRU6,11.444,11.441,11.894,11.742,505150938120.0,224955979455.0,19299349.0,43020860,11.742,0.0,11.663,2.65,45.0,382769,CNY-9.26,CNY
RFUD,2026-06-29,CRU6,11.747,11.512,11.86,11.627,518030210280.0,172607519163.0,14768663.0,44638536,11.605,0.0,11.687,-0.98,5.0,358830,CNY-9.26,CNY
RFUD,2026-06-30,CRU6,11.627,11.597,11.928,11.928,542619993640.0,143649460354.0,12201260.0,45659710,11.884,0.0,11.773,2.59,2.0,334353,CNY-9.26,CNY
RFUD,2026-07-01,CRU6,11.93,11.631,11.962,11.686,584700162970.0,226788989420.0,19356958.0,50004290,11.693,0.0,11.716,-2.03,24.0,419611,CNY-9.26,CNY
RFUD,2026-07-02,CRU6,11.697,11.604,11.753,11.69,570666375474.0,116204176770.0,9940582.0,48862606,11.679,0.0,11.69,0.03,1.0,256505,CNY-9.26,CNY
RFUD,2026-07-03,CRU6,11.684,11.522,11.74,11.711,562703405648.0,147225801999.0,12675618.0,48028628,11.716,0.0,11.615,0.18,97.0,287863,CNY-9.26,CNY
RFUD,2026-07-06,CRU6,11.701,11.348,11.78,11.369,559140086674.0,208103207079.0,17955633.0,49043074,11.401,0.0,11.589,-2.92,25.0,376188,CNY-9.26,CNY
RFUD,2026-07-07,CRU6,11.372,11.302,11.525,11.44,567101903316.0,161740455499.0,14172731.0,49511254,11.454,0.0,11.412,0.63,20.0,332129,CNY-9.26,CNY
RFUD,2026-07-08,CRU6,11.429,11.313,11.494,11.326,580810995490.0,139745812103.0,12274539.0,51114230,11.363,0.0,11.385,-1.0,3.0,277324,CNY-9.26,CNY
RFUD,2026-07-09,CRU6,11.325,11.276,11.457,11.431,593160745092.0,165840702552.0,14597722.0,51863316,11.437,0.0,11.354,0.93,27.0,319298,CNY-9.26,CNY
RFUD,2026-07-10,CRU6,11.433,11.427,11.579,11.484,612426886368.0,97959251427.0,8516886.0,53175904,11.517,0.0,11.502,0.46,68.0,223280,CNY-9.26,CNY
RFUD,2026-07-13,CRU6,11.478,11.416,11.533,11.423,618970907940.0,70542478384.0,6149240.0,53795490,11.506,0.0,11.473,-0.53,60.0,154766,CNY-9.26,CNY
RFUD,2026-07-14,CRU6,11.425,11.38,11.697,11.686,648173375160.0,104519552992.0,9023329.0,55599020,11.658,0.0,11.584,2.3,1.0,251811,CNY-9.26,CNY
RFUD,2026-07-15,CRU6,11.686,11.592,11.752,11.638,651774377492.0,123929482708.0,10602713.0,56100394,11.618,0.0,11.688,-0.41,10.0,283844,CNY-9.26,CNY
RFUD,2026-07-16,CRU6,11.626,11.6,11.79,11.779,682809000428.0,100745868837.0,8603928.0,58071866,11.758,0.0,11.709,1.21,1.0,226876,CNY-9.26,CNY
RFUD,2026-07-17,CRU6,11.782,11.638,11.801,11.744,662623039808.0,105909797649.0,9042062.0,56499236,11.728,0.0,11.712,-0.3,1.0,220334,CNY-9.26,CNY
RFUD,2025-06-05,CRZ6,,,,,0.0,,,0,14.242,0.0,,,,0,CNY-12.26,CNY
RFUD,2025-06-06,CRZ6,,,,,0.0,,,0,14.252,0.0,,,,0,CNY-12.26,CNY
RFUD,2025-06-09,CRZ6,,,,,0.0,,,0,14.126,0.0,,,,0,CNY-12.26,CNY
RFUD,2025-06-10,CRZ6,,,,,0.0,,,0,14.086,0.0,,,,0,CNY-12.26,CNY
RFUD,2025-06-11,CRZ6,,,,,0.0,,,0,13.966,0.0,,,,0,CNY-12.26,CNY
RFUD,2025-06-13,CRZ6,,,,,0.0,,,0,13.999,0.0,,,,0,CNY-12.26,CNY
RFUD,2025-06-16,CRZ6,,,,,0.0,,,0,13.973,0.0,,,,0,CNY-12.26,CNY
RFUD,2025-06-17,CRZ6,13.281,13.281,13.281,13.281,27636.0,13281.0,1.0,2,13.818,0.0,13.281,,1.0,1,CNY-12.26,CNY
RFUD,2025-06-18,CRZ6,13.57,13.57,13.57,13.57,55128.0,13570.0,1.0,4,13.782,0.0,13.57,2.18,1.0,1,CNY-12.26,CNY
RFUD,2025-06-19,CRZ6,14.039,13.47,14.039,13.47,387380.0,190049.0,14.0,28,13.835,0.0,13.575,-0.74,4.0,4,CNY-12.26,CNY
RFUD,2025-06-20,CRZ6,,,,,386372.0,,,28,13.799,0.0,,,,0,CNY-12.26,CNY
RFUD,2025-06-23,CRZ6,13.817,13.56,13.817,13.56,357682.0,68777.0,5.0,26,13.757,0.0,13.755,,1.0,4,CNY-12.26,CNY
RFUD,2025-06-24,CRZ6,13.562,13.562,13.713,13.713,493668.0,68195.0,5.0,36,13.713,0.0,13.639,1.13,1.0,4,CNY-12.26,CNY
RFUD,2025-06-25,CRZ6,13.77,13.77,13.8,13.8,662256.0,192978.0,14.0,48,13.797,0.0,13.784,0.63,1.0,6,CNY-12.26,CNY
RFUD,2025-06-26,CRZ6,13.688,13.688,13.688,13.688,658656.0,191632.0,14.0,48,13.722,0.0,13.688,-0.81,5.0,3,CNY-12.26,CNY
RFUD,2025-06-27,CRZ6,13.81,13.81,13.81,13.81,634800.0,13810.0,1.0,46,13.8,0.0,13.81,0.89,1.0,1,CNY-12.26,CNY
RFUD,2025-06-30,CRZ6,13.695,13.654,13.74,13.739,577038.0,274269.0,20.0,42,13.739,0.0,13.713,-0.51,2.0,9,CNY-12.26,CNY
RFUD,2025-07-01,CRZ6,13.762,13.713,13.762,13.713,521094.0,109949.0,8.0,38,13.713,0.0,13.744,-0.19,3.0,3,CNY-12.26,CNY
RFUD,2025-07-02,CRZ6,,,,,521740.0,,,38,13.73,0.0,,,,0,CNY-12.26,CNY
RFUD,2025-07-03,CRZ6,13.745,13.745,13.745,13.745,577290.0,27490.0,2.0,42,13.745,0.0,13.745,,2.0,1,CNY-12.26,CNY
RFUD,2025-07-04,CRZ6,,,,,578970.0,,,42,13.785,0.0,,,,0,CNY-12.26,CNY
RFUD,2025-07-07,CRZ6,13.632,13.596,13.639,13.596,1005808.0,327008.0,24.0,74,13.592,0.0,13.625,,2.0,11,CNY-12.26,CNY
RFUD,2025-07-08,CRZ6,13.512,13.423,13.577,13.433,2310476.0,767811.0,57.0,172,13.433,0.0,13.47,-1.2,2.0,27,CNY-12.26,CNY
RFUD,2025-07-09,CRZ6,13.435,13.351,13.435,13.36,3070040.0,401474.0,30.0,230,13.348,0.0,13.382,-0.54,1.0,15,CNY-12.26,CNY
RFUD,2025-07-10,CRZ6,13.308,13.258,13.321,13.258,3420564.0,292371.0,22.0,258,13.258,0.0,13.29,-0.76,2.0,10,CNY-12.26,CNY
RFUD,2025-07-11,CRZ6,13.314,13.314,13.368,13.368,3475680.0,66736.0,5.0,260,13.368,0.0,13.347,0.83,1.0,4,CNY-12.26,CNY
RFUD,2025-07-14,CRZ6,13.393,13.358,13.451,13.358,3599910.0,335428.0,25.0,270,13.333,0.0,13.417,-0.07,1.0,7,CNY-12.26,CNY
RFUD,2025-07-15,CRZ6,13.315,13.251,13.315,13.251,3710280.0,172643.0,13.0,280,13.251,0.0,13.28,-0.8,3.0,4,CNY-12.26,CNY
RFUD,2025-07-16,CRZ6,,,,,3716720.0,,,280,13.274,0.0,,,,0,CNY-12.26,CNY
RFUD,2025-07-17,CRZ6,13.28,13.28,13.3,13.3,3936800.0,106300.0,8.0,296,13.3,0.0,13.288,,3.0,2,CNY-12.26,CNY
RFUD,2025-07-18,CRZ6,,,,,3951304.0,,,296,13.349,0.0,,,,0,CNY-12.26,CNY
RFUD,2025-07-21,CRZ6,13.253,13.25,13.253,13.25,4452000.0,265048.0,20.0,336,13.25,0.0,13.252,,2.0,12,CNY-12.26,CNY
RFUD,2025-07-22,CRZ6,13.29,13.285,13.29,13.285,4490330.0,39865.0,3.0,338,13.285,0.0,13.288,0.26,1.0,3,CNY-12.26,CNY
RFUD,2025-07-23,CRZ6,13.313,13.21,13.317,13.317,4581048.0,146257.0,11.0,344,13.317,0.0,13.296,0.24,1.0,6,CNY-12.26,CNY
RFUD,2025-07-24,CRZ6,13.351,13.351,13.475,13.391,5225610.0,645835.0,48.0,390,13.399,0.0,13.455,0.56,1.0,13,CNY-12.26,CNY
RFUD,2025-07-25,CRZ6,13.49,13.426,13.49,13.478,5310332.0,148230.0,11.0,394,13.478,0.0,13.475,0.65,2.0,5,CNY-12.26,CNY
RFUD,2025-07-28,CRZ6,13.401,13.3,13.409,13.3,10267600.0,3606295.0,271.0,772,13.3,0.0,13.307,-1.32,7.0,59,CNY-12.26,CNY
RFUD,2025-07-29,CRZ6,13.3,13.3,13.507,13.507,17315974.0,5195475.0,390.0,1282,13.507,0.0,13.322,1.56,5.0,74,CNY-12.26,CNY
RFUD,2025-07-30,CRZ6,13.559,13.361,13.56,13.361,16968470.0,376923.0,28.0,1270,13.361,0.0,13.462,-1.08,1.0,13,CNY-12.26,CNY
RFUD,2025-07-31,CRZ6,13.291,13.181,13.291,13.278,16889616.0,92914.0,7.0,1272,13.278,0.0,13.273,-0.62,1.0,3,CNY-12.26,CNY
RFUD,2025-08-01,CRZ6,13.3,13.198,13.316,13.198,16787856.0,278992.0,21.0,1272,13.198,0.0,13.285,-0.6,1.0,8,CNY-12.26,CNY
RFUD,2025-08-04,CRZ6,13.212,13.0,13.249,13.249,16826230.0,501445.0,38.0,1270,13.249,0.0,13.196,0.39,1.0,15,CNY-12.26,CNY
RFUD,2025-08-05,CRZ6,13.298,13.298,13.298,13.298,16888460.0,13298.0,1.0,1270,13.298,0.0,13.298,0.37,1.0,1,CNY-12.26,CNY
RFUD,2025-08-06,CRZ6,13.297,13.297,13.297,13.297,16887190.0,119673.0,9.0,1270,13.297,0.0,13.297,-0.01,2.0,4,CNY-12.26,CNY
RFUD,2025-08-07,CRZ6,13.17,13.17,13.243,13.219,16814568.0,237406.0,18.0,1272,13.219,0.0,13.189,-0.59,1.0,9,CNY-12.26,CNY
RFUD,2025-08-08,CRZ6,13.156,13.081,13.219,13.081,16909696.0,355448.0,27.0,1292,13.088,0.0,13.165,-1.04,1.0,10,CNY-12.26,CNY
RFUD,2025-08-11,CRZ6,13.135,13.135,13.135,13.135,16944150.0,91945.0,7.0,1290,13.135,0.0,13.135,0.41,1.0,3,CNY-12.26,CNY
RFUD,2025-08-12,CRZ6,13.095,13.095,13.099,13.099,16897710.0,52392.0,4.0,1290,13.099,0.0,13.098,-0.27,3.0,2,CNY-12.26,CNY
RFUD,2025-08-13,CRZ6,13.118,13.118,13.118,13.118,17000928.0,39354.0,3.0,1296,13.118,0.0,13.118,0.14,3.0,1,CNY-12.26,CNY
RFUD,2025-08-14,CRZ6,13.118,13.114,13.169,13.169,17057952.0,65684.0,5.0,1296,13.162,0.0,13.137,0.39,2.0,4,CNY-12.26,CNY
RFUD,2025-08-15,CRZ6,13.206,13.206,13.231,13.213,17124048.0,171849.0,13.0,1296,13.213,0.0,13.219,0.33,3.0,5,CNY-12.26,CNY
RFUD,2025-08-18,CRZ6,13.186,13.1,13.186,13.1,18485904.0,760079.0,58.0,1412,13.092,0.0,13.105,-0.85,3.0,23,CNY-12.26,CNY
RFUD,2025-08-19,CRZ6,13.092,13.032,13.1,13.048,18945696.0,536065.0,41.0,1452,13.048,0.0,13.075,-0.4,2.0,12,CNY-12.26,CNY
RFUD,2025-08-20,CRZ6,13.048,13.041,13.061,13.041,19013778.0,91334.0,7.0,1458,13.041,0.0,13.048,-0.05,2.0,4,CNY-12.26,CNY
RFUD,2025-08-21,CRZ6,13.024,13.011,13.122,13.122,19158120.0,235592.0,18.0,1460,13.122,0.0,13.088,0.62,1.0,9,CNY-12.26,CNY
RFUD,2025-08-22,CRZ6,13.047,13.047,13.229,13.229,19314340.0,394641.0,30.0,1460,13.229,0.0,13.155,0.81,1.0,17,CNY-12.26,CNY
RFUD,2025-08-25,CRZ6,13.155,13.155,13.173,13.155,19258920.0,105312.0,8.0,1464,13.155,0.0,13.164,-0.56,3.0,4,CNY-12.26,CNY
RFUD,2025-08-26,CRZ6,13.153,13.121,13.178,13.178,19510840.0,131595.0,10.0,1480,13.183,0.0,13.16,0.18,5.0,6,CNY-12.26,CNY
RFUD,2025-08-27,CRZ6,13.184,13.184,13.3,13.228,19555418.0,423728.0,32.0,1478,13.231,0.0,13.242,0.38,1.0,15,CNY-12.26,CNY
RFUD,2025-08-28,CRZ6,13.205,13.205,13.267,13.23,19765620.0,185152.0,14.0,1494,13.23,0.0,13.225,0.01,1.0,13,CNY-12.26,CNY
RFUD,2025-08-29,CRZ6,13.289,13.239,13.343,13.246,20160412.0,809895.0,61.0,1522,13.246,0.0,13.277,0.12,1.0,27,CNY-12.26,CNY
RFUD,2025-09-01,CRZ6,13.269,13.113,13.308,13.147,20212224.0,899972.0,68.0,1536,13.159,0.0,13.235,-0.75,2.0,22,CNY-12.26,CNY
RFUD,2025-09-02,CRZ6,13.155,13.155,13.245,13.189,20311060.0,118856.0,9.0,1540,13.189,0.0,13.206,0.32,2.0,6,CNY-12.26,CNY
RFUD,2025-09-03,CRZ6,13.239,13.176,13.342,13.342,20946940.0,1024329.0,77.0,1570,13.342,0.0,13.303,1.16,10.0,24,CNY-12.26,CNY
RFUD,2025-09-04,CRZ6,13.342,13.342,13.584,13.583,22458160.0,1028060.0,76.0,1670,13.448,0.0,13.527,1.81,22.0,14,CNY-12.26,CNY
RFUD,2025-09-05,CRZ6,13.508,13.357,13.548,13.48,20678320.0,2718475.0,202.0,1534,13.48,0.0,13.458,-0.76,1.0,55,CNY-12.26,CNY
RFUD,2025-09-08,CRZ6,13.445,13.445,13.742,13.742,23759820.0,2256158.0,166.0,1730,13.734,0.0,13.591,1.94,1.0,43,CNY-12.26,CNY
RFUD,2025-09-09,CRZ6,13.646,13.624,14.014,13.832,24537968.0,3833514.0,278.0,1774,13.832,0.0,13.79,0.66,1.0,101,CNY-12.26,CNY
RFUD,2025-09-10,CRZ6,13.882,13.627,14.183,13.747,31645594.0,6139018.0,443.0,2302,13.747,0.0,13.858,-0.61,3.0,152,CNY-12.26,CNY
RFUD,2025-09-11,CRZ6,13.746,13.56,13.968,13.794,32498664.0,4997853.0,363.0,2356,13.794,0.0,13.768,0.34,1.0,101,CNY-12.26,CNY
RFUD,2025-09-12,CRZ6,13.79,13.612,13.847,13.612,31416496.0,1004134.0,73.0,2308,13.612,0.0,13.755,-1.32,2.0,33,CNY-12.26,CNY
RFUD,2025-09-15,CRZ6,13.649,13.621,13.94,13.688,37532496.0,7736914.0,560.0,2742,13.688,0.0,13.816,0.56,2.0,95,CNY-12.26,CNY
RFUD,2025-09-16,CRZ6,13.689,13.658,13.866,13.84,40219040.0,3759955.0,273.0,2906,13.84,0.0,13.773,1.11,33.0,104,CNY-12.26,CNY
RFUD,2025-09-17,CRZ6,13.843,13.728,13.889,13.74,43033680.0,3890024.0,282.0,3132,13.74,0.0,13.794,-0.72,2.0,102,CNY-12.26,CNY
RFUD,2025-09-18,CRZ6,13.74,13.646,14.155,13.748,41353984.0,6874841.0,495.0,3008,13.748,0.0,13.889,0.06,3.0,111,CNY-12.26,CNY
RFUD,2025-09-19,CRZ6,13.765,13.721,13.835,13.721,42245550.0,674493.0,49.0,3078,13.725,0.0,13.765,-0.2,2.0,27,CNY-12.26,CNY
RFUD,2025-09-22,CRZ6,13.754,13.725,13.799,13.799,41784652.0,563321.0,41.0,3038,13.754,0.0,13.74,0.57,1.0,14,CNY-12.26,CNY
RFUD,2025-09-23,CRZ6,13.755,13.755,13.755,13.755,41757310.0,13755.0,1.0,3038,13.745,0.0,13.755,-0.32,1.0,1,CNY-12.26,CNY
RFUD,2025-09-24,CRZ6,13.781,13.651,13.798,13.699,41343582.0,274692.0,20.0,3018,13.699,0.0,13.735,-0.41,5.0,10,CNY-12.26,CNY
RFUD,2025-09-25,CRZ6,13.676,13.656,13.676,13.656,41356070.0,109288.0,8.0,3022,13.685,0.0,13.661,-0.31,1.0,5,CNY-12.26,CNY
RFUD,2025-09-26,CRZ6,13.685,13.541,13.685,13.638,42168696.0,3446739.0,253.0,3092,13.638,0.0,13.623,-0.13,5.0,58,CNY-12.26,CNY
RFUD,2025-09-29,CRZ6,13.638,13.377,13.638,13.477,42606280.0,1693089.0,125.0,3160,13.483,0.0,13.545,-1.18,4.0,29,CNY-12.26,CNY
RFUD,2025-09-30,CRZ6,13.52,13.379,13.624,13.379,42839558.0,863857.0,64.0,3202,13.379,0.0,13.498,-0.73,1.0,20,CNY-12.26,CNY
RFUD,2025-10-01,CRZ6,13.325,13.226,13.325,13.24,42553360.0,504037.0,38.0,3214,13.24,0.0,13.264,-1.04,5.0,10,CNY-12.26,CNY
RFUD,2025-10-02,CRZ6,13.224,13.15,13.27,13.239,42093660.0,1123018.0,85.0,3180,13.237,0.0,13.212,-0.01,3.0,32,CNY-12.26,CNY
RFUD,2025-10-03,CRZ6,13.201,13.167,13.379,13.34,43034840.0,1332478.0,100.0,3226,13.34,0.0,13.325,0.76,11.0,26,CNY-12.26,CNY
RFUD,2025-10-06,CRZ6,13.411,13.35,13.518,13.362,43266156.0,645254.0,48.0,3238,13.362,0.0,13.443,0.17,2.0,15,CNY-12.26,CNY
RFUD,2025-10-07,CRZ6,13.345,13.2,13.386,13.21,44200660.0,819940.0,62.0,3346,13.21,0.0,13.225,-1.14,5.0,21,CNY-12.26,CNY
RFUD,2025-10-08,CRZ6,13.21,12.911,13.276,12.965,99260040.0,35873987.0,2746.0,7656,12.965,0.0,13.064,-1.85,1.0,341,CNY-12.26,CNY
RFUD,2025-10-09,CRZ6,12.938,12.881,13.1,12.909,106679976.0,12313882.0,951.0,8264,12.909,0.0,12.948,-0.43,3.0,140,CNY-12.26,CNY
RFUD,2025-10-10,CRZ6,12.938,12.9,13.11,12.909,107686878.0,3002200.0,232.0,8342,12.909,0.0,12.941,0.0,2.0,69,CNY-12.26,CNY
RFUD,2025-10-13,CRZ6,12.987,12.6,13.212,12.723,111115392.0,9149453.0,712.0,8752,12.696,0.0,12.85,-1.44,1.0,220,CNY-12.26,CNY
RFUD,2025-10-14,CRZ6,12.619,12.553,12.706,12.652,110629088.0,1214951.0,96.0,8744,12.652,0.0,12.656,-0.56,5.0,36,CNY-12.26,CNY
RFUD,2025-10-15,CRZ6,12.588,12.456,12.598,12.565,110428770.0,2417660.0,193.0,8790,12.563,0.0,12.527,-0.69,5.0,62,CNY-12.26,CNY
RFUD,2025-10-16,CRZ6,12.54,12.43,12.779,12.709,122488444.0,10808211.0,861.0,9644,12.701,0.0,12.553,1.15,1.0,193,CNY-12.26,CNY
RFUD,2025-10-17,CRZ6,12.693,12.585,12.956,12.894,126464352.0,3863691.0,302.0,9808,12.894,0.0,12.794,1.46,1.0,99,CNY-12.26,CNY
RFUD,2025-10-20,CRZ6,12.9,12.769,13.025,12.769,126489714.0,1377894.0,107.0,9906,12.769,0.0,12.878,-0.97,4.0,28,CNY-12.26,CNY
RFUD,2025-10-21,CRZ6,12.716,12.575,12.822,12.8,126708384.0,993781.0,78.0,9896,12.804,0.0,12.741,0.24,1.0,30,CNY-12.26,CNY
RFUD,2025-10-22,CRZ6,12.845,12.83,12.932,12.894,127074210.0,527998.0,41.0,9930,12.797,0.0,12.878,0.73,5.0,13,CNY-12.26,CNY
RFUD,2025-10-23,CRZ6,12.729,12.648,12.9,12.801,126985920.0,958876.0,75.0,9920,12.801,0.0,12.785,-0.72,1.0,28,CNY-12.26,CNY
RFUD,2025-10-24,CRZ6,12.827,12.6,12.827,12.6,124210800.0,1157789.0,91.0,9858,12.6,0.0,12.723,-1.57,1.0,49,CNY-12.26,CNY
RFUD,2025-10-27,CRZ6,12.769,12.464,12.769,12.72,125460216.0,891197.0,71.0,9864,12.719,0.0,12.552,0.95,1.0,33,CNY-12.26,CNY
RFUD,2025-10-28,CRZ6,12.723,12.565,12.769,12.644,125428480.0,1166388.0,92.0,9920,12.644,0.0,12.678,-0.6,1.0,33,CNY-12.26,CNY
RFUD,2025-10-29,CRZ6,12.602,12.558,12.72,12.707,126129682.0,644840.0,51.0,9926,12.707,0.0,12.644,0.5,5.0,15,CNY-12.26,CNY
RFUD,2025-10-30,CRZ6,12.715,12.62,12.819,12.785,127108470.0,1881848.0,148.0,9942,12.785,0.0,12.715,0.61,3.0,44,CNY-12.26,CNY
RFUD,2025-10-31,CRZ6,12.795,12.622,12.823,12.749,126750558.0,1020218.0,80.0,9942,12.749,0.0,12.753,-0.28,1.0,29,CNY-12.26,CNY
RFUD,2025-11-01,CRZ6,12.653,12.564,12.653,12.621,126805500.0,2696473.0,214.0,10044,12.625,0.0,12.6,-1.0,5.0,64,CNY-12.26,CNY
RFUD,2025-11-03,CRZ6,12.7,12.559,12.7,12.56,126378720.0,314922.0,25.0,10062,12.56,0.0,12.597,-0.48,4.0,11,CNY-12.26,CNY
RFUD,2025-11-05,CRZ6,12.559,12.559,12.82,12.82,128764080.0,1091445.0,86.0,10044,12.82,0.0,12.691,2.07,2.0,28,CNY-12.26,CNY
RFUD,2025-11-06,CRZ6,12.792,12.705,12.807,12.705,128022936.0,893383.0,70.0,10056,12.731,0.0,12.763,-0.9,1.0,23,CNY-12.26,CNY
RFUD,2025-11-07,CRZ6,12.743,12.623,12.743,12.67,128245740.0,976220.0,77.0,10122,12.67,0.0,12.678,-0.27,8.0,29,CNY-12.26,CNY
RFUD,2025-11-10,CRZ6,12.67,12.67,12.749,12.73,126332520.0,3024522.0,238.0,9924,12.73,0.0,12.708,0.47,13.0,47,CNY-12.26,CNY
RFUD,2025-11-11,CRZ6,12.724,12.421,12.822,12.69,125453340.0,3421853.0,270.0,9886,12.69,0.0,12.674,-0.31,1.0,77,CNY-12.26,CNY
RFUD,2025-11-12,CRZ6,12.68,12.68,12.732,12.732,125817624.0,546537.0,43.0,9882,12.732,0.0,12.71,0.33,4.0,13,CNY-12.26,CNY
RFUD,2025-11-13,CRZ6,12.744,12.6,12.744,12.67,125382320.0,303784.0,24.0,9896,12.67,0.0,12.658,-0.49,2.0,16,CNY-12.26,CNY
RFUD,2025-11-14,CRZ6,12.695,12.67,12.726,12.72,126436800.0,775236.0,61.0,9940,12.72,0.0,12.709,0.4,8.0,19,CNY-12.26,CNY
RFUD,2025-11-17,CRZ6,12.76,12.695,12.872,12.72,126039668.0,1187094.0,93.0,9908,12.721,0.0,12.764,0.0,5.0,24,CNY-12.26,CNY
RFUD,2025-11-18,CRZ6,12.721,12.68,12.807,12.797,126703872.0,1463330.0,115.0,9936,12.752,0.0,12.725,0.6,1.0,30,CNY-12.26,CNY
RFUD,2025-11-19,CRZ6,12.748,12.55,12.89,12.653,124775104.0,1712705.0,135.0,9928,12.568,0.0,12.687,-1.12,1.0,41,CNY-12.26,CNY
RFUD,2025-11-20,CRZ6,12.575,12.41,12.626,12.531,143520000.0,15044042.0,1203.0,11500,12.48,0.0,12.505,-0.96,1.0,204,CNY-12.26,CNY
RFUD,2025-11-21,CRZ6,12.445,12.183,12.512,12.329,145136988.0,11938407.0,968.0,11772,12.329,0.0,12.333,-1.61,2.0,194,CNY-12.26,CNY
RFUD,2025-11-24,CRZ6,12.269,12.24,12.318,12.266,144297224.0,761026.0,62.0,11764,12.266,0.0,12.275,-0.51,1.0,28,CNY-12.26,CNY
RFUD,2025-11-25,CRZ6,12.24,12.209,12.426,12.285,148132530.0,4042018.0,328.0,12058,12.285,0.0,12.323,0.15,1.0,79,CNY-12.26,CNY
RFUD,2025-11-26,CRZ6,12.265,12.223,12.386,12.319,148421416.0,723842.0,59.0,12056,12.311,0.0,12.269,0.28,5.0,24,CNY-12.26,CNY
RFUD,2025-11-27,CRZ6,12.321,12.166,12.399,12.249,162310496.0,11341773.0,924.0,13252,12.248,0.0,12.275,-0.57,1.0,84,CNY-12.26,CNY
RFUD,2025-11-28,CRZ6,12.25,12.103,12.3,12.12,165960732.0,5697508.0,468.0,13692,12.121,0.0,12.174,-1.05,4.0,137,CNY-12.26,CNY
RFUD,2025-12-01,CRZ6,12.121,12.092,12.201,12.201,167603600.0,1273874.0,105.0,13738,12.2,0.0,12.132,0.67,4.0,41,CNY-12.26,CNY
RFUD,2025-12-02,CRZ6,12.122,12.069,12.293,12.204,175688784.0,5594329.0,462.0,14396,12.204,0.0,12.109,0.03,1.0,106,CNY-12.26,CNY
RFUD,2025-12-03,CRZ6,12.205,11.946,12.37,11.978,177380060.0,7682159.0,632.0,14794,11.99,0.0,12.155,-1.85,19.0,132,CNY-12.26,CNY
RFUD,2025-12-04,CRZ6,11.98,11.81,12.068,11.919,184077036.0,8150610.0,681.0,15444,11.919,0.0,11.969,-0.49,1.0,135,CNY-12.26,CNY
RFUD,2025-12-05,CRZ6,11.918,11.79,12.037,11.965,185418072.0,3408494.0,287.0,15498,11.964,0.0,11.876,0.39,2.0,95,CNY-12.26,CNY
RFUD,2025-12-08,CRZ6,11.97,11.808,12.216,11.972,201009880.0,18267904.0,1515.0,16790,11.972,0.0,12.058,0.06,1.0,245,CNY-12.26,CNY
RFUD,2025-12-09,CRZ6,12.005,11.985,12.2,12.099,216233328.0,9801228.0,811.0,17872,12.099,0.0,12.085,1.06,4.0,107,CNY-12.26,CNY
RFUD,2025-12-10,CRZ6,12.1,12.061,12.31,12.31,226454760.0,7634017.0,628.0,18396,12.31,0.0,12.156,1.74,3.0,153,CNY-12.26,CNY
RFUD,2025-12-11,CRZ6,12.302,12.3,12.59,12.521,232815016.0,8348333.0,673.0,18676,12.466,0.0,12.405,1.71,1.0,128,CNY-12.26,CNY
RFUD,2025-12-12,CRZ6,12.424,12.189,12.587,12.357,245261736.0,14154645.0,1139.0,19848,12.357,0.0,12.427,-1.31,2.0,256,CNY-12.26,CNY
RFUD,2025-12-15,CRZ6,12.378,12.304,12.448,12.37,245143712.0,2376459.0,192.0,19792,12.386,0.0,12.377,0.1,2.0,87,CNY-12.26,CNY
RFUD,2025-12-16,CRZ6,12.426,12.295,12.661,12.41,245593900.0,7186425.0,577.0,19790,12.41,0.0,12.455,0.32,1.0,202,CNY-12.26,CNY
RFUD,2025-12-17,CRZ6,12.398,12.39,12.597,12.571,249257788.0,3260057.0,261.0,19828,12.571,0.0,12.491,1.3,1.0,111,CNY-12.26,CNY
RFUD,2025-12-18,CRZ6,12.585,12.47,12.6,12.531,249196640.0,8797893.0,703.0,19888,12.53,0.0,12.515,-0.32,1.0,201,CNY-12.26,CNY
RFUD,2025-12-19,CRZ6,12.539,12.443,12.704,12.49,252997440.0,17086475.0,1358.0,20256,12.49,0.0,12.582,-0.33,18.0,402,CNY-12.26,CNY
RFUD,2025-12-22,CRZ6,12.521,12.299,12.521,12.332,252215604.0,12280444.0,993.0,20502,12.302,0.0,12.367,-1.26,1.0,309,CNY-12.26,CNY
RFUD,2025-12-23,CRZ6,12.299,12.257,12.384,12.309,252211410.0,2882798.0,234.0,20490,12.309,0.0,12.32,-0.19,2.0,83,CNY-12.26,CNY
RFUD,2025-12-24,CRZ6,12.291,12.175,12.455,12.345,259121550.0,10291298.0,832.0,20990,12.345,0.0,12.369,0.29,1.0,298,CNY-12.26,CNY
RFUD,2025-12-25,CRZ6,12.359,12.2,12.36,12.227,257818522.0,3342340.0,272.0,21086,12.227,0.0,12.288,-0.96,1.0,111,CNY-12.26,CNY
RFUD,2025-12-26,CRZ6,12.233,12.121,12.366,12.208,260616384.0,9676578.0,794.0,21348,12.208,0.0,12.187,-0.15,1.0,343,CNY-12.26,CNY
RFUD,2025-12-29,CRZ6,12.187,12.186,12.363,12.297,261803130.0,6368414.0,520.0,21290,12.297,0.0,12.247,0.73,1.0,173,CNY-12.26,CNY
RFUD,2025-12-30,CRZ6,12.303,12.255,12.428,12.358,261371700.0,3154259.0,256.0,21150,12.358,0.0,12.321,0.5,8.0,84,CNY-12.26,CNY
RFUD,2026-01-05,CRZ6,12.373,12.343,12.566,12.548,265741544.0,3753238.0,301.0,21178,12.548,0.0,12.469,1.54,3.0,98,CNY-12.26,CNY
RFUD,2026-01-06,CRZ6,12.566,12.452,12.566,12.454,264448236.0,2316619.0,185.0,21234,12.454,0.0,12.522,-0.75,1.0,76,CNY-12.26,CNY
RFUD,2026-01-08,CRZ6,12.485,12.47,12.599,12.493,262203084.0,9543460.0,762.0,20988,12.493,0.0,12.524,0.31,2.0,205,CNY-12.26,CNY
RFUD,2026-01-09,CRZ6,12.502,12.408,12.524,12.422,261142920.0,647154.0,52.0,21026,12.42,0.0,12.445,-0.57,3.0,23,CNY-12.26,CNY
RFUD,2026-01-12,CRZ6,12.423,12.423,12.56,12.459,263239680.0,2119822.0,170.0,21120,12.464,0.0,12.47,0.3,2.0,65,CNY-12.26,CNY
RFUD,2026-01-13,CRZ6,12.449,12.287,12.492,12.444,295248660.0,23346681.0,1879.0,23730,12.442,0.0,12.425,-0.12,1.0,239,CNY-12.26,CNY
RFUD,2026-01-14,CRZ6,12.43,12.308,12.541,12.374,307912126.0,9497833.0,766.0,24914,12.359,0.0,12.399,-0.56,6.0,133,CNY-12.26,CNY
RFUD,2026-01-15,CRZ6,12.367,12.286,12.439,12.32,311548160.0,4439006.0,359.0,25288,12.32,0.0,12.365,-0.44,3.0,73,CNY-12.26,CNY
RFUD,2026-01-16,CRZ6,12.327,12.248,12.336,12.318,317657734.0,4840361.0,394.0,25786,12.319,0.0,12.285,-0.02,1.0,98,CNY-12.26,CNY
RFUD,2026-01-19,CRZ6,12.317,12.274,12.346,12.278,316930878.0,2644008.0,215.0,25794,12.287,0.0,12.298,-0.33,1.0,69,CNY-12.26,CNY
RFUD,2026-01-20,CRZ6,12.293,12.272,12.347,12.303,319827396.0,2705740.0,220.0,25998,12.302,0.0,12.299,0.2,2.0,53,CNY-12.26,CNY
RFUD,2026-01-21,CRZ6,12.303,12.105,12.315,12.105,310662720.0,21505427.0,1765.0,25664,12.105,0.0,12.184,-1.61,1.0,393,CNY-12.26,CNY
RFUD,2026-01-22,CRZ6,12.081,11.926,12.142,11.958,344579436.0,28549433.0,2375.0,28852,11.943,0.0,12.021,-1.21,1.0,409,CNY-12.26,CNY
RFUD,2026-01-23,CRZ6,11.953,11.92,12.025,11.985,348806304.0,3532611.0,295.0,29106,11.984,0.0,11.975,0.23,1.0,103,CNY-12.26,CNY
RFUD,2026-01-26,CRZ6,11.975,11.934,12.142,12.139,353967808.0,4631356.0,385.0,29186,12.128,0.0,12.029,1.29,3.0,161,CNY-12.26,CNY
RFUD,2026-01-27,CRZ6,12.122,12.045,12.162,12.045,353761650.0,2931579.0,242.0,29370,12.045,0.0,12.114,-0.77,1.0,109,CNY-12.26,CNY
RFUD,2026-01-28,CRZ6,12.051,12.007,12.114,12.077,357020274.0,4433774.0,367.0,29562,12.077,0.0,12.081,0.27,2.0,108,CNY-12.26,CNY
RFUD,2026-01-29,CRZ6,12.071,11.887,12.09,11.91,358460900.0,11799195.0,986.0,30100,11.909,0.0,11.967,-1.38,3.0,262,CNY-12.26,CNY
RFUD,2026-01-30,CRZ6,11.891,11.891,12.1,12.058,365043892.0,8707254.0,726.0,30274,12.058,0.0,11.993,1.24,2.0,213,CNY-12.26,CNY
RFUD,2026-02-02,CRZ6,12.058,12.032,12.253,12.137,369668746.0,5472070.0,450.0,30458,12.137,0.0,12.16,0.66,6.0,188,CNY-12.26,CNY
RFUD,2026-02-03,CRZ6,12.167,12.13,12.21,12.2,368318000.0,3491806.0,287.0,30190,12.2,0.0,12.167,0.52,2.0,64,CNY-12.26,CNY
RFUD,2026-02-04,CRZ6,12.214,12.004,12.249,12.039,362951772.0,11124078.0,914.0,30148,12.039,0.0,12.171,-1.32,2.0,254,CNY-12.26,CNY
RFUD,2026-02-05,CRZ6,12.04,11.995,12.141,12.078,366325740.0,6037717.0,499.0,30330,12.078,0.0,12.1,0.32,2.0,145,CNY-12.26,CNY
RFUD,2026-02-06,CRZ6,12.092,12.021,12.161,12.107,368698648.0,9783618.0,810.0,30476,12.098,0.0,12.079,0.24,1.0,168,CNY-12.26,CNY
RFUD,2026-02-09,CRZ6,12.1,12.059,12.194,12.145,378559650.0,6681936.0,550.0,31170,12.145,0.0,12.149,0.31,1.0,108,CNY-12.26,CNY
RFUD,2026-02-10,CRZ6,12.141,12.111,12.167,12.142,374556416.0,6085289.0,501.0,30848,12.142,0.0,12.146,-0.03,1.0,115,CNY-12.26,CNY
RFUD,2026-02-11,CRZ6,12.142,12.084,12.173,12.122,373492242.0,1054705.0,87.0,30834,12.113,0.0,12.123,-0.17,2.0,30,CNY-12.26,CNY
RFUD,2026-02-12,CRZ6,12.134,12.108,12.155,12.15,376170040.0,2523259.0,208.0,30986,12.14,0.0,12.131,0.23,5.0,81,CNY-12.26,CNY
RFUD,2026-02-13,CRZ6,12.084,12.023,12.15,12.023,375413328.0,7323350.0,606.0,31222,12.024,0.0,12.085,-1.04,5.0,200,CNY-12.26,CNY
RFUD,2026-02-16,CRZ6,12.024,11.999,12.061,12.061,377340446.0,4963981.0,413.0,31286,12.061,0.0,12.019,0.32,1.0,114,CNY-12.26,CNY
RFUD,2026-02-17,CRZ6,12.043,11.94,12.051,11.95,377070300.0,4414133.0,368.0,31554,11.95,0.0,11.995,-0.92,1.0,193,CNY-12.26,CNY
RFUD,2026-02-18,CRZ6,11.95,11.859,12.059,12.0,387984000.0,15493668.0,1299.0,32332,12.0,0.0,11.927,0.42,1.0,530,CNY-12.26,CNY
RFUD,2026-02-19,CRZ6,11.996,11.85,12.001,11.861,412085880.0,22644334.0,1901.0,34740,11.862,0.0,11.912,-1.16,7.0,251,CNY-12.26,CNY
RFUD,2026-02-20,CRZ6,11.869,11.868,11.952,11.915,417085312.0,3653660.0,307.0,35008,11.914,0.0,11.901,0.46,20.0,88,CNY-12.26,CNY
RFUD,2026-02-24,CRZ6,11.916,11.837,11.95,11.837,419230932.0,6658540.0,560.0,35414,11.838,0.0,11.89,-0.66,2.0,134,CNY-12.26,CNY
RFUD,2026-02-25,CRZ6,11.85,11.845,12.153,12.084,433279644.0,11829151.0,988.0,35826,12.094,0.0,11.973,2.09,1.0,326,CNY-12.26,CNY
RFUD,2026-02-26,CRZ6,12.117,11.898,12.177,11.968,465411584.0,30965666.0,2580.0,38888,11.968,0.0,12.002,-0.96,4.0,477,CNY-12.26,CNY
RFUD,2026-02-27,CRZ6,11.958,11.951,12.056,11.982,467609532.0,6291350.0,524.0,39026,11.982,0.0,12.007,0.12,2.0,173,CNY-12.26,CNY
RFUD,2026-03-02,CRZ6,11.962,11.907,12.156,12.055,470597332.0,6320584.0,526.0,39044,12.053,0.0,12.017,0.61,5.0,228,CNY-12.26,CNY
RFUD,2026-03-03,CRZ6,12.039,11.997,12.081,12.015,468416790.0,15604517.0,1296.0,38986,12.015,0.0,12.041,-0.33,1.0,469,CNY-12.26,CNY
RFUD,2026-03-04,CRZ6,12.1,12.01,12.206,12.141,481293522.0,9973984.0,823.0,39642,12.141,0.0,12.119,1.05,2.0,223,CNY-12.26,CNY
RFUD,2026-03-05,CRZ6,12.155,12.145,12.268,12.259,485015076.0,21307433.0,1743.0,39564,12.259,0.0,12.225,0.97,1.0,282,CNY-12.26,CNY
RFUD,2026-03-06,CRZ6,12.269,12.203,12.36,12.203,532748400.0,43981548.0,3580.0,43600,12.219,0.0,12.285,-0.46,1.0,419,CNY-12.26,CNY
RFUD,2026-03-09,CRZ6,12.224,12.074,12.237,12.108,528960036.0,6255144.0,515.0,43676,12.111,0.0,12.146,-0.78,1.0,156,CNY-12.26,CNY
RFUD,2026-03-10,CRZ6,12.168,12.106,12.353,12.316,534076920.0,13244044.0,1080.0,43368,12.315,0.0,12.263,1.72,3.0,252,CNY-12.26,CNY
RFUD,2026-03-11,CRZ6,12.324,12.294,12.396,12.32,534737280.0,6344545.0,515.0,43404,12.32,0.0,12.319,0.03,1.0,145,CNY-12.26,CNY
RFUD,2026-03-12,CRZ6,12.313,12.29,12.36,12.36,534885102.0,10326247.0,838.0,43286,12.357,0.0,12.322,0.33,1.0,231,CNY-12.26,CNY
RFUD,2026-03-13,CRZ6,12.351,12.35,12.475,12.446,552303696.0,46680079.0,3766.0,44376,12.446,0.0,12.395,0.7,1.0,455,CNY-12.26,CNY
RFUD,2026-03-16,CRZ6,12.454,12.377,12.507,12.406,833459892.0,192735021.0,15505.0,67182,12.406,0.0,12.43,-0.32,1.0,1281,CNY-12.26,CNY
RFUD,2026-03-17,CRZ6,12.41,12.192,12.528,12.48,1014891920.0,112534808.0,9029.0,81452,12.46,0.0,12.464,0.6,6.0,1160,CNY-12.26,CNY
RFUD,2026-03-18,CRZ6,12.477,12.244,12.563,12.36,1783251360.0,457668251.0,37040.0,144276,12.36,0.0,12.356,-0.96,4.0,1988,CNY-12.26,CNY
RFUD,2026-03-19,CRZ6,12.352,12.351,12.65,12.568,1874441792.0,146228267.0,11678.0,149144,12.568,0.0,12.522,1.68,4.0,2024,CNY-12.26,CNY
RFUD,2026-03-20,CRZ6,12.563,12.401,12.637,12.42,2276678800.0,415335443.0,33030.0,183160,12.43,0.0,12.575,-1.18,2.0,2006,CNY-12.26,CNY
RFUD,2026-03-23,CRZ6,12.411,12.221,12.498,12.254,2320897824.0,91112377.0,7388.0,188064,12.341,0.0,12.331,-1.34,1.0,1374,CNY-12.26,CNY
RFUD,2026-03-24,CRZ6,12.21,12.05,12.25,12.099,2268799560.0,215774835.0,17800.0,188126,12.06,0.0,12.113,-1.27,5.0,1701,CNY-12.26,CNY
RFUD,2026-03-25,CRZ6,12.031,12.031,12.25,12.214,2303763072.0,42532412.0,3510.0,188864,12.198,0.0,12.126,0.95,2.0,937,CNY-12.26,CNY
RFUD,2026-03-26,CRZ6,12.22,11.848,12.346,11.958,2755269452.0,577402915.0,48274.0,231886,11.882,0.0,11.956,-2.1,1.0,3395,CNY-12.26,CNY
RFUD,2026-03-27,CRZ6,11.951,11.842,12.045,12.023,3720573128.0,703697365.0,58968.0,309326,12.028,0.0,11.935,0.54,1.0,2849,CNY-12.26,CNY
RFUD,2026-03-30,CRZ6,12.011,11.978,12.114,12.069,4707848488.0,640008989.0,53260.0,389368,12.091,0.0,12.017,0.38,1.0,2355,CNY-12.26,CNY
RFUD,2026-03-31,CRZ6,12.065,12.065,12.248,12.199,4943630538.0,283171232.0,23210.0,406582,12.159,0.0,12.201,1.08,1.0,1341,CNY-12.26,CNY
RFUD,2026-04-01,CRZ6,12.183,12.008,12.202,12.062,4884386352.0,101987109.0,8439.0,405276,12.052,0.0,12.073,-1.12,4.0,973,CNY-12.26,CNY
RFUD,2026-04-02,CRZ6,12.021,11.923,12.05,11.964,4842753152.0,102986774.0,8588.0,404608,11.969,0.0,11.98,-0.81,1.0,843,CNY-12.26,CNY
RFUD,2026-04-03,CRZ6,12.383,11.871,12.383,11.887,4810980320.0,126449920.0,10602.0,404420,11.896,0.0,11.924,-0.64,5.0,895,CNY-12.26,CNY
RFUD,2026-04-06,CRZ6,11.872,11.809,11.92,11.894,4808932968.0,66793669.0,5631.0,404588,11.886,0.0,11.862,0.06,1.0,675,CNY-12.26,CNY
RFUD,2026-04-07,CRZ6,11.895,11.801,11.927,11.856,4763681664.0,43841783.0,3693.0,402304,11.841,0.0,11.871,-0.32,1.0,558,CNY-12.26,CNY
RFUD,2026-04-08,CRZ6,11.865,11.865,11.944,11.916,4799701460.0,38950063.0,3270.0,402322,11.93,0.0,11.912,0.51,5.0,556,CNY-12.26,CNY
RFUD,2026-04-09,CRZ6,11.91,11.8,11.915,11.819,4759327264.0,72100161.0,6084.0,402208,11.833,0.0,11.849,-0.81,1.0,706,CNY-12.26,CNY
RFUD,2026-04-10,CRZ6,11.793,11.744,11.82,11.774,4737377920.0,104362321.0,8863.0,402496,11.77,0.0,11.771,-0.38,1.0,802,CNY-12.26,CNY
RFUD,2026-04-13,CRZ6,11.733,11.645,11.746,11.681,4702653060.0,80563999.0,6898.0,402108,11.695,0.0,11.679,-0.79,1.0,779,CNY-12.26,CNY
RFUD,2026-04-14,CRZ6,11.67,11.534,11.699,11.555,4655702174.0,85954609.0,7404.0,403126,11.549,0.0,11.6,-1.08,2.0,907,CNY-12.26,CNY
RFUD,2026-04-15,CRZ6,11.555,11.482,11.659,11.6,4680498074.0,108356143.0,9371.0,403526,11.599,0.0,11.564,0.39,1.0,1193,CNY-12.26,CNY
RFUD,2026-04-16,CRZ6,11.608,11.565,11.772,11.679,4715132980.0,110323881.0,9446.0,404212,11.665,0.0,11.681,0.68,1.0,1122,CNY-12.26,CNY
RFUD,2026-04-17,CRZ6,11.75,11.617,11.75,11.668,4708936960.0,73227042.0,6283.0,404270,11.648,0.0,11.655,-0.09,10.0,632,CNY-12.26,CNY
RFUD,2026-04-20,CRZ6,11.623,11.52,11.63,11.529,4714855980.0,78464299.0,6777.0,408036,11.555,0.0,11.571,-1.19,2.0,806,CNY-12.26,CNY
RFUD,2026-04-21,CRZ6,11.545,11.45,11.55,11.493,4695862432.0,50383364.0,4386.0,408976,11.482,0.0,11.487,-0.31,1.0,873,CNY-12.26,CNY
RFUD,2026-04-22,CRZ6,11.467,11.416,11.593,11.495,4689212640.0,89322367.0,7770.0,408468,11.48,0.0,11.497,0.02,1.0,937,CNY-12.26,CNY
RFUD,2026-04-23,CRZ6,11.457,11.453,11.671,11.648,4770494896.0,109959755.0,9505.0,410224,11.629,0.0,11.575,1.33,5.0,1549,CNY-12.26,CNY
RFUD,2026-04-24,CRZ6,11.658,11.534,11.703,11.539,4729374540.0,48292267.0,4167.0,409860,11.539,0.0,11.589,-0.94,1.0,778,CNY-12.26,CNY
RFUD,2026-04-27,CRZ6,11.533,11.491,11.546,11.515,4712483248.0,35025365.0,3040.0,409354,11.512,0.0,11.518,-0.21,1.0,680,CNY-12.26,CNY
RFUD,2026-04-28,CRZ6,11.506,11.455,11.614,11.583,4767122646.0,74662721.0,6469.0,411562,11.583,0.0,11.542,0.59,1.0,1054,CNY-12.26,CNY
RFUD,2026-04-29,CRZ6,11.699,11.5,11.699,11.54,4751720540.0,44313809.0,3831.0,412118,11.53,0.0,11.566,-0.37,1.0,749,CNY-12.26,CNY
RFUD,2026-04-30,CRZ6,11.528,11.522,11.611,11.596,4765447920.0,31064257.0,2685.0,411524,11.58,0.0,11.57,0.49,1.0,486,CNY-12.26,CNY
RFUD,2026-05-04,CRZ6,11.601,11.573,11.672,11.643,4797968616.0,73467786.0,6318.0,412622,11.628,0.0,11.629,0.41,3.0,1052,CNY-12.26,CNY
RFUD,2026-05-05,CRZ6,11.652,11.595,11.666,11.647,4795037108.0,41131732.0,3537.0,411874,11.642,0.0,11.629,0.03,1.0,638,CNY-12.26,CNY
RFUD,2026-05-06,CRZ6,11.661,11.459,11.68,11.478,4659024678.0,201849760.0,17507.0,406086,11.473,0.0,11.53,-1.45,8.0,2940,CNY-12.26,CNY
RFUD,2026-05-07,CRZ6,11.464,11.464,11.539,11.521,4692410016.0,179988024.0,15639.0,407752,11.508,0.0,11.51,0.38,82.0,1164,CNY-12.26,CNY
RFUD,2026-05-08,CRZ6,11.525,11.451,11.527,11.461,4653632368.0,103895086.0,9054.0,405616,11.473,0.0,11.474,-0.52,1.0,979,CNY-12.26,CNY
RFUD,2026-05-11,CRZ6,11.45,11.343,11.474,11.367,4605262500.0,125642232.0,11032.0,405750,11.35,0.0,11.388,-0.82,1.0,1520,CNY-12.26,CNY
RFUD,2026-05-12,CRZ6,11.405,11.344,11.44,11.402,4650705408.0,68927039.0,6048.0,408064,11.397,0.0,11.398,0.31,21.0,1142,CNY-12.26,CNY
RFUD,2026-05-13,CRZ6,11.398,11.315,11.409,11.367,4609451168.0,178361266.0,15691.0,405476,11.368,0.0,11.36,-0.31,1.0,1750,CNY-12.26,CNY
RFUD,2026-05-14,CRZ6,11.39,11.316,11.39,11.325,4591400440.0,80532933.0,7102.0,405064,11.335,0.0,11.339,-0.37,1.0,752,CNY-12.26,CNY
RFUD,2026-05-15,CRZ6,11.315,11.263,11.332,11.27,4618370400.0,100519441.0,8902.0,409430,11.28,0.0,11.292,-0.49,1.0,1256,CNY-12.26,CNY
RFUD,2026-05-18,CRZ6,11.27,11.162,11.27,11.175,4604418364.0,152066815.0,13566.0,410852,11.207,0.0,11.209,-0.84,1.0,1557,CNY-12.26,CNY
RFUD,2026-05-19,CRZ6,11.178,10.905,11.179,10.915,4565409794.0,336935658.0,30510.0,416438,10.963,0.0,11.042,-2.33,10.0,3474,CNY-12.26,CNY
RFUD,2026-05-20,CRZ6,10.905,10.855,11.138,11.073,4689392628.0,209130033.0,19018.0,423154,11.082,0.0,10.997,1.45,1.0,2459,CNY-12.26,CNY
RFUD,2026-05-21,CRZ6,11.141,10.962,11.141,11.051,4668946590.0,108089236.0,9813.0,422338,11.055,0.0,11.015,-0.2,2.0,1255,CNY-12.26,CNY
RFUD,2026-05-22,CRZ6,11.06,11.049,11.189,11.155,4700005970.0,82435586.0,7413.0,421790,11.143,0.0,11.12,0.94,13.0,1386,CNY-12.26,CNY
RFUD,2026-05-25,CRZ6,11.19,11.13,11.267,11.244,4806538720.0,178354662.0,15931.0,427628,11.24,0.0,11.196,0.8,3.0,1978,CNY-12.26,CNY
RFUD,2026-05-26,CRZ6,11.25,11.052,11.259,11.091,4737520650.0,171584008.0,15395.0,427150,11.091,0.0,11.144,-1.36,2.0,2134,CNY-12.26,CNY
RFUD,2026-05-27,CRZ6,11.112,11.033,11.141,11.066,4840190208.0,284575888.0,25715.0,437472,11.064,0.0,11.066,-0.23,1.0,2097,CNY-12.26,CNY
RFUD,2026-05-28,CRZ6,11.044,10.994,11.114,11.109,4760694120.0,777482344.0,70445.0,430248,11.065,0.0,11.036,0.39,1.0,2827,CNY-12.26,CNY
RFUD,2026-05-29,CRZ6,11.137,11.032,11.156,11.066,4857022324.0,260968980.0,23555.0,438914,11.066,0.0,11.079,-0.39,3.0,2036,CNY-12.26,CNY
RFUD,2026-06-01,CRZ6,11.072,11.062,11.191,11.147,4924120368.0,173284596.0,15577.0,441744,11.147,0.0,11.126,0.73,18.0,2062,CNY-12.26,CNY
RFUD,2026-06-02,CRZ6,11.167,11.153,11.331,11.324,5011303010.0,192294747.0,17083.0,443282,11.305,0.0,11.257,1.59,11.0,1997,CNY-12.26,CNY
RFUD,2026-06-03,CRZ6,11.32,11.197,11.46,11.386,5015428128.0,436281316.0,38568.0,440878,11.376,0.0,11.313,0.55,1.0,4244,CNY-12.26,CNY
RFUD,2026-06-04,CRZ6,11.392,11.335,11.519,11.35,5278630194.0,422564128.0,36905.0,464382,11.367,0.0,11.45,-0.32,1.0,3998,CNY-12.26,CNY
RFUD,2026-06-05,CRZ6,11.365,11.351,11.421,11.391,5364879950.0,157935928.0,13864.0,470810,11.395,0.0,11.392,0.36,1.0,1611,CNY-12.26,CNY
RFUD,2026-06-08,CRZ6,11.4,11.193,11.416,11.198,5316777862.0,211846039.0,18759.0,473402,11.231,0.0,11.292,-1.69,1.0,2577,CNY-12.26,CNY
RFUD,2026-06-09,CRZ6,11.196,11.06,11.243,11.079,5563924672.0,478042449.0,42924.0,501616,11.092,0.0,11.136,-1.06,1.0,4258,CNY-12.26,CNY
RFUD,2026-06-10,CRZ6,11.092,11.005,11.182,11.152,6316696230.0,624341583.0,56102.0,566774,11.145,0.0,11.129,0.66,2.0,5862,CNY-12.26,CNY
RFUD,2026-06-11,CRZ6,11.147,11.085,11.188,11.162,6378578856.0,213617482.0,19189.0,573768,11.117,0.0,11.132,0.09,4.0,2679,CNY-12.26,CNY
RFUD,2026-06-15,CRZ6,11.21,11.203,11.283,11.221,7018895860.0,531513477.0,47289.0,625180,11.227,0.0,11.24,0.53,2.0,5761,CNY-12.26,CNY
RFUD,2026-06-16,CRZ6,11.23,11.161,11.3,11.299,7388282000.0,527674555.0,46955.0,655280,11.275,0.0,11.238,0.7,1.0,4942,CNY-12.26,CNY
RFUD,2026-06-17,CRZ6,11.302,11.259,11.36,11.329,7893666858.0,616031009.0,54438.0,697382,11.319,0.0,11.316,0.27,16.0,4622,CNY-12.26,CNY
RFUD,2026-06-18,CRZ6,11.33,11.284,11.395,11.346,8858647616.0,1737781661.0,153212.0,784576,11.291,0.0,11.342,0.15,3.0,9284,CNY-12.26,CNY
RFUD,2026-06-19,CRZ6,11.36,11.227,11.36,11.326,9146039200.0,719434174.0,63659.0,809384,11.3,0.0,11.302,-0.18,21.0,6489,CNY-12.26,CNY
RFUD,2026-06-22,CRZ6,11.333,11.279,11.539,11.53,10974988350.0,2776766816.0,243573.0,956426,11.475,0.0,11.401,1.8,1.0,15741,CNY-12.26,CNY
RFUD,2026-06-23,CRZ6,11.53,11.375,11.576,11.412,14563860080.0,3698023622.0,322991.0,1277980,11.396,0.0,11.449,-1.02,1.0,18121,CNY-12.26,CNY
RFUD,2026-06-24,CRZ6,11.412,11.398,11.488,11.459,16201520336.0,3201949039.0,279667.0,1413992,11.458,0.0,11.45,0.41,19.0,16586,CNY-12.26,CNY
RFUD,2026-06-25,CRZ6,11.477,11.463,11.714,11.696,18496182784.0,2992198334.0,258354.0,1581952,11.692,0.0,11.583,2.07,5.0,14817,CNY-12.26,CNY
RFUD,2026-06-26,CRZ6,11.696,11.696,12.131,11.976,21994961840.0,5426971049.0,456230.0,1836280,11.978,0.0,11.908,2.39,49.0,29691,CNY-12.26,CNY
RFUD,2026-06-29,CRZ6,11.976,11.758,12.093,11.867,23222887772.0,2152969817.0,180435.0,1959572,11.851,0.0,11.924,-0.91,1.0,10813,CNY-12.26,CNY
RFUD,2026-06-30,CRZ6,11.879,11.844,12.17,12.167,25104724572.0,2729159397.0,227246.0,2070322,12.126,0.0,12.011,2.53,1.0,14334,CNY-12.26,CNY
RFUD,2026-07-01,CRZ6,12.154,11.892,12.205,11.94,25529233020.0,1623158244.0,135368.0,2135444,11.955,0.0,11.989,-1.87,1.0,7594,CNY-12.26,CNY
RFUD,2026-07-02,CRZ6,11.951,11.855,12.015,11.936,26194366224.0,1251424763.0,104854.0,2195856,11.929,0.0,11.932,-0.03,49.0,5069,CNY-12.26,CNY
RFUD,2026-07-03,CRZ6,11.938,11.771,11.985,11.955,26041345668.0,1229247122.0,103673.0,2177188,11.961,0.0,11.857,0.16,3.0,5400,CNY-12.26,CNY
RFUD,2026-07-06,CRZ6,11.909,11.604,12.022,11.628,25967652572.0,1378867636.0,116771.0,2228218,11.654,0.0,11.806,-2.74,36.0,7401,CNY-12.26,CNY
RFUD,2026-07-07,CRZ6,11.63,11.563,11.78,11.701,27013317084.0,1498363771.0,128416.0,2306268,11.713,0.0,11.668,0.63,4.0,7159,CNY-12.26,CNY
RFUD,2026-07-08,CRZ6,11.744,11.57,11.751,11.581,27681743880.0,1694253872.0,145535.0,2382660,11.618,0.0,11.639,-1.03,10.0,9001,CNY-12.26,CNY
RFUD,2026-07-09,CRZ6,11.582,11.53,11.701,11.673,28444607680.0,2346770307.0,202228.0,2435326,11.68,0.0,11.604,0.79,2.0,9210,CNY-12.26,CNY
RFUD,2026-07-10,CRZ6,11.678,11.67,11.818,11.727,28546601048.0,1010203677.0,86097.0,2428258,11.756,0.0,11.734,0.46,1.0,7293,CNY-12.26,CNY
RFUD,2026-07-13,CRZ6,11.732,11.661,11.774,11.67,29010364768.0,1030116710.0,87885.0,2469808,11.746,0.0,11.716,-0.49,8.0,6075,CNY-12.26,CNY
RFUD,2026-07-14,CRZ6,11.67,11.62,11.934,11.923,29453236342.0,1458571762.0,123455.0,2475686,11.897,0.0,11.816,2.17,33.0,9937,CNY-12.26,CNY
RFUD,2026-07-15,CRZ6,11.923,11.826,11.987,11.865,29622462128.0,1037950283.0,87091.0,2499364,11.852,0.0,11.919,-0.49,5.0,8071,CNY-12.26,CNY
RFUD,2026-07-16,CRZ6,11.873,11.836,12.028,12.006,30359596760.0,925127077.0,77434.0,2530810,11.996,0.0,11.95,1.19,1.0,7891,CNY-12.26,CNY
RFUD,2026-07-17,CRZ6,12.012,11.874,12.036,11.984,30562832442.0,918309127.0,76820.0,2553926,11.967,0.0,11.952,-0.18,50.0,6782,CNY-12.26,CNY
RFUD,2026-03-06,CRU7,,,,,0.0,,,0,13.282,0.0,,,,0,CNY-9.27,CNY
RFUD,2026-03-09,CRU7,,,,,0.0,,,0,13.191,0.0,,,,0,CNY-9.27,CNY
RFUD,2026-03-10,CRU7,,,,,0.0,,,0,13.446,0.0,,,,0,CNY-9.27,CNY
RFUD,2026-03-11,CRU7,,,,,0.0,,,0,13.49,0.0,,,,0,CNY-9.27,CNY
RFUD,2026-03-12,CRU7,13.588,13.588,13.589,13.589,53384.0,27177.0,2.0,4,13.346,0.0,13.589,,1.0,2,CNY-9.27,CNY
RFUD,2026-03-13,CRU7,13.481,13.481,13.481,13.481,26978.0,26962.0,2.0,2,13.489,0.0,13.481,-0.8,1.0,2,CNY-9.27,CNY
RFUD,2026-03-16,CRU7,13.402,13.3,13.402,13.3,239418.0,119892.0,9.0,18,13.301,0.0,13.321,-1.34,1.0,5,CNY-9.27,CNY
RFUD,2026-03-17,CRU7,13.301,13.2,13.38,13.379,884136.0,346130.0,26.0,66,13.396,0.0,13.313,0.59,2.0,12,CNY-9.27,CNY
RFUD,2026-03-18,CRU7,13.232,13.143,13.38,13.207,2747056.0,2837619.0,214.0,208,13.207,0.0,13.26,-1.29,10.0,51,CNY-9.27,CNY
RFUD,2026-03-19,CRU7,13.262,13.117,13.6,13.253,3790358.0,5457379.0,409.0,286,13.253,0.0,13.343,0.35,3.0,123,CNY-9.27,CNY
RFUD,2026-03-20,CRU7,13.235,13.144,13.359,13.181,7724066.0,4847180.0,367.0,586,13.181,0.0,13.208,-0.54,2.0,78,CNY-9.27,CNY
RFUD,2026-03-23,CRU7,13.529,13.117,13.872,13.133,7839612.0,5381476.0,401.0,594,13.198,0.0,13.42,-0.36,3.0,92,CNY-9.27,CNY
RFUD,2026-03-24,CRU7,13.052,12.967,13.12,12.971,8195144.0,900489.0,69.0,632,12.967,0.0,13.051,-1.23,1.0,30,CNY-9.27,CNY
RFUD,2026-03-25,CRU7,13.055,13.055,13.055,13.055,8282360.0,39165.0,3.0,632,13.105,0.0,13.055,0.65,3.0,1,CNY-9.27,CNY
RFUD,2026-03-26,CRU7,13.242,12.636,13.242,12.689,11865292.0,6395488.0,501.0,932,12.731,0.0,12.765,-2.8,5.0,111,CNY-9.27,CNY
RFUD,2026-03-27,CRU7,12.621,12.576,12.75,12.749,12519432.0,1100672.0,87.0,984,12.723,0.0,12.651,0.47,1.0,30,CNY-9.27,CNY
RFUD,2026-03-30,CRU7,12.728,12.678,12.767,12.752,12530320.0,343102.0,27.0,982,12.76,0.0,12.707,0.02,1.0,12,CNY-9.27,CNY
RFUD,2026-03-31,CRU7,12.737,12.687,12.883,12.883,12446460.0,1179812.0,92.0,972,12.805,0.0,12.824,1.03,5.0,28,CNY-9.27,CNY
RFUD,2026-04-01,CRU7,12.799,12.65,12.799,12.667,12414640.0,507756.0,40.0,980,12.668,0.0,12.694,-1.68,4.0,13,CNY-9.27,CNY
RFUD,2026-04-02,CRU7,12.67,12.54,12.67,12.566,13722072.0,1563842.0,124.0,1092,12.566,0.0,12.612,-0.8,1.0,39,CNY-9.27,CNY
RFUD,2026-04-03,CRU7,12.572,12.44,12.582,12.44,13639080.0,1036193.0,83.0,1092,12.49,0.0,12.484,-1.0,2.0,17,CNY-9.27,CNY
RFUD,2026-04-06,CRU7,12.398,12.398,12.54,12.463,13364442.0,561247.0,45.0,1066,12.537,0.0,12.472,0.19,1.0,20,CNY-9.27,CNY
RFUD,2026-04-07,CRU7,12.497,12.419,12.497,12.42,13438440.0,447334.0,36.0,1082,12.42,0.0,12.426,-0.35,5.0,15,CNY-9.27,CNY
RFUD,2026-04-08,CRU7,12.379,12.379,12.53,12.465,13820576.0,661668.0,53.0,1106,12.496,0.0,12.484,0.36,1.0,18,CNY-9.27,CNY
RFUD,2026-04-09,CRU7,12.423,12.389,12.488,12.389,14012000.0,435008.0,35.0,1130,12.4,0.0,12.429,-0.61,9.0,13,CNY-9.27,CNY
RFUD,2026-04-10,CRU7,12.394,12.352,12.409,12.409,14468894.0,421150.0,34.0,1166,12.409,0.0,12.387,0.16,1.0,16,CNY-9.27,CNY
RFUD,2026-04-13,CRU7,12.346,12.263,12.346,12.329,14408550.0,369022.0,30.0,1170,12.315,0.0,12.301,-0.65,1.0,15,CNY-9.27,CNY
RFUD,2026-04-14,CRU7,12.287,12.19,12.287,12.226,14500036.0,183404.0,15.0,1186,12.226,0.0,12.227,-0.84,7.0,7,CNY-9.27,CNY
RFUD,2026-04-15,CRU7,12.202,12.157,12.275,12.275,14823368.0,244370.0,20.0,1208,12.271,0.0,12.219,0.4,2.0,14,CNY-9.27,CNY
RFUD,2026-04-16,CRU7,12.305,12.305,12.532,12.532,15412800.0,286310.0,23.0,1248,12.35,0.0,12.448,2.09,4.0,9,CNY-9.27,CNY
RFUD,2026-04-17,CRU7,12.328,12.088,12.328,12.311,15485980.0,171527.0,14.0,1258,12.31,0.0,12.252,-1.76,1.0,6,CNY-9.27,CNY
RFUD,2026-04-20,CRU7,12.21,12.178,12.267,12.178,15833384.0,293348.0,24.0,1294,12.236,0.0,12.223,-1.08,1.0,11,CNY-9.27,CNY
RFUD,2026-04-21,CRU7,12.15,12.125,12.202,12.143,15834472.0,291818.0,24.0,1304,12.143,0.0,12.159,-0.29,3.0,15,CNY-9.27,CNY
RFUD,2026-04-22,CRU7,12.18,12.151,12.183,12.167,16114404.0,377231.0,31.0,1324,12.171,0.0,12.169,0.2,3.0,12,CNY-9.27,CNY
RFUD,2026-04-23,CRU7,12.121,12.12,12.306,12.306,16305012.0,206911.0,17.0,1332,12.241,0.0,12.171,1.14,2.0,8,CNY-9.27,CNY
RFUD,2026-04-24,CRU7,12.282,12.194,12.282,12.24,16307216.0,452069.0,37.0,1336,12.206,0.0,12.218,-0.54,1.0,13,CNY-9.27,CNY
RFUD,2026-04-27,CRU7,12.198,12.091,12.289,12.091,16669080.0,892017.0,73.0,1368,12.185,0.0,12.219,-1.22,1.0,25,CNY-9.27,CNY
RFUD,2026-04-28,CRU7,12.119,12.117,12.264,12.197,16825380.0,255375.0,21.0,1378,12.21,0.0,12.161,0.88,2.0,9,CNY-9.27,CNY
RFUD,2026-04-29,CRU7,12.146,12.146,12.15,12.146,16864200.0,303670.0,25.0,1388,12.15,0.0,12.147,-0.42,15.0,3,CNY-9.27,CNY
RFUD,2026-04-30,CRU7,12.153,12.153,12.153,12.153,16903064.0,12153.0,1.0,1388,12.178,0.0,12.153,0.06,1.0,1,CNY-9.27,CNY
RFUD,2026-05-04,CRU7,12.262,12.262,12.262,12.262,17108120.0,12262.0,1.0,1390,12.308,0.0,12.262,0.9,1.0,1,CNY-9.27,CNY
RFUD,2026-05-05,CRU7,12.258,12.258,12.291,12.291,17109072.0,73713.0,6.0,1392,12.291,0.0,12.286,0.24,5.0,2,CNY-9.27,CNY
RFUD,2026-05-06,CRU7,12.285,12.169,12.319,12.2,18691932.0,1397041.0,114.0,1532,12.201,0.0,12.255,-0.74,3.0,36,CNY-9.27,CNY
RFUD,2026-05-07,CRU7,12.221,12.221,12.221,12.221,18795898.0,36663.0,3.0,1538,12.221,0.0,12.221,0.17,3.0,1,CNY-9.27,CNY
RFUD,2026-05-08,CRU7,12.173,12.16,12.173,12.16,18726400.0,72973.0,6.0,1540,12.16,0.0,12.162,-0.5,5.0,2,CNY-9.27,CNY
RFUD,2026-05-11,CRU7,12.357,12.1,12.357,12.115,18876000.0,242624.0,20.0,1560,12.1,0.0,12.131,-0.37,1.0,11,CNY-9.27,CNY
RFUD,2026-05-12,CRU7,12.095,11.867,12.14,12.103,18856474.0,914429.0,76.0,1558,12.103,0.0,12.032,-0.1,4.0,33,CNY-9.27,CNY
RFUD,2026-05-13,CRU7,11.995,11.995,12.092,12.091,18855584.0,192737.0,16.0,1564,12.056,0.0,12.046,-0.1,2.0,9,CNY-9.27,CNY
RFUD,2026-05-14,CRU7,12.1,12.047,12.207,12.092,19758328.0,789210.0,65.0,1634,12.092,0.0,12.142,0.01,1.0,21,CNY-9.27,CNY
RFUD,2026-05-15,CRU7,12.012,11.986,12.067,11.986,20755236.0,1046643.0,87.0,1724,12.039,0.0,12.03,-0.88,1.0,28,CNY-9.27,CNY
RFUD,2026-05-18,CRU7,12.078,11.923,12.078,11.923,22199924.0,1866258.0,156.0,1852,11.987,0.0,11.963,-0.53,2.0,41,CNY-9.27,CNY
RFUD,2026-05-19,CRU7,11.901,11.79,12.02,11.801,23736998.0,4573871.0,385.0,2006,11.833,0.0,11.88,-1.02,1.0,96,CNY-9.27,CNY
RFUD,2026-05-20,CRU7,11.763,11.756,12.0,11.919,25026768.0,1700195.0,143.0,2088,11.986,0.0,11.889,1.0,2.0,52,CNY-9.27,CNY
RFUD,2026-05-21,CRU7,11.882,11.806,11.986,11.885,22809138.0,2015630.0,170.0,1914,11.917,0.0,11.857,-0.29,1.0,37,CNY-9.27,CNY
RFUD,2026-05-22,CRU7,11.904,11.871,11.993,11.96,22628320.0,322190.0,27.0,1892,11.96,0.0,11.933,0.63,1.0,15,CNY-9.27,CNY
RFUD,2026-05-25,CRU7,12.02,11.98,12.13,12.053,23386640.0,1132307.0,94.0,1928,12.13,0.0,12.046,0.78,2.0,35,CNY-9.27,CNY
RFUD,2026-05-26,CRU7,12.114,11.78,12.124,11.8,27070440.0,5183744.0,435.0,2298,11.78,0.0,11.917,-2.1,1.0,128,CNY-9.27,CNY
RFUD,2026-05-27,CRU7,11.805,11.745,11.934,11.764,28364500.0,2475280.0,210.0,2414,11.75,0.0,11.787,-0.31,1.0,46,CNY-9.27,CNY
RFUD,2026-05-28,CRU7,11.764,11.668,11.802,11.802,28838580.0,738847.0,63.0,2460,11.723,0.0,11.728,0.32,1.0,17,CNY-9.27,CNY
RFUD,2026-05-29,CRU7,11.753,11.701,11.842,11.738,28512778.0,495053.0,42.0,2426,11.753,0.0,11.787,-0.54,1.0,16,CNY-9.27,CNY
RFUD,2026-06-01,CRU7,11.807,11.77,11.89,11.83,29411866.0,816025.0,69.0,2486,11.831,0.0,11.826,0.78,6.0,22,CNY-9.27,CNY
RFUD,2026-06-02,CRU7,11.885,11.865,11.999,11.999,30162972.0,692209.0,58.0,2514,11.998,0.0,11.935,1.43,1.0,25,CNY-9.27,CNY
RFUD,2026-06-03,CRU7,12.041,11.887,12.099,12.041,30706232.0,721809.0,60.0,2558,12.004,0.0,12.03,0.35,1.0,25,CNY-9.27,CNY
RFUD,2026-06-04,CRU7,12.114,11.979,12.114,11.979,30942800.0,157142.0,13.0,2570,12.04,0.0,12.088,-0.52,1.0,6,CNY-9.27,CNY
RFUD,2026-06-05,CRU7,12.03,11.978,12.04,12.03,30860560.0,611868.0,51.0,2570,12.008,0.0,11.997,0.43,1.0,17,CNY-9.27,CNY
RFUD,2026-06-08,CRU7,12.159,11.899,12.159,11.9,30756180.0,658969.0,55.0,2580,11.921,0.0,11.981,-1.08,1.0,31,CNY-9.27,CNY
RFUD,2026-06-09,CRU7,11.832,11.665,11.84,11.717,30512790.0,706791.0,60.0,2590,11.781,0.0,11.78,-1.54,1.0,34,CNY-9.27,CNY
RFUD,2026-06-10,CRU7,11.703,11.675,11.845,11.845,30862858.0,258877.0,22.0,2606,11.843,0.0,11.767,1.09,3.0,9,CNY-9.27,CNY
RFUD,2026-06-11,CRU7,11.816,11.798,11.839,11.798,30852810.0,401681.0,34.0,2610,11.821,0.0,11.814,-0.4,3.0,13,CNY-9.27,CNY
RFUD,2026-06-15,CRU7,11.941,11.805,12.01,11.933,31431522.0,1698163.0,142.0,2634,11.933,0.0,11.959,1.14,1.0,66,CNY-9.27,CNY
RFUD,2026-06-16,CRU7,11.95,11.917,12.075,12.01,32109304.0,682853.0,57.0,2666,12.044,0.0,11.98,0.65,1.0,34,CNY-9.27,CNY
RFUD,2026-06-17,CRU7,12.08,12.03,12.774,12.102,50874600.0,18225180.0,1465.0,4200,12.113,0.0,12.44,0.77,1.0,159,CNY-9.27,CNY
RFUD,2026-06-18,CRU7,12.162,12.092,12.199,12.15,50592928.0,1395277.0,115.0,4184,12.092,0.0,12.133,0.4,1.0,47,CNY-9.27,CNY
RFUD,2026-06-19,CRU7,12.11,12.041,12.137,12.089,49047570.0,2402996.0,199.0,4070,12.051,0.0,12.075,-0.5,2.0,82,CNY-9.27,CNY
RFUD,2026-06-22,CRU7,12.177,11.962,12.39,12.282,50315040.0,5138249.0,423.0,4104,12.26,0.0,12.147,1.6,1.0,129,CNY-9.27,CNY
RFUD,2026-06-23,CRU7,12.32,12.197,12.32,12.197,50056488.0,196122.0,16.0,4104,12.197,0.0,12.258,-0.69,1.0,10,CNY-9.27,CNY
RFUD,2026-06-24,CRU7,12.404,12.12,12.404,12.22,50297520.0,721218.0,59.0,4116,12.22,0.0,12.224,0.19,6.0,27,CNY-9.27,CNY
RFUD,2026-06-25,CRU7,12.531,12.24,12.531,12.451,51571894.0,11959272.0,972.0,4138,12.463,0.0,12.304,1.89,1.0,87,CNY-9.27,CNY
RFUD,2026-06-26,CRU7,12.487,12.48,12.874,12.71,52453500.0,3415457.0,269.0,4114,12.75,0.0,12.697,2.08,4.0,95,CNY-9.27,CNY
RFUD,2026-06-29,CRU7,12.71,12.574,12.818,12.648,47985042.0,7797043.0,614.0,3802,12.621,0.0,12.699,-0.49,32.0,132,CNY-9.27,CNY
RFUD,2026-06-30,CRU7,12.8,12.699,13.0,12.962,51872380.0,5416783.0,422.0,4018,12.91,0.0,12.836,2.48,1.0,105,CNY-9.27,CNY
RFUD,2026-07-01,CRU7,13.0,12.72,13.013,12.734,53749332.0,3964327.0,309.0,4212,12.761,0.0,12.83,-1.76,1.0,97,CNY-9.27,CNY
RFUD,2026-07-02,CRU7,12.79,12.724,12.83,12.8,54340176.0,714937.0,56.0,4244,12.804,0.0,12.767,0.52,1.0,22,CNY-9.27,CNY
RFUD,2026-07-03,CRU7,12.663,12.611,12.746,12.74,53121630.0,1102420.0,87.0,4170,12.739,0.0,12.671,-0.47,1.0,35,CNY-9.27,CNY
RFUD,2026-07-06,CRU7,12.735,12.468,12.859,12.468,52733996.0,1706695.0,135.0,4214,12.514,0.0,12.642,-2.14,1.0,57,CNY-9.27,CNY
RFUD,2026-07-07,CRU7,12.4,12.4,12.575,12.575,52902860.0,1146940.0,92.0,4210,12.566,0.0,12.467,0.86,1.0,38,CNY-9.27,CNY
RFUD,2026-07-08,CRU7,12.524,12.443,12.53,12.443,52385030.0,349199.0,28.0,4210,12.443,0.0,12.471,-1.05,3.0,12,CNY-9.27,CNY
RFUD,2026-07-09,CRU7,12.401,12.38,12.559,12.559,52990540.0,2048103.0,164.0,4220,12.557,0.0,12.488,0.93,3.0,47,CNY-9.27,CNY
RFUD,2026-07-10,CRU7,12.55,12.55,12.62,12.608,52802460.0,541509.0,43.0,4194,12.59,0.0,12.593,0.39,1.0,16,CNY-9.27,CNY
RFUD,2026-07-13,CRU7,12.545,12.395,12.621,12.56,54247616.0,1781651.0,142.0,4304,12.604,0.0,12.547,-0.38,3.0,57,CNY-9.27,CNY
RFUD,2026-07-14,CRU7,12.6,12.567,12.879,12.681,59868480.0,6480208.0,511.0,4720,12.684,0.0,12.681,0.96,3.0,118,CNY-9.27,CNY
RFUD,2026-07-15,CRU7,12.752,12.544,12.8,12.592,56947362.0,2757979.0,218.0,4538,12.549,0.0,12.651,-0.7,4.0,74,CNY-9.27,CNY
RFUD,2026-07-16,CRU7,12.573,12.57,12.755,12.752,55850342.0,1112786.0,88.0,4414,12.653,0.0,12.645,1.27,3.0,33,CNY-9.27,CNY
RFUD,2026-07-17,CRU7,12.697,12.593,12.697,12.686,55469742.0,670495.0,53.0,4386,12.647,0.0,12.651,-0.52,1.0,16,CNY-9.27,CNY
RFUD,2026-06-04,CRZ7,0.0,0.0,0.0,0.0,0.0,0.0,0.0,0,12.11,0.0,0.0,0.0,0.0,0,CNY-12.27,CNY
RFUD,2026-06-05,CRZ7,0.0,0.0,0.0,0.0,0.0,0.0,0.0,0,12.282,0.0,0.0,0.0,0.0,0,CNY-12.27,CNY
RFUD,2026-06-08,CRZ7,0.0,0.0,0.0,0.0,0.0,0.0,0.0,0,12.091,0.0,0.0,0.0,0.0,0,CNY-12.27,CNY
RFUD,2026-06-09,CRZ7,12.0,12.0,12.0,12.0,95744.0,48000.0,4.0,8,11.968,0.0,12.0,0.0,2.0,2,CNY-12.27,CNY
RFUD,2026-06-10,CRZ7,12.187,12.187,12.187,12.187,96144.0,12187.0,1.0,8,12.018,0.0,12.187,1.56,1.0,1,CNY-12.27,CNY
RFUD,2026-06-11,CRZ7,12.395,12.395,12.395,12.395,24150.0,49580.0,4.0,2,12.075,0.0,12.395,1.71,4.0,1,CNY-12.27,CNY
RFUD,2026-06-15,CRZ7,12.526,12.321,12.526,12.321,243080.0,125055.0,10.0,20,12.154,0.0,12.506,-0.6,1.0,2,CNY-12.27,CNY
RFUD,2026-06-16,CRZ7,12.32,12.32,12.32,12.32,369270.0,61600.0,5.0,30,12.309,0.0,12.32,-0.01,2.0,2,CNY-12.27,CNY
RFUD,2026-06-17,CRZ7,12.598,12.598,12.599,12.599,777542.0,239377.0,19.0,62,12.541,0.0,12.599,2.27,9.0,4,CNY-12.27,CNY
RFUD,2026-06-18,CRZ7,12.427,12.367,12.428,12.367,717286.0,173615.0,14.0,58,12.367,0.0,12.401,-1.84,2.0,7,CNY-12.27,CNY
RFUD,2026-06-19,CRZ7,12.334,12.322,12.334,12.322,714676.0,24656.0,2.0,58,12.322,0.0,12.328,-0.36,1.0,2,CNY-12.27,CNY
RFUD,2026-06-22,CRZ7,12.295,12.295,12.518,12.518,726044.0,86823.0,7.0,58,12.518,0.0,12.403,1.59,1.0,7,CNY-12.27,CNY
RFUD,2026-06-23,CRZ7,12.475,12.464,12.475,12.464,822624.0,62331.0,5.0,66,12.464,0.0,12.466,-0.43,1.0,4,CNY-12.27,CNY
RFUD,2026-06-24,CRZ7,12.437,12.432,12.437,12.432,596736.0,111918.0,9.0,48,12.432,0.0,12.435,-0.26,3.0,3,CNY-12.27,CNY
RFUD,2026-06-25,CRZ7,12.702,12.702,12.702,12.702,582452.0,12702.0,1.0,46,12.662,0.0,12.702,2.17,1.0,1,CNY-12.27,CNY
RFUD,2026-06-26,CRZ7,13.183,12.898,13.183,13.074,1516584.0,637881.0,49.0,116,13.074,0.0,13.018,2.93,1.0,17,CNY-12.27,CNY
RFUD,2026-06-29,CRZ7,13.104,12.915,13.171,13.022,2254692.0,1314263.0,101.0,174,12.958,0.0,13.013,-0.4,1.0,36,CNY-12.27,CNY
RFUD,2026-06-30,CRZ7,13.129,13.129,13.277,13.277,2336576.0,105688.0,8.0,176,13.276,0.0,13.211,1.96,1.0,6,CNY-12.27,CNY
RFUD,2026-07-01,CRZ7,13.032,13.032,13.282,13.1,3186640.0,667172.0,51.0,244,13.06,0.0,13.082,-1.33,1.0,12,CNY-12.27,CNY
RFUD,2026-07-02,CRZ7,13.048,13.043,13.068,13.068,3136320.0,143555.0,11.0,240,13.068,0.0,13.05,-0.24,1.0,6,CNY-12.27,CNY
RFUD,2026-07-03,CRZ7,12.996,12.937,13.134,13.134,3277500.0,90895.0,7.0,250,13.11,0.0,12.985,0.51,1.0,7,CNY-12.27,CNY
RFUD,2026-07-06,CRZ7,13.17,12.794,13.17,12.797,3711130.0,490867.0,38.0,290,12.797,0.0,12.918,-2.57,1.0,20,CNY-12.27,CNY
RFUD,2026-07-07,CRZ7,12.79,12.762,12.874,12.874,3997140.0,281446.0,22.0,310,12.894,0.0,12.793,0.6,1.0,6,CNY-12.27,CNY
RFUD,2026-07-08,CRZ7,12.852,12.852,12.852,12.852,4017002.0,25704.0,2.0,314,12.793,0.0,12.852,-0.17,2.0,1,CNY-12.27,CNY
RFUD,2026-07-09,CRZ7,12.779,12.747,12.871,12.86,3443800.0,475053.0,37.0,268,12.85,0.0,12.839,0.06,1.0,11,CNY-12.27,CNY
RFUD,2026-07-10,CRZ7,12.98,12.969,12.98,12.97,4072266.0,311287.0,24.0,314,12.969,0.0,12.97,0.86,3.0,8,CNY-12.27,CNY
RFUD,2026-07-13,CRZ7,12.94,12.94,12.94,12.94,4065358.0,38820.0,3.0,314,12.947,0.0,12.94,-0.23,3.0,1,CNY-12.27,CNY
RFUD,2026-07-14,CRZ7,13.042,12.99,13.056,13.056,7073088.0,2198605.0,169.0,544,13.002,0.0,13.009,0.9,2.0,123,CNY-12.27,CNY
RFUD,2026-07-15,CRZ7,13.021,12.927,13.218,12.927,7083996.0,429520.0,33.0,548,12.927,0.0,13.016,-0.99,5.0,16,CNY-12.27,CNY
RFUD,2026-07-16,CRZ7,13.042,13.042,13.059,13.059,7365276.0,104421.0,8.0,564,13.059,0.0,13.053,1.02,5.0,2,CNY-12.27,CNY
RFUD,2026-07-17,CRZ7,13.08,12.925,13.08,13.07,7397620.0,91065.0,7.0,566,13.07,0.0,13.009,0.08,1.0,4,CNY-12.27,CNY
